id_pedido;data_pedido;id_cliente;id_produto;id_localizacao;quantidade;preco_unitario;desconto;custo_unitario;forma_pagamento;canal;faturamento;custo_total;lucro;margem_lucro
100001;2025-01-26;C1127;17;1;1;197,68;0,0;118,61;Cartão de crédito;Marketplace;197,68;118,61;79,07;0,4
100002;2025-01-31;C0384;12;23;1;1609,64;0,0;1094,56;Boleto;Online;1609,64;1094,56;515,08;0,32
100003;2025-10-12;C0027;3;16;2;32,77;0,05;14,75;Cartão de débito;Online;62,26;29,5;32,76;0,5262
100004;2025-04-15;C0380;4;16;1;1217,96;0,0;852,57;Cartão de crédito;Marketplace;1217,96;852,57;365,39;0,3
100005;2026-01-23;C0323;17;15;2;680,58;0,1;408,35;Cartão de débito;Online;1225,04;816,7;408,34;0,3333
100006;2025-08-22;C1186;12;20;5;2239,57;0,15;1522,91;PIX;Marketplace;9518,17;7614,55;1903,62;0,2
100007;2025-06-16;C1517;11;14;1;1472,28;0,1;1001,15;Cartão de crédito;Online;1325,05;1001,15;323,9;0,2444
100008;2025-06-17;C1894;1;13;1;992,67;0,1;635,31;Cartão de débito;Marketplace;893,4;635,31;258,09;0,2889
100009;2025-08-23;C0132;12;12;3;1422,1;0,0;967,03;PIX;Online;4266,3;2901,09;1365,21;0,32
100010;2026-02-10;C1880;8;13;1;110,72;0,1;60,9;PIX;Marketplace;99,65;60,9;38,75;0,3889
100011;2026-01-06;C0899;16;4;5;169,17;0,05;93,04;Cartão de crédito;Online;803,56;465,2;338,36;0,4211
100012;2025-06-13;C1730;13;25;2;241,6;0,05;140,13;PIX;Online;459,04;280,26;178,78;0,3895
100013;2025-10-01;C1394;17;1;1;404,34;0,05;242,6;PIX;Online;384,12;242,6;141,52;0,3684
100014;2025-04-19;C1223;6;15;3;151,53;0,0;75,77;Cartão de débito;Online;454,59;227,31;227,28;0,5
100015;2026-05-16;C0080;4;22;1;1225,96;0,2;858,17;PIX;Online;980,77;858,17;122,6;0,125
100016;2025-09-04;C2324;12;19;4;854,18;0,05;580,84;Cartão de débito;Online;3245,88;2323,36;922,52;0,2842
100017;2025-06-19;C1086;8;13;1;213,45;0,2;117,4;Cartão de débito;Marketplace;170,76;117,4;53,36;0,3125
100018;2026-01-18;C1795;16;19;3;325,74;0,0;179,16;PIX;Online;977,22;537,48;439,74;0,45
100019;2025-08-14;C0030;1;11;1;741,77;0,0;474,73;PIX;Online;741,77;474,73;267,04;0,36
100020;2025-09-01;C1141;6;12;2;92,85;0,0;46,42;Boleto;Online;185,7;92,84;92,86;0,5001
100021;2026-02-21;C0780;8;2;1;224,98;0,05;123,74;Boleto;Online;213,73;123,74;89,99;0,421
100022;2025-03-04;C1650;17;23;2;660,41;0,0;396,25;Cartão de débito;Marketplace;1320,82;792,5;528,32;0,4
100023;2026-03-09;C0752;13;25;1;184,92;0,15;107,25;Cartão de crédito;Online;157,18;107,25;49,93;0,3177
100024;2025-04-06;C0969;14;20;1;4199,74;0,0;3023,81;Cartão de crédito;Online;4199,74;3023,81;1175,93;0,28
100025;2025-01-03;C1600;16;2;1;492,04;0,05;270,62;Boleto;Online;467,44;270,62;196,82;0,4211
100026;2025-10-31;C0892;5;1;4;779,18;0,05;506,47;PIX;Online;2960,88;2025,88;935,0;0,3158
100027;2026-05-04;C2060;12;9;3;1656,03;0,0;1126,1;Cartão de crédito;Online;4968,09;3378,3;1589,79;0,32
100028;2025-03-11;C0964;15;12;1;4766,38;0,05;3717,78;Cartão de crédito;Online;4528,06;3717,78;810,28;0,1789
100029;2026-06-20;C1296;10;5;4;145,36;0,1;75,59;PIX;Marketplace;523,3;302,36;220,94;0,4222
100030;2025-11-04;C1873;13;25;1;395,78;0,0;229,55;Cartão de crédito;Online;395,78;229,55;166,23;0,42
100031;2026-06-03;C1087;5;5;1;549,01;0,0;356,86;PIX;Marketplace;549,01;356,86;192,15;0,35
100032;2026-03-25;C2226;7;3;2;608,76;0,2;377,43;Cartão de crédito;Marketplace;974,02;754,86;219,16;0,225
100033;2025-05-18;C1084;17;16;1;174,93;0,05;104,96;PIX;Online;166,18;104,96;61,22;0,3684
100034;2025-07-28;C1082;4;11;1;1002,24;0,15;701,57;Cartão de crédito;Marketplace;851,9;701,57;150,33;0,1765
100035;2025-02-15;C0015;2;24;1;413,52;0,2;277,06;Boleto;Marketplace;330,82;277,06;53,76;0,1625
100036;2025-04-25;C0309;14;11;4;4918,57;0,0;3541,37;PIX;Online;19674,28;14165,48;5508,8;0,28
100037;2025-05-11;C0172;10;11;1;367,67;0,1;191,19;PIX;Online;330,9;191,19;139,71;0,4222
100038;2025-04-16;C1449;1;7;2;918,89;0,05;588,09;Cartão de débito;Online;1745,89;1176,18;569,71;0,3263
100039;2025-07-01;C1689;7;2;1;702,42;0,0;435,5;Cartão de débito;Marketplace;702,42;435,5;266,92;0,38
100040;2025-04-21;C1567;7;27;3;793,94;0,0;492,24;Boleto;Marketplace;2381,82;1476,72;905,1;0,38
100041;2025-08-22;C0914;9;19;1;212,7;0,0;134,0;PIX;Marketplace;212,7;134,0;78,7;0,37
100042;2026-02-14;C2197;6;16;1;55,52;0,15;27,76;Cartão de débito;Marketplace;47,19;27,76;19,43;0,4117
100043;2025-04-22;C2444;12;7;1;2011,38;0,0;1367,74;Cartão de crédito;Marketplace;2011,38;1367,74;643,64;0,32
100044;2025-09-18;C0182;5;13;2;201,69;0,15;131,1;Cartão de débito;Marketplace;342,87;262,2;80,67;0,2353
100045;2025-03-13;C1353;10;6;2;292,28;0,0;151,99;PIX;Marketplace;584,56;303,98;280,58;0,48
100046;2026-02-17;C1212;4;20;2;883,68;0,1;618,58;Cartão de débito;Marketplace;1590,62;1237,16;353,46;0,2222
100047;2025-01-01;C1245;16;3;1;314,94;0,05;173,22;PIX;Marketplace;299,19;173,22;125,97;0,421
100048;2026-03-29;C0876;3;1;1;83,5;0,2;37,58;Cartão de débito;Online;66,8;37,58;29,22;0,4374
100049;2026-06-12;C1373;9;6;1;576,96;0,0;363,48;Cartão de débito;Online;576,96;363,48;213,48;0,37
100050;2025-01-26;C0190;13;19;1;279,56;0,1;162,14;Boleto;Marketplace;251,6;162,14;89,46;0,3556
100051;2026-01-29;C2025;5;4;1;347,57;0,1;225,92;Cartão de crédito;Marketplace;312,81;225,92;86,89;0,2778
100052;2025-06-30;C2122;1;8;1;690,18;0,15;441,72;Boleto;Online;586,65;441,72;144,93;0,247
100053;2026-06-28;C2290;3;7;2;96,0;0,15;43,2;Boleto;Marketplace;163,2;86,4;76,8;0,4706
100054;2026-05-02;C1844;7;4;1;335,43;0,1;207,97;Boleto;Online;301,89;207,97;93,92;0,3111
100055;2026-03-27;C0318;2;13;2;543,12;0,0;363,89;Cartão de crédito;Online;1086,24;727,78;358,46;0,33
100056;2025-08-25;C1569;13;2;2;376,7;0,0;218,49;PIX;Marketplace;753,4;436,98;316,42;0,42
100057;2025-03-05;C0848;10;21;3;204,63;0,1;106,41;Cartão de crédito;Marketplace;552,5;319,23;233,27;0,4222
100058;2025-01-07;C1441;8;27;1;165,8;0,15;91,19;Boleto;Online;140,93;91,19;49,74;0,3529
100059;2025-08-13;C1118;8;14;1;86,39;0,0;47,51;Boleto;Online;86,39;47,51;38,88;0,4501
100060;2025-05-11;C2188;3;26;1;51,52;0,05;23,18;Cartão de crédito;Marketplace;48,94;23,18;25,76;0,5264
100061;2026-04-18;C0745;13;10;1;239,22;0,0;138,75;PIX;Marketplace;239,22;138,75;100,47;0,42
100062;2026-03-08;C1034;2;11;3;837,88;0,1;561,38;PIX;Online;2262,28;1684,14;578,14;0,2556
100063;2025-02-11;C0128;15;18;4;1797,44;0,0;1402,0;Cartão de débito;Online;7189,76;5608,0;1581,76;0,22
100064;2025-04-28;C2311;8;15;4;182,31;0,0;100,27;Cartão de débito;Online;729,24;401,08;328,16;0,45
100065;2025-11-15;C0443;7;20;2;846,67;0,05;524,94;Boleto;Online;1608,67;1049,88;558,79;0,3474
100066;2025-09-06;C0418;15;22;2;2206,33;0,1;1720,94;Cartão de crédito;Online;3971,39;3441,88;529,51;0,1333
100067;2026-06-30;C1755;11;26;2;510,33;0,1;347,02;Boleto;Marketplace;918,59;694,04;224,55;0,2445
100068;2026-03-20;C1484;17;2;2;680,1;0,1;408,06;Cartão de débito;Marketplace;1224,18;816,12;408,06;0,3333
100069;2026-04-22;C1785;8;5;3;210,34;0,0;115,69;Cartão de crédito;Marketplace;631,02;347,07;283,95;0,45
100070;2025-09-07;C1904;3;17;2;73,46;0,0;33,06;PIX;Online;146,92;66,12;80,8;0,55
100071;2025-08-06;C1454;8;21;2;154,87;0,15;85,18;PIX;Online;263,28;170,36;92,92;0,3529
100072;2025-07-15;C0351;6;5;1;131,29;0,05;65,64;Boleto;Marketplace;124,73;65,64;59,09;0,4737
100073;2025-01-18;C0382;3;14;1;52,35;0,0;23,56;PIX;Marketplace;52,35;23,56;28,79;0,55
100074;2025-12-19;C1743;6;25;5;160,08;0,05;80,04;PIX;Marketplace;760,38;400,2;360,18;0,4737
100075;2025-08-25;C0495;2;4;2;644,43;0,1;431,77;Cartão de débito;Online;1159,97;863,54;296,43;0,2555
100076;2026-05-11;C1133;5;6;2;1176,61;0,05;764,8;Cartão de crédito;Online;2235,56;1529,6;705,96;0,3158
100077;2025-08-21;C1479;9;16;1;126,79;0,05;79,88;Cartão de crédito;Online;120,45;79,88;40,57;0,3368
100078;2025-05-10;C2011;9;17;1;125,89;0,0;79,31;Boleto;Marketplace;125,89;79,31;46,58;0,37
100079;2025-02-22;C1035;7;20;4;508,3;0,1;315,15;Boleto;Online;1829,88;1260,6;569,28;0,3111
100080;2025-06-05;C0612;12;5;3;2408,43;0,0;1637,73;Cartão de crédito;Marketplace;7225,29;4913,19;2312,1;0,32
100081;2026-06-20;C1559;1;2;1;609,9;0,15;390,34;PIX;Online;518,42;390,34;128,08;0,2471
100082;2025-08-01;C0865;17;13;1;156,83;0,0;94,1;Cartão de crédito;Online;156,83;94,1;62,73;0,4
100083;2026-02-23;C1846;14;6;2;4144,69;0,0;2984,18;PIX;Marketplace;8289,38;5968,36;2321,02;0,28
100084;2025-08-28;C1084;15;23;2;3500,23;0,1;2730,18;Boleto;Online;6300,41;5460,36;840,05;0,1333
100085;2025-06-02;C1089;1;6;3;349,99;0,0;223,99;PIX;Marketplace;1049,97;671,97;378,0;0,36
100086;2026-04-25;C1246;17;17;2;759,87;0,05;455,92;Boleto;Online;1443,75;911,84;531,91;0,3684
100087;2026-03-19;C1321;12;14;2;746,56;0,0;507,66;Cartão de crédito;Marketplace;1493,12;1015,32;477,8;0,32
100088;2025-06-29;C1928;12;12;1;1496,01;0,0;1017,29;Boleto;Marketplace;1496,01;1017,29;478,72;0,32
100089;2026-04-27;C1426;15;24;1;2284,23;0,0;1781,7;PIX;Marketplace;2284,23;1781,7;502,53;0,22
100090;2025-10-23;C1641;8;10;3;201,02;0,05;110,56;PIX;Marketplace;572,91;331,68;241,23;0,4211
100091;2026-02-18;C2108;17;25;3;100,81;0,15;60,49;Boleto;Online;257,07;181,47;75,6;0,2941
100092;2026-06-15;C1482;5;11;2;698,49;0,05;454,02;Cartão de débito;Marketplace;1327,13;908,04;419,09;0,3158
100093;2025-10-22;C1795;13;3;3;283,58;0,0;164,48;Cartão de débito;Online;850,74;493,44;357,3;0,42
100094;2025-01-15;C2263;9;8;1;227,86;0,1;143,55;Boleto;Online;205,07;143,55;61,52;0,3
100095;2026-05-26;C1196;13;17;1;194,84;0,1;113,01;Cartão de débito;Marketplace;175,36;113,01;62,35;0,3556
100096;2026-01-28;C0781;13;19;4;293,46;0,15;170,21;PIX;Marketplace;997,76;680,84;316,92;0,3176
100097;2026-06-04;C1095;4;12;3;1065,68;0,0;745,98;Boleto;Online;3197,04;2237,94;959,1;0,3
100098;2026-05-11;C1414;3;10;1;81,03;0,05;36,46;Cartão de débito;Online;76,98;36,46;40,52;0,5264
100099;2025-08-28;C1683;16;22;1;472,35;0,1;259,79;Boleto;Marketplace;425,12;259,79;165,33;0,3889
100100;2026-05-23;C0152;13;8;1;485,45;0,0;281,56;Boleto;Online;485,45;281,56;203,89;0,42
100101;2026-04-13;C0063;6;18;2;132,0;0,1;66,0;Cartão de crédito;Marketplace;237,6;132,0;105,6;0,4444
100102;2025-12-13;C1629;2;13;2;1314,71;0,15;880,86;Boleto;Marketplace;2235,01;1761,72;473,29;0,2118
100103;2025-02-06;C0281;8;5;1;230,57;0,0;126,81;Cartão de crédito;Marketplace;230,57;126,81;103,76;0,45
100104;2025-04-13;C1818;17;10;1;309,63;0,0;185,78;Cartão de crédito;Marketplace;309,63;185,78;123,85;0,4
100105;2026-01-19;C1765;11;22;1;1249,87;0,05;849,91;Cartão de débito;Online;1187,38;849,91;337,47;0,2842
100106;2025-03-22;C2497;7;12;3;614,78;0,0;381,16;Cartão de débito;Online;1844,34;1143,48;700,86;0,38
100107;2025-09-18;C1883;3;6;1;20,75;0,1;9,34;Cartão de débito;Online;18,68;9,34;9,34;0,5
100108;2025-12-20;C2407;3;25;1;96,96;0,1;43,63;PIX;Online;87,26;43,63;43,63;0,5
100109;2026-05-10;C0437;16;21;1;385,96;0,05;212,28;PIX;Online;366,66;212,28;154,38;0,421
100110;2025-10-09;C0034;16;11;2;442,9;0,1;243,59;Boleto;Marketplace;797,22;487,18;310,04;0,3889
100111;2025-12-27;C0898;1;1;2;734,62;0,1;470,16;Cartão de débito;Online;1322,32;940,32;382,0;0,2889
100112;2025-11-13;C1806;12;6;1;1356,75;0,0;922,59;PIX;Marketplace;1356,75;922,59;434,16;0,32
100113;2025-07-25;C0542;7;9;2;807,35;0,05;500,56;PIX;Online;1533,96;1001,12;532,84;0,3474
100114;2026-05-09;C1209;2;19;2;673,39;0,0;451,17;Cartão de débito;Online;1346,78;902,34;444,44;0,33
100115;2026-01-10;C0370;16;25;2;106,96;0,05;58,83;PIX;Marketplace;203,22;117,66;85,56;0,421
100116;2026-01-16;C0444;16;13;2;335,74;0,1;184,66;PIX;Online;604,33;369,32;235,01;0,3889
100117;2026-04-21;C1238;15;11;2;1466,7;0,0;1144,03;PIX;Marketplace;2933,4;2288,06;645,34;0,22
100118;2025-04-10;C0962;17;14;3;194,96;0,05;116,98;Boleto;Online;555,64;350,94;204,7;0,3684
100119;2025-04-12;C2005;10;21;2;380,5;0,0;197,86;PIX;Online;761,0;395,72;365,28;0,48
100120;2026-04-01;C0968;3;13;3;27,95;0,1;12,58;PIX;Online;75,46;37,74;37,72;0,4999
100121;2025-10-10;C0778;16;19;4;574,51;0,1;315,98;Não informado;Online;2068,24;1263,92;804,32;0,3889
100122;2025-12-08;C0998;12;27;5;2116,56;0,0;1439,26;Cartão de débito;Online;10582,8;7196,3;3386,5;0,32
100123;2025-12-03;C0605;1;18;2;717,19;0,0;459,0;Cartão de débito;Marketplace;1434,38;918,0;516,38;0,36
100124;2025-04-23;C0106;7;12;1;418,68;0,1;259,58;PIX;Online;376,81;259,58;117,23;0,3111
100125;2025-09-29;C0215;7;19;1;465,72;0,0;288,75;Boleto;Marketplace;465,72;288,75;176,97;0,38
100126;2026-06-10;C2432;11;11;1;1206,14;0,15;820,18;PIX;Marketplace;1025,22;820,18;205,04;0,2
100127;2025-03-04;C1962;14;21;3;3991,96;0,0;2874,21;Boleto;Online;11975,88;8622,63;3353,25;0,28
100128;2025-11-26;C2492;15;12;1;1504,77;0,1;1173,72;PIX;Marketplace;1354,29;1173,72;180,57;0,1333
100129;2025-10-29;C1859;6;8;1;136,04;0,1;68,02;Cartão de débito;Marketplace;122,44;68,02;54,42;0,4445
100130;2025-08-22;C1695;3;8;1;56,28;0,05;25,33;PIX;Marketplace;53,47;25,33;28,14;0,5263
100131;2025-09-19;C1534;4;19;4;1873,64;0,05;1311,55;Cartão de crédito;Online;7119,83;5246,2;1873,63;0,2632
100132;2025-04-09;C1527;10;13;3;258,04;0,05;134,18;PIX;Online;735,41;402,54;332,87;0,4526
100133;2025-12-29;C1733;10;7;3;310,74;0,2;161,58;PIX;Marketplace;745,78;484,74;261,04;0,35
100134;2026-06-04;C0872;17;15;1;437,53;0,1;262,52;PIX;Online;393,78;262,52;131,26;0,3333
100135;2025-08-20;C1758;2;7;3;1468,18;0,1;983,68;Cartão de crédito;Marketplace;3964,09;2951,04;1013,05;0,2556
100136;2025-07-04;C1120;14;26;2;3581,45;0,0;2578,64;Cartão de débito;Online;7162,9;5157,28;2005,62;0,28
100137;2025-03-13;C0582;16;9;2;585,91;0,0;322,25;Cartão de débito;Marketplace;1171,82;644,5;527,32;0,45
100138;2026-04-10;C1397;10;12;1;179,72;0,0;93,45;Cartão de crédito;Online;179,72;93,45;86,27;0,48
100139;2025-06-11;C0204;13;17;2;194,28;0,1;112,68;Boleto;Marketplace;349,7;225,36;124,34;0,3556
100140;2025-08-09;C2099;2;14;1;787,39;0,0;527,55;Boleto;Marketplace;787,39;527,55;259,84;0,33
100141;2025-08-14;C1619;12;23;5;798,61;0,0;543,05;Cartão de débito;Marketplace;3993,05;2715,25;1277,8;0,32
100142;2025-12-02;C0492;9;20;1;478,57;0,0;301,5;Cartão de débito;Marketplace;478,57;301,5;177,07;0,37
100143;2026-02-11;C0174;15;10;1;2839,02;0,0;2214,44;Boleto;Marketplace;2839,02;2214,44;624,58;0,22
100144;2025-10-24;C0472;10;7;1;389,18;0,0;202,37;Boleto;Marketplace;389,18;202,37;186,81;0,48
100145;2026-03-24;C0434;15;20;1;3355,49;0,05;2617,28;PIX;Marketplace;3187,72;2617,28;570,44;0,1789
100146;2025-12-08;C0689;1;23;1;743,26;0,05;475,69;PIX;Marketplace;706,1;475,69;230,41;0,3263
100147;2025-08-30;C0422;13;4;1;162,85;0,1;94,45;Cartão de crédito;Online;146,56;94,45;52,11;0,3556
100148;2026-04-21;C2310;8;12;2;178,76;0,15;98,32;PIX;Marketplace;303,89;196,64;107,25;0,3529
100149;2026-03-27;C0280;13;12;1;345,18;0,1;200,2;Cartão de crédito;Marketplace;310,66;200,2;110,46;0,3556
100150;2025-03-17;C1272;6;6;1;57,52;0,05;28,76;Cartão de crédito;Online;54,64;28,76;25,88;0,4736
100151;2026-01-29;C1896;6;11;2;240,85;0,1;120,42;Boleto;Online;433,53;240,84;192,69;0,4445
100152;2026-05-03;C2054;4;27;1;623,75;0,0;436,62;PIX;Online;623,75;436,62;187,13;0,3
100153;2025-06-26;C0161;6;9;1;137,55;0,05;68,78;Cartão de débito;Marketplace;130,67;68,78;61,89;0,4736
100154;2025-10-17;C1587;11;22;1;941,39;0,05;640,15;PIX;Online;894,32;640,15;254,17;0,2842
100155;2025-04-07;C2286;4;14;2;1068,29;0,1;747,8;Cartão de débito;Marketplace;1922,92;1495,6;427,32;0,2222
100156;2025-05-25;C1433;15;18;1;3624,22;0,1;2826,89;Cartão de crédito;Marketplace;3261,8;2826,89;434,91;0,1333
100157;2025-12-03;C0524;16;14;2;514,48;0,1;282,96;Cartão de crédito;Marketplace;926,06;565,92;360,14;0,3889
100158;2026-01-06;C0075;6;4;1;86,05;0,0;43,02;Boleto;Online;86,05;43,02;43,03;0,5001
100159;2025-05-21;C0635;1;4;1;891,1;0,0;570,3;Cartão de crédito;Marketplace;891,1;570,3;320,8;0,36
100160;2026-01-21;C0632;13;22;1;429,16;0,1;248,91;Cartão de débito;Marketplace;386,24;248,91;137,33;0,3556
100161;2026-02-25;C1493;12;6;2;1127,55;0,05;766,73;Boleto;Online;2142,34;1533,46;608,88;0,2842
100162;2025-11-13;C1922;1;12;3;435,81;0,1;278,92;Boleto;Marketplace;1176,69;836,76;339,93;0,2889
100163;2026-01-27;C2060;9;22;1;583,81;0,1;367,8;Cartão de débito;Marketplace;525,43;367,8;157,63;0,3
100164;2026-05-08;C1521;12;8;2;884,66;0,1;601,57;PIX;Online;1592,39;1203,14;389,25;0,2444
100165;2025-10-07;C1841;7;5;3;260,51;0,05;161,52;Boleto;Marketplace;742,45;484,56;257,89;0,3473
100166;2026-03-01;C0219;14;19;1;3808,87;0,05;2742,39;PIX;Online;3618,43;2742,39;876,04;0,2421
100167;2025-11-23;C0406;14;18;3;4774,86;0,1;3437,9;Cartão de crédito;Marketplace;12892,12;10313,7;2578,42;0,2
100168;2025-05-23;C1922;8;16;1;81,16;0,0;44,64;Cartão de débito;Online;81,16;44,64;36,52;0,45
100169;2026-03-10;C0456;6;5;2;97,53;0,0;48,77;Boleto;Marketplace;195,06;97,54;97,52;0,4999
100170;2025-04-24;C2048;15;5;2;1065,74;0,05;831,28;Cartão de débito;Marketplace;2024,91;1662,56;362,35;0,1789
100171;2025-01-02;C1446;10;19;1;213,3;0,1;110,92;PIX;Online;191,97;110,92;81,05;0,4222
100172;2026-06-04;C2080;6;3;2;128,09;0,05;64,05;Boleto;Marketplace;243,37;128,1;115,27;0,4736
100173;2025-01-17;C1463;2;3;2;681,0;0,1;456,27;Cartão de crédito;Marketplace;1225,8;912,54;313,26;0,2556
100174;2025-02-15;C1444;13;4;1;421,67;0,0;244,57;Boleto;Marketplace;421,67;244,57;177,1;0,42
100175;2025-05-19;C0259;7;23;2;857,7;0,0;531,77;Cartão de crédito;Online;1715,4;1063,54;651,86;0,38
100176;2025-11-20;C1271;12;16;1;2480,42;0,05;1686,69;Cartão de crédito;Online;2356,4;1686,69;669,71;0,2842
100177;2026-01-01;C0196;9;15;3;279,32;0,0;175,97;Boleto;Marketplace;837,96;527,91;310,05;0,37
100178;2026-01-31;C1389;3;22;4;59,7;0,05;26,87;PIX;Online;226,86;107,48;119,38;0,5262
100179;2025-03-22;C1764;10;10;2;343,15;0,05;178,44;Cartão de crédito;Online;651,98;356,88;295,1;0,4526
100180;2025-10-30;C1256;4;25;1;1935,33;0,0;1354,73;PIX;Marketplace;1935,33;1354,73;580,6;0,3
100181;2025-12-28;C1782;12;19;1;2464,05;0,15;1675,55;Boleto;Marketplace;2094,44;1675,55;418,89;0,2
100182;2025-06-13;C0128;6;11;1;171,51;0,1;85,75;Cartão de débito;Online;154,36;85,75;68,61;0,4445
100183;2026-01-11;C1484;1;14;1;697,07;0,1;446,12;Boleto;Marketplace;627,36;446,12;181,24;0,2889
100184;2026-03-31;C0315;11;3;2;1247,14;0,05;848,06;PIX;Online;2369,57;1696,12;673,45;0,2842
100185;2025-01-27;C0763;17;16;1;370,89;0,05;222,53;PIX;Marketplace;352,35;222,53;129,82;0,3684
100186;2025-10-20;C2012;5;24;1;335,73;0,0;218,22;Boleto;Online;335,73;218,22;117,51;0,35
100187;2025-12-22;C0266;4;24;1;1080,72;0,0;756,5;Cartão de débito;Marketplace;1080,72;756,5;324,22;0,3
100188;2025-08-18;C0498;6;17;5;208,41;0,0;104,2;Cartão de crédito;Marketplace;1042,05;521,0;521,05;0,5
100189;2026-04-24;C2260;11;20;1;1814,79;0,0;1234,06;Boleto;Marketplace;1814,79;1234,06;580,73;0,32
100190;2025-03-17;C0514;10;14;4;285,55;0,05;148,49;PIX;Online;1085,09;593,96;491,13;0,4526
100191;2025-05-13;C1773;7;9;1;801,16;0,1;496,72;Cartão de débito;Marketplace;721,04;496,72;224,32;0,3111
100192;2025-06-15;C1322;7;9;4;319,1;0,15;197,84;Não informado;Online;1084,94;791,36;293,58;0,2706
100193;2025-07-21;C2257;2;19;1;1031,28;0,1;690,96;Cartão de débito;Online;928,15;690,96;237,19;0,2556
100194;2025-12-12;C2309;7;3;1;797,84;0,0;494,66;PIX;Online;797,84;494,66;303,18;0,38
100195;2025-02-01;C2040;10;6;3;254,58;0,1;132,38;Boleto;Online;687,37;397,14;290,23;0,4222
100196;2025-11-01;C1858;16;17;1;129,96;0,05;71,48;Boleto;Online;123,46;71,48;51,98;0,421
100197;2025-05-28;C1281;4;15;3;1138,63;0,2;797,04;Boleto;Online;2732,71;2391,12;341,59;0,125
100198;2026-06-12;C2301;11;25;1;786,78;0,0;535,01;Cartão de débito;Online;786,78;535,01;251,77;0,32
100199;2025-02-21;C1189;17;24;4;704,91;0,05;422,95;PIX;Marketplace;2678,66;1691,8;986,86;0,3684
100200;2025-06-13;C2041;5;17;5;666,82;0,15;433,43;Cartão de crédito;Online;2833,98;2167,15;666,83;0,2353
100201;2026-06-02;C1873;16;11;4;207,57;0,05;114,16;PIX;Marketplace;788,77;456,64;332,13;0,4211
100202;2025-10-20;C2199;8;16;1;103,65;0,0;57,01;PIX;Marketplace;103,65;57,01;46,64;0,45
100203;2025-02-16;C1641;11;6;1;1298,91;0,05;883,26;Cartão de crédito;Marketplace;1233,96;883,26;350,7;0,2842
100204;2026-04-07;C2253;6;8;1;247,82;0,1;123,91;Cartão de débito;Online;223,04;123,91;99,13;0,4444
100205;2026-01-18;C1389;16;7;2;282,8;0,0;155,54;Boleto;Online;565,6;311,08;254,52;0,45
100206;2025-02-09;C0562;12;18;2;2147,14;0,05;1460,06;Cartão de débito;Marketplace;4079,57;2920,12;1159,45;0,2842
100207;2025-06-16;C1610;4;10;5;1978,64;0,0;1385,05;Boleto;Marketplace;9893,2;6925,25;2967,95;0,3
100208;2025-01-18;C1509;8;6;1;104,11;0,05;57,26;Cartão de crédito;Marketplace;98,9;57,26;41,64;0,421
100209;2025-08-22;C0211;2;7;2;463,14;0,1;310,3;Boleto;Online;833,65;620,6;213,05;0,2556
100210;2025-02-02;C2346;1;10;4;376,93;0,0;241,24;Boleto;Online;1507,72;964,96;542,76;0,36
100211;2025-07-28;C1681;10;1;1;275,67;0,05;143,35;Cartão de crédito;Online;261,89;143,35;118,54;0,4526
100212;2025-08-01;C2298;6;10;1;182,45;0,05;91,22;Cartão de débito;Marketplace;173,33;91,22;82,11;0,4737
100213;2025-12-29;C1083;4;13;2;884,53;0,0;619,17;PIX;Online;1769,06;1238,34;530,72;0,3
100214;2025-10-23;C0850;9;13;2;354,72;0,05;223,47;PIX;Marketplace;673,97;446,94;227,03;0,3369
100215;2026-01-24;C1617;17;6;3;768,23;0,1;460,94;Cartão de crédito;Marketplace;2074,22;1382,82;691,4;0,3333
100216;2025-12-21;C1812;15;27;2;3989,35;0,0;3111,69;PIX;Marketplace;7978,7;6223,38;1755,32;0,22
100217;2025-04-22;C2404;13;5;1;101,32;0,15;58,77;Cartão de débito;Online;86,12;58,77;27,35;0,3176
100218;2026-02-28;C1353;17;26;2;170,38;0,1;102,23;Cartão de débito;Marketplace;306,68;204,46;102,22;0,3333
100219;2026-05-04;C0817;8;11;2;143,19;0,0;78,75;Cartão de crédito;Online;286,38;157,5;128,88;0,45
100220;2025-06-29;C1712;12;27;3;1016,42;0,15;691,17;Boleto;Marketplace;2591,87;2073,51;518,36;0,2
100221;2025-10-24;C0154;7;10;1;575,97;0,0;357,1;PIX;Marketplace;575,97;357,1;218,87;0,38
100222;2026-05-21;C0550;6;8;3;143,6;0,0;71,8;PIX;Online;430,8;215,4;215,4;0,5
100223;2025-09-21;C0763;3;14;1;46,97;0,0;21,14;Cartão de débito;Online;46,97;21,14;25,83;0,5499
100224;2026-03-14;C2111;16;18;1;300,42;0,0;165,23;Boleto;Marketplace;300,42;165,23;135,19;0,45
100225;2025-01-07;C1069;1;10;1;612,71;0,0;392,13;PIX;Online;612,71;392,13;220,58;0,36
100226;2026-01-04;C0968;2;20;1;397,78;0,0;266,51;PIX;Online;397,78;266,51;131,27;0,33
100227;2026-01-12;C0905;9;1;1;184,11;0,0;115,99;PIX;Marketplace;184,11;115,99;68,12;0,37
100228;2025-08-12;C1014;8;9;2;211,08;0,1;116,09;Boleto;Marketplace;379,94;232,18;147,76;0,3889
100229;2025-04-25;C0253;15;13;3;4611,55;0,0;3597,01;Cartão de débito;Online;13834,65;10791,03;3043,62;0,22
100230;2026-06-17;C1810;4;19;1;910,8;0,05;637,56;Boleto;Online;865,26;637,56;227,7;0,2632
100231;2025-05-16;C2103;3;14;1;65,11;0,05;29,3;PIX;Online;61,85;29,3;32,55;0,5263
100232;2025-09-18;C0013;16;15;2;389,16;0,0;214,04;Cartão de crédito;Online;778,32;428,08;350,24;0,45
100233;2026-04-29;C0130;15;3;1;1719,93;0,0;1341,55;Boleto;Marketplace;1719,93;1341,55;378,38;0,22
100234;2026-04-05;C1547;16;13;1;441,37;0,1;242,75;Cartão de débito;Marketplace;397,23;242,75;154,48;0,3889
100235;2025-07-02;C2201;17;27;1;189,14;0,2;113,48;Cartão de crédito;Online;151,31;113,48;37,83;0,25
100236;2026-04-20;C2231;9;25;1;302,05;0,0;190,29;PIX;Online;302,05;190,29;111,76;0,37
100237;2025-07-13;C0463;2;26;1;1075,25;0,1;720,42;Cartão de débito;Online;967,72;720,42;247,3;0,2555
100238;2025-04-14;C2433;15;11;1;3391,14;0,1;2645,09;Cartão de débito;Online;3052,03;2645,09;406,94;0,1333
100239;2026-03-26;C0960;16;18;1;477,19;0,1;262,45;PIX;Online;429,47;262,45;167,02;0,3889
100240;2025-11-25;C0971;4;5;1;786,52;0,1;550,56;Boleto;Marketplace;707,87;550,56;157,31;0,2222
100241;2025-03-04;C2281;2;3;4;1349,64;0,15;904,26;Boleto;Marketplace;4588,78;3617,04;971,74;0,2118
100242;2025-12-19;C1562;12;18;2;1273,72;0,05;866,13;PIX;Marketplace;2420,07;1732,26;687,81;0,2842
100243;2026-04-30;C0988;7;22;3;375,55;0,1;232,84;Boleto;Online;1013,99;698,52;315,47;0,3111
100244;2026-03-03;C2283;10;10;1;204,29;0,0;106,23;Cartão de crédito;Marketplace;204,29;106,23;98,06;0,48
100245;2025-04-05;C2194;11;14;2;704,77;0,0;479,24;Cartão de crédito;Online;1409,54;958,48;451,06;0,32
100246;2025-08-11;C1964;5;26;1;1107,03;0,0;719,57;Cartão de débito;Online;1107,03;719,57;387,46;0,35
100247;2026-05-06;C0994;17;5;2;592,64;0,05;355,58;PIX;Marketplace;1126,02;711,16;414,86;0,3684
100248;2026-04-23;C2186;16;17;2;254,21;0,05;139,82;Boleto;Online;483,0;279,64;203,36;0,421
100249;2025-11-24;C0833;8;5;1;171,06;0,05;94,08;Cartão de débito;Online;162,51;94,08;68,43;0,4211
100250;2026-03-04;C1210;2;27;1;662,33;0,05;443,76;Cartão de débito;Marketplace;629,21;443,76;185,45;0,2947
100251;2025-09-21;C2002;4;24;4;1783,39;0,05;1248,37;PIX;Online;6776,88;4993,48;1783,4;0,2632
100252;2026-05-16;C0754;13;11;3;307,7;0,1;178,47;Cartão de crédito;Online;830,79;535,41;295,38;0,3555
100253;2025-01-07;C1690;12;18;1;1835,26;0,0;1247,98;Cartão de crédito;Online;1835,26;1247,98;587,28;0,32
100254;2026-04-12;C1529;6;17;1;177,55;0,15;88,78;Boleto;Online;150,92;88,78;62,14;0,4117
100255;2026-06-29;C2260;14;13;1;2558,54;0,1;1842,15;PIX;Online;2302,69;1842,15;460,54;0,2
100256;2026-03-17;C0735;6;23;1;69,26;0,0;34,63;PIX;Marketplace;69,26;34,63;34,63;0,5
100257;2026-02-11;C0324;2;21;1;757,53;0,05;507,55;Cartão de débito;Marketplace;719,65;507,55;212,1;0,2947
100258;2025-02-02;C0383;15;3;1;2508,68;0,05;1956,77;Cartão de crédito;Online;2383,25;1956,77;426,48;0,1789
100259;2026-05-27;C1778;15;8;2;2325,08;0,2;1813,56;Cartão de crédito;Online;3720,13;3627,12;93,01;0,025
100260;2026-05-02;C1111;5;13;1;274,35;0,15;178,33;Cartão de crédito;Online;233,2;178,33;54,87;0,2353
100261;2025-01-17;C0849;4;20;2;2004,51;0,1;1403,16;Cartão de crédito;Marketplace;3608,12;2806,32;801,8;0,2222
100262;2025-09-04;C2322;7;10;3;441,87;0,15;273,96;Boleto;Online;1126,77;821,88;304,89;0,2706
100263;2026-05-28;C1417;15;10;1;2748,35;0,1;2143,71;Boleto;Marketplace;2473,52;2143,71;329,81;0,1333
100264;2025-10-07;C1846;14;2;1;3745,34;0,15;2696,64;Cartão de débito;Marketplace;3183,54;2696,64;486,9;0,1529
100265;2025-10-30;C1010;15;21;2;1328,15;0,0;1035,96;Cartão de débito;Marketplace;2656,3;2071,92;584,38;0,22
100266;2026-01-05;C0437;4;4;1;2385,92;0,05;1670,14;PIX;Online;2266,62;1670,14;596,48;0,2632
100267;2025-03-31;C0768;13;8;1;313,93;0,05;182,08;Cartão de crédito;Online;298,23;182,08;116,15;0,3895
100268;2025-04-06;C2446;11;6;2;919,09;0,05;624,98;Boleto;Marketplace;1746,27;1249,96;496,31;0,2842
100269;2025-09-06;C2343;15;16;1;3741,26;0,0;2918,18;PIX;Marketplace;3741,26;2918,18;823,08;0,22
100270;2025-05-30;C0260;8;22;1;140,71;0,0;77,39;Cartão de crédito;Marketplace;140,71;77,39;63,32;0,45
100271;2025-09-10;C2031;2;6;2;494,44;0,0;331,27;Cartão de crédito;Marketplace;988,88;662,54;326,34;0,33
100272;2026-01-25;C1350;4;3;1;1361,23;0,1;952,86;Cartão de débito;Marketplace;1225,11;952,86;272,25;0,2222
100273;2025-07-25;C1963;4;6;1;2429,15;0,2;1700,4;Boleto;Online;1943,32;1700,4;242,92;0,125
100274;2026-01-21;C1149;4;12;3;1285,87;0,0;900,11;Cartão de débito;Online;3857,61;2700,33;1157,28;0,3
100275;2026-04-18;C0859;14;27;1;3519,66;0,1;2534,16;Boleto;Marketplace;3167,69;2534,16;633,53;0,2
100276;2025-11-07;C0992;13;20;1;144,74;0,05;83,95;Cartão de crédito;Marketplace;137,5;83,95;53,55;0,3895
100277;2026-02-15;C2189;8;13;1;282,49;0,1;155,37;Cartão de crédito;Marketplace;254,24;155,37;98,87;0,3889
100278;2025-04-22;C1017;15;11;2;2420,04;0,1;1887,63;Boleto;Marketplace;4356,07;3775,26;580,81;0,1333
100279;2025-04-19;C0044;10;13;1;151,04;0,1;78,54;Cartão de débito;Marketplace;135,94;78,54;57,4;0,4222
100280;2026-02-05;C1897;11;15;2;1341,74;0,05;912,38;Cartão de crédito;Marketplace;2549,31;1824,76;724,55;0,2842
100281;2025-10-30;C1704;17;1;4;160,1;0,1;96,06;Cartão de débito;Marketplace;576,36;384,24;192,12;0,3333
100282;2025-12-18;C1866;9;8;2;370,14;0,0;233,19;Boleto;Marketplace;740,28;466,38;273,9;0,37
100283;2025-03-10;C1230;4;10;1;1921,56;0,0;1345,09;Cartão de crédito;Online;1921,56;1345,09;576,47;0,3
100284;2026-06-13;C0715;1;25;2;531,69;0,05;340,28;Cartão de débito;Marketplace;1010,21;680,56;329,65;0,3263
100285;2025-07-10;C1771;7;25;1;703,04;0,15;435,88;Boleto;Marketplace;597,58;435,88;161,7;0,2706
100286;2025-08-08;C0843;14;12;1;4963,16;0,1;3573,48;Cartão de crédito;Online;4466,84;3573,48;893,36;0,2
100287;2025-11-30;C0808;11;9;1;819,77;0,15;557,44;PIX;Marketplace;696,8;557,44;139,36;0,2
100288;2025-04-27;C1426;16;14;1;328,93;0,0;180,91;PIX;Online;328,93;180,91;148,02;0,45
100289;2025-11-17;C0483;13;18;1;129,12;0,05;74,89;Boleto;Marketplace;122,66;74,89;47,77;0,3895
100290;2026-01-28;C1733;13;3;1;346,91;0,1;201,21;Cartão de débito;Online;312,22;201,21;111,01;0,3556
100291;2025-10-23;C0575;8;15;1;265,24;0,1;145,88;Cartão de crédito;Marketplace;238,72;145,88;92,84;0,3889
100292;2025-07-19;C1573;13;14;4;292,28;0,05;169,52;Boleto;Marketplace;1110,66;678,08;432,58;0,3895
100293;2026-05-16;C0686;3;6;1;22,47;0,1;10,11;Cartão de crédito;Marketplace;20,22;10,11;10,11;0,5
100294;2025-10-23;C0689;1;17;2;695,96;0,1;445,41;Cartão de crédito;Online;1252,73;890,82;361,91;0,2889
100295;2026-01-11;C2221;2;13;3;302,01;0,1;202,35;Cartão de débito;Marketplace;815,43;607,05;208,38;0,2555
100296;2025-09-11;C1220;17;27;3;122,56;0,0;73,54;Cartão de crédito;Marketplace;367,68;220,62;147,06;0,4
100297;2025-08-31;C0860;17;21;3;511,55;0,05;306,93;Boleto;Online;1457,92;920,79;537,13;0,3684
100298;2025-07-31;C0848;13;7;3;319,43;0,05;185,27;Cartão de débito;Marketplace;910,38;555,81;354,57;0,3895
100299;2025-10-24;C2346;9;14;1;531,85;0,2;335,07;Cartão de crédito;Online;425,48;335,07;90,41;0,2125
100300;2025-03-02;C1136;10;5;3;120,6;0,15;62,71;Cartão de débito;Marketplace;307,53;188,13;119,4;0,3883
100301;2026-02-07;C2005;1;20;1;742,68;0,1;475,32;Boleto;Online;668,41;475,32;193,09;0,2889
100302;2026-02-17;C2112;15;25;2;3778,81;0,15;2947,47;Boleto;Marketplace;6423,98;5894,94;529,04;0,0824
100303;2025-04-06;C1878;14;22;2;4940,51;0,15;3557,17;Boleto;Online;8398,87;7114,34;1284,53;0,1529
100304;2025-08-05;C2027;10;12;1;345,07;0,0;179,44;Cartão de débito;Marketplace;345,07;179,44;165,63;0,48
100305;2025-02-19;C0189;4;8;1;2067,78;0,05;1447,45;Cartão de débito;Marketplace;1964,39;1447,45;516,94;0,2632
100306;2025-01-01;C1753;3;3;1;75,09;0,0;33,79;PIX;Online;75,09;33,79;41,3;0,55
100307;2025-04-06;C1477;2;24;1;714,8;0,15;478,92;Cartão de crédito;Marketplace;607,58;478,92;128,66;0,2118
100308;2025-08-28;C1759;9;17;2;457,78;0,0;288,4;Cartão de crédito;Online;915,56;576,8;338,76;0,37
100309;2026-06-16;C1823;1;2;1;786,92;0,1;503,63;Cartão de débito;Marketplace;708,23;503,63;204,6;0,2889
100310;2025-08-23;C1570;15;15;1;4223,83;0,0;3294,59;PIX;Online;4223,83;3294,59;929,24;0,22
100311;2025-05-17;C0586;16;24;1;381,65;0,1;209,91;Boleto;Marketplace;343,48;209,91;133,57;0,3889
100312;2025-06-05;C1687;5;8;2;642,38;0,0;417,55;Cartão de débito;Online;1284,76;835,1;449,66;0,35
100313;2025-12-26;C1759;16;19;1;169,92;0,0;93,46;Cartão de débito;Marketplace;169,92;93,46;76,46;0,45
100314;2025-11-05;C0842;14;6;1;4283,33;0,1;3084,0;Cartão de crédito;Online;3855,0;3084,0;771,0;0,2
100315;2026-01-31;C0462;8;26;1;220,38;0,0;121,21;PIX;Marketplace;220,38;121,21;99,17;0,45
100316;2026-02-01;C2329;13;17;1;309,47;0,0;179,49;Cartão de crédito;Online;309,47;179,49;129,98;0,42
100317;2025-01-15;C1074;15;20;1;4690,32;0,15;3658,45;PIX;Marketplace;3986,77;3658,45;328,32;0,0824
100318;2026-02-16;C0338;10;19;2;252,05;0,0;131,07;PIX;Online;504,1;262,14;241,96;0,48
100319;2025-07-28;C0637;6;27;1;128,15;0,1;64,08;Cartão de crédito;Marketplace;115,34;64,08;51,26;0,4444
100320;2025-09-02;C0238;10;7;1;375,88;0,0;195,46;Cartão de crédito;Marketplace;375,88;195,46;180,42;0,48
100321;2025-05-03;C0052;7;15;2;676,12;0,0;419,19;PIX;Online;1352,24;838,38;513,86;0,38
100322;2025-05-10;C1101;11;10;2;588,89;0,15;400,45;Boleto;Marketplace;1001,11;800,9;200,21;0,2
100323;2025-03-07;C1078;6;25;2;165,33;0,0;82,67;PIX;Online;330,66;165,34;165,32;0,5
100324;2025-06-20;C1507;8;14;1;250,13;0,15;137,57;Cartão de crédito;Online;212,61;137,57;75,04;0,3529
100325;2025-01-03;C0181;6;15;3;52,46;0,0;26,23;Boleto;Online;157,38;78,69;78,69;0,5
100326;2025-02-06;C2265;7;5;3;685,52;0,1;425,02;PIX;Online;1850,9;1275,06;575,84;0,3111
100327;2025-11-24;C1112;10;14;3;262,89;0,0;136,7;Cartão de crédito;Online;788,67;410,1;378,57;0,48
100328;2026-06-13;C0189;1;6;4;348,25;0,05;222,88;PIX;Marketplace;1323,35;891,52;431,83;0,3263
100329;2026-04-13;C0033;15;1;1;2166,38;0,1;1689,78;Cartão de débito;Marketplace;1949,74;1689,78;259,96;0,1333
100330;2026-05-21;C0801;11;18;2;1274,49;0,1;866,65;Cartão de crédito;Marketplace;2294,08;1733,3;560,78;0,2444
100331;2025-08-27;C2219;14;10;1;5438,51;0,15;3915,73;Cartão de crédito;Marketplace;4622,73;3915,73;707,0;0,1529
100332;2025-04-17;C0841;9;11;1;234,32;0,05;147,62;Cartão de débito;Marketplace;222,6;147,62;74,98;0,3368
100333;2025-02-14;C0949;15;15;3;3079,04;0,1;2401,65;Boleto;Online;8313,41;7204,95;1108,46;0,1333
100334;2026-06-02;C0547;17;11;2;376,05;0,05;225,63;Boleto;Online;714,5;451,26;263,24;0,3684
100335;2025-10-26;C1070;1;27;3;948,23;0,05;606,87;PIX;Marketplace;2702,46;1820,61;881,85;0,3263
100336;2025-10-06;C0957;3;12;1;36,22;0,1;16,3;Cartão de crédito;Online;32,6;16,3;16,3;0,5
100337;2025-06-18;C1842;17;4;1;384,56;0,05;230,74;Cartão de débito;Marketplace;365,33;230,74;134,59;0,3684
100338;2026-04-20;C1086;9;6;3;163,4;0,1;102,94;Cartão de crédito;Online;441,18;308,82;132,36;0,3
100339;2025-06-01;C0374;4;11;2;2436,8;0,05;1705,76;PIX;Marketplace;4629,92;3411,52;1218,4;0,2632
100340;2025-02-01;C1657;7;8;3;566,97;0,05;351,52;Boleto;Online;1615,86;1054,56;561,3;0,3474
100341;2025-05-05;C0049;13;23;1;408,0;0,0;236,64;Boleto;Marketplace;408,0;236,64;171,36;0,42
100342;2025-09-23;C0308;15;25;1;1257,89;0,15;981,15;Cartão de débito;Online;1069,21;981,15;88,06;0,0824
100343;2025-05-06;C0175;4;2;4;601,28;0,15;420,9;Boleto;Marketplace;2044,35;1683,6;360,75;0,1765
100344;2026-01-27;C1748;14;16;1;3251,51;0,0;2341,09;Boleto;Online;3251,51;2341,09;910,42;0,28
100345;2025-09-09;C1209;12;19;1;2289,0;0,05;1556,52;PIX;Marketplace;2174,55;1556,52;618,03;0,2842
100346;2026-03-06;C0817;13;22;2;414,82;0,0;240,6;Cartão de crédito;Marketplace;829,64;481,2;348,44;0,42
100347;2026-05-07;C2231;11;10;2;950,45;0,05;646,31;Boleto;Marketplace;1805,86;1292,62;513,24;0,2842
100348;2025-01-27;C1307;7;16;2;171,98;0,1;106,63;Cartão de crédito;Marketplace;309,56;213,26;96,3;0,3111
100349;2026-01-02;C2393;6;14;5;244,8;0,0;122,4;Cartão de débito;Marketplace;1224,0;612,0;612,0;0,5
100350;2025-08-13;C2359;12;27;3;2135,3;0,05;1452,0;Cartão de débito;Online;6085,6;4356,0;1729,6;0,2842
100351;2025-11-22;C1470;1;12;3;319,74;0,1;204,63;Cartão de débito;Online;863,3;613,89;249,41;0,2889
100352;2025-11-13;C0720;8;5;1;99,86;0,0;54,92;Cartão de crédito;Marketplace;99,86;54,92;44,94;0,45
100353;2025-12-06;C0826;14;22;3;3692,66;0,0;2658,72;PIX;Online;11077,98;7976,16;3101,82;0,28
100354;2025-06-01;C2403;14;9;2;2995,78;0,0;2156,96;PIX;Online;5991,56;4313,92;1677,64;0,28
100355;2026-02-10;C2401;11;24;1;882,82;0,0;600,32;Boleto;Marketplace;882,82;600,32;282,5;0,32
100356;2025-06-28;C2302;4;5;2;2357,69;0,1;1650,38;Cartão de débito;Marketplace;4243,84;3300,76;943,08;0,2222
100357;2025-10-29;C0522;9;12;1;120,86;0,1;76,14;Boleto;Online;108,77;76,14;32,63;0,3
100358;2025-11-22;C0905;7;10;2;228,08;0,05;141,41;Cartão de crédito;Online;433,35;282,82;150,53;0,3474
100359;2025-11-24;C0688;11;14;2;1940,93;0,1;1319,83;PIX;Marketplace;3493,67;2639,66;854,01;0,2444
100360;2025-09-29;C0859;14;8;1;2737,28;0,0;1970,84;Cartão de crédito;Online;2737,28;1970,84;766,44;0,28
100361;2026-03-25;C1719;16;20;4;542,28;0,05;298,25;PIX;Marketplace;2060,66;1193,0;867,66;0,4211
100362;2026-05-06;C2368;17;19;2;581,01;0,0;348,61;Cartão de crédito;Marketplace;1162,02;697,22;464,8;0,4
100363;2025-11-23;C1070;14;20;4;2759,7;0,0;1986,98;Cartão de débito;Online;11038,8;7947,92;3090,88;0,28
100364;2025-12-13;C2434;15;2;5;4572,9;0,1;3566,86;Cartão de débito;Marketplace;20578,05;17834,3;2743,75;0,1333
100365;2025-02-24;C0415;7;13;1;880,8;0,05;546,1;PIX;Marketplace;836,76;546,1;290,66;0,3474
100366;2025-09-01;C0393;9;18;1;394,45;0,1;248,5;Cartão de crédito;Marketplace;355,0;248,5;106,5;0,3
100367;2026-03-14;C0359;14;23;1;4817,07;0,1;3468,29;Cartão de crédito;Online;4335,36;3468,29;867,07;0,2
100368;2025-06-24;C1196;5;22;4;673,57;0,0;437,82;Boleto;Marketplace;2694,28;1751,28;943,0;0,35
100369;2025-09-29;C0374;8;20;2;165,26;0,05;90,89;PIX;Online;313,99;181,78;132,21;0,4211
100370;2025-02-15;C1079;3;12;1;41,07;0,1;18,48;Cartão de crédito;Online;36,96;18,48;18,48;0,5
100371;2025-03-29;C1409;17;5;3;389,79;0,1;233,87;Cartão de crédito;Marketplace;1052,43;701,61;350,82;0,3333
100372;2026-03-05;C2194;6;5;2;237,27;0,05;118,64;Boleto;Marketplace;450,81;237,28;213,53;0,4737
100373;2026-02-09;C0143;15;14;1;4601,82;0,1;3589,42;Cartão de débito;Online;4141,64;3589,42;552,22;0,1333
100374;2025-06-27;C0685;3;2;4;84,68;0,0;38,11;Cartão de crédito;Marketplace;338,72;152,44;186,28;0,55
100375;2025-06-01;C2438;5;19;1;1110,8;0,15;722,02;Cartão de crédito;Marketplace;944,18;722,02;222,16;0,2353
100376;2025-11-30;C1132;16;21;1;558,58;0,0;307,22;Boleto;Online;558,58;307,22;251,36;0,45
100377;2025-06-03;C0608;10;8;2;266,46;0,2;138,56;Cartão de crédito;Online;426,34;277,12;149,22;0,35
100378;2025-12-19;C1684;9;17;1;434,3;0,05;273,61;Cartão de crédito;Online;412,58;273,61;138,97;0,3368
100379;2026-02-17;C0590;2;20;2;1101,02;0,05;737,68;PIX;Online;2091,94;1475,36;616,58;0,2947
100380;2026-05-02;C1101;12;6;3;736,42;0,1;500,77;PIX;Marketplace;1988,33;1502,31;486,02;0,2444
100381;2025-04-11;C0934;8;27;1;294,33;0,05;161,88;PIX;Marketplace;279,61;161,88;117,73;0,4211
100382;2025-04-02;C0770;10;17;1;372,3;0,05;193,6;PIX;Online;353,68;193,6;160,08;0,4526
100383;2025-06-12;C0269;6;9;1;151,36;0,0;75,68;Cartão de crédito;Online;151,36;75,68;75,68;0,5
100384;2025-07-25;C0237;5;21;1;656,45;0,15;426,69;Cartão de débito;Marketplace;557,98;426,69;131,29;0,2353
100385;2026-04-21;C2069;11;5;1;1876,92;0,1;1276,31;PIX;Marketplace;1689,23;1276,31;412,92;0,2444
100386;2025-07-01;C1944;3;16;2;47,98;0,0;21,59;Cartão de crédito;Marketplace;95,96;43,18;52,78;0,55
100387;2026-01-31;C0204;14;5;1;4502,9;0,2;3242,09;Cartão de débito;Online;3602,32;3242,09;360,23;0,1
100388;2026-02-24;C2103;2;26;1;1225,38;0,1;821,0;Boleto;Online;1102,84;821,0;281,84;0,2556
100389;2025-01-09;C0917;7;21;1;753,81;0,0;467,36;PIX;Marketplace;753,81;467,36;286,45;0,38
100390;2025-12-24;C1881;16;27;1;333,35;0,1;183,34;Boleto;Online;300,02;183,34;116,68;0,3889
100391;2026-06-08;C1533;14;14;2;4578,2;0,0;3296,3;Cartão de crédito;Marketplace;9156,4;6592,6;2563,8;0,28
100392;2025-12-11;C1133;15;21;2;4445,97;0,0;3467,86;PIX;Online;8891,94;6935,72;1956,22;0,22
100393;2026-06-14;C0985;13;7;3;418,28;0,1;242,6;Boleto;Marketplace;1129,36;727,8;401,56;0,3556
100394;2025-01-27;C2038;13;20;5;188,96;0,05;109,6;Cartão de crédito;Online;897,56;548,0;349,56;0,3895
100395;2025-08-16;C2190;4;15;2;1451,47;0,15;1016,03;PIX;Online;2467,5;2032,06;435,44;0,1765
100396;2025-10-28;C0400;7;13;1;705,69;0,1;437,53;Cartão de débito;Marketplace;635,12;437,53;197,59;0,3111
100397;2025-08-16;C1456;15;10;1;4485,73;0,05;3498,87;PIX;Marketplace;4261,44;3498,87;762,57;0,1789
100398;2026-04-20;C0483;9;7;1;535,87;0,05;337,6;Cartão de crédito;Marketplace;509,08;337,6;171,48;0,3368
100399;2026-05-28;C0491;5;11;3;581,67;0,0;378,09;Cartão de débito;Online;1745,01;1134,27;610,74;0,35
100400;2025-12-17;C1677;5;18;5;1092,85;0,2;710,35;PIX;Online;4371,4;3551,75;819,65;0,1875
100401;2026-05-15;C1363;15;26;2;1707,3;0,1;1331,69;Boleto;Marketplace;3073,14;2663,38;409,76;0,1333
100402;2025-06-22;C2361;5;19;2;689,58;0,1;448,23;Cartão de débito;Marketplace;1241,24;896,46;344,78;0,2778
100403;2026-02-18;C1758;10;23;4;202,66;0,0;105,38;PIX;Online;810,64;421,52;389,12;0,48
100404;2026-06-28;C0781;4;5;1;508,25;0,1;355,77;PIX;Marketplace;457,42;355,77;101,65;0,2222
100405;2025-04-16;C1572;13;11;1;208,57;0,0;120,97;PIX;Marketplace;208,57;120,97;87,6;0,42
100406;2026-06-17;C2443;3;18;1;54,69;0,1;24,61;PIX;Marketplace;49,22;24,61;24,61;0,5
100407;2025-07-12;C0676;11;5;4;1869,13;0,05;1271,01;Cartão de débito;Online;7102,69;5084,04;2018,65;0,2842
100408;2025-01-23;C2416;5;22;1;323,16;0,1;210,05;Cartão de crédito;Marketplace;290,84;210,05;80,79;0,2778
100409;2025-02-19;C2433;2;26;5;1077,46;0,1;721,9;Não informado;Online;4848,57;3609,5;1239,07;0,2556
100410;2026-03-31;C1558;10;23;1;160,88;0,1;83,66;Cartão de crédito;Marketplace;144,79;83,66;61,13;0,4222
100411;2025-04-14;C2132;10;27;1;273,8;0,0;142,38;Cartão de crédito;Online;273,8;142,38;131,42;0,48
100412;2025-04-27;C0436;9;27;1;412,32;0,1;259,76;Cartão de débito;Marketplace;371,09;259,76;111,33;0,3
100413;2025-10-30;C0657;10;17;1;238,83;0,0;124,19;PIX;Online;238,83;124,19;114,64;0,48
100414;2025-01-14;C0365;14;18;3;5423,31;0,1;3904,78;Cartão de crédito;Online;14642,94;11714,34;2928,6;0,2
100415;2025-09-20;C0947;17;11;1;784,1;0,0;470,46;Cartão de crédito;Online;784,1;470,46;313,64;0,4
100416;2025-10-25;C1476;12;8;3;1262,87;0,1;858,75;Cartão de crédito;Online;3409,75;2576,25;833,5;0,2444
100417;2025-06-24;C1347;13;1;1;263,84;0,1;153,03;Cartão de crédito;Marketplace;237,46;153,03;84,43;0,3556
100418;2025-07-07;C0467;4;20;1;2424,62;0,0;1697,23;Boleto;Marketplace;2424,62;1697,23;727,39;0,3
100419;2025-04-26;C0543;7;24;2;193,98;0,15;120,27;Cartão de crédito;Marketplace;329,77;240,54;89,23;0,2706
100420;2026-03-25;C0743;8;14;2;251,42;0,1;138,28;Cartão de débito;Marketplace;452,56;276,56;176,0;0,3889
100421;2025-04-26;C1685;8;26;1;93,93;0,1;51,66;Cartão de débito;Marketplace;84,54;51,66;32,88;0,3889
100422;2026-06-20;C0391;6;14;1;195,33;0,05;97,67;Boleto;Online;185,56;97,67;87,89;0,4736
100423;2025-01-12;C0643;12;24;1;1544,72;0,05;1050,41;Cartão de crédito;Marketplace;1467,48;1050,41;417,07;0,2842
100424;2025-09-04;C1356;4;3;4;600,7;0,0;420,49;Boleto;Marketplace;2402,8;1681,96;720,84;0,3
100425;2025-03-22;C1881;1;17;1;701,12;0,0;448,72;Boleto;Marketplace;701,12;448,72;252,4;0,36
100426;2026-05-25;C0073;17;26;1;388,64;0,05;233,18;Cartão de crédito;Marketplace;369,21;233,18;136,03;0,3684
100427;2025-07-31;C1869;6;5;4;122,67;0,0;61,34;Boleto;Marketplace;490,68;245,36;245,32;0,5
100428;2026-01-08;C1854;8;10;1;247,05;0,0;135,88;PIX;Marketplace;247,05;135,88;111,17;0,45
100429;2026-01-18;C0436;6;21;1;82,83;0,0;41,41;Boleto;Online;82,83;41,41;41,42;0,5001
100430;2025-07-20;C0769;2;27;1;1315,24;0,0;881,21;Cartão de débito;Marketplace;1315,24;881,21;434,03;0,33
100431;2026-03-01;C0191;17;4;4;686,23;0,05;411,74;Boleto;Marketplace;2607,67;1646,96;960,71;0,3684
100432;2025-05-18;C2044;6;2;1;197,24;0,05;98,62;Boleto;Online;187,38;98,62;88,76;0,4737
100433;2025-05-12;C0425;7;9;1;600,41;0,15;372,25;Boleto;Marketplace;510,35;372,25;138,1;0,2706
100434;2025-10-08;C1630;1;18;4;979,34;0,05;626,78;Cartão de débito;Marketplace;3721,49;2507,12;1214,37;0,3263
100435;2025-11-03;C2244;6;3;3;192,37;0,15;96,19;Cartão de débito;Online;490,54;288,57;201,97;0,4117
100436;2025-10-25;C1415;5;24;4;332,67;0,1;216,24;PIX;Online;1197,61;864,96;332,65;0,2778
100437;2026-05-07;C2388;11;1;2;1467,45;0,05;997,87;PIX;Marketplace;2788,16;1995,74;792,42;0,2842
100438;2026-06-20;C0437;14;23;1;3008,64;0,1;2166,22;PIX;Online;2707,78;2166,22;541,56;0,2
100439;2025-09-14;C0600;9;4;3;451,49;0,0;284,44;Cartão de crédito;Marketplace;1354,47;853,32;501,15;0,37
100440;2025-04-15;C2302;3;5;3;79,39;0,05;35,73;PIX;Online;226,26;107,19;119,07;0,5263
100441;2026-02-01;C1707;16;13;4;587,91;0,0;323,35;Cartão de crédito;Online;2351,64;1293,4;1058,24;0,45
100442;2025-07-27;C1815;2;3;3;1389,36;0,1;930,87;PIX;Online;3751,27;2792,61;958,66;0,2556
100443;2025-10-29;C1839;5;24;1;882,66;0,0;573,73;Cartão de crédito;Marketplace;882,66;573,73;308,93;0,35
100444;2026-03-15;C1144;12;16;2;934,12;0,05;635,2;Cartão de crédito;Marketplace;1774,83;1270,4;504,43;0,2842
100445;2025-06-08;C0164;3;3;1;45,81;0,0;20,61;PIX;Marketplace;45,81;20,61;25,2;0,5501
100446;2025-03-16;C1302;11;22;1;1931,18;0,05;1313,2;Cartão de débito;Marketplace;1834,62;1313,2;521,42;0,2842
100447;2025-04-05;C1432;16;15;1;206,68;0,0;113,67;PIX;Online;206,68;113,67;93,01;0,45
100448;2026-05-02;C2300;6;14;3;246,23;0,0;123,11;PIX;Marketplace;738,69;369,33;369,36;0,5
100449;2025-09-07;C0164;1;8;2;524,66;0,15;335,78;Boleto;Marketplace;891,92;671,56;220,36;0,2471
100450;2025-01-26;C2118;9;25;3;299,98;0,1;188,99;Boleto;Online;809,95;566,97;242,98;0,3
100451;2025-07-17;C1313;9;4;1;575,14;0,0;362,34;Cartão de crédito;Online;575,14;362,34;212,8;0,37
100452;2025-08-07;C1738;5;1;3;405,58;0,1;263,63;Boleto;Online;1095,07;790,89;304,18;0,2778
100453;2025-01-25;C1881;13;24;2;95,91;0,0;55,63;PIX;Online;191,82;111,26;80,56;0,42
100454;2025-09-22;C1670;1;26;1;741,15;0,05;474,34;Boleto;Online;704,09;474,34;229,75;0,3263
100455;2025-03-06;C2399;14;9;1;5468,88;0,05;3937,59;Cartão de crédito;Marketplace;5195,44;3937,59;1257,85;0,2421
100456;2025-03-30;C1154;9;14;2;330,08;0,05;207,95;Cartão de crédito;Marketplace;627,15;415,9;211,25;0,3368
100457;2025-08-14;C0559;7;6;2;747,58;0,1;463,5;Cartão de débito;Marketplace;1345,64;927,0;418,64;0,3111
100458;2025-01-12;C2268;11;12;3;626,2;0,0;425,82;Boleto;Online;1878,6;1277,46;601,14;0,32
100459;2025-08-04;C1409;9;18;1;554,7;0,15;349,46;Cartão de débito;Online;471,5;349,46;122,04;0,2588
100460;2025-09-16;C0796;1;11;1;769,68;0,05;492,6;Boleto;Online;731,2;492,6;238,6;0,3263
100461;2025-03-10;C1027;9;10;1;468,28;0,05;295,02;PIX;Online;444,87;295,02;149,85;0,3368
100462;2025-04-13;C1168;1;25;2;930,08;0,0;595,25;PIX;Marketplace;1860,16;1190,5;669,66;0,36
100463;2026-01-09;C1296;13;22;4;150,83;0,0;87,48;Cartão de débito;Marketplace;603,32;349,92;253,4;0,42
100464;2026-01-04;C0551;2;25;2;664,45;0,05;445,18;PIX;Marketplace;1262,46;890,36;372,1;0,2947
100465;2025-04-22;C0720;8;27;2;98,03;0,0;53,92;Cartão de débito;Online;196,06;107,84;88,22;0,45
100466;2025-03-20;C0309;2;27;3;1311,98;0,1;879,03;Boleto;Online;3542,35;2637,09;905,26;0,2556
100467;2025-09-24;C2227;12;18;3;1671,42;0,1;1136,57;PIX;Marketplace;4512,83;3409,71;1103,12;0,2444
100468;2025-10-25;C0549;1;9;1;657,29;0,05;420,67;Cartão de crédito;Online;624,43;420,67;203,76;0,3263
100469;2026-06-11;C0575;7;14;1;284,36;0,15;176,3;Cartão de débito;Marketplace;241,71;176,3;65,41;0,2706
100470;2025-02-11;C0897;11;5;2;770,8;0,0;524,14;Cartão de crédito;Online;1541,6;1048,28;493,32;0,32
100471;2026-01-05;C1590;6;3;1;140,93;0,0;70,47;PIX;Online;140,93;70,47;70,46;0,5
100472;2025-10-08;C1079;6;20;2;164,03;0,05;82,02;PIX;Online;311,66;164,04;147,62;0,4737
100473;2025-09-15;C1542;6;27;4;94,58;0,05;47,29;PIX;Marketplace;359,4;189,16;170,24;0,4737
100474;2025-01-07;C2056;8;9;3;176,78;0,0;97,23;PIX;Online;530,34;291,69;238,65;0,45
100475;2025-07-11;C0645;13;5;1;381,27;0,0;221,14;Boleto;Marketplace;381,27;221,14;160,13;0,42
100476;2026-05-09;C1962;17;2;1;513,55;0,1;308,13;Não informado;Online;462,2;308,13;154,07;0,3333
100477;2025-05-11;C2350;12;12;2;942,5;0,05;640,9;Cartão de débito;Online;1790,75;1281,8;508,95;0,2842
100478;2025-09-22;C0738;7;3;1;454,09;0,2;281,54;Cartão de crédito;Marketplace;363,27;281,54;81,73;0,225
100479;2025-08-10;C1840;15;5;2;2885,65;0,05;2250,81;Boleto;Online;5482,74;4501,62;981,12;0,1789
100480;2026-06-08;C1084;7;7;1;664,19;0,15;411,8;Cartão de crédito;Online;564,56;411,8;152,76;0,2706
100481;2026-01-30;C0542;16;9;1;201,17;0,15;110,64;Boleto;Online;170,99;110,64;60,35;0,3529
100482;2025-07-01;C1950;17;13;3;519,87;0,15;311,92;Cartão de crédito;Online;1325,67;935,76;389,91;0,2941
100483;2025-05-14;C2472;8;14;1;80,26;0,15;44,14;Boleto;Marketplace;68,22;44,14;24,08;0,353
100484;2025-02-14;C2171;11;4;1;1901,47;0,05;1293,0;Boleto;Marketplace;1806,4;1293,0;513,4;0,2842
100485;2026-03-12;C0549;17;19;1;636,1;0,15;381,66;PIX;Marketplace;540,69;381,66;159,03;0,2941
100486;2025-07-13;C0023;2;8;2;1236,78;0,05;828,64;Cartão de crédito;Marketplace;2349,88;1657,28;692,6;0,2947
100487;2025-11-20;C1675;5;16;1;354,78;0,1;230,61;PIX;Marketplace;319,3;230,61;88,69;0,2778
100488;2025-10-10;C1628;11;17;2;1061,17;0,1;721,6;Cartão de débito;Marketplace;1910,11;1443,2;466,91;0,2444
100489;2025-09-17;C1257;8;18;2;250,32;0,05;137,68;Cartão de crédito;Online;475,61;275,36;200,25;0,421
100490;2025-06-15;C0411;3;13;1;52,04;0,0;23,42;Cartão de crédito;Online;52,04;23,42;28,62;0,55
100491;2025-01-06;C0374;16;19;3;335,83;0,1;184,71;Cartão de crédito;Marketplace;906,74;554,13;352,61;0,3889
100492;2026-01-15;C0328;1;20;2;807,15;0,15;516,58;PIX;Online;1372,16;1033,16;339,0;0,2471
100493;2026-05-22;C1799;7;9;1;787,93;0,15;488,52;PIX;Online;669,74;488,52;181,22;0,2706
100494;2026-06-07;C2113;12;15;2;1807,34;0,1;1228,99;Cartão de débito;Online;3253,21;2457,98;795,23;0,2444
100495;2025-03-30;C1131;7;12;2;414,85;0,05;257,21;Cartão de débito;Online;788,22;514,42;273,8;0,3474
100496;2025-04-03;C2252;15;15;1;4319,06;0,15;3368,87;PIX;Marketplace;3671,2;3368,87;302,33;0,0824
100497;2025-07-19;C1863;1;2;4;702,43;0,0;449,56;Cartão de crédito;Online;2809,72;1798,24;1011,48;0,36
100498;2025-10-29;C1393;6;13;4;210,59;0,2;105,3;PIX;Marketplace;673,89;421,2;252,69;0,375
100499;2026-05-11;C0997;16;25;2;580,62;0,05;319,34;Cartão de crédito;Marketplace;1103,18;638,68;464,5;0,4211
100500;2025-09-22;C0277;17;21;1;652,06;0,0;391,24;Cartão de débito;Marketplace;652,06;391,24;260,82;0,4
100501;2025-12-28;C2116;10;6;1;304,26;0,0;158,22;Cartão de crédito;Marketplace;304,26;158,22;146,04;0,48
100502;2025-03-19;C2272;4;12;4;1453,11;0,05;1017,18;PIX;Online;5521,82;4068,72;1453,1;0,2632
100503;2026-05-26;C0818;5;5;1;442,06;0,0;287,34;Cartão de débito;Online;442,06;287,34;154,72;0,35
100504;2025-06-09;C0437;11;17;1;525,58;0,2;357,39;Cartão de crédito;Online;420,46;357,39;63,07;0,15
100505;2026-01-16;C1292;8;16;1;296,78;0,15;163,23;Boleto;Online;252,26;163,23;89,03;0,3529
100506;2025-10-14;C1630;6;22;1;165,33;0,0;82,67;Boleto;Marketplace;165,33;82,67;82,66;0,5
100507;2026-05-30;C1423;12;8;1;1935,41;0,0;1316,08;Boleto;Marketplace;1935,41;1316,08;619,33;0,32
100508;2025-01-13;C0864;14;16;1;2852,62;0,05;2053,89;Cartão de débito;Marketplace;2709,99;2053,89;656,1;0,2421
100509;2025-10-03;C1931;1;2;4;540,17;0,0;345,71;Cartão de débito;Marketplace;2160,68;1382,84;777,84;0,36
100510;2026-01-09;C1641;11;12;1;687,82;0,0;467,72;Cartão de débito;Online;687,82;467,72;220,1;0,32
100511;2025-08-30;C2275;2;1;1;726,1;0,0;486,49;Cartão de débito;Marketplace;726,1;486,49;239,61;0,33
100512;2025-06-30;C1727;14;9;1;5984,47;0,1;4308,82;PIX;Marketplace;5386,02;4308,82;1077,2;0,2
100513;2025-09-14;C2303;9;24;3;142,9;0,0;90,03;Cartão de crédito;Online;428,7;270,09;158,61;0,37
100514;2026-05-03;C0395;2;13;1;668,32;0,05;447,77;PIX;Marketplace;634,9;447,77;187,13;0,2947
100515;2026-02-26;C0497;14;12;1;4878,55;0,1;3512,56;Cartão de débito;Marketplace;4390,7;3512,56;878,14;0,2
100516;2025-11-29;C2091;11;20;1;1578,44;0,15;1073,34;PIX;Marketplace;1341,67;1073,34;268,33;0,2
100517;2025-06-21;C1382;13;19;1;337,17;0,05;195,56;Cartão de crédito;Online;320,31;195,56;124,75;0,3895
100518;2025-08-22;C1285;4;3;1;1082,71;0,0;757,9;Boleto;Marketplace;1082,71;757,9;324,81;0,3
100519;2026-01-07;C2405;3;26;1;56,02;0,0;25,21;Cartão de débito;Online;56,02;25,21;30,81;0,55
100520;2025-03-23;C0863;2;17;1;378,76;0,0;253,77;Cartão de crédito;Online;378,76;253,77;124,99;0,33
100521;2026-06-21;C0341;16;20;1;409,05;0,0;224,98;PIX;Online;409,05;224,98;184,07;0,45
100522;2025-10-18;C1816;1;26;2;391,89;0,1;250,81;Cartão de crédito;Marketplace;705,4;501,62;203,78;0,2889
100523;2026-05-03;C1914;4;25;4;1581,17;0,0;1106,82;Cartão de débito;Online;6324,68;4427,28;1897,4;0,3
100524;2026-03-22;C2145;3;17;2;62,7;0,15;28,22;Cartão de débito;Online;106,59;56,44;50,15;0,4705
100525;2025-11-12;C1499;3;9;1;32,46;0,0;14,61;Cartão de débito;Marketplace;32,46;14,61;17,85;0,5499
100526;2026-04-26;C2192;9;17;1;562,6;0,15;354,44;PIX;Online;478,21;354,44;123,77;0,2588
100527;2025-10-27;C2446;10;2;1;82,31;0,05;42,8;Boleto;Marketplace;78,19;42,8;35,39;0,4526
100528;2025-06-17;C1597;1;3;3;454,41;0,0;290,82;Cartão de débito;Marketplace;1363,23;872,46;490,77;0,36
100529;2026-06-29;C1102;9;6;1;529,67;0,0;333,69;Cartão de crédito;Marketplace;529,67;333,69;195,98;0,37
100530;2025-10-06;C2016;3;13;1;21,55;0,0;9,7;Cartão de crédito;Online;21,55;9,7;11,85;0,5499
100531;2025-10-16;C1103;17;19;1;406,89;0,0;244,13;Cartão de débito;Online;406,89;244,13;162,76;0,4
100532;2025-08-11;C1401;8;15;1;252,86;0,05;139,07;Boleto;Online;240,22;139,07;101,15;0,4211
100533;2025-03-24;C0599;4;17;1;2051,31;0,0;1435,92;Cartão de débito;Online;2051,31;1435,92;615,39;0,3
100534;2026-01-26;C0052;2;4;1;1210,18;0,0;810,82;Boleto;Online;1210,18;810,82;399,36;0,33
100535;2025-07-23;C1888;12;23;2;869,13;0,1;591,01;Boleto;Marketplace;1564,43;1182,02;382,41;0,2444
100536;2025-11-27;C0650;9;9;2;140,25;0,15;88,36;Cartão de crédito;Marketplace;238,42;176,72;61,7;0,2588
100537;2025-11-02;C0814;8;8;1;91,46;0,1;50,3;Cartão de débito;Marketplace;82,31;50,3;32,01;0,3889
100538;2025-01-16;C0686;4;5;2;1669,39;0,05;1168,57;Cartão de crédito;Online;3171,84;2337,14;834,7;0,2632
100539;2025-06-08;C1522;8;14;2;134,72;0,05;74,1;PIX;Online;255,97;148,2;107,77;0,421
100540;2025-12-31;C0631;12;5;2;2124,64;0,0;1444,76;PIX;Marketplace;4249,28;2889,52;1359,76;0,32
100541;2025-07-17;C0088;3;11;2;48,65;0,0;21,89;Boleto;Marketplace;97,3;43,78;53,52;0,5501
100542;2026-05-17;C0778;9;25;2;380,94;0,0;239,99;PIX;Online;761,88;479,98;281,9;0,37
100543;2026-06-28;C0635;15;25;1;4277,67;0,05;3336,58;Cartão de crédito;Marketplace;4063,79;3336,58;727,21;0,1789
100544;2025-01-20;C1492;7;14;2;329,09;0,1;204,04;Boleto;Online;592,36;408,08;184,28;0,3111
100545;2026-05-25;C2259;6;10;1;106,63;0,05;53,31;Cartão de crédito;Online;101,3;53,31;47,99;0,4737
100546;2025-03-10;C0180;6;23;3;75,95;0,15;37,98;Cartão de crédito;Marketplace;193,67;113,94;79,73;0,4117
100547;2025-04-12;C0131;5;9;2;1036,3;0,1;673,6;PIX;Online;1865,34;1347,2;518,14;0,2778
100548;2025-08-15;C2482;11;3;2;420,94;0,15;286,24;Boleto;Online;715,6;572,48;143,12;0,2
100549;2025-03-04;C1479;3;15;2;95,06;0,05;42,78;Cartão de crédito;Marketplace;180,61;85,56;95,05;0,5263
100550;2025-02-11;C0289;6;9;3;65,59;0,0;32,8;Cartão de crédito;Online;196,77;98,4;98,37;0,4999
100551;2026-06-29;C1579;1;3;1;668,33;0,0;427,73;Cartão de débito;Marketplace;668,33;427,73;240,6;0,36
100552;2026-01-02;C1879;17;22;2;398,95;0,0;239,37;Cartão de débito;Marketplace;797,9;478,74;319,16;0,4
100553;2025-12-12;C0648;6;10;1;169,98;0,15;84,99;PIX;Marketplace;144,48;84,99;59,49;0,4118
100554;2026-03-17;C1325;10;4;2;260,21;0,0;135,31;PIX;Marketplace;520,42;270,62;249,8;0,48
100555;2026-04-04;C1627;3;26;1;22,77;0,0;10,25;Cartão de débito;Marketplace;22,77;10,25;12,52;0,5498
100556;2025-11-04;C0909;14;21;1;3602,17;0,1;2593,56;PIX;Online;3241,95;2593,56;648,39;0,2
100557;2025-02-08;C1886;17;12;1;196,89;0,05;118,13;Cartão de débito;Online;187,05;118,13;68,92;0,3685
100558;2025-11-04;C0377;2;19;2;961,33;0,0;644,09;PIX;Marketplace;1922,66;1288,18;634,48;0,33
100559;2026-05-15;C2361;7;11;3;221,52;0,1;137,34;Boleto;Online;598,1;412,02;186,08;0,3111
100560;2025-12-09;C1426;12;8;3;1481,75;0,15;1007,59;Cartão de débito;Online;3778,46;3022,77;755,69;0,2
100561;2025-02-25;C1249;16;10;1;259,66;0,05;142,81;Cartão de débito;Online;246,68;142,81;103,87;0,4211
100562;2026-02-07;C1826;12;2;2;1735,46;0,0;1180,11;PIX;Marketplace;3470,92;2360,22;1110,7;0,32
100563;2025-05-16;C1377;13;20;1;320,01;0,0;185,61;PIX;Online;320,01;185,61;134,4;0,42
100564;2026-05-29;C1780;16;13;2;165,19;0,0;90,85;Cartão de débito;Marketplace;330,38;181,7;148,68;0,45
100565;2025-07-20;C2299;16;19;2;467,83;0,0;257,31;PIX;Marketplace;935,66;514,62;421,04;0,45
100566;2025-04-02;C0461;4;10;2;1347,08;0,0;942,96;PIX;Online;2694,16;1885,92;808,24;0,3
100567;2025-06-23;C1433;9;18;2;595,28;0,05;375,03;Boleto;Online;1131,03;750,06;380,97;0,3368
100568;2025-07-24;C1532;1;1;1;809,94;0,0;518,36;Cartão de crédito;Online;809,94;518,36;291,58;0,36
100569;2025-10-22;C0057;13;17;1;417,8;0,0;242,32;Cartão de crédito;Marketplace;417,8;242,32;175,48;0,42
100570;2025-08-05;C0835;5;7;1;950,36;0,05;617,73;Cartão de débito;Online;902,84;617,73;285,11;0,3158
100571;2026-06-24;C0179;16;21;1;130,06;0,0;71,53;PIX;Online;130,06;71,53;58,53;0,45
100572;2025-01-09;C0273;3;14;1;41,7;0,15;18,77;PIX;Online;35,44;18,77;16,67;0,4704
100573;2025-10-27;C1584;14;8;1;3832,45;0,2;2759,36;PIX;Marketplace;3065,96;2759,36;306,6;0,1
100574;2025-07-10;C0815;15;26;1;2831,95;0,15;2208,92;Cartão de crédito;Online;2407,16;2208,92;198,24;0,0824
100575;2025-11-09;C1367;6;14;1;198,88;0,0;99,44;PIX;Marketplace;198,88;99,44;99,44;0,5
100576;2025-08-30;C2054;9;20;1;149,76;0,0;94,35;Cartão de crédito;Marketplace;149,76;94,35;55,41;0,37
100577;2025-06-05;C1400;1;20;3;759,85;0,0;486,3;Cartão de débito;Marketplace;2279,55;1458,9;820,65;0,36
100578;2025-06-06;C1747;1;13;4;936,81;0,0;599,56;Cartão de débito;Online;3747,24;2398,24;1349,0;0,36
100579;2025-07-27;C0566;13;18;1;376,16;0,05;218,17;Boleto;Online;357,35;218,17;139,18;0,3895
100580;2025-11-22;C0278;7;10;2;861,45;0,0;534,1;Cartão de débito;Online;1722,9;1068,2;654,7;0,38
100581;2026-02-28;C1685;4;3;1;1991,22;0,1;1393,85;PIX;Online;1792,1;1393,85;398,25;0,2222
100582;2025-04-20;C0539;5;16;1;962,45;0,1;625,59;Cartão de débito;Online;866,2;625,59;240,61;0,2778
100583;2025-01-27;C1472;1;7;1;845,88;0,0;541,36;Boleto;Marketplace;845,88;541,36;304,52;0,36
100584;2026-02-01;C2013;7;2;1;272,84;0,0;169,16;Cartão de crédito;Marketplace;272,84;169,16;103,68;0,38
100585;2025-08-16;C0831;10;25;2;101,16;0,15;52,6;Boleto;Marketplace;171,97;105,2;66,77;0,3883
100586;2025-09-10;C1752;3;20;1;23,35;0,1;10,51;PIX;Marketplace;21,02;10,51;10,51;0,5
100587;2025-02-09;C2133;6;5;1;141,38;0,15;70,69;Boleto;Online;120,17;70,69;49,48;0,4118
100588;2026-06-13;C0202;16;4;1;319,78;0,15;175,88;PIX;Marketplace;271,81;175,88;95,93;0,3529
100589;2026-03-09;C1206;7;18;2;190,91;0,05;118,36;Boleto;Marketplace;362,73;236,72;126,01;0,3474
100590;2026-05-28;C0464;15;13;1;3341,79;0,15;2606,6;Cartão de débito;Marketplace;2840,52;2606,6;233,92;0,0824
100591;2025-11-28;C1847;10;23;1;225,18;0,15;117,09;Boleto;Online;191,4;117,09;74,31;0,3882
100592;2025-11-28;C0672;2;25;2;404,43;0,0;270,97;PIX;Online;808,86;541,94;266,92;0,33
100593;2026-01-29;C2096;6;11;2;81,98;0,05;40,99;Cartão de débito;Marketplace;155,76;81,98;73,78;0,4737
100594;2025-06-16;C0593;13;6;1;379,06;0,05;219,85;Boleto;Marketplace;360,11;219,85;140,26;0,3895
100595;2025-05-01;C0539;7;26;4;152,65;0,1;94,64;Boleto;Marketplace;549,54;378,56;170,98;0,3111
100596;2025-01-06;C2491;8;17;3;132,33;0,05;72,78;Boleto;Marketplace;377,14;218,34;158,8;0,4211
100597;2025-03-23;C2463;3;7;2;39,58;0,05;17,81;Cartão de débito;Online;75,2;35,62;39,58;0,5263
100598;2025-06-01;C0226;7;14;2;177,54;0,15;110,07;PIX;Marketplace;301,82;220,14;81,68;0,2706
100599;2025-02-20;C0447;15;7;1;1712,99;0,1;1336,13;Cartão de débito;Marketplace;1541,69;1336,13;205,56;0,1333
100600;2025-02-06;C0382;11;27;2;916,51;0,15;623,23;Cartão de crédito;Marketplace;1558,07;1246,46;311,61;0,2
100601;2025-10-27;C1929;15;9;1;3778,48;0,0;2947,21;Boleto;Online;3778,48;2947,21;831,27;0,22
100602;2025-03-01;C0448;5;19;2;1179,35;0,05;766,58;Não informado;Marketplace;2240,76;1533,16;707,6;0,3158
100603;2025-11-21;C1064;10;18;1;398,41;0,05;207,17;Boleto;Marketplace;378,49;207,17;171,32;0,4526
100604;2025-07-04;C2497;8;8;1;143,91;0,0;79,15;Cartão de crédito;Marketplace;143,91;79,15;64,76;0,45
100605;2025-08-01;C1699;17;3;1;333,65;0,05;200,19;Cartão de débito;Online;316,97;200,19;116,78;0,3684
100606;2025-10-16;C1043;5;10;2;507,77;0,05;330,05;Cartão de crédito;Online;964,76;660,1;304,66;0,3158
100607;2025-12-16;C1623;4;24;2;1731,99;0,0;1212,39;Cartão de débito;Marketplace;3463,98;2424,78;1039,2;0,3
100608;2026-05-06;C1944;4;3;2;1791,3;0,05;1253,91;Boleto;Marketplace;3403,47;2507,82;895,65;0,2632
100609;2026-02-28;C0230;3;10;3;43,95;0,1;19,78;Cartão de crédito;Online;118,67;59,34;59,33;0,5
100610;2025-12-29;C0272;4;20;4;1060,92;0,0;742,64;Cartão de débito;Marketplace;4243,68;2970,56;1273,12;0,3
100611;2025-04-30;C1263;7;2;2;385,87;0,0;239,24;Cartão de crédito;Marketplace;771,74;478,48;293,26;0,38
100612;2026-01-16;C1852;1;24;3;511,84;0,05;327,58;Cartão de crédito;Marketplace;1458,74;982,74;476,0;0,3263
100613;2025-07-26;C0380;12;9;1;744,88;0,05;506,52;Cartão de débito;Online;707,64;506,52;201,12;0,2842
100614;2026-05-11;C2145;4;8;1;1154,68;0,1;808,28;Cartão de débito;Online;1039,21;808,28;230,93;0,2222
100615;2026-04-16;C1588;12;11;2;1640,22;0,0;1115,35;Cartão de crédito;Marketplace;3280,44;2230,7;1049,74;0,32
100616;2025-02-17;C0423;3;12;1;72,72;0,0;32,72;PIX;Online;72,72;32,72;40,0;0,5501
100617;2025-07-25;C0789;4;14;1;1564,55;0,1;1095,18;Não informado;Marketplace;1408,1;1095,18;312,92;0,2222
100618;2025-06-11;C1121;13;8;1;482,49;0,05;279,84;Cartão de débito;Marketplace;458,37;279,84;178,53;0,3895
100619;2025-10-05;C0580;4;24;4;2108,01;0,05;1475,61;Cartão de crédito;Marketplace;8010,44;5902,44;2108,0;0,2632
100620;2026-03-31;C0208;4;8;1;1441,47;0,1;1009,03;Boleto;Online;1297,32;1009,03;288,29;0,2222
100621;2026-03-13;C1606;15;27;1;3384,49;0,05;2639,9;Boleto;Marketplace;3215,27;2639,9;575,37;0,1789
100622;2025-12-07;C0812;9;4;2;442,02;0,05;278,47;Boleto;Online;839,84;556,94;282,9;0,3368
100623;2026-04-25;C0399;15;25;1;3737,91;0,1;2915,57;Boleto;Online;3364,12;2915,57;448,55;0,1333
100624;2025-05-28;C1057;1;14;3;574,45;0,1;367,65;PIX;Marketplace;1551,02;1102,95;448,07;0,2889
100625;2026-05-15;C0124;3;24;1;29,03;0,05;13,06;PIX;Marketplace;27,58;13,06;14,52;0,5265
100626;2026-06-05;C0422;13;13;1;379,99;0,0;220,39;Cartão de crédito;Marketplace;379,99;220,39;159,6;0,42
100627;2026-02-15;C2419;3;17;1;69,67;0,05;31,35;Boleto;Online;66,19;31,35;34,84;0,5264
100628;2025-08-02;C2421;4;10;1;2460,41;0,05;1722,29;Cartão de débito;Online;2337,39;1722,29;615,1;0,2632
100629;2026-05-14;C0469;15;27;2;2851,63;0,05;2224,27;Boleto;Online;5418,1;4448,54;969,56;0,1789
100630;2026-02-20;C0286;9;27;2;449,04;0,05;282,9;Boleto;Marketplace;853,18;565,8;287,38;0,3368
100631;2025-03-04;C0371;8;4;1;110,56;0,05;60,81;Cartão de crédito;Online;105,03;60,81;44,22;0,421
100632;2026-04-09;C2177;13;23;1;338,54;0,05;196,35;PIX;Marketplace;321,61;196,35;125,26;0,3895
100633;2026-03-22;C1411;9;9;5;399,71;0,1;251,82;Boleto;Online;1798,7;1259,1;539,6;0,3
100634;2025-03-05;C1513;9;13;3;584,59;0,0;368,29;PIX;Online;1753,77;1104,87;648,9;0,37
100635;2025-02-01;C0964;9;21;1;403,28;0,1;254,07;Boleto;Marketplace;362,95;254,07;108,88;0,3
100636;2026-03-22;C2233;16;13;1;186,71;0,0;102,69;Boleto;Marketplace;186,71;102,69;84,02;0,45
100637;2025-06-07;C1182;10;19;5;294,42;0,0;153,1;Cartão de crédito;Online;1472,1;765,5;706,6;0,48
100638;2026-03-24;C0557;8;25;1;221,29;0,05;121,71;Boleto;Online;210,23;121,71;88,52;0,4211
100639;2026-06-06;C1738;3;24;2;56,0;0,05;25,2;Boleto;Online;106,4;50,4;56,0;0,5263
100640;2025-08-31;C2056;8;11;1;283,84;0,05;156,11;Cartão de crédito;Marketplace;269,65;156,11;113,54;0,4211
100641;2025-04-26;C2377;11;1;1;1504,8;0,0;1023,26;PIX;Marketplace;1504,8;1023,26;481,54;0,32
100642;2025-03-22;C2144;6;1;3;67,69;0,05;33,84;Cartão de crédito;Marketplace;192,92;101,52;91,4;0,4738
100643;2025-12-18;C2192;12;17;2;1543,96;0,05;1049,89;PIX;Marketplace;2933,52;2099,78;833,74;0,2842
100644;2025-10-29;C1185;11;6;1;1512,08;0,05;1028,21;PIX;Online;1436,48;1028,21;408,27;0,2842
100645;2025-06-23;C2347;8;7;1;297,88;0,1;163,83;Cartão de crédito;Marketplace;268,09;163,83;104,26;0,3889
100646;2025-03-26;C0520;8;18;1;267,32;0,0;147,03;PIX;Marketplace;267,32;147,03;120,29;0,45
100647;2025-01-15;C0457;2;14;2;1387,66;0,1;929,73;Boleto;Marketplace;2497,79;1859,46;638,33;0,2556
100648;2025-09-25;C0968;7;10;1;749,53;0,15;464,71;Cartão de crédito;Online;637,1;464,71;172,39;0,2706
100649;2026-05-23;C1692;13;3;2;179,94;0,05;104,37;Cartão de débito;Online;341,89;208,74;133,15;0,3895
100650;2025-02-25;C1083;11;20;2;585,59;0,0;398,2;Boleto;Marketplace;1171,18;796,4;374,78;0,32
100651;2026-06-30;C0958;8;18;1;235,23;0,05;129,38;Boleto;Online;223,47;129,38;94,09;0,421
100652;2026-04-05;C1565;9;11;2;581,65;0,1;366,44;Cartão de crédito;Marketplace;1046,97;732,88;314,09;0,3
100653;2025-10-07;C1373;10;12;1;336,74;0,0;175,1;Boleto;Marketplace;336,74;175,1;161,64;0,48
100654;2025-07-19;C2130;1;13;1;783,19;0,0;501,24;Cartão de crédito;Online;783,19;501,24;281,95;0,36
100655;2025-01-13;C1685;15;5;1;1415,63;0,05;1104,19;PIX;Marketplace;1344,85;1104,19;240,66;0,1789
100656;2025-02-04;C0098;5;27;2;256,88;0,05;166,97;Cartão de débito;Online;488,07;333,94;154,13;0,3158
100657;2025-03-30;C2477;17;12;1;559,48;0,15;335,69;Cartão de débito;Online;475,56;335,69;139,87;0,2941
100658;2025-09-17;C1207;7;16;1;852,14;0,1;528,33;Não informado;Marketplace;766,93;528,33;238,6;0,3111
100659;2025-06-15;C0304;2;11;1;327,98;0,05;219,75;PIX;Marketplace;311,58;219,75;91,83;0,2947
100660;2026-03-28;C0285;7;24;1;846,44;0,1;524,79;Boleto;Online;761,8;524,79;237,01;0,3111
100661;2026-03-18;C0895;13;16;2;124,62;0,05;72,28;Cartão de crédito;Online;236,78;144,56;92,22;0,3895
100662;2025-03-14;C2341;15;17;2;4108,95;0,0;3204,98;Cartão de débito;Online;8217,9;6409,96;1807,94;0,22
100663;2026-02-04;C1092;12;26;1;1293,7;0,05;879,72;Boleto;Marketplace;1229,01;879,72;349,29;0,2842
100664;2026-02-18;C0288;10;27;1;81,06;0,2;42,15;Boleto;Online;64,85;42,15;22,7;0,35
100665;2025-12-08;C1241;11;19;1;1411,64;0,2;959,92;PIX;Marketplace;1129,31;959,92;169,39;0,15
100666;2026-04-16;C1188;15;20;2;1706,47;0,0;1331,05;Cartão de débito;Marketplace;3412,94;2662,1;750,84;0,22
100667;2025-04-20;C1472;16;23;1;542,61;0,05;298,44;Cartão de débito;Online;515,48;298,44;217,04;0,421
100668;2025-01-26;C2429;5;3;1;588,77;0,1;382,7;PIX;Marketplace;529,89;382,7;147,19;0,2778
100669;2025-01-17;C0152;3;20;1;47,02;0,1;21,16;Cartão de crédito;Online;42,32;21,16;21,16;0,5
100670;2026-04-15;C2198;6;11;1;165,87;0,15;82,94;Cartão de débito;Marketplace;140,99;82,94;58,05;0,4117
100671;2026-04-28;C0188;14;3;1;4770,75;0,0;3434,94;Cartão de crédito;Marketplace;4770,75;3434,94;1335,81;0,28
100672;2026-04-13;C0700;17;8;3;144,77;0,1;86,86;Boleto;Online;390,88;260,58;130,3;0,3334
100673;2025-07-27;C1746;15;20;1;4343,58;0,1;3387,99;PIX;Online;3909,22;3387,99;521,23;0,1333
100674;2025-11-26;C0874;13;8;2;329,1;0,0;190,88;PIX;Online;658,2;381,76;276,44;0,42
100675;2025-06-22;C1516;10;11;2;220,37;0,15;114,59;Cartão de débito;Online;374,63;229,18;145,45;0,3882
100676;2025-06-11;C0065;16;19;3;140,36;0,0;77,2;PIX;Marketplace;421,08;231,6;189,48;0,45
100677;2025-05-10;C0845;8;5;1;139,61;0,05;76,79;Cartão de débito;Online;132,63;76,79;55,84;0,421
100678;2026-05-27;C0361;7;26;2;736,94;0,0;456,9;Cartão de débito;Online;1473,88;913,8;560,08;0,38
100679;2026-06-27;C0392;17;9;2;703,91;0,2;422,35;Cartão de débito;Marketplace;1126,26;844,7;281,56;0,25
100680;2025-10-11;C0218;5;17;1;996,61;0,1;647,8;Boleto;Online;896,95;647,8;249,15;0,2778
100681;2025-02-14;C0222;7;10;2;363,8;0,05;225,56;Boleto;Online;691,22;451,12;240,1;0,3474
100682;2025-02-23;C2202;17;8;1;649,84;0,05;389,9;Cartão de crédito;Online;617,35;389,9;227,45;0,3684
100683;2025-11-30;C1717;3;4;1;74,15;0,0;33,37;Cartão de crédito;Marketplace;74,15;33,37;40,78;0,55
100684;2025-04-11;C0972;1;5;2;908,92;0,05;581,71;Cartão de crédito;Marketplace;1726,95;1163,42;563,53;0,3263
100685;2025-02-25;C1786;8;20;1;284,14;0,05;156,28;PIX;Online;269,93;156,28;113,65;0,421
100686;2025-07-18;C1469;3;21;4;36,18;0,0;16,28;Cartão de crédito;Marketplace;144,72;65,12;79,6;0,55
100687;2025-04-24;C1907;13;6;1;151,9;0,0;88,1;Cartão de débito;Online;151,9;88,1;63,8;0,42
100688;2025-03-30;C1687;1;12;3;642,45;0,2;411,17;Boleto;Marketplace;1541,88;1233,51;308,37;0,2
100689;2025-01-15;C1754;2;12;2;558,32;0,0;374,07;Cartão de débito;Online;1116,64;748,14;368,5;0,33
100690;2026-03-04;C0182;14;11;1;4147,28;0,1;2986,04;Boleto;Marketplace;3732,55;2986,04;746,51;0,2
100691;2025-04-11;C1854;8;21;1;98,28;0,1;54,05;Boleto;Online;88,45;54,05;34,4;0,3889
100692;2026-01-03;C1212;13;14;1;499,56;0,0;289,74;PIX;Online;499,56;289,74;209,82;0,42
100693;2025-01-25;C1864;3;24;1;31,09;0,1;13,99;PIX;Marketplace;27,98;13,99;13,99;0,5
100694;2025-03-14;C1577;14;2;3;3665,17;0,0;2638,92;PIX;Online;10995,51;7916,76;3078,75;0,28
100695;2025-12-10;C0225;15;11;1;4640,02;0,05;3619,22;Cartão de crédito;Marketplace;4408,02;3619,22;788,8;0,1789
100696;2026-04-22;C0168;11;19;1;680,43;0,05;462,69;Cartão de débito;Online;646,41;462,69;183,72;0,2842
100697;2025-09-02;C2211;4;12;1;1456,99;0,15;1019,89;Cartão de débito;Online;1238,44;1019,89;218,55;0,1765
100698;2025-12-28;C1096;4;15;1;1345,86;0,0;942,1;PIX;Marketplace;1345,86;942,1;403,76;0,3
100699;2026-05-29;C2158;8;27;3;183,44;0,05;100,89;PIX;Marketplace;522,8;302,67;220,13;0,4211
100700;2025-03-09;C0772;11;24;3;1132,6;0,0;770,17;PIX;Online;3397,8;2310,51;1087,29;0,32
100701;2025-06-18;C1131;17;23;1;203,57;0,0;122,14;Cartão de crédito;Marketplace;203,57;122,14;81,43;0,4
100702;2025-05-16;C1942;10;6;1;222,04;0,1;115,46;Não informado;Online;199,84;115,46;84,38;0,4222
100703;2025-08-26;C2129;14;3;2;3940,92;0,0;2837,46;PIX;Marketplace;7881,84;5674,92;2206,92;0,28
100704;2026-04-01;C1876;6;24;1;76,39;0,1;38,2;PIX;Online;68,75;38,2;30,55;0,4444
100705;2026-01-16;C1181;8;25;2;90,41;0,05;49,73;Cartão de débito;Online;171,78;99,46;72,32;0,421
100706;2025-07-06;C0719;9;18;3;452,57;0,1;285,12;Cartão de débito;Online;1221,94;855,36;366,58;0,3
100707;2025-02-12;C1297;17;23;2;408,62;0,05;245,17;Cartão de crédito;Marketplace;776,38;490,34;286,04;0,3684
100708;2025-06-01;C1528;11;8;1;1960,75;0,05;1333,31;Cartão de crédito;Marketplace;1862,71;1333,31;529,4;0,2842
100709;2025-05-29;C1877;8;13;4;114,33;0,2;62,88;PIX;Marketplace;365,86;251,52;114,34;0,3125
100710;2025-10-24;C2350;8;25;2;255,91;0,1;140,75;PIX;Online;460,64;281,5;179,14;0,3889
100711;2025-02-11;C0572;8;7;2;105,71;0,0;58,14;Cartão de débito;Marketplace;211,42;116,28;95,14;0,45
100712;2025-04-05;C1337;11;5;1;1426,1;0,05;969,75;PIX;Online;1354,79;969,75;385,04;0,2842
100713;2025-03-27;C2206;14;9;3;4869,72;0,2;3506,2;Boleto;Online;11687,33;10518,6;1168,73;0,1
100714;2025-11-22;C2471;8;15;2;287,55;0,15;158,15;Boleto;Online;488,84;316,3;172,54;0,353
100715;2026-01-14;C1582;10;25;1;171,09;0,05;88,97;Cartão de crédito;Online;162,54;88,97;73,57;0,4526
100716;2026-03-02;C1813;3;2;1;84,45;0,2;38,0;Não informado;Online;67,56;38,0;29,56;0,4375
100717;2025-05-28;C0852;15;10;1;4953,53;0,05;3863,75;Cartão de crédito;Marketplace;4705,85;3863,75;842,1;0,1789
100718;2025-01-07;C1678;15;25;2;2093,32;0,0;1632,79;Cartão de débito;Online;4186,64;3265,58;921,06;0,22
100719;2026-01-26;C1186;7;27;2;181,67;0,1;112,64;PIX;Marketplace;327,01;225,28;101,73;0,3111
100720;2025-08-18;C0110;3;3;2;32,32;0,0;14,54;Boleto;Online;64,64;29,08;35,56;0,5501
100721;2026-03-04;C0735;9;8;1;450,16;0,0;283,6;PIX;Marketplace;450,16;283,6;166,56;0,37
100722;2026-01-06;C2381;15;14;1;2744,27;0,0;2140,53;Boleto;Online;2744,27;2140,53;603,74;0,22
100723;2026-06-09;C2357;11;18;1;815,26;0,05;554,38;PIX;Marketplace;774,5;554,38;220,12;0,2842
100724;2026-01-01;C0669;13;15;1;231,69;0,1;134,38;Cartão de crédito;Marketplace;208,52;134,38;74,14;0,3556
100725;2026-06-27;C0315;9;8;1;487,89;0,0;307,37;Cartão de débito;Marketplace;487,89;307,37;180,52;0,37
100726;2025-11-05;C1112;4;12;2;1876,69;0,0;1313,68;PIX;Online;3753,38;2627,36;1126,02;0,3
100727;2025-05-21;C2123;14;24;1;5225,83;0,05;3762,6;Cartão de crédito;Online;4964,54;3762,6;1201,94;0,2421
100728;2026-05-31;C0906;13;21;3;413,94;0,05;240,09;Cartão de crédito;Marketplace;1179,73;720,27;459,46;0,3895
100729;2025-03-20;C0478;3;6;3;93,87;0,05;42,24;PIX;Online;267,53;126,72;140,81;0,5263
100730;2026-06-20;C1402;3;8;1;44,37;0,1;19,97;Cartão de débito;Online;39,93;19,97;19,96;0,4999
100731;2025-08-21;C1260;13;21;1;134,69;0,0;78,12;Cartão de crédito;Online;134,69;78,12;56,57;0,42
100732;2026-05-11;C1767;14;9;1;2877,36;0,1;2071,7;Cartão de crédito;Marketplace;2589,62;2071,7;517,92;0,2
100733;2025-09-17;C0178;17;22;1;567,31;0,1;340,39;Cartão de crédito;Online;510,58;340,39;170,19;0,3333
100734;2025-07-09;C1440;5;16;1;345,56;0,1;224,61;PIX;Marketplace;311,0;224,61;86,39;0,2778
100735;2026-05-28;C0991;7;4;1;201,25;0,1;124,78;Cartão de crédito;Online;181,12;124,78;56,34;0,3111
100736;2025-10-16;C0704;5;8;3;737,13;0,2;479,13;Cartão de débito;Marketplace;1769,11;1437,39;331,72;0,1875
100737;2025-07-09;C1801;11;20;2;571,72;0,1;388,77;Boleto;Online;1029,1;777,54;251,56;0,2444
100738;2025-08-22;C1670;6;8;1;246,92;0,0;123,46;Cartão de débito;Marketplace;246,92;123,46;123,46;0,5
100739;2025-10-23;C2283;11;20;2;531,6;0,05;361,49;PIX;Marketplace;1010,04;722,98;287,06;0,2842
100740;2026-03-31;C0926;9;23;2;259,48;0,15;163,47;Cartão de crédito;Marketplace;441,12;326,94;114,18;0,2588
100741;2025-07-03;C0053;11;25;5;1186,64;0,0;806,92;Cartão de crédito;Online;5933,2;4034,6;1898,6;0,32
100742;2026-02-09;C1641;13;24;2;490,58;0,1;284,54;Cartão de crédito;Marketplace;883,04;569,08;313,96;0,3555
100743;2025-12-13;C0821;5;27;2;1190,66;0,0;773,93;Boleto;Marketplace;2381,32;1547,86;833,46;0,35
100744;2025-10-07;C1640;2;17;1;1083,35;0,2;725,84;PIX;Online;866,68;725,84;140,84;0,1625
100745;2025-04-21;C0501;3;18;1;59,78;0,1;26,9;Cartão de crédito;Online;53,8;26,9;26,9;0,5
100746;2025-03-11;C2041;12;14;2;2449,73;0,05;1665,82;PIX;Online;4654,49;3331,64;1322,85;0,2842
100747;2025-04-09;C0314;9;25;2;369,58;0,05;232,84;Cartão de débito;Marketplace;702,2;465,68;236,52;0,3368
100748;2026-05-18;C2068;8;13;1;155,6;0,15;85,58;Cartão de crédito;Online;132,26;85,58;46,68;0,3529
100749;2025-05-02;C1572;10;11;1;352,92;0,05;183,52;Cartão de crédito;Online;335,27;183,52;151,75;0,4526
100750;2025-06-18;C2014;9;4;1;269,98;0,05;170,09;Cartão de crédito;Marketplace;256,48;170,09;86,39;0,3368
100751;2026-05-03;C2303;8;17;3;191,47;0,05;105,31;Boleto;Marketplace;545,69;315,93;229,76;0,421
100752;2025-11-25;C0252;9;15;1;141,66;0,1;89,25;Cartão de crédito;Marketplace;127,49;89,25;38,24;0,2999
100753;2025-04-10;C1754;16;14;1;278,68;0,05;153,27;Cartão de débito;Online;264,75;153,27;111,48;0,4211
100754;2025-11-16;C2428;1;8;1;781,59;0,15;500,22;PIX;Online;664,35;500,22;164,13;0,2471
100755;2025-11-30;C0154;14;2;1;5521,79;0,05;3975,69;PIX;Online;5245,7;3975,69;1270,01;0,2421
100756;2025-01-23;C1297;8;22;1;165,87;0,05;91,23;Boleto;Online;157,58;91,23;66,35;0,4211
100757;2025-12-11;C2035;5;7;1;964,9;0,0;627,19;PIX;Marketplace;964,9;627,19;337,71;0,35
100758;2025-07-26;C2036;10;13;2;391,71;0,0;203,69;Cartão de débito;Marketplace;783,42;407,38;376,04;0,48
100759;2025-02-18;C1218;2;1;5;752,53;0,0;504,2;Cartão de crédito;Online;3762,65;2521,0;1241,65;0,33
100760;2025-10-07;C0276;4;15;2;1562,13;0,05;1093,49;Cartão de crédito;Marketplace;2968,05;2186,98;781,07;0,2632
100761;2025-11-04;C1774;6;16;2;112,67;0,05;56,34;Boleto;Online;214,07;112,68;101,39;0,4736
100762;2026-06-13;C0765;14;1;2;3245,33;0,2;2336,64;Boleto;Marketplace;5192,53;4673,28;519,25;0,1
100763;2025-03-03;C2140;10;1;1;228,0;0,0;118,56;PIX;Marketplace;228,0;118,56;109,44;0,48
100764;2025-11-23;C0264;10;6;2;350,71;0,0;182,37;Cartão de débito;Marketplace;701,42;364,74;336,68;0,48
100765;2026-02-20;C0977;1;27;1;434,34;0,0;277,98;PIX;Marketplace;434,34;277,98;156,36;0,36
100766;2026-03-23;C1729;8;18;2;88,14;0,0;48,48;Cartão de crédito;Marketplace;176,28;96,96;79,32;0,45
100767;2025-06-30;C0173;2;19;4;857,3;0,0;574,39;PIX;Marketplace;3429,2;2297,56;1131,64;0,33
100768;2026-02-21;C1489;15;27;2;4542,88;0,05;3543,45;Cartão de débito;Online;8631,47;7086,9;1544,57;0,1789
100769;2026-05-28;C0495;17;9;1;680,29;0,15;408,17;PIX;Marketplace;578,25;408,17;170,08;0,2941
100770;2025-09-01;C2457;15;12;1;4226,75;0,0;3296,87;Boleto;Online;4226,75;3296,87;929,88;0,22
100771;2025-08-12;C0591;10;2;1;148,51;0,0;77,23;PIX;Online;148,51;77,23;71,28;0,48
100772;2026-01-19;C0463;8;16;1;173,23;0,1;95,28;Cartão de débito;Marketplace;155,91;95,28;60,63;0,3889
100773;2026-01-12;C1263;8;27;1;292,7;0,1;160,99;Cartão de crédito;Online;263,43;160,99;102,44;0,3889
100774;2026-01-29;C1267;2;14;2;1125,77;0,15;754,27;Cartão de crédito;Online;1913,81;1508,54;405,27;0,2118
100775;2026-02-02;C0033;3;16;3;51,44;0,2;23,15;PIX;Online;123,46;69,45;54,01;0,4375
100776;2025-11-01;C0862;1;10;3;412,16;0,05;263,78;Boleto;Online;1174,66;791,34;383,32;0,3263
100777;2025-03-24;C2014;2;21;1;766,2;0,1;513,35;Boleto;Online;689,58;513,35;176,23;0,2556
100778;2025-09-25;C2074;7;13;1;465,65;0,1;288,7;PIX;Marketplace;419,08;288,7;130,38;0,3111
100779;2025-02-23;C0753;14;20;2;5268,57;0,0;3793,37;Cartão de débito;Marketplace;10537,14;7586,74;2950,4;0,28
100780;2025-03-26;C0454;4;27;1;1532,73;0,2;1072,91;Cartão de débito;Marketplace;1226,18;1072,91;153,27;0,125
100781;2026-04-08;C1960;4;12;3;767,02;0,0;536,91;PIX;Marketplace;2301,06;1610,73;690,33;0,3
100782;2025-03-28;C1698;5;27;1;593,49;0,05;385,77;Cartão de débito;Online;563,82;385,77;178,05;0,3158
100783;2025-08-23;C0365;14;24;4;3193,93;0,1;2299,63;Cartão de crédito;Marketplace;11498,15;9198,52;2299,63;0,2
100784;2025-09-24;C0612;10;8;1;197,73;0,15;102,82;Cartão de crédito;Marketplace;168,07;102,82;65,25;0,3882
100785;2026-05-22;C0486;3;27;1;36,25;0,15;16,31;PIX;Marketplace;30,81;16,31;14,5;0,4706
100786;2026-01-27;C0534;8;27;1;125,45;0,0;69,0;PIX;Online;125,45;69,0;56,45;0,45
100787;2025-07-04;C1674;10;5;2;89,21;0,2;46,39;Boleto;Online;142,74;92,78;49,96;0,35
100788;2026-04-15;C0352;11;21;1;613,13;0,0;416,93;Boleto;Online;613,13;416,93;196,2;0,32
100789;2026-03-10;C2447;16;10;1;147,64;0,0;81,2;Cartão de débito;Marketplace;147,64;81,2;66,44;0,45
100790;2025-02-16;C0022;11;20;1;1391,45;0,0;946,19;PIX;Online;1391,45;946,19;445,26;0,32
100791;2025-07-03;C1067;12;25;1;1587,11;0,0;1079,23;Cartão de débito;Online;1587,11;1079,23;507,88;0,32
100792;2026-06-28;C1774;4;18;1;733,68;0,0;513,58;Boleto;Marketplace;733,68;513,58;220,1;0,3
100793;2026-03-17;C1159;11;16;3;821,15;0,1;558,38;PIX;Marketplace;2217,1;1675,14;541,96;0,2444
100794;2025-11-20;C2013;7;14;2;263,45;0,15;163,34;Boleto;Online;447,86;326,68;121,18;0,2706
100795;2025-06-02;C0224;5;21;1;235,86;0,0;153,31;Boleto;Marketplace;235,86;153,31;82,55;0,35
100796;2026-05-22;C0168;17;25;1;792,17;0,05;475,3;Boleto;Online;752,56;475,3;277,26;0,3684
100797;2025-05-07;C1432;13;24;1;444,63;0,0;257,89;PIX;Online;444,63;257,89;186,74;0,42
100798;2026-06-23;C2338;14;17;1;5721,45;0,0;4119,44;Cartão de crédito;Marketplace;5721,45;4119,44;1602,01;0,28
100799;2025-10-19;C0500;14;27;1;4566,18;0,2;3287,65;PIX;Online;3652,94;3287,65;365,29;0,1
100800;2025-03-25;C1886;14;16;3;4808,39;0,05;3462,04;Cartão de crédito;Marketplace;13703,91;10386,12;3317,79;0,2421
100801;2026-04-09;C1331;12;22;4;2499,68;0,15;1699,78;Cartão de débito;Online;8498,91;6799,12;1699,79;0,2
100802;2025-10-17;C1324;12;7;2;2038,84;0,05;1386,41;Boleto;Online;3873,8;2772,82;1100,98;0,2842
100803;2025-09-19;C0730;16;26;1;485,44;0,05;266,99;Cartão de débito;Online;461,17;266,99;194,18;0,4211
100804;2026-02-17;C1168;16;6;2;577,22;0,0;317,47;Boleto;Marketplace;1154,44;634,94;519,5;0,45
100805;2025-05-15;C1471;9;17;2;519,39;0,05;327,22;Boleto;Marketplace;986,84;654,44;332,4;0,3368
100806;2025-10-02;C2307;8;15;2;99,85;0,05;54,92;Cartão de débito;Marketplace;189,71;109,84;79,87;0,421
100807;2025-04-06;C0166;10;3;1;391,45;0,1;203,55;Cartão de débito;Marketplace;352,3;203,55;148,75;0,4222
100808;2026-06-22;C0344;6;17;1;137,47;0,15;68,73;PIX;Online;116,85;68,73;48,12;0,4118
100809;2025-11-04;C1019;13;19;1;204,1;0,0;118,38;Cartão de crédito;Online;204,1;118,38;85,72;0,42
100810;2026-03-12;C1692;6;16;1;182,17;0,05;91,08;PIX;Marketplace;173,06;91,08;81,98;0,4737
100811;2026-05-31;C0067;15;24;1;3646,31;0,0;2844,12;Boleto;Online;3646,31;2844,12;802,19;0,22
100812;2026-03-03;C1220;15;25;1;3896,38;0,1;3039,18;PIX;Marketplace;3506,74;3039,18;467,56;0,1333
100813;2025-08-05;C0759;7;14;1;886,64;0,0;549,72;Cartão de crédito;Marketplace;886,64;549,72;336,92;0,38
100814;2025-01-06;C1618;14;21;1;3101,07;0,05;2232,77;Boleto;Marketplace;2946,02;2232,77;713,25;0,2421
100815;2026-01-05;C1618;9;23;3;162,06;0,0;102,1;Cartão de crédito;Online;486,18;306,3;179,88;0,37
100816;2025-01-28;C0858;5;27;1;345,15;0,0;224,35;Cartão de débito;Online;345,15;224,35;120,8;0,35
100817;2026-04-20;C0607;9;18;1;130,47;0,0;82,2;Boleto;Marketplace;130,47;82,2;48,27;0,37
100818;2025-01-21;C1842;8;27;2;124,29;0,05;68,36;Boleto;Online;236,15;136,72;99,43;0,421
100819;2025-01-09;C0421;4;17;2;1926,19;0,2;1348,33;PIX;Online;3081,9;2696,66;385,24;0,125
100820;2026-02-14;C1992;8;27;1;239,42;0,15;131,68;Boleto;Online;203,51;131,68;71,83;0,353
100821;2026-06-25;C0078;12;3;1;1268,53;0,0;862,6;Boleto;Marketplace;1268,53;862,6;405,93;0,32
100822;2026-05-22;C1421;17;1;1;405,36;0,0;243,22;Cartão de débito;Marketplace;405,36;243,22;162,14;0,4
100823;2026-03-25;C0951;11;7;1;1340,25;0,1;911,37;Boleto;Online;1206,23;911,37;294,86;0,2444
100824;2026-02-04;C1708;9;22;3;443,09;0,1;279,15;Boleto;Online;1196,34;837,45;358,89;0,3
100825;2025-10-17;C0354;5;7;2;329,1;0,0;213,92;Boleto;Online;658,2;427,84;230,36;0,35
100826;2026-05-21;C1244;10;15;1;258,19;0,2;134,26;PIX;Marketplace;206,55;134,26;72,29;0,35
100827;2025-06-28;C2063;7;7;1;197,75;0,05;122,61;Cartão de débito;Online;187,86;122,61;65,25;0,3473
100828;2026-05-14;C1057;1;4;5;849,42;0,1;543,63;PIX;Online;3822,39;2718,15;1104,24;0,2889
100829;2025-04-17;C0207;6;27;4;137,57;0,05;68,78;Cartão de crédito;Online;522,77;275,12;247,65;0,4737
100830;2025-02-12;C2078;17;15;1;540,95;0,15;324,57;Cartão de débito;Marketplace;459,81;324,57;135,24;0,2941
100831;2026-06-03;C2042;3;10;2;27,94;0,1;12,57;Cartão de débito;Online;50,29;25,14;25,15;0,5001
100832;2026-03-26;C1703;5;17;2;206,59;0,1;134,28;PIX;Marketplace;371,86;268,56;103,3;0,2778
100833;2025-06-25;C0350;6;3;1;193,04;0,05;96,52;Cartão de débito;Online;183,39;96,52;86,87;0,4737
100834;2026-03-08;C0935;6;25;1;135,76;0,15;67,88;PIX;Online;115,4;67,88;47,52;0,4118
100835;2025-05-30;C0041;3;10;2;61,39;0,0;27,63;PIX;Marketplace;122,78;55,26;67,52;0,5499
100836;2026-03-21;C0252;7;18;1;177,82;0,15;110,25;Cartão de crédito;Marketplace;151,15;110,25;40,9;0,2706
100837;2026-02-16;C2268;10;15;3;310,9;0,0;161,67;Cartão de crédito;Marketplace;932,7;485,01;447,69;0,48
100838;2025-05-31;C1655;6;22;1;91,03;0,05;45,52;Boleto;Marketplace;86,48;45,52;40,96;0,4736
100839;2025-07-22;C1236;16;1;1;368,72;0,05;202,8;Cartão de débito;Marketplace;350,28;202,8;147,48;0,421
100840;2025-04-06;C2096;5;24;2;721,34;0,1;468,87;Cartão de crédito;Online;1298,41;937,74;360,67;0,2778
100841;2025-09-05;C1245;2;11;2;1483,69;0,0;994,07;PIX;Marketplace;2967,38;1988,14;979,24;0,33
100842;2025-12-29;C0508;6;6;1;180,19;0,0;90,09;Não informado;Marketplace;180,19;90,09;90,1;0,5
100843;2025-08-30;C2383;4;13;2;2288,68;0,1;1602,08;Cartão de débito;Marketplace;4119,62;3204,16;915,46;0,2222
100844;2025-10-19;C2347;9;5;2;462,89;0,05;291,62;Cartão de crédito;Marketplace;879,49;583,24;296,25;0,3368
100845;2025-07-17;C1480;6;2;1;79,31;0,05;39,66;Cartão de crédito;Online;75,34;39,66;35,68;0,4736
100846;2026-03-12;C0533;12;9;1;1503,1;0,05;1022,11;Boleto;Marketplace;1427,94;1022,11;405,83;0,2842
100847;2026-05-26;C1735;2;1;5;1111,27;0,15;744,55;Boleto;Online;4722,9;3722,75;1000,15;0,2118
100848;2026-06-02;C0521;13;9;1;272,24;0,2;157,9;Cartão de crédito;Online;217,79;157,9;59,89;0,275
100849;2026-04-30;C0134;3;8;2;95,53;0,05;42,99;Boleto;Online;181,51;85,98;95,53;0,5263
100850;2026-01-14;C2342;17;6;1;465,94;0,0;279,56;PIX;Marketplace;465,94;279,56;186,38;0,4
100851;2026-05-13;C0115;9;11;2;188,23;0,05;118,58;PIX;Marketplace;357,64;237,16;120,48;0,3369
100852;2025-07-07;C2003;5;11;1;747,54;0,0;485,9;Boleto;Marketplace;747,54;485,9;261,64;0,35
100853;2026-04-09;C1384;9;7;2;348,11;0,1;219,31;Cartão de débito;Online;626,6;438,62;187,98;0,3
100854;2026-04-17;C1843;6;19;2;79,8;0,1;39,9;Boleto;Marketplace;143,64;79,8;63,84;0,4444
100855;2026-02-09;C1389;1;1;1;970,66;0,15;621,22;PIX;Online;825,06;621,22;203,84;0,2471
100856;2025-01-26;C2343;7;3;2;728,7;0,0;451,79;Cartão de crédito;Online;1457,4;903,58;553,82;0,38
100857;2025-02-24;C2336;5;26;1;950,56;0,05;617,86;Cartão de crédito;Online;903,03;617,86;285,17;0,3158
100858;2025-10-09;C0843;14;25;1;4969,66;0,15;3578,16;Cartão de crédito;Marketplace;4224,21;3578,16;646,05;0,1529
100859;2025-02-16;C2014;16;2;3;111,63;0,05;61,4;Cartão de crédito;Marketplace;318,15;184,2;133,95;0,421
100860;2025-09-21;C0373;16;18;1;149,67;0,0;82,32;Cartão de débito;Marketplace;149,67;82,32;67,35;0,45
100861;2025-06-07;C1257;15;10;4;3714,43;0,0;2897,26;Cartão de débito;Online;14857,72;11589,04;3268,68;0,22
100862;2025-11-02;C1598;12;16;1;956,43;0,15;650,37;Boleto;Online;812,97;650,37;162,6;0,2
100863;2025-07-27;C0982;12;4;2;1754,85;0,05;1193,3;Boleto;Online;3334,21;2386,6;947,61;0,2842
100864;2025-03-04;C1304;2;2;1;758,85;0,05;508,43;Cartão de débito;Online;720,91;508,43;212,48;0,2947
100865;2025-04-14;C1009;2;12;2;1064,44;0,0;713,17;Boleto;Marketplace;2128,88;1426,34;702,54;0,33
100866;2026-05-28;C0834;15;24;2;1569,47;0,05;1224,19;Cartão de débito;Marketplace;2981,99;2448,38;533,61;0,1789
100867;2025-02-12;C0005;3;3;3;96,89;0,1;43,6;Cartão de débito;Online;261,6;130,8;130,8;0,5
100868;2026-05-09;C1120;12;15;2;2211,08;0,05;1503,53;Cartão de débito;Marketplace;4201,05;3007,06;1193,99;0,2842
100869;2025-06-15;C2188;12;8;2;1241,15;0,05;843,98;Cartão de débito;Marketplace;2358,18;1687,96;670,22;0,2842
100870;2025-08-04;C2068;10;10;4;181,86;0,1;94,57;PIX;Marketplace;654,7;378,28;276,42;0,4222
100871;2025-09-09;C1318;2;26;1;824,75;0,05;552,58;Cartão de débito;Online;783,51;552,58;230,93;0,2947
100872;2025-01-05;C0040;8;21;2;170,9;0,15;94,0;Boleto;Marketplace;290,53;188,0;102,53;0,3529
100873;2025-03-21;C2207;15;14;1;4328,34;0,1;3376,11;Cartão de crédito;Marketplace;3895,51;3376,11;519,4;0,1333
100874;2026-01-02;C1585;16;26;1;483,98;0,1;266,19;Cartão de crédito;Marketplace;435,58;266,19;169,39;0,3889
100875;2025-07-17;C1821;11;14;1;1589,03;0,1;1080,54;PIX;Online;1430,13;1080,54;349,59;0,2444
100876;2025-11-07;C0906;15;16;1;2975,23;0,05;2320,68;Boleto;Online;2826,47;2320,68;505,79;0,1789
100877;2025-07-20;C1623;14;24;1;3470,72;0,05;2498,92;Cartão de débito;Online;3297,18;2498,92;798,26;0,2421
100878;2025-05-12;C0267;15;9;1;4734,25;0,15;3692,72;PIX;Online;4024,11;3692,72;331,39;0,0824
100879;2026-06-30;C1036;14;2;2;5590,86;0,0;4025,42;Cartão de crédito;Marketplace;11181,72;8050,84;3130,88;0,28
100880;2026-02-21;C1123;10;9;1;245,85;0,05;127,84;Cartão de crédito;Online;233,56;127,84;105,72;0,4526
100881;2025-10-12;C1721;12;10;1;1269,24;0,05;863,08;Cartão de crédito;Online;1205,78;863,08;342,7;0,2842
100882;2026-03-10;C0305;1;19;3;437,81;0,0;280,2;Cartão de crédito;Online;1313,43;840,6;472,83;0,36
100883;2026-03-19;C0099;8;16;2;217,79;0,0;119,78;Cartão de débito;Online;435,58;239,56;196,02;0,45
100884;2025-09-02;C1396;8;5;3;260,76;0,05;143,42;Cartão de crédito;Marketplace;743,17;430,26;312,91;0,421
100885;2026-04-03;C2372;17;20;1;782,17;0,15;469,3;PIX;Online;664,84;469,3;195,54;0,2941
100886;2025-03-05;C1811;13;8;1;336,51;0,05;195,18;Cartão de crédito;Online;319,68;195,18;124,5;0,3895
100887;2026-01-26;C1646;9;7;1;480,94;0,0;302,99;Cartão de crédito;Marketplace;480,94;302,99;177,95;0,37
100888;2026-04-21;C1754;16;14;3;409,62;0,0;225,29;Cartão de crédito;Marketplace;1228,86;675,87;552,99;0,45
100889;2025-12-03;C2408;6;19;1;70,54;0,05;35,27;Cartão de débito;Online;67,01;35,27;31,74;0,4737
100890;2025-09-20;C1456;6;5;1;194,92;0,05;97,46;Cartão de débito;Online;185,17;97,46;87,71;0,4737
100891;2025-05-11;C1277;12;15;2;1623,63;0,1;1104,07;PIX;Online;2922,53;2208,14;714,39;0,2444
100892;2026-04-26;C1265;13;9;2;202,25;0,2;117,3;Cartão de débito;Online;323,6;234,6;89,0;0,275
100893;2026-06-04;C2292;1;23;3;595,44;0,0;381,08;Cartão de débito;Online;1786,32;1143,24;643,08;0,36
100894;2025-07-13;C1949;4;10;2;2463,85;0,05;1724,69;PIX;Marketplace;4681,31;3449,38;1231,93;0,2632
100895;2025-12-03;C0665;10;17;1;360,35;0,15;187,38;Cartão de débito;Online;306,3;187,38;118,92;0,3882
100896;2025-08-24;C1911;1;27;2;467,31;0,1;299,08;PIX;Marketplace;841,16;598,16;243,0;0,2889
100897;2026-02-14;C0755;5;15;3;206,73;0,0;134,37;Cartão de crédito;Online;620,19;403,11;217,08;0,35
100898;2025-10-25;C1804;13;11;1;325,99;0,1;189,07;Cartão de crédito;Online;293,39;189,07;104,32;0,3556
100899;2025-10-18;C0714;5;13;1;462,0;0,0;300,3;Cartão de débito;Online;462,0;300,3;161,7;0,35
100900;2025-01-23;C0722;5;14;3;1110,65;0,0;721,92;Cartão de débito;Marketplace;3331,95;2165,76;1166,19;0,35
100901;2025-12-13;C0862;17;14;1;268,1;0,1;160,86;Cartão de débito;Marketplace;241,29;160,86;80,43;0,3333
100902;2025-05-02;C0592;15;13;3;1523,18;0,0;1188,08;Boleto;Marketplace;4569,54;3564,24;1005,3;0,22
100903;2026-03-16;C1002;4;13;4;2026,16;0,05;1418,31;PIX;Online;7699,41;5673,24;2026,17;0,2632
100904;2025-09-11;C0219;4;9;2;1060,15;0,0;742,11;Boleto;Online;2120,3;1484,22;636,08;0,3
100905;2026-04-27;C0266;15;4;1;2552,46;0,15;1990,92;PIX;Marketplace;2169,59;1990,92;178,67;0,0824
100906;2026-04-21;C0734;6;21;1;124,78;0,1;62,39;Boleto;Marketplace;112,3;62,39;49,91;0,4444
100907;2026-02-15;C2392;2;25;2;509,0;0,15;341,03;Cartão de débito;Marketplace;865,3;682,06;183,24;0,2118
100908;2025-11-10;C1741;5;15;3;771,37;0,15;501,39;PIX;Online;1966,99;1504,17;462,82;0,2353
100909;2025-03-28;C1209;13;25;1;227,66;0,05;132,04;PIX;Marketplace;216,28;132,04;84,24;0,3895
100910;2026-04-24;C1772;3;20;1;84,36;0,0;37,96;Cartão de crédito;Online;84,36;37,96;46,4;0,55
100911;2025-08-28;C1088;3;27;2;48,73;0,0;21,93;Cartão de crédito;Marketplace;97,46;43,86;53,6;0,55
100912;2025-04-11;C0486;1;23;1;326,8;0,0;209,15;PIX;Marketplace;326,8;209,15;117,65;0,36
100913;2025-10-09;C0781;9;4;2;599,04;0,2;377,4;PIX;Online;958,46;754,8;203,66;0,2125
100914;2025-10-16;C1420;9;12;2;313,83;0,05;197,71;Cartão de crédito;Marketplace;596,28;395,42;200,86;0,3369
100915;2025-06-02;C1629;6;5;1;194,67;0,0;97,33;Boleto;Marketplace;194,67;97,33;97,34;0,5
100916;2025-03-29;C1283;4;2;3;1357,59;0,15;950,31;Cartão de débito;Marketplace;3461,85;2850,93;610,92;0,1765
100917;2025-01-31;C1535;3;1;1;89,9;0,0;40,46;Cartão de crédito;Marketplace;89,9;40,46;49,44;0,5499
100918;2025-12-14;C0924;11;4;1;1497,22;0,05;1018,11;PIX;Marketplace;1422,36;1018,11;404,25;0,2842
100919;2025-02-02;C0570;14;3;1;5834,23;0,0;4200,65;Boleto;Marketplace;5834,23;4200,65;1633,58;0,28
100920;2026-02-05;C0261;5;12;1;388,34;0,0;252,42;Boleto;Marketplace;388,34;252,42;135,92;0,35
100921;2025-06-25;C0428;15;7;2;1710,54;0,1;1334,22;Boleto;Online;3078,97;2668,44;410,53;0,1333
100922;2025-07-23;C0285;7;6;3;439,42;0,0;272,44;Cartão de crédito;Marketplace;1318,26;817,32;500,94;0,38
100923;2026-01-13;C2124;12;20;1;1288,19;0,15;875,97;Cartão de débito;Online;1094,96;875,97;218,99;0,2
100924;2026-03-05;C1959;13;23;2;243,38;0,15;141,16;Cartão de débito;Online;413,75;282,32;131,43;0,3177
100925;2026-03-19;C1945;9;23;1;396,04;0,0;249,51;Boleto;Marketplace;396,04;249,51;146,53;0,37
100926;2025-01-08;C0585;5;5;1;1024,58;0,1;665,98;PIX;Marketplace;922,12;665,98;256,14;0,2778
100927;2026-04-19;C2360;3;25;1;27,29;0,1;12,28;PIX;Marketplace;24,56;12,28;12,28;0,5
100928;2025-06-29;C1701;16;25;1;549,98;0,1;302,49;Boleto;Online;494,98;302,49;192,49;0,3889
100929;2026-02-07;C0179;17;3;1;709,38;0,0;425,63;PIX;Online;709,38;425,63;283,75;0,4
100930;2026-05-21;C1685;5;19;5;752,82;0,2;489,33;Cartão de crédito;Marketplace;3011,28;2446,65;564,63;0,1875
100931;2026-04-07;C0676;10;19;1;241,94;0,05;125,81;Boleto;Marketplace;229,84;125,81;104,03;0,4526
100932;2026-02-13;C0797;4;18;1;521,47;0,0;365,03;PIX;Marketplace;521,47;365,03;156,44;0,3
100933;2026-04-18;C0280;8;25;1;224,54;0,1;123,5;Cartão de débito;Marketplace;202,09;123,5;78,59;0,3889
100934;2025-06-15;C0699;2;8;3;1008,74;0,0;675,86;Boleto;Online;3026,22;2027,58;998,64;0,33
100935;2025-01-12;C1120;15;11;1;2432,35;0,0;1897,23;Cartão de débito;Marketplace;2432,35;1897,23;535,12;0,22
100936;2026-06-20;C0422;12;26;1;1254,98;0,0;853,39;Cartão de crédito;Marketplace;1254,98;853,39;401,59;0,32
100937;2025-09-13;C1535;5;26;3;399,99;0,0;259,99;Cartão de crédito;Marketplace;1199,97;779,97;420,0;0,35
100938;2025-03-06;C0904;5;14;4;296,6;0,1;192,79;Cartão de débito;Online;1067,76;771,16;296,6;0,2778
100939;2026-03-02;C2100;12;23;1;1288,85;0,05;876,42;Cartão de débito;Marketplace;1224,41;876,42;347,99;0,2842
100940;2025-05-04;C0952;10;20;1;194,1;0,0;100,93;PIX;Online;194,1;100,93;93,17;0,48
100941;2025-08-06;C1880;16;7;1;428,98;0,0;235,94;PIX;Online;428,98;235,94;193,04;0,45
100942;2025-08-12;C1684;15;8;1;3395,48;0,2;2648,47;Cartão de débito;Marketplace;2716,38;2648,47;67,91;0,025
100943;2025-11-29;C1592;17;10;2;780,66;0,1;468,4;Cartão de débito;Marketplace;1405,19;936,8;468,39;0,3333
100944;2025-03-11;C1373;8;9;1;280,66;0,05;154,36;Cartão de débito;Online;266,63;154,36;112,27;0,4211
100945;2025-01-22;C0509;1;7;1;816,54;0,1;522,59;Cartão de crédito;Online;734,89;522,59;212,3;0,2889
100946;2026-01-19;C2043;13;11;1;143,7;0,0;83,35;Cartão de débito;Marketplace;143,7;83,35;60,35;0,42
100947;2025-05-18;C1140;4;22;1;2073,94;0,0;1451,76;Boleto;Marketplace;2073,94;1451,76;622,18;0,3
100948;2025-08-23;C1357;14;14;1;3220,36;0,0;2318,66;Cartão de débito;Online;3220,36;2318,66;901,7;0,28
100949;2026-06-18;C1318;16;17;1;414,89;0,0;228,19;Cartão de crédito;Online;414,89;228,19;186,7;0,45
100950;2025-05-25;C0837;12;22;1;1012,62;0,05;688,58;Cartão de débito;Online;961,99;688,58;273,41;0,2842
100951;2025-03-22;C1746;6;5;2;112,29;0,1;56,15;Boleto;Online;202,12;112,3;89,82;0,4444
100952;2025-11-07;C1169;1;22;2;977,41;0,0;625,54;Boleto;Online;1954,82;1251,08;703,74;0,36
100953;2026-02-12;C1548;11;1;1;1106,2;0,05;752,22;Boleto;Online;1050,89;752,22;298,67;0,2842
100954;2025-01-21;C1563;8;6;1;98,31;0,15;54,07;Cartão de débito;Online;83,56;54,07;29,49;0,3529
100955;2026-01-25;C1900;2;17;1;604,03;0,05;404,7;Cartão de crédito;Marketplace;573,83;404,7;169,13;0,2947
100956;2026-04-26;C0802;13;9;1;159,64;0,0;92,59;PIX;Marketplace;159,64;92,59;67,05;0,42
100957;2026-03-02;C1617;16;3;4;286,57;0,05;157,61;Cartão de crédito;Marketplace;1088,97;630,44;458,53;0,4211
100958;2025-05-08;C1577;12;16;4;992,25;0,1;674,73;PIX;Marketplace;3572,1;2698,92;873,18;0,2444
100959;2025-03-01;C1579;11;11;4;1577,06;0,0;1072,4;PIX;Online;6308,24;4289,6;2018,64;0,32
100960;2025-09-25;C2480;13;7;1;366,05;0,0;212,31;Cartão de débito;Online;366,05;212,31;153,74;0,42
100961;2025-04-05;C1575;17;9;1;510,31;0,15;306,19;Cartão de débito;Marketplace;433,76;306,19;127,57;0,2941
100962;2026-03-14;C1036;7;20;2;525,49;0,05;325,8;PIX;Marketplace;998,43;651,6;346,83;0,3474
100963;2025-04-22;C2346;15;1;2;2377,57;0,0;1854,5;Cartão de débito;Marketplace;4755,14;3709,0;1046,14;0,22
100964;2025-01-07;C0690;9;21;3;120,76;0,0;76,08;Boleto;Marketplace;362,28;228,24;134,04;0,37
100965;2026-03-18;C0699;9;17;1;209,47;0,0;131,97;Cartão de débito;Online;209,47;131,97;77,5;0,37
100966;2025-08-06;C0761;3;23;1;79,99;0,1;36,0;PIX;Marketplace;71,99;36,0;35,99;0,4999
100967;2025-04-22;C0681;3;19;1;26,86;0,0;12,09;PIX;Online;26,86;12,09;14,77;0,5499
100968;2026-05-05;C1988;1;4;2;370,57;0,0;237,16;Cartão de crédito;Online;741,14;474,32;266,82;0,36
100969;2025-08-05;C2140;17;4;2;362,97;0,05;217,78;PIX;Marketplace;689,64;435,56;254,08;0,3684
100970;2025-12-12;C2476;8;10;1;161,57;0,15;88,86;Cartão de débito;Marketplace;137,33;88,86;48,47;0,3529
100971;2026-01-23;C0235;16;26;4;536,54;0,1;295,1;Boleto;Marketplace;1931,54;1180,4;751,14;0,3889
100972;2025-01-27;C2466;13;4;1;302,86;0,2;175,66;Cartão de débito;Marketplace;242,29;175,66;66,63;0,275
100973;2026-05-02;C2110;3;27;1;35,03;0,2;15,76;PIX;Online;28,02;15,76;12,26;0,4375
100974;2025-02-16;C1334;11;1;2;773,69;0,05;526,11;Cartão de crédito;Marketplace;1470,01;1052,22;417,79;0,2842
100975;2026-05-03;C0412;10;18;2;174,04;0,0;90,5;Cartão de crédito;Online;348,08;181,0;167,08;0,48
100976;2025-03-31;C1235;8;25;3;299,19;0,2;164,55;Cartão de débito;Marketplace;718,06;493,65;224,41;0,3125
100977;2026-05-09;C2215;17;14;1;248,15;0,1;148,89;Cartão de crédito;Online;223,34;148,89;74,45;0,3333
100978;2025-01-30;C0657;10;16;4;184,48;0,05;95,93;Cartão de débito;Marketplace;701,02;383,72;317,3;0,4526
100979;2025-05-07;C0557;8;22;4;219,38;0,05;120,66;PIX;Online;833,64;482,64;351,0;0,421
100980;2025-12-18;C1545;15;3;3;3971,87;0,1;3098,06;Boleto;Online;10724,05;9294,18;1429,87;0,1333
100981;2025-09-23;C0474;1;12;1;377,97;0,0;241,9;Cartão de débito;Online;377,97;241,9;136,07;0,36
100982;2025-05-11;C1284;11;11;4;1323,07;0,0;899,69;Cartão de débito;Marketplace;5292,28;3598,76;1693,52;0,32
100983;2025-11-24;C1496;10;14;2;378,86;0,0;197,01;Cartão de débito;Online;757,72;394,02;363,7;0,48
100984;2025-01-10;C2205;16;6;3;257,96;0,1;141,88;Cartão de débito;Marketplace;696,49;425,64;270,85;0,3889
100985;2025-05-31;C2464;3;27;1;79,76;0,1;35,89;Cartão de crédito;Marketplace;71,78;35,89;35,89;0,5
100986;2026-05-30;C0506;9;3;1;526,88;0,05;331,93;Cartão de débito;Marketplace;500,54;331,93;168,61;0,3369
100987;2026-01-21;C0241;9;23;5;279,91;0,1;176,34;Cartão de débito;Online;1259,6;881,7;377,9;0,3
100988;2026-05-15;C1605;7;24;1;761,26;0,15;471,98;Cartão de crédito;Marketplace;647,07;471,98;175,09;0,2706
100989;2026-03-09;C1940;4;9;5;2015,43;0,05;1410,8;PIX;Marketplace;9573,29;7054,0;2519,29;0,2632
100990;2026-02-08;C0399;5;22;1;952,27;0,05;618,98;Cartão de crédito;Marketplace;904,66;618,98;285,68;0,3158
100991;2025-06-17;C2365;3;18;1;75,68;0,0;34,06;Cartão de débito;Online;75,68;34,06;41,62;0,5499
100992;2025-01-10;C1484;5;18;2;775,68;0,1;504,19;Boleto;Marketplace;1396,22;1008,38;387,84;0,2778
100993;2025-02-27;C0394;7;8;1;505,41;0,15;313,35;PIX;Marketplace;429,6;313,35;116,25;0,2706
100994;2026-02-18;C1004;13;21;1;181,16;0,05;105,07;Cartão de débito;Marketplace;172,1;105,07;67,03;0,3895
100995;2026-04-20;C1566;15;8;1;3612,78;0,05;2817,97;Cartão de crédito;Online;3432,14;2817,97;614,17;0,1789
100996;2026-05-16;C2088;17;17;1;510,8;0,2;306,48;PIX;Online;408,64;306,48;102,16;0,25
100997;2026-01-29;C1984;7;18;5;677,05;0,0;419,77;Não informado;Marketplace;3385,25;2098,85;1286,4;0,38
100998;2025-07-09;C1661;15;13;3;1078,99;0,05;841,61;Boleto;Online;3075,12;2524,83;550,29;0,1789
100999;2025-05-08;C0850;6;7;4;229,52;0,0;114,76;Cartão de débito;Online;918,08;459,04;459,04;0,5
101000;2025-11-18;C0504;3;19;1;66,01;0,1;29,7;PIX;Online;59,41;29,7;29,71;0,5001
101001;2025-05-08;C2074;15;14;1;4865,1;0,0;3794,78;Cartão de crédito;Online;4865,1;3794,78;1070,32;0,22
101002;2025-02-17;C2128;9;18;3;260,83;0,05;164,32;Boleto;Marketplace;743,37;492,96;250,41;0,3369
101003;2025-12-27;C2483;6;27;1;91,97;0,0;45,98;Cartão de crédito;Online;91,97;45,98;45,99;0,5001
101004;2025-07-12;C0581;12;7;1;2198,73;0,2;1495,14;Cartão de débito;Marketplace;1758,98;1495,14;263,84;0,15
101005;2025-05-12;C1729;2;24;1;568,71;0,05;381,04;Boleto;Marketplace;540,27;381,04;159,23;0,2947
101006;2025-09-18;C1743;15;3;4;1572,98;0,0;1226,92;PIX;Online;6291,92;4907,68;1384,24;0,22
101007;2026-06-08;C2478;11;22;1;1714,51;0,0;1165,87;Boleto;Marketplace;1714,51;1165,87;548,64;0,32
101008;2025-09-11;C0318;14;2;1;4360,15;0,1;3139,31;Cartão de crédito;Marketplace;3924,14;3139,31;784,83;0,2
101009;2026-01-07;C1367;15;16;2;1585,32;0,1;1236,55;Cartão de crédito;Online;2853,58;2473,1;380,48;0,1333
101010;2025-08-16;C1551;16;9;4;491,37;0,0;270,25;Não informado;Marketplace;1965,48;1081,0;884,48;0,45
101011;2026-06-26;C1430;17;7;2;705,78;0,05;423,47;Cartão de crédito;Online;1340,98;846,94;494,04;0,3684
101012;2025-11-22;C1596;7;22;1;754,56;0,1;467,83;Boleto;Marketplace;679,1;467,83;211,27;0,3111
101013;2025-09-23;C0039;13;18;2;379,55;0,1;220,14;Boleto;Marketplace;683,19;440,28;242,91;0,3556
101014;2026-01-15;C1021;12;25;2;1452,84;0,05;987,93;PIX;Marketplace;2760,4;1975,86;784,54;0,2842
101015;2025-10-21;C1130;6;27;4;154,12;0,1;77,06;Cartão de débito;Marketplace;554,83;308,24;246,59;0,4444
101016;2025-11-09;C1666;15;19;2;4380,98;0,1;3417,16;Cartão de débito;Online;7885,76;6834,32;1051,44;0,1333
101017;2025-02-28;C0347;7;26;2;565,62;0,05;350,68;Boleto;Online;1074,68;701,36;373,32;0,3474
101018;2026-05-25;C2110;8;8;2;228,89;0,05;125,89;Boleto;Online;434,89;251,78;183,11;0,421
101019;2025-01-08;C1741;5;1;2;949,67;0,0;617,29;Cartão de crédito;Marketplace;1899,34;1234,58;664,76;0,35
101020;2026-06-21;C0922;7;15;1;425,29;0,0;263,68;Cartão de crédito;Marketplace;425,29;263,68;161,61;0,38
101021;2026-01-24;C0699;8;5;1;104,91;0,15;57,7;Cartão de crédito;Marketplace;89,17;57,7;31,47;0,3529
101022;2026-05-10;C1203;9;20;1;121,07;0,1;76,27;Cartão de débito;Marketplace;108,96;76,27;32,69;0,3
101023;2025-02-06;C1897;6;26;3;219,67;0,0;109,83;Boleto;Marketplace;659,01;329,49;329,52;0,5
101024;2025-12-29;C0439;9;15;1;547,29;0,0;344,79;Cartão de crédito;Online;547,29;344,79;202,5;0,37
101025;2026-05-19;C0810;10;8;1;244,58;0,0;127,18;Boleto;Online;244,58;127,18;117,4;0,48
101026;2025-09-14;C0927;13;24;1;237,21;0,05;137,58;PIX;Online;225,35;137,58;87,77;0,3895
101027;2026-03-26;C0663;3;21;1;79,77;0,0;35,9;Cartão de débito;Online;79,77;35,9;43,87;0,55
101028;2025-10-19;C0165;5;11;1;621,06;0,0;403,69;Cartão de débito;Online;621,06;403,69;217,37;0,35
101029;2025-09-30;C0487;8;21;1;201,03;0,1;110,57;Cartão de débito;Marketplace;180,93;110,57;70,36;0,3889
101030;2026-05-29;C1593;16;18;1;578,84;0,1;318,36;Cartão de débito;Marketplace;520,96;318,36;202,6;0,3889
101031;2025-01-14;C0969;6;7;1;215,97;0,05;107,98;Cartão de crédito;Marketplace;205,17;107,98;97,19;0,4737
101032;2025-10-24;C1156;8;18;1;247,4;0,0;136,07;Cartão de débito;Online;247,4;136,07;111,33;0,45
101033;2025-04-28;C1080;2;23;5;559,19;0,1;374,66;Boleto;Online;2516,36;1873,3;643,06;0,2556
101034;2025-07-05;C0773;6;5;5;168,24;0,1;84,12;Cartão de crédito;Online;757,08;420,6;336,48;0,4444
101035;2025-02-09;C1122;16;7;5;564,55;0,05;310,5;Cartão de débito;Online;2681,61;1552,5;1129,11;0,4211
101036;2026-01-25;C1669;12;5;1;1960,29;0,2;1333,0;PIX;Marketplace;1568,23;1333,0;235,23;0,15
101037;2025-03-04;C2089;8;15;1;91,36;0,0;50,25;PIX;Marketplace;91,36;50,25;41,11;0,45
101038;2025-09-10;C1311;10;14;3;138,16;0,0;71,84;PIX;Online;414,48;215,52;198,96;0,48
101039;2026-04-29;C1148;9;17;3;168,37;0,0;106,07;PIX;Marketplace;505,11;318,21;186,9;0,37
101040;2025-04-25;C0397;9;18;2;447,82;0,1;282,13;PIX;Marketplace;806,08;564,26;241,82;0,3
101041;2026-06-26;C2477;11;20;1;1440,4;0,0;979,47;Cartão de crédito;Online;1440,4;979,47;460,93;0,32
101042;2025-05-04;C0169;13;23;2;463,11;0,1;268,6;Cartão de débito;Marketplace;833,6;537,2;296,4;0,3556
101043;2025-03-18;C2239;17;4;2;311,03;0,05;186,62;Cartão de débito;Online;590,96;373,24;217,72;0,3684
101044;2025-05-11;C0786;12;4;1;1980,89;0,15;1347,01;PIX;Marketplace;1683,76;1347,01;336,75;0,2
101045;2025-05-01;C1787;3;9;1;53,52;0,15;24,08;Cartão de crédito;Online;45,49;24,08;21,41;0,4707
101046;2025-05-13;C1187;2;21;1;957,72;0,1;641,67;Cartão de débito;Marketplace;861,95;641,67;220,28;0,2556
101047;2026-06-30;C2104;8;20;4;116,41;0,1;64,03;Boleto;Marketplace;419,08;256,12;162,96;0,3889
101048;2025-07-31;C0754;2;26;1;964,87;0,05;646,46;Boleto;Marketplace;916,63;646,46;270,17;0,2947
101049;2025-08-14;C1214;9;11;2;385,03;0,0;242,57;Cartão de débito;Marketplace;770,06;485,14;284,92;0,37
101050;2025-06-01;C1138;12;3;4;1186,78;0,1;807,01;Cartão de débito;Online;4272,41;3228,04;1044,37;0,2444
101051;2025-01-02;C1424;17;21;2;780,55;0,0;468,33;PIX;Online;1561,1;936,66;624,44;0,4
101052;2025-10-29;C1330;10;15;5;280,31;0,0;145,76;Cartão de débito;Marketplace;1401,55;728,8;672,75;0,48
101053;2025-09-20;C0065;7;4;1;884,07;0,1;548,12;Cartão de crédito;Marketplace;795,66;548,12;247,54;0,3111
101054;2025-07-31;C1812;2;22;1;585,99;0,05;392,61;Boleto;Online;556,69;392,61;164,08;0,2947
101055;2025-08-26;C1778;3;24;1;92,17;0,0;41,48;Boleto;Online;92,17;41,48;50,69;0,55
101056;2025-07-13;C2334;7;26;1;697,11;0,1;432,21;PIX;Online;627,4;432,21;195,19;0,3111
101057;2026-02-08;C2490;7;25;1;257,64;0,05;159,74;Boleto;Online;244,76;159,74;85,02;0,3474
101058;2025-05-21;C0049;6;27;2;125,58;0,0;62,79;Cartão de crédito;Online;251,16;125,58;125,58;0,5
101059;2025-09-12;C0343;13;22;1;474,21;0,05;275,04;Cartão de crédito;Online;450,5;275,04;175,46;0,3895
101060;2025-03-29;C0829;4;27;1;2019,34;0,15;1413,54;Cartão de débito;Marketplace;1716,44;1413,54;302,9;0,1765
101061;2026-05-06;C0633;4;13;1;1587,05;0,0;1110,93;Cartão de crédito;Online;1587,05;1110,93;476,12;0,3
101062;2025-04-16;C2231;12;18;1;1620,78;0,1;1102,13;Cartão de crédito;Online;1458,7;1102,13;356,57;0,2444
101063;2025-08-21;C1750;14;14;1;3736,58;0,0;2690,34;Boleto;Online;3736,58;2690,34;1046,24;0,28
101064;2025-06-23;C0452;8;19;1;290,42;0,0;159,73;PIX;Online;290,42;159,73;130,69;0,45
101065;2025-03-28;C0178;11;7;2;684,91;0,05;465,74;Cartão de débito;Marketplace;1301,33;931,48;369,85;0,2842
101066;2025-11-05;C1176;13;14;1;123,65;0,15;71,72;PIX;Marketplace;105,1;71,72;33,38;0,3176
101067;2025-01-03;C0609;15;25;2;1586,36;0,0;1237,36;Boleto;Online;3172,72;2474,72;698,0;0,22
101068;2026-03-14;C1141;17;4;1;326,14;0,0;195,68;Boleto;Marketplace;326,14;195,68;130,46;0,4
101069;2026-05-22;C1737;4;3;1;2445,7;0,1;1711,99;PIX;Online;2201,13;1711,99;489,14;0,2222
101070;2026-01-28;C1715;1;13;1;677,12;0,05;433,36;Cartão de débito;Marketplace;643,26;433,36;209,9;0,3263
101071;2026-03-08;C2159;15;21;2;3774,0;0,1;2943,72;Cartão de crédito;Online;6793,2;5887,44;905,76;0,1333
101072;2025-01-03;C0833;11;18;5;427,45;0,05;290,67;Cartão de crédito;Online;2030,39;1453,35;577,04;0,2842
101073;2026-01-05;C0571;11;2;1;630,62;0,15;428,82;Cartão de débito;Online;536,03;428,82;107,21;0,2
101074;2025-02-27;C0565;1;1;1;787,05;0,0;503,71;Cartão de crédito;Marketplace;787,05;503,71;283,34;0,36
101075;2025-02-25;C0435;11;24;2;518,03;0,1;352,26;Cartão de crédito;Online;932,45;704,52;227,93;0,2444
101076;2025-05-25;C0324;11;2;1;419,96;0,1;285,57;Cartão de débito;Online;377,96;285,57;92,39;0,2444
101077;2025-05-24;C2161;8;10;2;145,89;0,05;80,24;Boleto;Online;277,19;160,48;116,71;0,421
101078;2025-04-24;C0639;9;24;1;428,38;0,1;269,88;Cartão de débito;Online;385,54;269,88;115,66;0,3
101079;2026-03-10;C1861;16;9;2;514,76;0,15;283,12;PIX;Online;875,09;566,24;308,85;0,3529
101080;2025-06-10;C1114;10;18;4;246,88;0,2;128,38;Cartão de débito;Marketplace;790,02;513,52;276,5;0,35
101081;2025-08-13;C1607;12;27;1;2042,79;0,05;1389,1;Cartão de crédito;Marketplace;1940,65;1389,1;551,55;0,2842
101082;2025-11-17;C1660;8;3;3;116,26;0,1;63,94;Boleto;Online;313,9;191,82;122,08;0,3889
101083;2025-04-22;C0428;2;26;1;1003,99;0,1;672,67;Cartão de débito;Marketplace;903,59;672,67;230,92;0,2556
101084;2025-04-20;C0268;7;23;1;158,23;0,15;98,1;Cartão de débito;Online;134,5;98,1;36,4;0,2706
101085;2025-10-03;C0349;1;22;4;695,36;0,05;445,03;Boleto;Online;2642,37;1780,12;862,25;0,3263
101086;2025-11-19;C0382;12;6;4;715,26;0,05;486,38;Boleto;Online;2717,99;1945,52;772,47;0,2842
101087;2026-02-05;C1458;4;2;4;1905,31;0,0;1333,72;Cartão de crédito;Online;7621,24;5334,88;2286,36;0,3
101088;2026-01-27;C1954;14;18;2;5482,09;0,0;3947,1;Boleto;Online;10964,18;7894,2;3069,98;0,28
101089;2025-08-26;C0884;15;24;3;3616,88;0,1;2821,17;PIX;Marketplace;9765,58;8463,51;1302,07;0,1333
101090;2025-12-14;C1192;13;21;1;439,5;0,05;254,91;Boleto;Online;417,52;254,91;162,61;0,3895
101091;2025-03-18;C0625;5;26;2;1194,4;0,0;776,36;Cartão de débito;Marketplace;2388,8;1552,72;836,08;0,35
101092;2026-05-26;C0386;15;19;1;1678,87;0,0;1309,52;PIX;Marketplace;1678,87;1309,52;369,35;0,22
101093;2025-04-02;C0292;11;17;1;1635,1;0,0;1111,87;PIX;Marketplace;1635,1;1111,87;523,23;0,32
101094;2025-05-07;C2330;13;2;1;232,66;0,0;134,94;Cartão de débito;Marketplace;232,66;134,94;97,72;0,42
101095;2026-06-09;C1285;11;16;1;1491,52;0,05;1014,23;Cartão de crédito;Online;1416,94;1014,23;402,71;0,2842
101096;2025-01-09;C0634;1;20;3;503,46;0,0;322,21;Cartão de crédito;Online;1510,38;966,63;543,75;0,36
101097;2026-04-19;C0383;16;27;1;334,24;0,05;183,83;Boleto;Online;317,53;183,83;133,7;0,4211
101098;2025-07-04;C0444;15;23;3;4689,96;0,1;3658,17;Boleto;Marketplace;12662,89;10974,51;1688,38;0,1333
101099;2025-11-21;C1403;15;17;5;2945,18;0,1;2297,24;Cartão de crédito;Marketplace;13253,31;11486,2;1767,11;0,1333
101100;2025-02-09;C2233;3;10;1;57,6;0,1;25,92;Cartão de crédito;Marketplace;51,84;25,92;25,92;0,5
101101;2026-01-06;C1762;12;26;4;1084,16;0,0;737,23;Boleto;Marketplace;4336,64;2948,92;1387,72;0,32
101102;2025-06-30;C0343;2;21;1;592,38;0,0;396,89;Boleto;Marketplace;592,38;396,89;195,49;0,33
101103;2025-08-08;C1063;6;2;1;60,75;0,15;30,38;PIX;Marketplace;51,64;30,38;21,26;0,4117
101104;2025-07-23;C1431;7;22;4;511,22;0,05;316,96;Cartão de débito;Marketplace;1942,64;1267,84;674,8;0,3474
101105;2026-02-03;C0041;11;1;2;1830,05;0,0;1244,43;Cartão de débito;Marketplace;3660,1;2488,86;1171,24;0,32
101106;2025-01-15;C0617;4;10;3;2367,64;0,05;1657,35;Cartão de crédito;Marketplace;6747,77;4972,05;1775,72;0,2632
101107;2026-06-18;C0016;2;3;5;1429,15;0,15;957,53;Boleto;Online;6073,89;4787,65;1286,24;0,2118
101108;2025-08-12;C0769;12;20;1;1682,96;0,0;1144,41;Cartão de débito;Marketplace;1682,96;1144,41;538,55;0,32
101109;2025-07-15;C2363;5;6;4;570,26;0,05;370,67;PIX;Online;2166,99;1482,68;684,31;0,3158
101110;2026-04-12;C1696;8;9;1;157,49;0,05;86,62;PIX;Online;149,62;86,62;63,0;0,4211
101111;2026-04-15;C1755;7;2;1;564,57;0,0;350,03;Boleto;Marketplace;564,57;350,03;214,54;0,38
101112;2025-10-18;C0407;10;3;5;337,9;0,0;175,71;Cartão de crédito;Marketplace;1689,5;878,55;810,95;0,48
101113;2026-05-24;C2232;17;11;1;410,87;0,05;246,52;PIX;Marketplace;390,33;246,52;143,81;0,3684
101114;2025-08-17;C1863;5;8;2;314,5;0,15;204,43;PIX;Marketplace;534,65;408,86;125,79;0,2353
101115;2026-02-10;C0032;10;16;4;330,3;0,05;171,76;PIX;Marketplace;1255,14;687,04;568,1;0,4526
101116;2025-09-05;C0018;10;18;3;212,66;0,0;110,58;PIX;Marketplace;637,98;331,74;306,24;0,48
101117;2025-06-24;C2344;4;23;5;983,66;0,2;688,56;Boleto;Online;3934,64;3442,8;491,84;0,125
101118;2025-05-12;C1600;10;9;4;135,59;0,15;70,51;Cartão de débito;Marketplace;461,01;282,04;178,97;0,3882
101119;2025-04-12;C0518;1;27;1;742,01;0,1;474,89;PIX;Online;667,81;474,89;192,92;0,2889
101120;2025-07-28;C0382;4;12;1;1374,84;0,1;962,39;Cartão de débito;Online;1237,36;962,39;274,97;0,2222
101121;2026-01-27;C0104;15;3;2;1522,19;0,05;1187,31;PIX;Online;2892,16;2374,62;517,54;0,1789
101122;2025-08-16;C1217;1;22;1;888,32;0,1;568,52;Boleto;Marketplace;799,49;568,52;230,97;0,2889
101123;2025-10-09;C0340;12;12;4;1829,39;0,1;1243,99;Cartão de crédito;Online;6585,8;4975,96;1609,84;0,2444
101124;2025-05-06;C0439;3;19;1;40,96;0,0;18,43;Boleto;Marketplace;40,96;18,43;22,53;0,55
101125;2026-02-05;C0413;5;3;1;221,96;0,0;144,27;Cartão de crédito;Online;221,96;144,27;77,69;0,35
101126;2026-01-20;C1285;10;6;2;224,28;0,0;116,63;Cartão de crédito;Online;448,56;233,26;215,3;0,48
101127;2025-05-01;C1405;12;13;5;1571,04;0,1;1068,31;Cartão de crédito;Online;7069,68;5341,55;1728,13;0,2444
101128;2025-09-18;C0499;6;9;1;55,91;0,0;27,95;Cartão de débito;Online;55,91;27,95;27,96;0,5001
101129;2025-04-28;C0889;11;21;1;621,7;0,0;422,76;Cartão de débito;Marketplace;621,7;422,76;198,94;0,32
101130;2026-05-09;C0817;2;6;4;685,69;0,05;459,41;Boleto;Marketplace;2605,62;1837,64;767,98;0,2947
101131;2026-06-09;C1639;10;21;4;160,03;0,0;83,22;PIX;Marketplace;640,12;332,88;307,24;0,48
101132;2025-11-16;C0679;17;25;2;767,63;0,05;460,58;Boleto;Marketplace;1458,5;921,16;537,34;0,3684
101133;2025-04-21;C2488;4;3;1;899,44;0,05;629,61;Cartão de crédito;Marketplace;854,47;629,61;224,86;0,2632
101134;2025-02-04;C2095;7;3;1;457,36;0,1;283,56;PIX;Marketplace;411,62;283,56;128,06;0,3111
101135;2025-04-28;C0737;14;5;3;4002,85;0,0;2882,05;Cartão de crédito;Online;12008,55;8646,15;3362,4;0,28
101136;2026-01-16;C0595;11;26;2;595,69;0,0;405,07;PIX;Online;1191,38;810,14;381,24;0,32
101137;2025-11-26;C0953;3;9;2;50,85;0,1;22,88;Cartão de débito;Online;91,53;45,76;45,77;0,5001
101138;2025-03-18;C2351;2;10;3;777,19;0,1;520,72;PIX;Online;2098,41;1562,16;536,25;0,2556
101139;2025-02-20;C2024;5;8;1;1190,26;0,05;773,67;Boleto;Online;1130,75;773,67;357,08;0,3158
101140;2026-01-28;C0969;4;12;2;1070,07;0,1;749,05;Cartão de crédito;Marketplace;1926,13;1498,1;428,03;0,2222
101141;2025-05-15;C1650;9;10;1;376,06;0,05;236,92;Cartão de crédito;Online;357,26;236,92;120,34;0,3368
101142;2025-04-08;C1701;8;20;2;140,43;0,1;77,24;Cartão de crédito;Marketplace;252,77;154,48;98,29;0,3889
101143;2025-02-18;C1612;8;3;1;296,47;0,05;163,06;Cartão de crédito;Marketplace;281,65;163,06;118,59;0,4211
101144;2025-01-30;C0918;17;10;1;107,28;0,0;64,37;Boleto;Online;107,28;64,37;42,91;0,4
101145;2025-04-01;C0783;7;13;2;759,21;0,1;470,71;Cartão de crédito;Online;1366,58;941,42;425,16;0,3111
101146;2025-02-14;C0454;2;21;1;630,36;0,0;422,34;Boleto;Marketplace;630,36;422,34;208,02;0,33
101147;2025-05-22;C2390;7;4;1;244,72;0,15;151,73;Boleto;Marketplace;208,01;151,73;56,28;0,2706
101148;2026-06-19;C2162;17;16;1;434,55;0,05;260,73;PIX;Marketplace;412,82;260,73;152,09;0,3684
101149;2025-04-05;C1081;1;27;2;797,97;0,05;510,7;Não informado;Online;1516,14;1021,4;494,74;0,3263
101150;2025-03-18;C2026;15;27;1;1052,51;0,0;820,96;Boleto;Online;1052,51;820,96;231,55;0,22
101151;2025-04-18;C1395;8;10;1;209,92;0,05;115,46;PIX;Marketplace;199,42;115,46;83,96;0,421
101152;2026-06-01;C0433;13;25;3;171,89;0,05;99,7;Cartão de débito;Marketplace;489,89;299,1;190,79;0,3895
101153;2025-03-12;C1139;5;12;1;886,27;0,2;576,08;Cartão de crédito;Online;709,02;576,08;132,94;0,1875
101154;2025-04-20;C0452;3;26;1;91,53;0,0;41,19;Boleto;Marketplace;91,53;41,19;50,34;0,55
101155;2025-09-29;C0485;11;18;4;534,51;0,05;363,47;Boleto;Marketplace;2031,14;1453,88;577,26;0,2842
101156;2025-12-08;C0218;6;20;1;123,96;0,0;61,98;Boleto;Online;123,96;61,98;61,98;0,5
101157;2025-07-13;C1650;9;9;1;252,44;0,1;159,04;Boleto;Online;227,2;159,04;68,16;0,3
101158;2025-09-12;C0455;12;16;1;795,65;0,0;541,04;Cartão de débito;Online;795,65;541,04;254,61;0,32
101159;2025-10-10;C0928;17;20;3;589,66;0,05;353,8;Cartão de crédito;Online;1680,53;1061,4;619,13;0,3684
101160;2026-05-23;C0843;2;21;1;504,47;0,1;337,99;PIX;Online;454,02;337,99;116,03;0,2556
101161;2025-07-09;C2062;17;21;3;535,48;0,1;321,29;Cartão de débito;Online;1445,8;963,87;481,93;0,3333
101162;2025-03-13;C0683;4;26;1;2299,74;0,0;1609,82;Boleto;Marketplace;2299,74;1609,82;689,92;0,3
101163;2025-01-22;C0728;4;4;4;2262,52;0,0;1583,76;Cartão de crédito;Marketplace;9050,08;6335,04;2715,04;0,3
101164;2025-01-02;C2001;8;26;3;183,97;0,0;101,18;PIX;Online;551,91;303,54;248,37;0,45
101165;2026-05-31;C0686;6;22;2;205,05;0,0;102,53;PIX;Marketplace;410,1;205,06;205,04;0,5
101166;2025-12-26;C2236;8;26;1;187,03;0,05;102,87;PIX;Marketplace;177,68;102,87;74,81;0,421
101167;2026-06-15;C2441;4;3;1;1039,87;0,05;727,91;Cartão de crédito;Online;987,88;727,91;259,97;0,2632
101168;2025-08-14;C0581;10;21;1;89,89;0,05;46,74;Boleto;Marketplace;85,4;46,74;38,66;0,4527
101169;2025-04-02;C0794;5;16;4;577,78;0,0;375,56;Boleto;Online;2311,12;1502,24;808,88;0,35
101170;2025-12-24;C1357;2;6;1;771,62;0,2;516,99;Cartão de débito;Online;617,3;516,99;100,31;0,1625
101171;2025-12-18;C0504;6;22;1;141,01;0,2;70,5;PIX;Marketplace;112,81;70,5;42,31;0,3751
101172;2025-01-09;C2044;17;9;4;202,99;0,1;121,79;PIX;Online;730,76;487,16;243,6;0,3334
101173;2026-05-14;C1181;9;23;1;261,47;0,05;164,73;PIX;Online;248,4;164,73;83,67;0,3368
101174;2026-05-16;C1253;12;11;1;1334,06;0,1;907,16;PIX;Online;1200,65;907,16;293,49;0,2444
101175;2025-10-18;C2057;11;19;2;1630,22;0,0;1108,55;PIX;Online;3260,44;2217,1;1043,34;0,32
101176;2026-03-19;C2398;5;15;3;490,8;0,0;319,02;Cartão de débito;Marketplace;1472,4;957,06;515,34;0,35
101177;2026-02-13;C0402;10;24;3;374,46;0,05;194,72;Boleto;Marketplace;1067,21;584,16;483,05;0,4526
101178;2025-07-24;C1025;13;19;1;312,8;0,0;181,42;PIX;Marketplace;312,8;181,42;131,38;0,42
101179;2026-01-20;C1790;7;9;1;544,93;0,1;337,86;PIX;Marketplace;490,44;337,86;152,58;0,3111
101180;2026-03-14;C1911;11;13;1;1056,41;0,0;718,36;Cartão de crédito;Marketplace;1056,41;718,36;338,05;0,32
101181;2025-05-24;C1239;15;7;2;3321,29;0,05;2590,61;PIX;Online;6310,45;5181,22;1129,23;0,1789
101182;2025-05-09;C1651;16;9;2;331,4;0,1;182,27;Boleto;Online;596,52;364,54;231,98;0,3889
101183;2025-02-26;C1107;15;8;3;3599,52;0,0;2807,63;PIX;Marketplace;10798,56;8422,89;2375,67;0,22
101184;2025-03-04;C0498;4;11;2;1848,83;0,1;1294,18;Cartão de débito;Online;3327,89;2588,36;739,53;0,2222
101185;2025-05-20;C0916;8;3;3;220,73;0,0;121,4;PIX;Online;662,19;364,2;297,99;0,45
101186;2025-07-25;C0470;8;9;1;113,66;0,15;62,51;Cartão de crédito;Online;96,61;62,51;34,1;0,353
101187;2025-04-17;C1941;5;8;1;705,8;0,05;458,77;PIX;Marketplace;670,51;458,77;211,74;0,3158
101188;2025-07-08;C0963;8;14;3;200,28;0,1;110,15;Boleto;Online;540,76;330,45;210,31;0,3889
101189;2025-05-30;C0089;10;24;1;341,94;0,1;177,81;Cartão de débito;Marketplace;307,75;177,81;129,94;0,4222
101190;2025-10-24;C1186;8;14;2;291,0;0,05;160,05;PIX;Marketplace;552,9;320,1;232,8;0,4211
101191;2025-04-20;C1901;16;25;1;312,42;0,0;171,83;Cartão de crédito;Marketplace;312,42;171,83;140,59;0,45
101192;2025-11-07;C0140;14;11;2;5626,27;0,1;4050,91;PIX;Online;10127,29;8101,82;2025,47;0,2
101193;2026-04-15;C1135;3;9;1;32,67;0,05;14,7;Cartão de débito;Marketplace;31,04;14,7;16,34;0,5264
101194;2026-02-04;C2102;6;1;1;181,18;0,05;90,59;PIX;Marketplace;172,12;90,59;81,53;0,4737
101195;2025-10-13;C1241;13;17;4;108,65;0,1;63,02;Boleto;Marketplace;391,14;252,08;139,06;0,3555
101196;2026-06-04;C2153;7;12;1;673,33;0,05;417,46;PIX;Marketplace;639,66;417,46;222,2;0,3474
101197;2025-02-16;C0121;15;8;3;1636,72;0,0;1276,64;Boleto;Marketplace;4910,16;3829,92;1080,24;0,22
101198;2025-08-26;C0970;4;20;1;2261,51;0,1;1583,06;Boleto;Online;2035,36;1583,06;452,3;0,2222
101199;2025-09-14;C0469;12;15;1;2049,88;0,05;1393,92;Cartão de crédito;Online;1947,39;1393,92;553,47;0,2842
101200;2025-04-21;C1842;4;23;1;2477,74;0,05;1734,42;Cartão de débito;Marketplace;2353,85;1734,42;619,43;0,2632
101201;2026-03-25;C1172;8;9;1;243,27;0,05;133,8;Cartão de débito;Online;231,11;133,8;97,31;0,4211
101202;2025-04-09;C0834;14;4;1;2991,97;0,0;2154,22;Boleto;Online;2991,97;2154,22;837,75;0,28
101203;2025-07-09;C2164;4;17;1;2164,81;0,05;1515,37;Não informado;Marketplace;2056,57;1515,37;541,2;0,2632
101204;2025-03-10;C1798;13;19;1;237,97;0,0;138,02;Cartão de débito;Marketplace;237,97;138,02;99,95;0,42
101205;2025-05-01;C2043;17;5;1;521,04;0,0;312,62;PIX;Marketplace;521,04;312,62;208,42;0,4
101206;2026-01-02;C0279;16;13;3;178,93;0,0;98,41;Cartão de débito;Marketplace;536,79;295,23;241,56;0,45
101207;2025-02-28;C2237;16;16;2;155,44;0,05;85,49;Cartão de crédito;Online;295,34;170,98;124,36;0,4211
101208;2026-03-08;C1069;4;23;1;2276,06;0,0;1593,24;PIX;Online;2276,06;1593,24;682,82;0,3
101209;2026-05-21;C0299;1;27;3;694,7;0,1;444,61;Cartão de crédito;Marketplace;1875,69;1333,83;541,86;0,2889
101210;2026-03-03;C2451;15;17;2;4717,45;0,15;3679,61;Cartão de débito;Marketplace;8019,66;7359,22;660,44;0,0824
101211;2025-04-17;C0146;12;17;1;1105,44;0,05;751,7;PIX;Online;1050,17;751,7;298,47;0,2842
101212;2025-02-26;C0108;14;20;2;5339,77;0,05;3844,63;Cartão de crédito;Marketplace;10145,56;7689,26;2456,3;0,2421
101213;2026-02-01;C1546;12;18;2;1473,49;0,05;1001,97;Cartão de crédito;Marketplace;2799,63;2003,94;795,69;0,2842
101214;2026-01-12;C1441;17;5;1;405,57;0,0;243,34;Cartão de crédito;Online;405,57;243,34;162,23;0,4
101215;2026-02-27;C2197;1;1;2;993,66;0,0;635,94;Cartão de débito;Online;1987,32;1271,88;715,44;0,36
101216;2025-02-28;C0520;15;7;1;2130,38;0,0;1661,7;Cartão de débito;Marketplace;2130,38;1661,7;468,68;0,22
101217;2026-02-12;C1961;13;13;2;355,77;0,0;206,35;Cartão de débito;Marketplace;711,54;412,7;298,84;0,42
101218;2025-08-14;C1817;11;6;2;1906,28;0,1;1296,27;Cartão de débito;Marketplace;3431,3;2592,54;838,76;0,2444
101219;2026-05-31;C0428;4;7;1;2300,85;0,1;1610,59;Boleto;Marketplace;2070,76;1610,59;460,17;0,2222
101220;2025-07-28;C0562;15;13;3;3083,98;0,0;2405,5;Cartão de débito;Online;9251,94;7216,5;2035,44;0,22
101221;2025-05-26;C0147;11;25;4;1517,35;0,1;1031,8;Cartão de crédito;Online;5462,46;4127,2;1335,26;0,2444
101222;2025-02-04;C1108;8;19;1;164,52;0,1;90,49;Cartão de crédito;Marketplace;148,07;90,49;57,58;0,3889
101223;2026-05-23;C0078;16;23;3;292,33;0,0;160,78;Boleto;Online;876,99;482,34;394,65;0,45
101224;2026-06-30;C0215;10;26;2;90,02;0,1;46,81;PIX;Marketplace;162,04;93,62;68,42;0,4222
101225;2025-01-29;C1397;5;22;2;821,53;0,15;533,99;Cartão de crédito;Online;1396,6;1067,98;328,62;0,2353
101226;2025-10-22;C2191;16;9;1;386,3;0,05;212,47;PIX;Online;366,98;212,47;154,51;0,421
101227;2026-04-24;C0976;16;16;1;107,59;0,1;59,17;Cartão de crédito;Online;96,83;59,17;37,66;0,3889
101228;2025-12-12;C2340;9;14;1;415,46;0,05;261,74;PIX;Online;394,69;261,74;132,95;0,3368
101229;2025-11-11;C2329;17;25;2;685,2;0,1;411,12;Boleto;Online;1233,36;822,24;411,12;0,3333
101230;2025-01-10;C1911;3;13;1;48,7;0,1;21,92;Cartão de débito;Marketplace;43,83;21,92;21,91;0,4999
101231;2025-03-23;C1133;12;25;3;1692,61;0,2;1150,97;Cartão de débito;Marketplace;4062,26;3452,91;609,35;0,15
101232;2025-09-23;C2028;2;7;1;1037,92;0,0;695,41;Cartão de crédito;Online;1037,92;695,41;342,51;0,33
101233;2025-02-09;C0755;17;11;2;702,4;0,05;421,44;Cartão de débito;Online;1334,56;842,88;491,68;0,3684
101234;2025-09-21;C0067;2;21;2;1321,86;0,05;885,65;Cartão de crédito;Online;2511,53;1771,3;740,23;0,2947
101235;2025-04-22;C0318;11;23;1;581,09;0,0;395,14;PIX;Marketplace;581,09;395,14;185,95;0,32
101236;2025-03-15;C1747;10;22;3;125,79;0,0;65,41;PIX;Marketplace;377,37;196,23;181,14;0,48
101237;2026-01-19;C1928;10;15;4;174,1;0,0;90,53;Cartão de crédito;Marketplace;696,4;362,12;334,28;0,48
101238;2025-01-27;C0436;13;4;2;419,37;0,05;243,23;PIX;Online;796,8;486,46;310,34;0,3895
101239;2025-02-03;C0615;16;19;1;598,91;0,0;329,4;Cartão de débito;Marketplace;598,91;329,4;269,51;0,45
101240;2026-06-25;C0211;17;10;2;561,44;0,05;336,86;PIX;Online;1066,74;673,72;393,02;0,3684
101241;2025-09-07;C1347;9;25;1;488,47;0,05;307,74;PIX;Online;464,05;307,74;156,31;0,3368
101242;2026-04-01;C1680;1;15;1;546,39;0,05;349,69;Boleto;Online;519,07;349,69;169,38;0,3263
101243;2026-03-05;C0942;3;13;2;86,14;0,0;38,76;Cartão de débito;Marketplace;172,28;77,52;94,76;0,55
101244;2025-09-24;C1176;13;9;1;129,54;0,05;75,13;Cartão de débito;Marketplace;123,06;75,13;47,93;0,3895
101245;2025-07-04;C1860;5;13;1;320,79;0,0;208,51;Boleto;Online;320,79;208,51;112,28;0,35
101246;2025-02-04;C1768;13;9;1;150,11;0,0;87,06;Boleto;Marketplace;150,11;87,06;63,05;0,42
101247;2025-05-11;C1648;11;10;2;786,3;0,0;534,68;PIX;Online;1572,6;1069,36;503,24;0,32
101248;2025-03-17;C1454;12;1;4;2339,21;0,1;1590,66;Boleto;Marketplace;8421,16;6362,64;2058,52;0,2444
101249;2025-05-18;C0752;8;9;2;209,7;0,1;115,34;Cartão de crédito;Online;377,46;230,68;146,78;0,3889
101250;2026-01-14;C1858;14;12;1;4035,05;0,05;2905,24;PIX;Online;3833,3;2905,24;928,06;0,2421
101251;2025-11-01;C2021;1;12;1;694,89;0,15;444,73;Boleto;Marketplace;590,66;444,73;145,93;0,2471
101252;2026-01-29;C1305;4;1;2;2407,03;0,0;1684,92;Cartão de débito;Marketplace;4814,06;3369,84;1444,22;0,3
101253;2025-10-12;C2356;6;24;3;112,87;0,0;56,44;Cartão de crédito;Marketplace;338,61;169,32;169,29;0,5
101254;2026-05-14;C1798;2;16;1;461,65;0,15;309,31;Cartão de crédito;Online;392,4;309,31;83,09;0,2117
101255;2025-05-25;C0394;2;26;1;1298,49;0,1;869,99;Cartão de crédito;Online;1168,64;869,99;298,65;0,2556
101256;2026-05-16;C0106;14;2;1;3486,43;0,15;2510,23;Boleto;Online;2963,47;2510,23;453,24;0,1529
101257;2025-10-30;C0449;3;2;2;93,53;0,0;42,09;Boleto;Marketplace;187,06;84,18;102,88;0,55
101258;2025-05-21;C1141;15;19;2;1465,85;0,05;1143,36;Cartão de débito;Online;2785,12;2286,72;498,4;0,179
101259;2025-06-10;C2077;4;14;1;1406,93;0,1;984,85;Cartão de crédito;Marketplace;1266,24;984,85;281,39;0,2222
101260;2026-03-20;C0412;12;27;4;2129,56;0,0;1448,1;Cartão de crédito;Online;8518,24;5792,4;2725,84;0,32
101261;2025-05-21;C2402;1;16;1;960,21;0,1;614,53;Boleto;Online;864,19;614,53;249,66;0,2889
101262;2025-07-11;C2035;8;9;1;123,69;0,15;68,03;Não informado;Online;105,14;68,03;37,11;0,353
101263;2025-03-10;C2010;10;2;2;146,74;0,0;76,3;PIX;Marketplace;293,48;152,6;140,88;0,48
101264;2025-12-24;C1984;1;27;1;968,03;0,15;619,54;Cartão de débito;Marketplace;822,83;619,54;203,29;0,2471
101265;2026-05-17;C1607;8;5;2;199,55;0,0;109,75;Cartão de crédito;Marketplace;399,1;219,5;179,6;0,45
101266;2026-04-03;C1333;10;10;1;215,96;0,0;112,3;Cartão de crédito;Marketplace;215,96;112,3;103,66;0,48
101267;2025-05-12;C1982;16;14;3;532,0;0,1;292,6;Cartão de débito;Online;1436,4;877,8;558,6;0,3889
101268;2025-10-02;C2079;9;13;1;528,47;0,05;332,94;PIX;Marketplace;502,05;332,94;169,11;0,3368
101269;2026-02-26;C1604;4;11;3;1350,4;0,0;945,28;PIX;Marketplace;4051,2;2835,84;1215,36;0,3
101270;2025-12-14;C0187;1;24;1;586,87;0,05;375,6;Cartão de débito;Online;557,53;375,6;181,93;0,3263
101271;2025-05-13;C2478;4;20;1;2400,56;0,0;1680,39;Cartão de crédito;Marketplace;2400,56;1680,39;720,17;0,3
101272;2025-03-06;C0202;11;24;1;979,36;0,0;665,96;Boleto;Online;979,36;665,96;313,4;0,32
101273;2025-06-15;C1532;9;26;1;223,5;0,1;140,81;Cartão de crédito;Online;201,15;140,81;60,34;0,3
101274;2025-04-15;C2055;6;6;1;146,98;0,0;73,49;Cartão de crédito;Online;146,98;73,49;73,49;0,5
101275;2025-02-04;C1116;1;20;2;869,1;0,05;556,22;Cartão de débito;Marketplace;1651,29;1112,44;538,85;0,3263
101276;2025-03-20;C0303;15;26;1;3813,96;0,1;2974,89;Cartão de crédito;Online;3432,56;2974,89;457,67;0,1333
101277;2026-02-05;C0796;17;2;3;701,51;0,1;420,91;Cartão de crédito;Marketplace;1894,08;1262,73;631,35;0,3333
101278;2026-04-15;C0831;2;20;1;1461,58;0,05;979,26;PIX;Marketplace;1388,5;979,26;409,24;0,2947
101279;2025-08-16;C1665;15;13;2;2933,4;0,15;2288,05;Cartão de débito;Marketplace;4986,78;4576,1;410,68;0,0824
101280;2026-05-24;C1613;14;25;4;5169,45;0,1;3722,0;Cartão de débito;Online;18610,02;14888,0;3722,02;0,2
101281;2025-08-26;C1832;16;10;1;381,58;0,1;209,87;Cartão de débito;Online;343,42;209,87;133,55;0,3889
101282;2025-06-23;C0851;17;18;3;442,87;0,0;265,72;Boleto;Marketplace;1328,61;797,16;531,45;0,4
101283;2025-08-27;C0242;6;10;2;100,4;0,0;50,2;Cartão de débito;Online;200,8;100,4;100,4;0,5
101284;2026-02-21;C0023;4;17;1;918,45;0,05;642,91;Boleto;Marketplace;872,53;642,91;229,62;0,2632
101285;2025-11-26;C1890;1;1;2;660,1;0,15;422,46;Cartão de crédito;Online;1122,17;844,92;277,25;0,2471
101286;2025-03-21;C1539;10;8;1;84,36;0,05;43,87;Cartão de débito;Online;80,14;43,87;36,27;0,4526
101287;2025-04-27;C0160;3;9;3;59,61;0,1;26,82;Boleto;Online;160,95;80,46;80,49;0,5001
101288;2026-02-13;C0038;10;14;1;219,35;0,0;114,06;PIX;Marketplace;219,35;114,06;105,29;0,48
101289;2025-06-19;C0580;11;21;1;1496,04;0,1;1017,31;PIX;Marketplace;1346,44;1017,31;329,13;0,2444
101290;2026-04-19;C0863;8;18;4;283,96;0,1;156,18;Cartão de débito;Marketplace;1022,26;624,72;397,54;0,3889
101291;2025-11-22;C1706;14;26;1;4146,73;0,2;2985,65;PIX;Online;3317,38;2985,65;331,73;0,1
101292;2025-04-07;C2203;5;7;1;294,71;0,1;191,56;Cartão de débito;Online;265,24;191,56;73,68;0,2778
101293;2025-08-20;C1413;11;27;2;1884,61;0,0;1281,53;Boleto;Marketplace;3769,22;2563,06;1206,16;0,32
101294;2026-02-17;C1044;11;12;2;1426,56;0,0;970,06;Cartão de débito;Online;2853,12;1940,12;913,0;0,32
101295;2025-10-14;C0731;5;12;1;302,32;0,1;196,51;Boleto;Marketplace;272,09;196,51;75,58;0,2778
101296;2026-04-30;C0858;2;19;1;1229,21;0,2;823,57;Cartão de débito;Online;983,37;823,57;159,8;0,1625
101297;2026-05-02;C0002;7;9;1;821,97;0,0;509,62;Boleto;Marketplace;821,97;509,62;312,35;0,38
101298;2025-12-01;C1240;8;20;1;105,81;0,05;58,2;Boleto;Marketplace;100,52;58,2;42,32;0,421
101299;2025-11-16;C2139;11;23;1;525,12;0,1;357,08;Cartão de débito;Marketplace;472,61;357,08;115,53;0,2445
101300;2026-03-24;C2296;13;8;1;371,94;0,0;215,73;Boleto;Marketplace;371,94;215,73;156,21;0,42
101301;2025-01-26;C1498;7;2;3;728,06;0,0;451,4;Cartão de débito;Online;2184,18;1354,2;829,98;0,38
101302;2026-01-19;C0734;16;15;4;597,72;0,0;328,75;Cartão de débito;Online;2390,88;1315,0;1075,88;0,45
101303;2025-12-03;C0386;9;26;3;559,59;0,05;352,54;PIX;Online;1594,83;1057,62;537,21;0,3368
101304;2026-05-06;C1632;2;3;1;1119,37;0,0;749,98;Cartão de crédito;Online;1119,37;749,98;369,39;0,33
101305;2026-04-11;C2009;8;13;1;244,99;0,1;134,74;Cartão de crédito;Online;220,49;134,74;85,75;0,3889
101306;2025-01-30;C0628;11;19;2;683,05;0,15;464,47;Boleto;Online;1161,18;928,94;232,24;0,2
101307;2026-03-31;C0256;12;23;1;2244,2;0,0;1526,06;Cartão de crédito;Marketplace;2244,2;1526,06;718,14;0,32
101308;2025-06-23;C2404;4;14;2;1232,51;0,0;862,76;Boleto;Marketplace;2465,02;1725,52;739,5;0,3
101309;2025-03-08;C0791;12;19;3;1602,75;0,1;1089,87;Cartão de débito;Marketplace;4327,42;3269,61;1057,81;0,2444
101310;2025-10-10;C2493;12;1;1;1609,84;0,0;1094,69;Cartão de crédito;Marketplace;1609,84;1094,69;515,15;0,32
101311;2025-12-26;C0483;2;12;1;960,22;0,1;643,35;Boleto;Online;864,2;643,35;220,85;0,2556
101312;2025-04-03;C0748;17;26;2;229,96;0,05;137,98;Cartão de débito;Online;436,92;275,96;160,96;0,3684
101313;2026-01-19;C1886;5;27;1;924,28;0,0;600,78;Cartão de débito;Online;924,28;600,78;323,5;0,35
101314;2025-02-24;C1554;9;10;2;205,44;0,0;129,43;Boleto;Online;410,88;258,86;152,02;0,37
101315;2025-10-07;C0817;5;16;1;494,93;0,1;321,7;Cartão de crédito;Marketplace;445,44;321,7;123,74;0,2778
101316;2026-01-08;C1429;11;14;2;1236,87;0,1;841,07;Cartão de débito;Online;2226,37;1682,14;544,23;0,2444
101317;2025-06-09;C2204;16;3;2;596,88;0,05;328,28;PIX;Online;1134,07;656,56;477,51;0,4211
101318;2026-05-31;C2260;4;4;3;2088,59;0,0;1462,01;Cartão de débito;Marketplace;6265,77;4386,03;1879,74;0,3
101319;2026-04-24;C1069;5;24;1;315,3;0,1;204,95;Boleto;Online;283,77;204,95;78,82;0,2778
101320;2025-11-27;C1525;3;10;2;72,66;0,15;32,7;Cartão de crédito;Marketplace;123,52;65,4;58,12;0,4705
101321;2025-06-12;C1727;14;24;1;3678,35;0,15;2648,41;PIX;Marketplace;3126,6;2648,41;478,19;0,1529
101322;2026-04-24;C2240;7;25;1;166,31;0,1;103,11;Boleto;Marketplace;149,68;103,11;46,57;0,3111
101323;2025-09-07;C1035;8;20;2;212,21;0,05;116,72;PIX;Online;403,2;233,44;169,76;0,421
101324;2026-06-04;C0442;1;20;1;841,85;0,2;538,78;Cartão de crédito;Online;673,48;538,78;134,7;0,2
101325;2025-06-20;C1232;6;23;3;243,05;0,15;121,53;Cartão de débito;Online;619,78;364,59;255,19;0,4117
101326;2025-02-25;C0371;4;25;1;2031,65;0,1;1422,15;Boleto;Online;1828,48;1422,15;406,33;0,2222
101327;2025-01-01;C0605;3;24;1;33,77;0,0;15,2;Cartão de débito;Online;33,77;15,2;18,57;0,5499
101328;2025-04-03;C1003;10;26;1;257,71;0,1;134,01;Boleto;Online;231,94;134,01;97,93;0,4222
101329;2025-04-13;C1929;11;17;1;1030,48;0,0;700,73;Boleto;Marketplace;1030,48;700,73;329,75;0,32
101330;2025-04-09;C1588;1;4;1;834,13;0,0;533,84;PIX;Marketplace;834,13;533,84;300,29;0,36
101331;2026-02-08;C2188;10;12;1;236,26;0,1;122,86;Cartão de crédito;Online;212,63;122,86;89,77;0,4222
101332;2025-08-29;C1512;7;7;1;526,09;0,0;326,18;Boleto;Online;526,09;326,18;199,91;0,38
101333;2025-05-22;C2048;1;10;1;447,86;0,05;286,63;Boleto;Online;425,47;286,63;138,84;0,3263
101334;2025-06-04;C1168;10;16;1;296,09;0,05;153,97;Boleto;Online;281,29;153,97;127,32;0,4526
101335;2026-02-12;C2120;7;14;3;498,69;0,0;309,19;Cartão de crédito;Marketplace;1496,07;927,57;568,5;0,38
101336;2025-06-14;C1307;14;26;1;4274,4;0,1;3077,57;Boleto;Marketplace;3846,96;3077,57;769,39;0,2
101337;2025-02-25;C1241;10;22;1;317,46;0,0;165,08;Boleto;Marketplace;317,46;165,08;152,38;0,48
101338;2025-12-10;C2192;8;2;4;104,57;0,0;57,51;Boleto;Online;418,28;230,04;188,24;0,45
101339;2025-01-08;C1381;13;9;4;377,18;0,0;218,76;Boleto;Marketplace;1508,72;875,04;633,68;0,42
101340;2026-04-21;C1154;12;11;1;2262,21;0,05;1538,3;PIX;Marketplace;2149,1;1538,3;610,8;0,2842
101341;2025-12-12;C1214;10;6;2;87,53;0,0;45,52;PIX;Marketplace;175,06;91,04;84,02;0,4799
101342;2026-04-03;C1330;14;1;1;2624,65;0,0;1889,75;Cartão de crédito;Marketplace;2624,65;1889,75;734,9;0,28
101343;2025-06-29;C0345;1;17;1;388,24;0,0;248,47;Boleto;Marketplace;388,24;248,47;139,77;0,36
101344;2026-04-15;C1000;11;27;3;1845,73;0,15;1255,1;Boleto;Online;4706,61;3765,3;941,31;0,2
101345;2025-12-01;C1527;15;22;1;3437,41;0,1;2681,18;Cartão de crédito;Marketplace;3093,67;2681,18;412,49;0,1333
101346;2025-03-22;C1384;6;26;4;199,85;0,05;99,92;Cartão de débito;Marketplace;759,43;399,68;359,75;0,4737
101347;2026-03-20;C0477;15;7;2;3283,58;0,2;2561,19;Cartão de débito;Online;5253,73;5122,38;131,35;0,025
101348;2026-04-30;C0882;11;4;2;1099,11;0,1;747,39;Cartão de débito;Marketplace;1978,4;1494,78;483,62;0,2445
101349;2025-02-16;C2477;6;26;1;86,25;0,0;43,12;Boleto;Online;86,25;43,12;43,13;0,5001
101350;2026-03-01;C0532;14;3;1;4118,54;0,1;2965,35;PIX;Online;3706,69;2965,35;741,34;0,2
101351;2025-08-19;C0075;1;1;2;454,74;0,1;291,03;Boleto;Marketplace;818,53;582,06;236,47;0,2889
101352;2026-02-03;C1949;4;15;4;525,13;0,0;367,59;Boleto;Online;2100,52;1470,36;630,16;0,3
101353;2026-05-26;C0863;3;20;1;33,6;0,05;15,12;Cartão de crédito;Online;31,92;15,12;16,8;0,5263
101354;2025-12-20;C0341;8;6;1;296,67;0,05;163,17;PIX;Marketplace;281,84;163,17;118,67;0,4211
101355;2025-01-31;C0639;3;2;2;33,34;0,05;15,0;Boleto;Online;63,35;30,0;33,35;0,5264
101356;2026-05-18;C0962;9;8;1;378,04;0,05;238,17;Cartão de crédito;Marketplace;359,14;238,17;120,97;0,3368
101357;2025-08-05;C0454;5;4;2;378,62;0,0;246,1;Boleto;Marketplace;757,24;492,2;265,04;0,35
101358;2025-08-11;C1713;11;3;3;846,21;0,1;575,42;Cartão de crédito;Marketplace;2284,77;1726,26;558,51;0,2444
101359;2026-06-30;C1607;6;6;1;130,79;0,1;65,39;Boleto;Online;117,71;65,39;52,32;0,4445
101360;2026-02-14;C1182;7;3;1;772,4;0,1;478,89;Cartão de débito;Online;695,16;478,89;216,27;0,3111
101361;2026-03-05;C1714;16;18;1;418,21;0,1;230,02;Cartão de crédito;Marketplace;376,39;230,02;146,37;0,3889
101362;2025-11-29;C2498;14;19;1;4492,57;0,05;3234,65;PIX;Online;4267,94;3234,65;1033,29;0,2421
101363;2026-06-08;C0791;16;5;3;180,69;0,05;99,38;Cartão de débito;Marketplace;514,97;298,14;216,83;0,4211
101364;2025-11-27;C0544;5;25;1;1094,45;0,0;711,39;Boleto;Online;1094,45;711,39;383,06;0,35
101365;2025-09-05;C0725;3;7;4;60,02;0,0;27,01;PIX;Online;240,08;108,04;132,04;0,55
101366;2026-04-19;C0287;1;9;1;322,63;0,1;206,48;Boleto;Marketplace;290,37;206,48;83,89;0,2889
101367;2026-03-04;C1066;15;7;3;3149,37;0,1;2456,51;Cartão de crédito;Marketplace;8503,3;7369,53;1133,77;0,1333
101368;2025-03-03;C1200;8;11;3;262,23;0,1;144,23;PIX;Marketplace;708,02;432,69;275,33;0,3889
101369;2026-03-27;C1756;6;4;2;70,72;0,1;35,36;Cartão de crédito;Online;127,3;70,72;56,58;0,4445
101370;2026-02-27;C1392;11;16;1;788,91;0,05;536,46;Cartão de crédito;Marketplace;749,46;536,46;213,0;0,2842
101371;2026-04-15;C2014;15;21;2;4027,92;0,0;3141,78;Boleto;Marketplace;8055,84;6283,56;1772,28;0,22
101372;2025-09-22;C2328;3;9;1;22,86;0,0;10,29;PIX;Online;22,86;10,29;12,57;0,5499
101373;2026-01-15;C2309;1;24;1;503,85;0,15;322,46;PIX;Marketplace;428,27;322,46;105,81;0,2471
101374;2025-10-29;C0633;3;6;2;75,61;0,0;34,02;Boleto;Marketplace;151,22;68,04;83,18;0,5501
101375;2025-01-29;C0867;1;15;2;403,85;0,0;258,46;Boleto;Marketplace;807,7;516,92;290,78;0,36
101376;2025-12-19;C0639;7;20;2;525,82;0,05;326,01;Boleto;Online;999,06;652,02;347,04;0,3474
101377;2026-05-09;C0719;6;19;1;125,97;0,1;62,98;PIX;Online;113,37;62,98;50,39;0,4445
101378;2025-07-31;C0919;9;8;1;412,15;0,1;259,65;Cartão de débito;Marketplace;370,94;259,65;111,29;0,3
101379;2026-04-16;C2333;8;27;3;279,39;0,1;153,66;Cartão de débito;Online;754,35;460,98;293,37;0,3889
101380;2025-02-03;C1633;11;16;2;1923,25;0,05;1307,81;Cartão de crédito;Online;3654,18;2615,62;1038,56;0,2842
101381;2026-06-20;C1016;3;3;1;83,78;0,0;37,7;Cartão de débito;Online;83,78;37,7;46,08;0,55
101382;2025-07-01;C0165;3;1;4;41,26;0,0;18,57;Cartão de débito;Online;165,04;74,28;90,76;0,5499
101383;2026-06-20;C1241;13;12;1;175,59;0,05;101,84;Boleto;Marketplace;166,81;101,84;64,97;0,3895
101384;2025-02-22;C1307;17;25;2;151,14;0,05;90,68;Cartão de crédito;Marketplace;287,17;181,36;105,81;0,3685
101385;2025-04-13;C2222;5;26;2;798,29;0,0;518,89;Boleto;Online;1596,58;1037,78;558,8;0,35
101386;2025-07-19;C2413;3;26;3;69,15;0,05;31,12;PIX;Marketplace;197,08;93,36;103,72;0,5263
101387;2026-05-20;C0724;2;3;1;854,1;0,0;572,25;PIX;Marketplace;854,1;572,25;281,85;0,33
101388;2025-12-16;C1128;1;8;2;652,14;0,1;417,37;Cartão de débito;Marketplace;1173,85;834,74;339,11;0,2889
101389;2025-11-23;C2088;14;2;1;3070,96;0,0;2211,09;PIX;Online;3070,96;2211,09;859,87;0,28
101390;2025-12-17;C2207;3;5;3;35,49;0,0;15,97;Cartão de débito;Marketplace;106,47;47,91;58,56;0,55
101391;2025-11-09;C1311;6;7;2;144,38;0,1;72,19;Cartão de débito;Online;259,88;144,38;115,5;0,4444
101392;2025-06-10;C0787;4;7;2;2071,62;0,15;1450,13;Cartão de débito;Marketplace;3521,75;2900,26;621,49;0,1765
101393;2026-05-01;C2439;6;16;2;205,95;0,0;102,97;Boleto;Marketplace;411,9;205,94;205,96;0,5
101394;2025-05-29;C1255;11;25;1;966,29;0,1;657,08;PIX;Marketplace;869,66;657,08;212,58;0,2444
101395;2026-03-04;C0024;16;15;2;302,04;0,2;166,12;Cartão de débito;Marketplace;483,26;332,24;151,02;0,3125
101396;2025-01-20;C0829;2;15;1;1145,84;0,0;767,71;Cartão de crédito;Marketplace;1145,84;767,71;378,13;0,33
101397;2026-01-27;C1335;10;7;2;316,49;0,1;164,57;Boleto;Marketplace;569,68;329,14;240,54;0,4222
101398;2025-03-18;C0996;17;12;1;605,99;0,15;363,59;Boleto;Online;515,09;363,59;151,5;0,2941
101399;2026-05-14;C1024;16;8;1;403,35;0,05;221,84;Cartão de crédito;Marketplace;383,18;221,84;161,34;0,4211
101400;2026-01-14;C1795;2;1;4;388,79;0,0;260,49;Cartão de crédito;Marketplace;1555,16;1041,96;513,2;0,33
101401;2025-06-05;C0617;10;25;2;263,71;0,05;137,13;Cartão de débito;Marketplace;501,05;274,26;226,79;0,4526
101402;2026-06-28;C1194;2;22;2;425,58;0,1;285,14;PIX;Marketplace;766,04;570,28;195,76;0,2555
101403;2025-08-08;C0755;3;23;1;38,21;0,05;17,19;PIX;Marketplace;36,3;17,19;19,11;0,5264
101404;2025-05-24;C0489;14;22;2;3995,66;0,1;2876,88;Cartão de crédito;Online;7192,19;5753,76;1438,43;0,2
101405;2026-01-18;C0067;6;22;2;249,13;0,2;124,56;PIX;Marketplace;398,61;249,12;149,49;0,375
101406;2025-12-08;C0275;9;4;2;391,35;0,2;246,55;Cartão de crédito;Online;626,16;493,1;133,06;0,2125
101407;2025-03-31;C2351;6;4;4;172,01;0,2;86,0;Cartão de crédito;Marketplace;550,43;344,0;206,43;0,375
101408;2026-04-22;C1849;2;10;3;1492,94;0,0;1000,27;Cartão de crédito;Online;4478,82;3000,81;1478,01;0,33
101409;2026-04-10;C2162;4;26;2;1978,92;0,15;1385,24;Boleto;Marketplace;3364,16;2770,48;593,68;0,1765
101410;2026-02-04;C0078;14;5;1;3628,35;0,0;2612,41;PIX;Marketplace;3628,35;2612,41;1015,94;0,28
101411;2025-12-30;C2363;5;24;1;972,99;0,0;632,44;Cartão de crédito;Online;972,99;632,44;340,55;0,35
101412;2025-05-11;C2213;12;5;1;824,68;0,15;560,78;Cartão de débito;Online;700,98;560,78;140,2;0,2
101413;2025-06-17;C1738;9;4;5;231,83;0,15;146,05;PIX;Online;985,28;730,25;255,03;0,2588
101414;2026-03-27;C0505;13;1;3;237,55;0,05;137,78;Cartão de débito;Marketplace;677,02;413,34;263,68;0,3895
101415;2026-04-03;C1797;12;27;1;1070,14;0,05;727,7;Cartão de crédito;Online;1016,63;727,7;288,93;0,2842
101416;2026-06-03;C2369;7;8;2;241,28;0,1;149,59;Boleto;Marketplace;434,3;299,18;135,12;0,3111
101417;2026-03-02;C0783;4;17;1;681,58;0,05;477,11;PIX;Online;647,5;477,11;170,39;0,2632
101418;2025-01-17;C0030;3;8;1;53,6;0,2;24,12;PIX;Marketplace;42,88;24,12;18,76;0,4375
101419;2025-03-08;C1779;9;21;4;432,96;0,0;272,76;Cartão de crédito;Marketplace;1731,84;1091,04;640,8;0,37
101420;2025-01-17;C1126;8;5;2;277,41;0,0;152,58;Cartão de débito;Online;554,82;305,16;249,66;0,45
101421;2026-06-16;C0638;13;7;1;277,32;0,0;160,85;Cartão de débito;Marketplace;277,32;160,85;116,47;0,42
101422;2026-03-01;C0646;11;18;1;679,42;0,05;462,01;Cartão de débito;Marketplace;645,45;462,01;183,44;0,2842
101423;2025-06-16;C0123;17;27;1;314,25;0,1;188,55;PIX;Marketplace;282,82;188,55;94,27;0,3333
101424;2025-01-27;C1359;14;18;1;4146,76;0,1;2985,67;Boleto;Online;3732,08;2985,67;746,41;0,2
101425;2026-06-22;C0696;16;19;1;107,47;0,15;59,11;Boleto;Online;91,35;59,11;32,24;0,3529
101426;2026-05-03;C1903;17;18;5;699,3;0,05;419,58;Cartão de crédito;Marketplace;3321,68;2097,9;1223,78;0,3684
101427;2026-04-26;C1053;8;7;1;224,4;0,05;123,42;Cartão de crédito;Marketplace;213,18;123,42;89,76;0,4211
101428;2025-07-20;C0516;8;5;1;108,56;0,15;59,71;Cartão de crédito;Online;92,28;59,71;32,57;0,3529
101429;2025-10-17;C0432;16;6;1;225,34;0,1;123,94;PIX;Marketplace;202,81;123,94;78,87;0,3889
101430;2026-06-14;C2365;6;10;5;103,35;0,15;51,67;Boleto;Marketplace;439,24;258,35;180,89;0,4118
101431;2025-02-05;C1578;13;26;2;413,56;0,2;239,86;Cartão de débito;Online;661,7;479,72;181,98;0,275
101432;2025-06-15;C1626;1;15;1;700,46;0,05;448,29;Cartão de débito;Marketplace;665,44;448,29;217,15;0,3263
101433;2025-08-08;C1857;3;16;2;63,67;0,0;28,65;PIX;Marketplace;127,34;57,3;70,04;0,55
101434;2025-09-19;C1397;7;14;3;515,52;0,05;319,62;Cartão de crédito;Marketplace;1469,23;958,86;510,37;0,3474
101435;2025-09-27;C0259;6;13;2;135,3;0,0;67,65;Cartão de débito;Online;270,6;135,3;135,3;0,5
101436;2026-04-14;C0456;1;15;1;798,89;0,0;511,29;PIX;Marketplace;798,89;511,29;287,6;0,36
101437;2025-03-26;C2068;10;9;1;342,41;0,15;178,05;Cartão de débito;Online;291,05;178,05;113,0;0,3882
101438;2025-01-18;C0814;1;18;2;547,76;0,1;350,57;Cartão de crédito;Marketplace;985,97;701,14;284,83;0,2889
101439;2026-06-28;C0684;1;3;1;370,1;0,0;236,86;Cartão de débito;Online;370,1;236,86;133,24;0,36
101440;2025-07-27;C1141;10;20;1;390,13;0,05;202,87;Boleto;Marketplace;370,62;202,87;167,75;0,4526
101441;2025-11-26;C0558;3;21;2;44,0;0,0;19,8;PIX;Online;88,0;39,6;48,4;0,55
101442;2025-03-02;C1681;15;22;1;2923,73;0,0;2280,51;Não informado;Marketplace;2923,73;2280,51;643,22;0,22
101443;2026-03-06;C1602;7;5;2;336,43;0,05;208,59;PIX;Online;639,22;417,18;222,04;0,3474
101444;2025-05-07;C2400;16;14;4;175,92;0,05;96,76;PIX;Marketplace;668,5;387,04;281,46;0,421
101445;2025-05-01;C2133;14;17;1;2859,14;0,1;2058,58;Cartão de débito;Marketplace;2573,23;2058,58;514,65;0,2
101446;2025-05-08;C2217;9;4;2;338,1;0,0;213,0;PIX;Marketplace;676,2;426,0;250,2;0,37
101447;2026-01-26;C1047;12;21;1;1539,75;0,05;1047,03;Boleto;Marketplace;1462,76;1047,03;415,73;0,2842
101448;2026-06-20;C0423;1;15;1;812,23;0,2;519,83;Cartão de débito;Marketplace;649,78;519,83;129,95;0,2
101449;2026-03-08;C0233;10;1;2;356,85;0,0;185,56;PIX;Marketplace;713,7;371,12;342,58;0,48
101450;2025-12-03;C1719;6;26;2;100,25;0,05;50,12;Cartão de crédito;Marketplace;190,48;100,24;90,24;0,4738
101451;2026-05-22;C0907;1;4;2;765,94;0,0;490,2;Boleto;Marketplace;1531,88;980,4;551,48;0,36
101452;2026-01-27;C0173;6;8;2;168,07;0,1;84,03;Cartão de crédito;Online;302,53;168,06;134,47;0,4445
101453;2026-01-05;C2377;1;20;2;932,65;0,05;596,9;Cartão de crédito;Marketplace;1772,04;1193,8;578,24;0,3263
101454;2026-04-17;C2349;3;22;3;22,98;0,05;10,34;Boleto;Online;65,49;31,02;34,47;0,5263
101455;2025-07-05;C0099;5;2;2;528,96;0,0;343,82;Cartão de crédito;Marketplace;1057,92;687,64;370,28;0,35
101456;2026-01-03;C1410;2;22;1;1456,99;0,0;976,18;Cartão de crédito;Marketplace;1456,99;976,18;480,81;0,33
101457;2025-09-27;C0658;3;10;1;81,66;0,05;36,75;Boleto;Marketplace;77,58;36,75;40,83;0,5263
101458;2026-05-27;C0365;7;27;1;612,3;0,1;379,63;Cartão de débito;Marketplace;551,07;379,63;171,44;0,3111
101459;2025-04-14;C0371;9;24;2;270,2;0,05;170,23;Boleto;Online;513,38;340,46;172,92;0,3368
101460;2026-05-13;C1437;2;24;1;797,21;0,05;534,13;Cartão de débito;Marketplace;757,35;534,13;223,22;0,2947
101461;2025-04-25;C0778;14;13;2;5680,91;0,1;4090,26;PIX;Online;10225,64;8180,52;2045,12;0,2
101462;2025-03-19;C0814;16;14;1;455,83;0,15;250,71;Boleto;Marketplace;387,46;250,71;136,75;0,3529
101463;2025-12-15;C2183;13;1;1;135,87;0,05;78,8;PIX;Online;129,08;78,8;50,28;0,3895
101464;2025-08-19;C1813;4;16;3;991,81;0,0;694,27;Cartão de crédito;Marketplace;2975,43;2082,81;892,62;0,3
101465;2025-08-13;C1005;1;18;3;608,25;0,1;389,28;Cartão de crédito;Marketplace;1642,28;1167,84;474,44;0,2889
101466;2025-01-22;C1980;1;12;3;590,17;0,05;377,71;Cartão de débito;Marketplace;1681,98;1133,13;548,85;0,3263
101467;2026-06-16;C2380;7;20;1;581,59;0,15;360,59;PIX;Marketplace;494,35;360,59;133,76;0,2706
101468;2026-03-18;C1517;2;13;1;1406,88;0,0;942,61;PIX;Online;1406,88;942,61;464,27;0,33
101469;2025-11-26;C1012;13;22;2;323,16;0,0;187,43;Boleto;Marketplace;646,32;374,86;271,46;0,42
101470;2025-08-22;C1427;17;5;2;551,48;0,05;330,89;Boleto;Marketplace;1047,81;661,78;386,03;0,3684
101471;2026-04-17;C1794;12;24;1;1485,13;0,2;1009,89;Cartão de crédito;Marketplace;1188,1;1009,89;178,21;0,15
101472;2025-12-22;C1953;12;19;3;966,18;0,1;657,0;PIX;Marketplace;2608,69;1971,0;637,69;0,2444
101473;2026-05-18;C1765;14;23;2;5799,62;0,2;4175,73;Boleto;Marketplace;9279,39;8351,46;927,93;0,1
101474;2025-12-05;C0953;9;18;2;540,46;0,15;340,49;PIX;Online;918,78;680,98;237,8;0,2588
101475;2026-01-02;C2407;12;9;1;2459,24;0,1;1672,28;Boleto;Online;2213,32;1672,28;541,04;0,2444
101476;2025-09-12;C2464;5;26;2;1189,59;0,1;773,23;Boleto;Online;2141,26;1546,46;594,8;0,2778
101477;2025-04-02;C0386;4;20;4;1648,01;0,15;1153,61;Boleto;Marketplace;5603,23;4614,44;988,79;0,1765
101478;2025-05-22;C1407;8;2;1;148,46;0,0;81,65;PIX;Marketplace;148,46;81,65;66,81;0,45
101479;2025-07-08;C1068;15;3;1;1906,56;0,2;1487,12;Cartão de crédito;Marketplace;1525,25;1487,12;38,13;0,025
101480;2025-04-07;C2146;3;13;1;90,34;0,0;40,65;Cartão de crédito;Marketplace;90,34;40,65;49,69;0,55
101481;2025-06-22;C0008;17;20;4;470,38;0,0;282,23;PIX;Online;1881,52;1128,92;752,6;0,4
101482;2025-03-13;C0707;11;23;1;1393,4;0,0;947,51;PIX;Online;1393,4;947,51;445,89;0,32
101483;2026-01-19;C2352;13;4;1;265,09;0,1;153,75;Cartão de débito;Online;238,58;153,75;84,83;0,3556
101484;2025-02-01;C0159;3;8;4;91,06;0,1;40,98;PIX;Marketplace;327,82;163,92;163,9;0,5
101485;2025-12-24;C0739;17;23;2;217,17;0,0;130,3;Cartão de débito;Marketplace;434,34;260,6;173,74;0,4
101486;2026-02-03;C1835;3;5;4;73,5;0,0;33,08;PIX;Online;294,0;132,32;161,68;0,5499
101487;2026-05-18;C0772;1;17;2;329,11;0,0;210,63;Cartão de crédito;Online;658,22;421,26;236,96;0,36
101488;2026-06-24;C2307;4;13;2;1563,85;0,05;1094,69;Cartão de débito;Marketplace;2971,31;2189,38;781,93;0,2632
101489;2025-05-19;C1835;4;20;2;1085,92;0,1;760,14;Boleto;Marketplace;1954,66;1520,28;434,38;0,2222
101490;2026-05-18;C0098;15;20;1;2286,06;0,05;1783,13;PIX;Marketplace;2171,76;1783,13;388,63;0,1789
101491;2025-02-26;C2161;9;12;3;210,28;0,0;132,48;Cartão de débito;Marketplace;630,84;397,44;233,4;0,37
101492;2025-01-29;C0194;12;13;4;1392,82;0,05;947,12;Cartão de crédito;Marketplace;5292,72;3788,48;1504,24;0,2842
101493;2026-06-21;C0731;6;23;1;186,23;0,0;93,11;Cartão de crédito;Marketplace;186,23;93,11;93,12;0,5
101494;2025-08-15;C1312;7;3;1;302,71;0,0;187,68;Cartão de crédito;Online;302,71;187,68;115,03;0,38
101495;2025-07-30;C0477;16;27;4;102,37;0,0;56,3;PIX;Online;409,48;225,2;184,28;0,45
101496;2025-08-22;C1523;16;7;3;300,98;0,0;165,54;Cartão de débito;Marketplace;902,94;496,62;406,32;0,45
101497;2025-11-14;C0840;10;2;4;289,07;0,15;150,32;Cartão de crédito;Marketplace;982,84;601,28;381,56;0,3882
101498;2026-01-22;C1140;10;16;3;140,64;0,1;73,13;Cartão de crédito;Marketplace;379,73;219,39;160,34;0,4222
101499;2026-04-05;C0528;12;8;2;1101,35;0,1;748,92;Cartão de débito;Marketplace;1982,43;1497,84;484,59;0,2444
101500;2025-07-07;C2200;15;14;1;4774,01;0,0;3723,73;Boleto;Marketplace;4774,01;3723,73;1050,28;0,22
101501;2025-10-19;C2336;9;23;1;485,27;0,05;305,72;Cartão de crédito;Marketplace;461,01;305,72;155,29;0,3368
101502;2025-05-11;C2123;5;5;5;668,96;0,0;434,82;Cartão de crédito;Marketplace;3344,8;2174,1;1170,7;0,35
101503;2025-03-27;C0277;7;18;1;611,49;0,05;379,12;Boleto;Online;580,92;379,12;201,8;0,3474
101504;2025-07-13;C0862;6;18;2;58,75;0,0;29,38;PIX;Marketplace;117,5;58,76;58,74;0,4999
101505;2025-12-25;C1893;7;18;1;633,1;0,05;392,52;PIX;Online;601,45;392,52;208,93;0,3474
101506;2025-07-08;C0797;1;25;1;804,83;0,0;515,09;Cartão de crédito;Online;804,83;515,09;289,74;0,36
101507;2025-10-22;C2281;6;8;1;159,42;0,0;79,71;Cartão de crédito;Marketplace;159,42;79,71;79,71;0,5
101508;2025-01-18;C0696;6;8;2;114,33;0,0;57,16;Cartão de débito;Online;228,66;114,32;114,34;0,5
101509;2025-01-04;C2305;16;5;1;293,76;0,05;161,57;Cartão de crédito;Online;279,07;161,57;117,5;0,421
101510;2026-05-03;C2341;14;25;2;3488,64;0,1;2511,82;Cartão de débito;Marketplace;6279,55;5023,64;1255,91;0,2
101511;2025-12-20;C1864;2;15;1;1373,22;0,05;920,06;Cartão de débito;Online;1304,56;920,06;384,5;0,2947
101512;2025-06-28;C1592;9;26;5;543,33;0,05;342,3;Boleto;Marketplace;2580,82;1711,5;869,32;0,3368
101513;2025-02-13;C1884;13;20;1;449,52;0,15;260,72;Cartão de débito;Marketplace;382,09;260,72;121,37;0,3176
101514;2026-02-20;C1725;5;20;3;660,58;0,05;429,38;Boleto;Marketplace;1882,65;1288,14;594,51;0,3158
101515;2025-11-30;C1634;4;21;1;1559,87;0,0;1091,91;Cartão de débito;Online;1559,87;1091,91;467,96;0,3
101516;2026-04-20;C2246;11;6;3;1667,33;0,05;1133,78;Cartão de débito;Marketplace;4751,89;3401,34;1350,55;0,2842
101517;2026-04-27;C0446;13;4;1;269,97;0,15;156,58;Boleto;Online;229,47;156,58;72,89;0,3176
101518;2025-08-11;C1384;5;9;2;356,72;0,05;231,87;Boleto;Online;677,77;463,74;214,03;0,3158
101519;2025-01-25;C0846;3;1;1;73,36;0,0;33,01;Cartão de débito;Marketplace;73,36;33,01;40,35;0,55
101520;2025-06-04;C1685;5;4;1;445,7;0,1;289,7;Boleto;Marketplace;401,13;289,7;111,43;0,2778
101521;2025-02-06;C0398;6;11;2;67,15;0,0;33,58;PIX;Online;134,3;67,16;67,14;0,4999
101522;2026-01-01;C0832;4;19;2;2415,91;0,0;1691,14;PIX;Marketplace;4831,82;3382,28;1449,54;0,3
101523;2026-05-02;C1387;3;13;2;43,18;0,0;19,43;Cartão de débito;Online;86,36;38,86;47,5;0,55
101524;2026-03-02;C0486;7;13;1;613,72;0,0;380,51;Boleto;Marketplace;613,72;380,51;233,21;0,38
101525;2025-04-27;C0601;1;20;3;367,95;0,0;235,49;Boleto;Marketplace;1103,85;706,47;397,38;0,36
101526;2025-06-24;C0082;8;25;2;297,31;0,05;163,52;Cartão de débito;Marketplace;564,89;327,04;237,85;0,4211
101527;2026-05-19;C2322;14;15;1;3689,22;0,0;2656,24;Cartão de crédito;Online;3689,22;2656,24;1032,98;0,28
101528;2025-11-04;C1613;13;14;3;126,61;0,15;73,43;Cartão de débito;Marketplace;322,86;220,29;102,57;0,3177
101529;2025-03-27;C1453;9;12;2;503,67;0,0;317,31;Boleto;Online;1007,34;634,62;372,72;0,37
101530;2025-09-16;C0787;11;26;1;1971,26;0,15;1340,46;Boleto;Marketplace;1675,57;1340,46;335,11;0,2
101531;2025-02-23;C0979;7;10;2;347,34;0,2;215,35;Cartão de crédito;Marketplace;555,74;430,7;125,04;0,225
101532;2025-03-24;C1364;3;7;2;30,45;0,2;13,7;Cartão de crédito;Online;48,72;27,4;21,32;0,4376
101533;2026-01-25;C0818;9;14;3;302,41;0,0;190,52;PIX;Marketplace;907,23;571,56;335,67;0,37
101534;2026-01-11;C2100;4;10;3;2068,24;0,05;1447,77;Cartão de débito;Marketplace;5894,48;4343,31;1551,17;0,2632
101535;2025-07-17;C2003;2;14;1;354,13;0,05;237,27;Cartão de crédito;Marketplace;336,42;237,27;99,15;0,2947
101536;2025-04-27;C0095;6;19;3;211,25;0,0;105,62;Cartão de débito;Marketplace;633,75;316,86;316,89;0,5
101537;2025-06-07;C2343;15;26;3;4115,51;0,15;3210,1;Cartão de crédito;Marketplace;10494,55;9630,3;864,25;0,0824
101538;2025-06-09;C2387;15;10;2;4485,4;0,05;3498,61;Cartão de crédito;Online;8522,26;6997,22;1525,04;0,1789
101539;2025-05-23;C0818;12;21;3;2367,81;0,0;1610,11;Cartão de crédito;Online;7103,43;4830,33;2273,1;0,32
101540;2025-08-27;C0862;10;9;1;105,41;0,0;54,81;Cartão de débito;Marketplace;105,41;54,81;50,6;0,48
101541;2026-05-23;C2480;5;12;2;669,21;0,1;434,99;Cartão de crédito;Marketplace;1204,58;869,98;334,6;0,2778
101542;2026-06-04;C0026;7;13;1;880,64;0,0;546,0;Cartão de débito;Online;880,64;546,0;334,64;0,38
101543;2025-07-12;C0767;15;20;3;4025,14;0,0;3139,61;PIX;Marketplace;12075,42;9418,83;2656,59;0,22
101544;2025-10-20;C0894;6;9;1;214,89;0,1;107,44;Cartão de crédito;Marketplace;193,4;107,44;85,96;0,4445
101545;2025-06-15;C0265;9;11;1;357,08;0,15;224,96;Boleto;Online;303,52;224,96;78,56;0,2588
101546;2025-01-13;C0362;3;21;1;81,71;0,15;36,77;Cartão de crédito;Marketplace;69,45;36,77;32,68;0,4706
101547;2026-04-07;C1467;4;4;2;1460,9;0,05;1022,63;Boleto;Marketplace;2775,71;2045,26;730,45;0,2632
101548;2025-08-22;C2406;5;25;1;890,86;0,05;579,06;PIX;Marketplace;846,32;579,06;267,26;0,3158
101549;2026-04-21;C1853;3;26;1;79,03;0,05;35,56;Cartão de débito;Marketplace;75,08;35,56;39,52;0,5264
101550;2025-06-02;C1637;16;24;1;317,19;0,1;174,45;Cartão de débito;Online;285,47;174,45;111,02;0,3889
101551;2025-04-08;C0068;5;26;1;349,9;0,0;227,44;Boleto;Marketplace;349,9;227,44;122,46;0,35
101552;2025-11-07;C2251;7;17;1;292,46;0,1;181,33;Boleto;Marketplace;263,21;181,33;81,88;0,3111
101553;2026-05-15;C0245;7;21;1;229,51;0,2;142,3;Boleto;Marketplace;183,61;142,3;41,31;0,225
101554;2025-08-29;C2125;13;26;4;417,52;0,05;242,16;PIX;Online;1586,58;968,64;617,94;0,3895
101555;2025-11-15;C1758;4;10;2;1698,23;0,05;1188,76;PIX;Online;3226,64;2377,52;849,12;0,2632
101556;2026-04-30;C0259;11;10;1;992,01;0,0;674,57;Cartão de débito;Marketplace;992,01;674,57;317,44;0,32
101557;2025-10-15;C2274;8;18;1;254,64;0,1;140,05;PIX;Online;229,18;140,05;89,13;0,3889
101558;2025-09-13;C2002;1;8;2;923,39;0,0;590,97;Boleto;Online;1846,78;1181,94;664,84;0,36
101559;2025-03-25;C2168;4;1;1;1705,2;0,15;1193,64;PIX;Online;1449,42;1193,64;255,78;0,1765
101560;2026-02-03;C0792;3;4;2;42,1;0,0;18,95;Cartão de crédito;Marketplace;84,2;37,9;46,3;0,5499
101561;2025-08-17;C0013;1;18;1;877,39;0,05;561,53;PIX;Marketplace;833,52;561,53;271,99;0,3263
101562;2025-11-18;C2478;8;23;3;124,01;0,1;68,21;Cartão de crédito;Marketplace;334,83;204,63;130,2;0,3889
101563;2025-07-19;C2145;12;2;2;1208,42;0,1;821,73;Cartão de crédito;Marketplace;2175,16;1643,46;531,7;0,2444
101564;2025-07-29;C0591;2;2;1;286,03;0,1;191,64;Cartão de crédito;Marketplace;257,43;191,64;65,79;0,2556
101565;2025-06-01;C1830;3;4;2;64,42;0,05;28,99;PIX;Online;122,4;57,98;64,42;0,5263
101566;2026-04-12;C1131;2;12;1;1008,18;0,0;675,48;Cartão de débito;Marketplace;1008,18;675,48;332,7;0,33
101567;2025-05-07;C0215;14;10;3;4434,01;0,05;3192,49;Boleto;Online;12636,93;9577,47;3059,46;0,2421
101568;2025-11-28;C1621;10;3;1;276,19;0,1;143,62;PIX;Marketplace;248,57;143,62;104,95;0,4222
101569;2026-06-08;C0229;12;19;2;1984,6;0,05;1349,53;Cartão de débito;Online;3770,74;2699,06;1071,68;0,2842
101570;2026-06-20;C0670;17;15;4;264,51;0,1;158,71;PIX;Online;952,24;634,84;317,4;0,3333
101571;2025-12-18;C0285;10;3;1;254,44;0,05;132,31;Boleto;Online;241,72;132,31;109,41;0,4526
101572;2025-08-01;C1838;15;5;1;4051,06;0,15;3159,83;Cartão de débito;Online;3443,4;3159,83;283,57;0,0824
101573;2025-02-23;C0924;14;18;1;2647,62;0,1;1906,29;Cartão de débito;Marketplace;2382,86;1906,29;476,57;0,2
101574;2026-02-01;C1622;4;14;1;2031,07;0,05;1421,75;Boleto;Online;1929,52;1421,75;507,77;0,2632
101575;2025-07-24;C2416;12;15;1;1113,11;0,05;756,91;Cartão de crédito;Marketplace;1057,45;756,91;300,54;0,2842
101576;2025-06-18;C1627;6;1;1;157,25;0,15;78,62;PIX;Marketplace;133,66;78,62;55,04;0,4118
101577;2026-06-08;C1591;11;10;1;722,54;0,1;491,33;Cartão de débito;Marketplace;650,29;491,33;158,96;0,2444
101578;2026-02-07;C0489;2;3;2;814,56;0,05;545,76;Boleto;Online;1547,66;1091,52;456,14;0,2947
101579;2025-04-26;C0171;7;23;1;230,05;0,15;142,63;Cartão de débito;Marketplace;195,54;142,63;52,91;0,2706
101580;2025-11-07;C1479;5;27;1;847,83;0,0;551,09;PIX;Online;847,83;551,09;296,74;0,35
101581;2025-01-25;C1270;6;23;1;215,92;0,15;107,96;Boleto;Marketplace;183,53;107,96;75,57;0,4118
101582;2026-04-14;C1601;4;13;2;830,51;0,05;581,36;PIX;Online;1577,97;1162,72;415,25;0,2632
101583;2025-04-20;C0002;15;16;3;3477,11;0,15;2712,15;Cartão de crédito;Marketplace;8866,63;8136,45;730,18;0,0824
101584;2026-01-26;C2327;3;3;4;27,78;0,05;12,5;Cartão de débito;Marketplace;105,56;50,0;55,56;0,5263
101585;2025-03-19;C1147;11;8;1;435,83;0,1;296,36;PIX;Online;392,25;296,36;95,89;0,2445
101586;2026-04-13;C0839;2;22;1;1045,89;0,2;700,75;Cartão de crédito;Marketplace;836,71;700,75;135,96;0,1625
101587;2025-01-15;C0462;7;12;1;326,1;0,15;202,18;PIX;Marketplace;277,18;202,18;75,0;0,2706
101588;2026-05-07;C0260;14;14;2;3036,53;0,0;2186,3;Boleto;Online;6073,06;4372,6;1700,46;0,28
101589;2026-05-25;C1772;12;12;3;1442,36;0,2;980,8;Cartão de crédito;Online;3461,66;2942,4;519,26;0,15
101590;2025-10-16;C1963;2;23;1;584,11;0,1;391,35;Cartão de débito;Marketplace;525,7;391,35;134,35;0,2556
101591;2025-02-15;C2307;14;17;3;4023,71;0,2;2897,07;Cartão de débito;Online;9656,9;8691,21;965,69;0,1
101592;2026-01-08;C0363;9;24;2;339,0;0,05;213,57;PIX;Marketplace;644,1;427,14;216,96;0,3368
101593;2025-11-25;C1421;13;15;1;323,69;0,05;187,74;PIX;Online;307,51;187,74;119,77;0,3895
101594;2026-02-22;C1476;8;18;4;99,02;0,0;54,46;PIX;Marketplace;396,08;217,84;178,24;0,45
101595;2026-04-07;C2209;3;9;3;33,14;0,0;14,91;Cartão de débito;Marketplace;99,42;44,73;54,69;0,5501
101596;2025-05-23;C0844;7;8;3;447,26;0,1;277,3;Cartão de crédito;Online;1207,6;831,9;375,7;0,3111
101597;2025-09-18;C2255;14;21;2;3076,46;0,0;2215,05;PIX;Marketplace;6152,92;4430,1;1722,82;0,28
101598;2025-11-30;C1530;17;20;1;376,47;0,1;225,88;Cartão de débito;Marketplace;338,82;225,88;112,94;0,3333
101599;2025-04-19;C0925;10;4;2;225,17;0,1;117,09;Cartão de débito;Online;405,31;234,18;171,13;0,4222
101600;2025-04-21;C2029;6;5;1;64,44;0,2;32,22;Boleto;Marketplace;51,55;32,22;19,33;0,375
101601;2025-04-09;C0783;5;24;1;231,1;0,0;150,22;Cartão de crédito;Online;231,1;150,22;80,88;0,35
101602;2026-04-09;C0488;2;21;1;696,89;0,05;466,92;PIX;Marketplace;662,05;466,92;195,13;0,2947
101603;2026-01-19;C0854;16;3;1;409,63;0,15;225,3;Cartão de crédito;Marketplace;348,19;225,3;122,89;0,3529
101604;2026-05-27;C1310;12;22;1;1160,41;0,05;789,08;Boleto;Online;1102,39;789,08;313,31;0,2842
101605;2025-12-26;C2009;10;4;5;201,59;0,2;104,83;Cartão de crédito;Marketplace;806,36;524,15;282,21;0,35
101606;2025-04-05;C0340;2;8;1;1288,29;0,1;863,15;Boleto;Marketplace;1159,46;863,15;296,31;0,2556
101607;2025-09-05;C2473;4;4;5;568,68;0,0;398,08;Boleto;Online;2843,4;1990,4;853,0;0,3
101608;2025-04-08;C0043;10;26;2;269,9;0,1;140,35;Boleto;Online;485,82;280,7;205,12;0,4222
101609;2025-07-05;C1898;6;13;1;163,01;0,1;81,5;Cartão de crédito;Marketplace;146,71;81,5;65,21;0,4445
101610;2026-06-14;C2012;17;11;1;416,21;0,15;249,73;PIX;Marketplace;353,78;249,73;104,05;0,2941
101611;2025-04-23;C0635;10;5;4;104,58;0,05;54,38;Cartão de crédito;Marketplace;397,4;217,52;179,88;0,4526
101612;2026-01-21;C0180;7;12;1;317,57;0,15;196,89;Boleto;Online;269,93;196,89;73,04;0,2706
101613;2025-04-29;C0416;3;7;1;30,56;0,2;13,75;Cartão de crédito;Marketplace;24,45;13,75;10,7;0,4376
101614;2026-01-11;C1762;8;3;1;195,54;0,1;107,55;Cartão de crédito;Marketplace;175,99;107,55;68,44;0,3889
101615;2025-02-04;C1143;8;19;1;234,45;0,0;128,95;PIX;Marketplace;234,45;128,95;105,5;0,45
101616;2026-02-15;C2078;8;8;3;279,46;0,15;153,7;Cartão de crédito;Online;712,62;461,1;251,52;0,353
101617;2025-07-11;C0805;15;16;1;4986,08;0,05;3889,14;Boleto;Online;4736,78;3889,14;847,64;0,1789
101618;2026-02-28;C0475;7;18;2;324,19;0,0;201,0;Boleto;Online;648,38;402,0;246,38;0,38
101619;2025-03-03;C2090;11;12;2;580,4;0,1;394,67;Cartão de crédito;Marketplace;1044,72;789,34;255,38;0,2444
101620;2025-11-24;C0999;13;17;3;416,51;0,0;241,58;Boleto;Marketplace;1249,53;724,74;524,79;0,42
101621;2025-04-12;C0707;5;22;1;833,4;0,05;541,71;Cartão de crédito;Online;791,73;541,71;250,02;0,3158
101622;2026-06-07;C0596;13;19;3;108,56;0,05;62,96;Cartão de débito;Online;309,4;188,88;120,52;0,3895
101623;2026-01-06;C0924;10;11;3;210,05;0,1;109,23;PIX;Marketplace;567,14;327,69;239,45;0,4222
101624;2025-07-17;C1531;14;1;1;4622,53;0,15;3328,22;Cartão de débito;Marketplace;3929,15;3328,22;600,93;0,1529
101625;2026-02-21;C0645;6;19;1;154,25;0,05;77,12;Boleto;Online;146,54;77,12;69,42;0,4737
101626;2025-03-09;C2301;10;3;1;365,33;0,0;189,97;Cartão de crédito;Marketplace;365,33;189,97;175,36;0,48
101627;2026-02-07;C1151;2;6;1;1258,51;0,15;843,2;PIX;Marketplace;1069,73;843,2;226,53;0,2118
101628;2026-06-08;C1998;8;21;1;271,65;0,1;149,41;Cartão de débito;Marketplace;244,48;149,41;95,07;0,3889
101629;2025-04-04;C2006;4;19;4;1565,48;0,1;1095,84;PIX;Marketplace;5635,73;4383,36;1252,37;0,2222
101630;2025-10-23;C2435;2;5;1;641,31;0,15;429,68;Cartão de débito;Marketplace;545,11;429,68;115,43;0,2118
101631;2025-07-16;C1373;9;2;1;317,54;0,0;200,05;Cartão de débito;Online;317,54;200,05;117,49;0,37
101632;2025-07-14;C1481;9;25;2;385,39;0,0;242,8;Cartão de débito;Online;770,78;485,6;285,18;0,37
101633;2025-09-10;C0843;9;3;2;424,05;0,0;267,15;Boleto;Marketplace;848,1;534,3;313,8;0,37
101634;2026-02-06;C1984;1;10;2;952,74;0,05;609,75;Cartão de débito;Marketplace;1810,21;1219,5;590,71;0,3263
101635;2025-09-16;C0510;15;26;4;4252,46;0,2;3316,92;Cartão de crédito;Online;13607,87;13267,68;340,19;0,025
101636;2026-05-22;C1863;2;9;4;938,31;0,1;628,67;Boleto;Online;3377,92;2514,68;863,24;0,2556
101637;2025-02-22;C1752;2;2;2;861,95;0,0;577,51;Boleto;Marketplace;1723,9;1155,02;568,88;0,33
101638;2025-05-24;C0742;17;11;1;632,09;0,2;379,25;Cartão de crédito;Marketplace;505,67;379,25;126,42;0,25
101639;2025-10-02;C0522;17;23;2;748,02;0,1;448,81;Cartão de crédito;Online;1346,44;897,62;448,82;0,3333
101640;2025-04-25;C1383;14;5;4;5018,5;0,0;3613,32;Cartão de débito;Online;20074,0;14453,28;5620,72;0,28
101641;2025-12-29;C0969;2;5;1;942,14;0,0;631,23;Cartão de débito;Marketplace;942,14;631,23;310,91;0,33
101642;2025-01-18;C0657;5;16;1;940,46;0,2;611,3;Boleto;Online;752,37;611,3;141,07;0,1875
101643;2025-09-10;C1665;17;24;1;421,65;0,0;252,99;Cartão de débito;Marketplace;421,65;252,99;168,66;0,4
101644;2025-01-04;C0979;17;20;2;404,64;0,15;242,78;Boleto;Online;687,89;485,56;202,33;0,2941
101645;2025-04-13;C0336;1;20;1;610,89;0,0;390,97;Boleto;Online;610,89;390,97;219,92;0,36
101646;2025-07-30;C2014;2;26;1;1343,93;0,0;900,43;Boleto;Marketplace;1343,93;900,43;443,5;0,33
101647;2025-07-30;C1528;3;14;1;26,19;0,1;11,79;Boleto;Online;23,57;11,79;11,78;0,4998
101648;2025-08-01;C0893;16;6;1;302,55;0,0;166,4;Cartão de débito;Marketplace;302,55;166,4;136,15;0,45
101649;2025-01-25;C2308;8;22;1;233,47;0,05;128,41;Cartão de crédito;Marketplace;221,8;128,41;93,39;0,4211
101650;2026-01-04;C1561;11;2;1;1098,07;0,05;746,69;Cartão de crédito;Marketplace;1043,17;746,69;296,48;0,2842
101651;2025-12-23;C0937;2;24;1;1389,5;0,0;930,97;Cartão de débito;Online;1389,5;930,97;458,53;0,33
101652;2026-06-28;C0802;6;4;3;245,83;0,05;122,92;Cartão de débito;Online;700,62;368,76;331,86;0,4737
101653;2025-04-05;C2265;7;25;1;209,44;0,15;129,85;Cartão de débito;Marketplace;178,02;129,85;48,17;0,2706
101654;2026-03-23;C1141;13;24;3;158,13;0,05;91,72;Cartão de crédito;Online;450,67;275,16;175,51;0,3894
101655;2025-02-23;C2346;15;1;2;4137,05;0,2;3226,9;Cartão de débito;Marketplace;6619,28;6453,8;165,48;0,025
101656;2026-03-10;C0688;8;21;1;257,7;0,0;141,74;Cartão de crédito;Online;257,7;141,74;115,96;0,45
101657;2025-10-03;C0733;17;15;1;645,34;0,05;387,2;Cartão de débito;Online;613,07;387,2;225,87;0,3684
101658;2025-09-09;C0036;7;27;1;278,85;0,0;172,89;Não informado;Online;278,85;172,89;105,96;0,38
101659;2025-05-19;C0685;16;7;1;177,95;0,0;97,87;PIX;Marketplace;177,95;97,87;80,08;0,45
101660;2025-09-09;C1864;3;3;1;28,79;0,0;12,96;Cartão de crédito;Online;28,79;12,96;15,83;0,5498
101661;2025-05-20;C0003;16;4;1;364,45;0,05;200,45;Boleto;Marketplace;346,23;200,45;145,78;0,421
101662;2026-04-23;C2129;6;1;1;171,1;0,1;85,55;Boleto;Marketplace;153,99;85,55;68,44;0,4444
101663;2026-02-22;C0684;6;23;1;149,95;0,1;74,97;Cartão de crédito;Marketplace;134,95;74,97;59,98;0,4445
101664;2025-04-29;C2476;9;26;3;303,63;0,0;191,29;PIX;Marketplace;910,89;573,87;337,02;0,37
101665;2025-01-17;C0883;5;12;1;838,45;0,0;544,99;Cartão de débito;Marketplace;838,45;544,99;293,46;0,35
101666;2025-09-08;C0583;16;17;1;213,54;0,05;117,45;Boleto;Marketplace;202,86;117,45;85,41;0,421
101667;2026-01-16;C0839;3;18;1;53,26;0,0;23,97;Cartão de crédito;Marketplace;53,26;23,97;29,29;0,5499
101668;2025-02-24;C1436;11;2;1;1018,49;0,1;692,57;Cartão de crédito;Marketplace;916,64;692,57;224,07;0,2444
101669;2026-06-09;C2260;11;17;1;1894,36;0,15;1288,16;Cartão de crédito;Marketplace;1610,21;1288,16;322,05;0,2
101670;2025-07-18;C1272;4;18;4;831,89;0,2;582,32;PIX;Online;2662,05;2329,28;332,77;0,125
101671;2026-06-06;C0896;14;10;2;3799,43;0,05;2735,59;Boleto;Marketplace;7218,92;5471,18;1747,74;0,2421
101672;2025-10-19;C1508;4;25;1;1534,0;0,0;1073,8;Boleto;Marketplace;1534,0;1073,8;460,2;0,3
101673;2025-02-07;C2245;6;18;2;163,27;0,0;81,64;Boleto;Marketplace;326,54;163,28;163,26;0,5
101674;2025-10-01;C0590;3;20;1;93,2;0,0;41,94;PIX;Marketplace;93,2;41,94;51,26;0,55
101675;2025-02-12;C0181;1;12;1;967,49;0,0;619,19;Cartão de débito;Marketplace;967,49;619,19;348,3;0,36
101676;2026-03-14;C2241;13;19;2;495,98;0,0;287,67;Cartão de débito;Online;991,96;575,34;416,62;0,42
101677;2026-05-10;C0271;2;14;1;1393,92;0,0;933,93;Boleto;Online;1393,92;933,93;459,99;0,33
101678;2026-04-16;C1404;15;16;2;4917,83;0,15;3835,91;PIX;Marketplace;8360,31;7671,82;688,49;0,0824
101679;2025-06-09;C2416;6;5;1;105,79;0,05;52,9;Cartão de débito;Online;100,5;52,9;47,6;0,4736
101680;2026-05-10;C1115;10;1;1;242,83;0,05;126,27;Boleto;Online;230,69;126,27;104,42;0,4526
101681;2025-09-21;C0437;9;5;3;386,41;0,1;243,44;Não informado;Marketplace;1043,31;730,32;312,99;0,3
101682;2025-04-11;C2221;13;12;1;253,31;0,05;146,92;PIX;Marketplace;240,64;146,92;93,72;0,3895
101683;2025-09-06;C0666;15;4;2;4793,97;0,1;3739,3;PIX;Online;8629,15;7478,6;1150,55;0,1333
101684;2026-02-20;C1771;10;15;1;231,42;0,0;120,34;Cartão de crédito;Marketplace;231,42;120,34;111,08;0,48
101685;2026-05-14;C2015;1;2;4;577,44;0,0;369,56;Cartão de débito;Marketplace;2309,76;1478,24;831,52;0,36
101686;2025-06-18;C1377;1;19;1;529,0;0,05;338,56;Cartão de crédito;Online;502,55;338,56;163,99;0,3263
101687;2025-01-09;C0615;15;22;1;2970,59;0,0;2317,06;Cartão de débito;Online;2970,59;2317,06;653,53;0,22
101688;2026-04-28;C0728;14;14;1;3519,98;0,1;2534,39;PIX;Online;3167,98;2534,39;633,59;0,2
101689;2025-06-19;C1269;12;11;1;770,1;0,05;523,67;Cartão de crédito;Online;731,6;523,67;207,93;0,2842
101690;2026-02-05;C2009;7;9;1;595,03;0,1;368,92;Cartão de crédito;Marketplace;535,53;368,92;166,61;0,3111
101691;2025-03-08;C1894;13;21;2;189,19;0,1;109,73;Cartão de crédito;Marketplace;340,54;219,46;121,08;0,3556
101692;2025-10-18;C0132;1;17;1;537,06;0,0;343,72;Boleto;Marketplace;537,06;343,72;193,34;0,36
101693;2025-11-10;C1203;6;5;2;212,93;0,05;106,47;PIX;Marketplace;404,57;212,94;191,63;0,4737
101694;2025-09-04;C1890;5;12;1;355,22;0,0;230,89;Cartão de crédito;Online;355,22;230,89;124,33;0,35
101695;2026-04-05;C0517;17;21;1;151,41;0,1;90,85;PIX;Online;136,27;90,85;45,42;0,3333
101696;2026-03-22;C1679;8;13;1;221,75;0,15;121,96;PIX;Online;188,49;121,96;66,53;0,353
101697;2025-02-04;C1492;8;11;1;122,13;0,0;67,17;PIX;Marketplace;122,13;67,17;54,96;0,45
101698;2026-05-25;C1899;7;10;2;448,12;0,1;277,83;Boleto;Online;806,62;555,66;250,96;0,3111
101699;2026-03-09;C1290;4;24;4;2003,03;0,15;1402,12;Cartão de crédito;Online;6810,3;5608,48;1201,82;0,1765
101700;2026-03-02;C0382;2;18;1;1485,46;0,0;995,26;Cartão de débito;Marketplace;1485,46;995,26;490,2;0,33
101701;2025-07-27;C0740;2;21;1;1213,57;0,1;813,09;PIX;Marketplace;1092,21;813,09;279,12;0,2556
101702;2025-01-03;C0429;4;23;1;2148,65;0,05;1504,06;Cartão de débito;Marketplace;2041,22;1504,06;537,16;0,2632
101703;2025-10-08;C2175;6;7;1;155,75;0,05;77,88;Cartão de débito;Marketplace;147,96;77,88;70,08;0,4736
101704;2026-04-11;C2421;12;11;1;1669,83;0,1;1135,48;PIX;Marketplace;1502,85;1135,48;367,37;0,2444
101705;2026-02-22;C2414;14;2;2;5271,43;0,05;3795,43;Boleto;Online;10015,72;7590,86;2424,86;0,2421
101706;2025-08-17;C1841;4;27;1;2283,03;0,15;1598,12;Cartão de débito;Marketplace;1940,58;1598,12;342,46;0,1765
101707;2025-09-29;C0018;16;25;1;120,27;0,2;66,15;Cartão de débito;Marketplace;96,22;66,15;30,07;0,3125
101708;2026-03-17;C0196;14;27;4;5308,37;0,0;3822,03;Boleto;Online;21233,48;15288,12;5945,36;0,28
101709;2025-11-10;C2459;6;13;2;149,33;0,05;74,67;Não informado;Online;283,73;149,34;134,39;0,4737
101710;2026-02-03;C2297;1;26;2;424,07;0,1;271,4;Boleto;Online;763,33;542,8;220,53;0,2889
101711;2025-09-09;C1966;4;16;1;759,75;0,1;531,82;Cartão de débito;Marketplace;683,78;531,82;151,96;0,2222
101712;2026-03-02;C0663;2;8;3;505,12;0,0;338,43;PIX;Marketplace;1515,36;1015,29;500,07;0,33
101713;2025-03-20;C0638;15;5;3;4412,12;0,0;3441,45;Cartão de crédito;Marketplace;13236,36;10324,35;2912,01;0,22
101714;2025-04-27;C1849;7;13;1;525,35;0,1;325,72;Boleto;Online;472,82;325,72;147,1;0,3111
101715;2025-10-12;C0342;8;22;1;100,25;0,0;55,14;Cartão de débito;Marketplace;100,25;55,14;45,11;0,45
101716;2025-03-30;C0260;14;21;1;3697,35;0,05;2662,09;Cartão de débito;Marketplace;3512,48;2662,09;850,39;0,2421
101717;2025-01-31;C1394;11;22;3;1668,26;0,05;1134,42;Boleto;Online;4754,54;3403,26;1351,28;0,2842
101718;2025-07-14;C1981;7;1;2;710,8;0,0;440,7;Cartão de débito;Marketplace;1421,6;881,4;540,2;0,38
101719;2026-02-01;C1320;3;25;2;35,93;0,0;16,17;Cartão de débito;Online;71,86;32,34;39,52;0,55
101720;2025-01-18;C1526;11;10;2;1064,85;0,1;724,1;Boleto;Online;1916,73;1448,2;468,53;0,2444
101721;2025-04-09;C2436;13;17;1;401,77;0,05;233,03;Boleto;Marketplace;381,68;233,03;148,65;0,3895
101722;2025-02-03;C1299;17;11;1;475,96;0,05;285,58;Cartão de crédito;Online;452,16;285,58;166,58;0,3684
101723;2025-05-21;C1058;9;2;3;599,65;0,0;377,78;Cartão de crédito;Marketplace;1798,95;1133,34;665,61;0,37
101724;2026-05-26;C1264;15;6;2;2627,48;0,0;2049,43;PIX;Online;5254,96;4098,86;1156,1;0,22
101725;2025-05-21;C2151;15;8;2;4406,28;0,05;3436,9;PIX;Marketplace;8371,93;6873,8;1498,13;0,1789
101726;2025-05-07;C0749;4;11;2;1664,46;0,0;1165,12;PIX;Marketplace;3328,92;2330,24;998,68;0,3
101727;2025-11-01;C2263;15;11;2;1401,74;0,05;1093,36;PIX;Marketplace;2663,31;2186,72;476,59;0,1789
101728;2025-12-08;C1103;15;12;2;1547,57;0,0;1207,1;Cartão de crédito;Online;3095,14;2414,2;680,94;0,22
101729;2025-02-13;C1922;8;24;3;169,32;0,0;93,13;Cartão de débito;Online;507,96;279,39;228,57;0,45
101730;2025-06-22;C0759;4;3;2;1638,03;0,15;1146,62;Cartão de crédito;Marketplace;2784,65;2293,24;491,41;0,1765
101731;2025-05-10;C0694;5;5;2;1022,18;0,1;664,42;Boleto;Online;1839,92;1328,84;511,08;0,2778
101732;2025-10-07;C2363;6;13;2;205,25;0,0;102,62;Cartão de débito;Online;410,5;205,24;205,26;0,5
101733;2025-08-05;C1592;10;20;1;248,89;0,0;129,42;Boleto;Marketplace;248,89;129,42;119,47;0,48
101734;2025-09-13;C0511;2;26;2;568,75;0,1;381,06;Cartão de crédito;Marketplace;1023,75;762,12;261,63;0,2556
101735;2025-09-17;C0526;5;14;2;1014,45;0,05;659,39;Cartão de débito;Online;1927,46;1318,78;608,68;0,3158
101736;2025-08-25;C1024;12;18;2;2016,25;0,1;1371,05;Cartão de débito;Marketplace;3629,25;2742,1;887,15;0,2444
101737;2025-01-03;C0861;17;8;2;680,98;0,0;408,59;PIX;Online;1361,96;817,18;544,78;0,4
101738;2025-05-28;C0603;3;10;2;82,85;0,15;37,28;Boleto;Marketplace;140,84;74,56;66,28;0,4706
101739;2025-10-09;C1817;6;20;2;221,55;0,0;110,78;PIX;Online;443,1;221,56;221,54;0,5
101740;2026-05-17;C2003;1;2;4;606,22;0,0;387,98;Boleto;Online;2424,88;1551,92;872,96;0,36
101741;2025-03-03;C1880;12;6;1;1066,91;0,0;725,5;Cartão de débito;Marketplace;1066,91;725,5;341,41;0,32
101742;2025-07-01;C1746;2;19;2;841,54;0,1;563,83;Boleto;Marketplace;1514,77;1127,66;387,11;0,2556
101743;2025-08-18;C1841;9;20;1;534,65;0,1;336,83;PIX;Online;481,18;336,83;144,35;0,3
101744;2025-08-14;C1795;8;17;3;83,77;0,0;46,07;Boleto;Online;251,31;138,21;113,1;0,45
101745;2025-05-29;C0450;6;8;1;124,17;0,0;62,09;PIX;Marketplace;124,17;62,09;62,08;0,5
101746;2025-01-21;C0258;16;6;2;542,4;0,0;298,32;PIX;Online;1084,8;596,64;488,16;0,45
101747;2025-07-07;C2036;6;10;4;50,67;0,2;25,34;Boleto;Marketplace;162,14;101,36;60,78;0,3749
101748;2026-05-08;C0793;14;2;1;5064,17;0,1;3646,2;PIX;Marketplace;4557,75;3646,2;911,55;0,2
101749;2026-02-16;C2465;5;7;2;556,89;0,05;361,98;Cartão de débito;Online;1058,09;723,96;334,13;0,3158
101750;2025-02-16;C1377;4;17;1;2017,85;0,05;1412,49;Cartão de débito;Marketplace;1916,96;1412,49;504,47;0,2632
101751;2025-03-20;C0423;14;11;2;2979,49;0,05;2145,23;Cartão de débito;Marketplace;5661,03;4290,46;1370,57;0,2421
101752;2025-03-16;C0421;10;18;2;392,3;0,05;204,0;Cartão de débito;Online;745,37;408,0;337,37;0,4526
101753;2026-01-15;C0397;5;8;1;211,7;0,05;137,6;PIX;Marketplace;201,11;137,6;63,51;0,3158
101754;2025-04-06;C1396;5;16;4;811,77;0,0;527,65;Cartão de débito;Online;3247,08;2110,6;1136,48;0,35
101755;2025-10-11;C2217;8;27;1;246,61;0,1;135,64;Boleto;Online;221,95;135,64;86,31;0,3889
101756;2025-12-05;C0410;10;16;1;266,52;0,15;138,59;Cartão de crédito;Marketplace;226,54;138,59;87,95;0,3882
101757;2026-01-01;C1853;11;3;2;662,87;0,1;450,75;Cartão de crédito;Marketplace;1193,17;901,5;291,67;0,2444
101758;2025-06-26;C0643;5;27;1;245,2;0,0;159,38;Cartão de débito;Online;245,2;159,38;85,82;0,35
101759;2025-10-30;C1888;13;11;1;268,78;0,1;155,89;Cartão de crédito;Online;241,9;155,89;86,01;0,3556
101760;2025-11-03;C1769;11;17;1;501,23;0,15;340,84;Boleto;Online;426,05;340,84;85,21;0,2
101761;2026-01-19;C0144;7;8;1;663,33;0,15;411,26;Cartão de crédito;Online;563,83;411,26;152,57;0,2706
101762;2025-03-16;C0630;5;24;1;634,62;0,1;412,5;PIX;Marketplace;571,16;412,5;158,66;0,2778
101763;2025-06-11;C2435;3;2;1;65,38;0,2;29,42;Cartão de débito;Marketplace;52,3;29,42;22,88;0,4375
101764;2025-11-20;C1066;2;27;2;1407,77;0,1;943,21;Cartão de crédito;Online;2533,99;1886,42;647,57;0,2556
101765;2025-10-30;C1539;16;12;2;332,43;0,0;182,84;Cartão de crédito;Online;664,86;365,68;299,18;0,45
101766;2025-08-24;C2186;12;3;4;903,7;0,05;614,52;Cartão de débito;Online;3434,06;2458,08;975,98;0,2842
101767;2025-07-04;C2208;6;11;3;209,79;0,0;104,89;Cartão de crédito;Online;629,37;314,67;314,7;0,5
101768;2025-12-14;C2151;15;18;1;2038,63;0,0;1590,13;Cartão de débito;Online;2038,63;1590,13;448,5;0,22
101769;2026-05-18;C0841;10;19;1;332,81;0,1;173,06;Cartão de débito;Marketplace;299,53;173,06;126,47;0,4222
101770;2026-03-09;C2240;15;14;1;4040,56;0,05;3151,64;PIX;Marketplace;3838,53;3151,64;686,89;0,1789
101771;2025-02-03;C0048;14;22;2;5213,56;0,1;3753,76;Cartão de crédito;Online;9384,41;7507,52;1876,89;0,2
101772;2025-06-18;C2400;4;22;1;1875,91;0,05;1313,14;Cartão de crédito;Marketplace;1782,11;1313,14;468,97;0,2632
101773;2025-02-28;C2478;11;20;1;639,64;0,05;434,96;Cartão de crédito;Marketplace;607,66;434,96;172,7;0,2842
101774;2025-09-25;C0653;9;12;1;510,13;0,1;321,38;Boleto;Marketplace;459,12;321,38;137,74;0,3
101775;2026-06-19;C0314;8;7;1;261,36;0,0;143,75;Cartão de crédito;Marketplace;261,36;143,75;117,61;0,45
101776;2026-04-26;C0166;16;11;1;333,66;0,0;183,51;Cartão de crédito;Marketplace;333,66;183,51;150,15;0,45
101777;2026-01-22;C1415;1;16;2;362,08;0,1;231,73;Cartão de débito;Marketplace;651,74;463,46;188,28;0,2889
101778;2025-05-06;C0966;16;10;1;498,85;0,05;274,37;PIX;Online;473,91;274,37;199,54;0,4211
101779;2025-11-14;C0698;11;21;2;1000,52;0,0;680,35;Cartão de crédito;Marketplace;2001,04;1360,7;640,34;0,32
101780;2026-02-21;C0852;12;25;1;1783,78;0,1;1212,97;PIX;Online;1605,4;1212,97;392,43;0,2444
101781;2025-07-09;C0516;6;8;1;103,56;0,0;51,78;Boleto;Marketplace;103,56;51,78;51,78;0,5
101782;2025-05-08;C2277;6;1;3;197,7;0,0;98,85;PIX;Online;593,1;296,55;296,55;0,5
101783;2026-05-26;C1020;8;9;1;163,18;0,1;89,75;Cartão de crédito;Marketplace;146,86;89,75;57,11;0,3889
101784;2025-09-06;C0635;2;14;2;426,88;0,05;286,01;PIX;Online;811,07;572,02;239,05;0,2947
101785;2025-11-11;C1670;6;4;1;54,14;0,15;27,07;Cartão de débito;Marketplace;46,02;27,07;18,95;0,4118
101786;2026-03-18;C0877;6;25;1;242,15;0,0;121,08;Cartão de crédito;Marketplace;242,15;121,08;121,07;0,5
101787;2026-02-04;C0642;9;11;1;480,14;0,1;302,49;Cartão de débito;Marketplace;432,13;302,49;129,64;0,3
101788;2026-01-13;C1393;1;1;1;430,87;0,0;275,76;Cartão de crédito;Online;430,87;275,76;155,11;0,36
101789;2026-01-22;C1261;8;12;1;141,55;0,0;77,85;Cartão de crédito;Online;141,55;77,85;63,7;0,45
101790;2026-01-13;C0989;17;16;2;450,68;0,0;270,41;PIX;Online;901,36;540,82;360,54;0,4
101791;2025-03-05;C1393;3;6;1;74,95;0,0;33,73;Cartão de débito;Online;74,95;33,73;41,22;0,55
101792;2025-08-02;C1455;5;21;1;726,21;0,05;472,04;Cartão de crédito;Marketplace;689,9;472,04;217,86;0,3158
101793;2025-05-25;C0419;1;25;1;797,91;0,05;510,66;Cartão de crédito;Online;758,01;510,66;247,35;0,3263
101794;2025-09-04;C2431;5;18;1;878,78;0,05;571,21;Boleto;Marketplace;834,84;571,21;263,63;0,3158
101795;2025-02-10;C1666;1;4;3;806,35;0,2;516,06;Boleto;Marketplace;1935,24;1548,18;387,06;0,2
101796;2025-04-08;C1892;16;1;4;529,19;0,1;291,05;Cartão de crédito;Online;1905,08;1164,2;740,88;0,3889
101797;2025-08-02;C0109;7;4;5;172,05;0,0;106,67;Boleto;Online;860,25;533,35;326,9;0,38
101798;2026-06-21;C0054;13;21;1;238,46;0,05;138,31;Boleto;Marketplace;226,54;138,31;88,23;0,3895
101799;2025-05-03;C1702;9;20;3;543,5;0,1;342,41;PIX;Marketplace;1467,45;1027,23;440,22;0,3
101800;2025-03-01;C0313;13;9;1;109,78;0,0;63,67;PIX;Online;109,78;63,67;46,11;0,42
101801;2025-08-20;C0948;9;12;1;349,13;0,1;219,95;Cartão de débito;Marketplace;314,22;219,95;94,27;0,3
101802;2025-06-24;C0646;5;19;4;806,57;0,05;524,27;Cartão de débito;Marketplace;3064,97;2097,08;967,89;0,3158
101803;2025-12-10;C1384;2;21;1;365,28;0,15;244,74;PIX;Online;310,49;244,74;65,75;0,2118
101804;2026-02-22;C0176;6;10;3;176,1;0,1;88,05;Cartão de débito;Marketplace;475,47;264,15;211,32;0,4444
101805;2026-03-15;C1784;16;8;4;471,88;0,05;259,53;Cartão de crédito;Online;1793,14;1038,12;755,02;0,4211
101806;2025-01-19;C0173;10;23;4;359,95;0,0;187,17;PIX;Marketplace;1439,8;748,68;691,12;0,48
101807;2025-04-01;C0112;16;1;1;442,45;0,0;243,35;Cartão de débito;Online;442,45;243,35;199,1;0,45
101808;2025-08-12;C1041;7;9;3;416,85;0,1;258,45;Cartão de débito;Marketplace;1125,5;775,35;350,15;0,3111
101809;2026-05-13;C1988;17;7;1;492,96;0,15;295,78;Cartão de débito;Marketplace;419,02;295,78;123,24;0,2941
101810;2025-02-11;C0475;9;9;1;550,25;0,0;346,66;Boleto;Online;550,25;346,66;203,59;0,37
101811;2025-11-02;C0973;4;9;1;1834,21;0,05;1283,95;Cartão de débito;Marketplace;1742,5;1283,95;458,55;0,2632
101812;2025-08-06;C0958;12;8;2;1806,12;0,0;1228,16;PIX;Marketplace;3612,24;2456,32;1155,92;0,32
101813;2025-02-18;C2079;14;22;1;4475,62;0,1;3222,45;PIX;Marketplace;4028,06;3222,45;805,61;0,2
101814;2025-01-17;C1856;7;4;5;587,17;0,0;364,05;Boleto;Marketplace;2935,85;1820,25;1115,6;0,38
101815;2026-04-13;C0368;9;15;3;261,86;0,05;164,97;Boleto;Online;746,3;494,91;251,39;0,3368
101816;2025-12-05;C2316;13;6;1;88,93;0,05;51,58;Cartão de débito;Online;84,48;51,58;32,9;0,3894
101817;2025-04-21;C0758;5;4;3;1007,08;0,0;654,6;Cartão de débito;Marketplace;3021,24;1963,8;1057,44;0,35
101818;2025-02-26;C1671;16;18;2;111,48;0,05;61,31;Boleto;Online;211,81;122,62;89,19;0,4211
101819;2026-03-04;C0126;3;13;2;33,91;0,0;15,26;Cartão de débito;Online;67,82;30,52;37,3;0,55
101820;2026-01-06;C1000;4;13;3;1540,42;0,1;1078,29;Cartão de crédito;Marketplace;4159,13;3234,87;924,26;0,2222
101821;2025-12-19;C1670;14;21;3;2912,32;0,0;2096,87;Boleto;Marketplace;8736,96;6290,61;2446,35;0,28
101822;2025-05-31;C1664;14;2;2;3755,53;0,1;2703,98;PIX;Online;6759,95;5407,96;1351,99;0,2
101823;2026-01-23;C1412;16;26;1;136,4;0,1;75,02;Boleto;Marketplace;122,76;75,02;47,74;0,3889
101824;2025-05-30;C0780;17;4;3;319,59;0,0;191,75;Cartão de crédito;Marketplace;958,77;575,25;383,52;0,4
101825;2025-10-01;C1633;5;6;1;440,6;0,1;286,39;PIX;Online;396,54;286,39;110,15;0,2778
101826;2025-06-18;C1960;14;9;2;2503,42;0,1;1802,46;Boleto;Marketplace;4506,16;3604,92;901,24;0,2
101827;2025-03-06;C0226;16;23;1;589,83;0,05;324,41;Cartão de crédito;Online;560,34;324,41;235,93;0,421
101828;2025-12-09;C0105;5;7;1;266,22;0,05;173,04;PIX;Online;252,91;173,04;79,87;0,3158
101829;2025-03-16;C1317;9;3;1;315,74;0,0;198,92;Cartão de débito;Marketplace;315,74;198,92;116,82;0,37
101830;2025-05-28;C0207;10;26;2;150,56;0,0;78,29;Boleto;Marketplace;301,12;156,58;144,54;0,48
101831;2025-10-16;C1601;3;18;1;77,15;0,05;34,72;Boleto;Marketplace;73,29;34,72;38,57;0,5263
101832;2025-05-21;C1412;13;17;1;415,44;0,1;240,96;Boleto;Marketplace;373,9;240,96;132,94;0,3555
101833;2025-06-14;C2316;12;16;2;1783,24;0,1;1212,6;Cartão de crédito;Marketplace;3209,83;2425,2;784,63;0,2444
101834;2025-09-27;C0276;6;19;4;89,69;0,05;44,84;Cartão de débito;Marketplace;340,82;179,36;161,46;0,4737
101835;2025-06-25;C0830;11;13;1;1937,62;0,0;1317,58;Cartão de crédito;Marketplace;1937,62;1317,58;620,04;0,32
101836;2025-07-29;C0673;14;20;2;2775,08;0,0;1998,06;Cartão de crédito;Online;5550,16;3996,12;1554,04;0,28
101837;2025-09-01;C2103;10;13;4;181,68;0,05;94,47;PIX;Marketplace;690,38;377,88;312,5;0,4526
101838;2025-07-14;C0894;17;6;1;723,98;0,05;434,39;PIX;Online;687,78;434,39;253,39;0,3684
101839;2025-11-27;C0196;7;27;1;446,69;0,05;276,95;Cartão de crédito;Marketplace;424,36;276,95;147,41;0,3474
101840;2025-10-19;C0217;2;8;1;506,11;0,0;339,09;Boleto;Marketplace;506,11;339,09;167,02;0,33
101841;2025-05-26;C1898;17;24;2;449,76;0,05;269,86;Cartão de crédito;Online;854,54;539,72;314,82;0,3684
101842;2025-04-05;C2014;7;8;3;591,74;0,1;366,88;Cartão de débito;Marketplace;1597,7;1100,64;497,06;0,3111
101843;2026-03-06;C0703;6;22;2;118,03;0,1;59,02;Boleto;Online;212,45;118,04;94,41;0,4444
101844;2025-08-26;C2210;10;13;1;116,8;0,05;60,74;PIX;Marketplace;110,96;60,74;50,22;0,4526
101845;2025-12-13;C0938;14;17;2;4073,75;0,1;2933,1;Boleto;Marketplace;7332,75;5866,2;1466,55;0,2
101846;2026-04-10;C1960;17;5;2;381,86;0,15;229,12;Boleto;Online;649,16;458,24;190,92;0,2941
101847;2026-01-09;C0010;14;24;1;3002,7;0,1;2161,94;Cartão de débito;Online;2702,43;2161,94;540,49;0,2
101848;2025-12-02;C0653;11;15;1;1029,37;0,15;699,97;Cartão de crédito;Marketplace;874,96;699,97;174,99;0,2
101849;2025-04-18;C1086;3;3;1;32,03;0,0;14,41;Cartão de débito;Online;32,03;14,41;17,62;0,5501
101850;2025-12-02;C2326;13;11;1;271,82;0,05;157,66;PIX;Online;258,23;157,66;100,57;0,3895
101851;2025-10-23;C2240;10;11;3;384,99;0,0;200,19;PIX;Online;1154,97;600,57;554,4;0,48
101852;2026-03-20;C2451;1;3;2;475,54;0,2;304,35;Cartão de débito;Marketplace;760,86;608,7;152,16;0,2
101853;2026-06-09;C2268;4;25;2;1794,54;0,0;1256,18;Boleto;Online;3589,08;2512,36;1076,72;0,3
101854;2025-04-04;C1463;3;25;4;38,82;0,05;17,47;Boleto;Marketplace;147,52;69,88;77,64;0,5263
101855;2025-07-11;C0108;5;19;4;652,01;0,05;423,81;Cartão de crédito;Marketplace;2477,64;1695,24;782,4;0,3158
101856;2026-06-29;C2018;8;2;1;112,98;0,1;62,14;Boleto;Online;101,68;62,14;39,54;0,3889
101857;2025-11-24;C2115;13;22;2;287,44;0,1;166,72;PIX;Online;517,39;333,44;183,95;0,3555
101858;2025-07-10;C0973;16;14;1;447,75;0,15;246,26;PIX;Marketplace;380,59;246,26;134,33;0,353
101859;2025-12-06;C1871;16;16;2;115,32;0,0;63,43;Cartão de débito;Marketplace;230,64;126,86;103,78;0,45
101860;2025-10-02;C1029;11;20;1;1237,74;0,05;841,66;Cartão de débito;Online;1175,85;841,66;334,19;0,2842
101861;2025-10-29;C0761;11;13;2;1414,32;0,0;961,74;PIX;Marketplace;2828,64;1923,48;905,16;0,32
101862;2025-07-19;C2238;1;10;4;946,64;0,15;605,85;Boleto;Online;3218,58;2423,4;795,18;0,2471
101863;2025-03-23;C1343;2;17;1;1201,87;0,1;805,25;Não informado;Marketplace;1081,68;805,25;276,43;0,2556
101864;2025-06-21;C2358;16;21;1;573,03;0,0;315,17;Cartão de débito;Marketplace;573,03;315,17;257,86;0,45
101865;2026-01-14;C0419;6;13;1;248,29;0,05;124,14;Boleto;Marketplace;235,88;124,14;111,74;0,4737
101866;2025-01-27;C2006;11;13;1;1930,01;0,15;1312,41;PIX;Online;1640,51;1312,41;328,1;0,2
101867;2026-05-15;C1177;4;3;3;948,41;0,0;663,89;Cartão de crédito;Online;2845,23;1991,67;853,56;0,3
101868;2026-05-08;C2454;17;21;1;132,82;0,05;79,69;PIX;Online;126,18;79,69;46,49;0,3684
101869;2025-02-08;C0353;2;10;3;512,73;0,0;343,53;PIX;Marketplace;1538,19;1030,59;507,6;0,33
101870;2025-12-01;C1343;17;7;1;251,62;0,0;150,97;Cartão de débito;Marketplace;251,62;150,97;100,65;0,4
101871;2026-06-22;C0399;8;11;1;173,78;0,15;95,58;Cartão de crédito;Marketplace;147,71;95,58;52,13;0,3529
101872;2025-04-22;C1162;13;15;4;412,83;0,0;239,44;Cartão de débito;Marketplace;1651,32;957,76;693,56;0,42
101873;2026-06-26;C0500;16;7;2;361,86;0,05;199,02;Cartão de débito;Marketplace;687,53;398,04;289,49;0,4211
101874;2025-10-06;C1479;14;4;1;5456,46;0,05;3928,65;PIX;Marketplace;5183,64;3928,65;1254,99;0,2421
101875;2025-05-21;C1356;7;2;2;834,67;0,1;517,5;Cartão de crédito;Marketplace;1502,41;1035,0;467,41;0,3111
101876;2026-03-02;C1843;6;18;1;105,91;0,15;52,95;Boleto;Marketplace;90,02;52,95;37,07;0,4118
101877;2025-12-12;C1146;6;15;1;117,91;0,05;58,95;PIX;Marketplace;112,01;58,95;53,06;0,4737
101878;2026-05-30;C0528;7;19;1;610,79;0,0;378,69;Boleto;Marketplace;610,79;378,69;232,1;0,38
101879;2025-05-20;C0026;14;15;3;2650,06;0,1;1908,04;Cartão de débito;Online;7155,16;5724,12;1431,04;0,2
101880;2025-08-31;C0538;15;8;2;4303,27;0,2;3356,55;PIX;Marketplace;6885,23;6713,1;172,13;0,025
101881;2025-08-02;C0023;15;3;1;2922,12;0,05;2279,25;Boleto;Online;2776,01;2279,25;496,76;0,1789
101882;2025-10-18;C1243;17;20;1;463,87;0,1;278,32;Boleto;Online;417,48;278,32;139,16;0,3333
101883;2025-08-16;C1733;8;6;1;220,21;0,05;121,12;Boleto;Online;209,2;121,12;88,08;0,421
101884;2025-05-13;C1501;14;15;3;5946,76;0,1;4281,67;PIX;Online;16056,25;12845,01;3211,24;0,2
101885;2026-06-23;C0895;15;27;3;1691,5;0,05;1319,37;Cartão de crédito;Online;4820,77;3958,11;862,66;0,1789
101886;2025-03-06;C0518;5;26;1;343,21;0,1;223,09;PIX;Online;308,89;223,09;85,8;0,2778
101887;2026-01-22;C0034;12;17;3;1635,26;0,05;1111,98;Cartão de débito;Online;4660,49;3335,94;1324,55;0,2842
101888;2025-12-20;C0100;3;21;1;81,35;0,05;36,61;Cartão de crédito;Marketplace;77,28;36,61;40,67;0,5263
101889;2025-07-05;C1434;7;15;1;390,64;0,1;242,2;PIX;Marketplace;351,58;242,2;109,38;0,3111
101890;2026-01-24;C0634;13;7;3;475,7;0,0;275,91;Cartão de crédito;Marketplace;1427,1;827,73;599,37;0,42
101891;2025-09-04;C0419;16;25;1;374,69;0,0;206,08;Cartão de crédito;Marketplace;374,69;206,08;168,61;0,45
101892;2025-03-06;C1873;7;1;2;298,74;0,1;185,22;Cartão de débito;Online;537,73;370,44;167,29;0,3111
101893;2025-11-30;C0745;14;7;1;4518,27;0,05;3253,15;Cartão de débito;Marketplace;4292,36;3253,15;1039,21;0,2421
101894;2025-04-14;C1750;7;3;2;642,94;0,05;398,62;PIX;Online;1221,59;797,24;424,35;0,3474
101895;2025-08-31;C0683;13;22;1;232,75;0,2;135,0;Cartão de débito;Marketplace;186,2;135,0;51,2;0,275
101896;2025-10-01;C1712;9;1;1;467,9;0,05;294,78;Boleto;Online;444,5;294,78;149,72;0,3368
101897;2026-02-07;C1188;7;16;1;164,67;0,0;102,1;Boleto;Online;164,67;102,1;62,57;0,38
101898;2026-04-03;C2473;7;24;3;795,46;0,05;493,19;Cartão de débito;Marketplace;2267,06;1479,57;787,49;0,3474
101899;2025-06-15;C0228;15;4;1;3666,88;0,05;2860,17;Boleto;Online;3483,54;2860,17;623,37;0,1789
101900;2026-05-18;C1339;5;9;1;1151,24;0,15;748,31;Cartão de débito;Online;978,55;748,31;230,24;0,2353
101901;2025-01-29;C0404;13;1;1;233,01;0,1;135,15;Cartão de crédito;Online;209,71;135,15;74,56;0,3555
101902;2025-02-08;C0183;7;14;1;565,66;0,1;350,71;Boleto;Marketplace;509,09;350,71;158,38;0,3111
101903;2025-08-04;C1525;11;13;2;971,78;0,0;660,81;Boleto;Online;1943,56;1321,62;621,94;0,32
101904;2025-07-26;C0072;12;3;1;1243,79;0,15;845,78;Cartão de crédito;Marketplace;1057,22;845,78;211,44;0,2
101905;2026-04-17;C0273;17;1;1;710,28;0,2;426,17;Cartão de crédito;Online;568,22;426,17;142,05;0,25
101906;2025-06-21;C2404;13;23;2;358,88;0,0;208,15;Boleto;Marketplace;717,76;416,3;301,46;0,42
101907;2025-07-17;C0233;6;2;2;89,27;0,0;44,63;Boleto;Online;178,54;89,26;89,28;0,5001
101908;2026-05-27;C0381;5;3;2;315,17;0,05;204,86;Cartão de débito;Online;598,82;409,72;189,1;0,3158
101909;2025-08-01;C0645;17;25;1;580,75;0,1;348,45;Boleto;Marketplace;522,68;348,45;174,23;0,3333
101910;2025-02-24;C0472;13;8;2;393,33;0,0;228,13;Boleto;Marketplace;786,66;456,26;330,4;0,42
101911;2025-05-13;C0741;17;18;1;532,26;0,0;319,36;PIX;Marketplace;532,26;319,36;212,9;0,4
101912;2025-07-22;C0877;1;10;1;700,32;0,05;448,2;Cartão de débito;Online;665,3;448,2;217,1;0,3263
101913;2026-04-12;C1235;7;6;2;227,72;0,1;141,19;Cartão de débito;Online;409,9;282,38;127,52;0,3111
101914;2025-10-19;C0094;15;18;2;3732,17;0,1;2911,09;PIX;Online;6717,91;5822,18;895,73;0,1333
101915;2025-05-18;C0615;4;27;2;1251,15;0,0;875,81;Cartão de débito;Marketplace;2502,3;1751,62;750,68;0,3
101916;2026-01-25;C0271;11;23;3;1577,57;0,0;1072,75;PIX;Online;4732,71;3218,25;1514,46;0,32
101917;2025-01-18;C0399;8;23;1;179,82;0,0;98,9;Boleto;Marketplace;179,82;98,9;80,92;0,45
101918;2026-01-11;C1587;4;26;1;2348,04;0,0;1643,63;PIX;Online;2348,04;1643,63;704,41;0,3
101919;2025-01-27;C0577;13;15;5;470,68;0,05;272,99;Cartão de débito;Marketplace;2235,73;1364,95;870,78;0,3895
101920;2026-05-22;C1139;1;1;1;719,35;0,0;460,38;Cartão de crédito;Marketplace;719,35;460,38;258,97;0,36
101921;2025-01-23;C1689;10;3;1;120,47;0,0;62,64;Cartão de crédito;Marketplace;120,47;62,64;57,83;0,48
101922;2025-09-25;C0650;4;5;3;1868,9;0,1;1308,23;PIX;Online;5046,03;3924,69;1121,34;0,2222
101923;2025-03-02;C0511;1;17;1;554,23;0,15;354,71;Boleto;Marketplace;471,1;354,71;116,39;0,2471
101924;2025-11-12;C0266;10;15;1;268,84;0,1;139,8;PIX;Marketplace;241,96;139,8;102,16;0,4222
101925;2025-06-26;C1009;10;22;1;349,31;0,0;181,64;PIX;Marketplace;349,31;181,64;167,67;0,48
101926;2025-01-03;C0453;10;22;1;99,01;0,0;51,49;Cartão de crédito;Online;99,01;51,49;47,52;0,48
101927;2025-01-28;C1690;5;4;2;300,38;0,05;195,25;Cartão de crédito;Marketplace;570,72;390,5;180,22;0,3158
101928;2026-03-10;C2115;7;1;1;159,85;0,0;99,11;PIX;Marketplace;159,85;99,11;60,74;0,38
101929;2025-06-01;C2428;17;21;1;603,85;0,2;362,31;Cartão de crédito;Marketplace;483,08;362,31;120,77;0,25
101930;2025-07-20;C2083;15;25;1;2811,85;0,0;2193,24;Cartão de débito;Marketplace;2811,85;2193,24;618,61;0,22
101931;2025-02-18;C1179;15;6;1;3122,78;0,0;2435,77;Cartão de débito;Marketplace;3122,78;2435,77;687,01;0,22
101932;2025-04-27;C0806;7;13;1;573,85;0,0;355,79;PIX;Marketplace;573,85;355,79;218,06;0,38
101933;2026-03-16;C2442;10;26;1;89,5;0,0;46,54;PIX;Online;89,5;46,54;42,96;0,48
101934;2026-02-17;C0642;5;16;3;1119,46;0,05;727,65;Boleto;Marketplace;3190,46;2182,95;1007,51;0,3158
101935;2025-06-02;C0324;10;18;1;100,5;0,0;52,26;Boleto;Online;100,5;52,26;48,24;0,48
101936;2025-02-28;C1090;12;10;1;1466,01;0,0;996,89;Cartão de crédito;Online;1466,01;996,89;469,12;0,32
101937;2025-02-21;C1831;17;16;2;566,58;0,0;339,95;Cartão de crédito;Online;1133,16;679,9;453,26;0,4
101938;2025-08-30;C2228;2;12;2;940,04;0,1;629,83;PIX;Online;1692,07;1259,66;432,41;0,2556
101939;2025-09-13;C0270;4;7;1;844,24;0,0;590,97;Cartão de crédito;Marketplace;844,24;590,97;253,27;0,3
101940;2026-02-09;C2483;8;19;1;188,42;0,0;103,63;Cartão de débito;Marketplace;188,42;103,63;84,79;0,45
101941;2025-05-04;C1699;3;2;1;64,52;0,0;29,03;Boleto;Online;64,52;29,03;35,49;0,5501
101942;2025-08-10;C1987;13;16;1;100,62;0,05;58,36;Cartão de débito;Online;95,59;58,36;37,23;0,3895
101943;2025-11-27;C1790;7;14;1;702,73;0,2;435,69;PIX;Online;562,18;435,69;126,49;0,225
101944;2025-01-16;C0275;3;2;2;92,89;0,0;41,8;Cartão de débito;Online;185,78;83,6;102,18;0,55
101945;2026-04-24;C0209;5;24;1;1019,81;0,05;662,88;Cartão de crédito;Online;968,82;662,88;305,94;0,3158
101946;2025-02-26;C0649;10;14;2;290,96;0,1;151,3;PIX;Online;523,73;302,6;221,13;0,4222
101947;2025-08-29;C1513;15;7;2;4003,7;0,05;3122,89;Boleto;Online;7607,03;6245,78;1361,25;0,1789
101948;2025-03-27;C1821;17;3;4;611,67;0,05;367,0;PIX;Online;2324,35;1468,0;856,35;0,3684
101949;2026-02-13;C1066;15;25;1;1552,96;0,1;1211,31;PIX;Online;1397,66;1211,31;186,35;0,1333
101950;2026-06-04;C1532;3;22;1;20,92;0,0;9,41;Cartão de crédito;Marketplace;20,92;9,41;11,51;0,5502
101951;2026-03-05;C1943;12;24;1;1899,85;0,1;1291,9;Cartão de débito;Marketplace;1709,86;1291,9;417,96;0,2444
101952;2025-11-03;C2440;15;24;1;4058,44;0,1;3165,58;Boleto;Marketplace;3652,6;3165,58;487,02;0,1333
101953;2026-03-10;C2293;7;20;3;262,83;0,1;162,95;Boleto;Online;709,64;488,85;220,79;0,3111
101954;2025-02-14;C2412;2;22;1;1141,73;0,0;764,96;Cartão de crédito;Marketplace;1141,73;764,96;376,77;0,33
101955;2025-12-30;C1750;17;24;1;729,71;0,1;437,83;Boleto;Marketplace;656,74;437,83;218,91;0,3333
101956;2025-12-08;C1546;1;22;1;845,32;0,05;541,0;Boleto;Online;803,05;541,0;262,05;0,3263
101957;2025-02-16;C2478;9;7;4;456,97;0,0;287,89;Boleto;Marketplace;1827,88;1151,56;676,32;0,37
101958;2025-09-29;C1759;1;19;1;617,14;0,0;394,97;Boleto;Online;617,14;394,97;222,17;0,36
101959;2025-12-13;C0419;13;12;1;147,12;0,15;85,33;Cartão de débito;Marketplace;125,05;85,33;39,72;0,3176
101960;2025-05-09;C0002;2;5;1;967,34;0,1;648,12;PIX;Marketplace;870,61;648,12;222,49;0,2556
101961;2025-08-22;C0169;6;17;3;77,49;0,0;38,74;Cartão de débito;Marketplace;232,47;116,22;116,25;0,5001
101962;2026-03-12;C0091;15;23;2;1253,64;0,0;977,84;Cartão de crédito;Online;2507,28;1955,68;551,6;0,22
101963;2025-06-17;C0838;11;1;2;572,74;0,0;389,46;Boleto;Online;1145,48;778,92;366,56;0,32
101964;2025-07-11;C1019;4;8;1;1009,03;0,05;706,32;Boleto;Marketplace;958,58;706,32;252,26;0,2632
101965;2025-06-19;C1476;14;18;3;3474,46;0,0;2501,61;PIX;Online;10423,38;7504,83;2918,55;0,28
101966;2026-03-16;C1303;17;16;2;711,13;0,1;426,68;Cartão de crédito;Marketplace;1280,03;853,36;426,67;0,3333
101967;2025-03-06;C1926;16;1;2;342,12;0,15;188,17;Cartão de crédito;Online;581,6;376,34;205,26;0,3529
101968;2025-02-12;C2240;2;20;1;1384,44;0,0;927,57;Boleto;Online;1384,44;927,57;456,87;0,33
101969;2025-10-06;C0327;17;8;1;389,59;0,1;233,75;Cartão de débito;Marketplace;350,63;233,75;116,88;0,3333
101970;2026-02-08;C1543;7;13;4;559,44;0,1;346,85;Cartão de débito;Marketplace;2013,98;1387,4;626,58;0,3111
101971;2025-11-16;C2076;3;19;1;44,99;0,15;20,25;PIX;Marketplace;38,24;20,25;17,99;0,4704
101972;2025-11-18;C0202;2;14;1;1017,12;0,1;681,47;Cartão de débito;Online;915,41;681,47;233,94;0,2556
101973;2026-01-05;C1010;8;15;2;163,93;0,1;90,16;Cartão de crédito;Online;295,07;180,32;114,75;0,3889
101974;2025-03-22;C1731;8;13;2;93,61;0,1;51,49;Boleto;Online;168,5;102,98;65,52;0,3888
101975;2025-11-18;C1019;10;9;1;306,99;0,0;159,63;PIX;Marketplace;306,99;159,63;147,36;0,48
101976;2025-02-27;C1553;11;3;1;478,64;0,05;325,48;PIX;Online;454,71;325,48;129,23;0,2842
101977;2026-06-28;C2378;9;20;1;142,54;0,15;89,8;PIX;Marketplace;121,16;89,8;31,36;0,2588
101978;2026-05-25;C1682;10;26;1;332,54;0,0;172,92;PIX;Marketplace;332,54;172,92;159,62;0,48
101979;2026-01-08;C2008;10;12;2;188,77;0,15;98,16;Boleto;Marketplace;320,91;196,32;124,59;0,3882
101980;2025-08-15;C0788;4;18;2;2110,53;0,0;1477,37;Cartão de débito;Marketplace;4221,06;2954,74;1266,32;0,3
101981;2026-02-19;C1562;2;2;2;1317,86;0,0;882,97;PIX;Marketplace;2635,72;1765,94;869,78;0,33
101982;2025-04-22;C1625;12;11;2;1786,57;0,0;1214,87;Cartão de crédito;Marketplace;3573,14;2429,74;1143,4;0,32
101983;2025-07-11;C0486;7;22;1;370,58;0,2;229,76;Boleto;Marketplace;296,46;229,76;66,7;0,225
101984;2026-05-01;C1273;8;20;1;248,04;0,1;136,42;Cartão de crédito;Online;223,24;136,42;86,82;0,3889
101985;2025-07-01;C1151;15;9;2;1399,66;0,05;1091,73;PIX;Marketplace;2659,35;2183,46;475,89;0,1789
101986;2025-01-07;C2199;12;20;1;1554,25;0,05;1056,89;Boleto;Marketplace;1476,54;1056,89;419,65;0,2842
101987;2025-07-20;C0325;13;25;1;330,12;0,15;191,47;Cartão de crédito;Marketplace;280,6;191,47;89,13;0,3176
101988;2025-05-19;C1674;3;2;2;88,22;0,1;39,7;Cartão de crédito;Online;158,8;79,4;79,4;0,5
101989;2025-06-18;C0220;17;17;1;275,86;0,1;165,52;PIX;Online;248,27;165,52;82,75;0,3333
101990;2025-12-21;C2412;10;25;2;357,25;0,05;185,77;PIX;Online;678,78;371,54;307,24;0,4526
101991;2025-09-29;C2106;11;21;1;604,67;0,1;411,18;Cartão de débito;Marketplace;544,2;411,18;133,02;0,2444
101992;2026-01-06;C1100;2;6;1;1094,78;0,05;733,5;PIX;Marketplace;1040,04;733,5;306,54;0,2947
101993;2025-12-13;C0597;3;18;3;87,64;0,0;39,44;Cartão de débito;Online;262,92;118,32;144,6;0,55
101994;2025-10-20;C2201;3;14;2;78,92;0,2;35,51;Cartão de crédito;Marketplace;126,27;71,02;55,25;0,4376
101995;2026-02-12;C0845;3;1;1;43,48;0,1;19,57;Cartão de débito;Marketplace;39,13;19,57;19,56;0,4999
101996;2025-02-01;C0785;7;24;3;566,32;0,05;351,12;Cartão de crédito;Marketplace;1614,01;1053,36;560,65;0,3474
101997;2025-01-13;C2224;11;20;1;1754,87;0,1;1193,31;Cartão de débito;Online;1579,38;1193,31;386,07;0,2444
101998;2025-12-03;C0797;2;5;1;1011,1;0,1;677,44;PIX;Online;909,99;677,44;232,55;0,2556
101999;2025-08-23;C1356;2;21;3;1351,37;0,0;905,42;Cartão de crédito;Online;4054,11;2716,26;1337,85;0,33
102000;2026-03-28;C1943;16;2;1;357,09;0,0;196,4;PIX;Online;357,09;196,4;160,69;0,45
102001;2025-09-18;C1042;2;2;3;1444,39;0,0;967,74;Cartão de crédito;Online;4333,17;2903,22;1429,95;0,33
102002;2025-03-09;C1947;11;13;2;747,91;0,1;508,58;Cartão de crédito;Online;1346,24;1017,16;329,08;0,2444
102003;2025-09-04;C2441;4;9;1;1573,26;0,2;1101,28;PIX;Marketplace;1258,61;1101,28;157,33;0,125
102004;2026-06-25;C2108;10;7;2;363,14;0,1;188,83;Cartão de crédito;Marketplace;653,65;377,66;275,99;0,4222
102005;2026-05-08;C2371;4;27;2;2175,02;0,0;1522,51;Boleto;Online;4350,04;3045,02;1305,02;0,3
102006;2026-01-21;C0953;2;7;1;361,93;0,1;242,49;Boleto;Marketplace;325,74;242,49;83,25;0,2556
102007;2025-10-02;C0542;7;12;3;773,73;0,1;479,71;Boleto;Online;2089,07;1439,13;649,94;0,3111
102008;2025-08-30;C0976;6;3;2;70,64;0,2;35,32;Boleto;Online;113,02;70,64;42,38;0,375
102009;2025-06-10;C2321;16;11;1;186,2;0,15;102,41;Cartão de débito;Online;158,27;102,41;55,86;0,3529
102010;2025-05-05;C0184;13;26;3;86,26;0,0;50,03;Cartão de crédito;Online;258,78;150,09;108,69;0,42
102011;2026-01-31;C1890;6;9;1;72,92;0,15;36,46;Boleto;Marketplace;61,98;36,46;25,52;0,4117
102012;2025-01-12;C2244;17;22;1;306,83;0,05;184,1;Cartão de crédito;Marketplace;291,49;184,1;107,39;0,3684
102013;2025-08-29;C2266;12;19;1;1274,78;0,0;866,85;Cartão de crédito;Marketplace;1274,78;866,85;407,93;0,32
102014;2026-03-08;C2255;2;12;2;493,73;0,0;330,8;PIX;Online;987,46;661,6;325,86;0,33
102015;2025-01-04;C0814;12;4;2;2490,25;0,05;1693,37;Boleto;Online;4731,47;3386,74;1344,73;0,2842
102016;2026-01-14;C1143;14;25;4;5833,74;0,05;4200,29;Cartão de crédito;Marketplace;22168,21;16801,16;5367,05;0,2421
102017;2025-02-17;C1786;14;16;1;5639,1;0,05;4060,15;Cartão de crédito;Online;5357,14;4060,15;1296,99;0,2421
102018;2026-02-07;C1520;14;27;1;2802,9;0,0;2018,09;Cartão de débito;Marketplace;2802,9;2018,09;784,81;0,28
102019;2026-04-03;C2219;14;12;1;3895,88;0,1;2805,03;PIX;Marketplace;3506,29;2805,03;701,26;0,2
102020;2026-06-20;C0062;12;2;1;1711,06;0,0;1163,52;Cartão de débito;Marketplace;1711,06;1163,52;547,54;0,32
102021;2026-01-22;C2189;13;20;2;317,13;0,05;183,94;Boleto;Online;602,55;367,88;234,67;0,3895
102022;2025-08-28;C2212;6;12;1;161,08;0,15;80,54;Cartão de crédito;Marketplace;136,92;80,54;56,38;0,4118
102023;2026-05-12;C0298;6;24;1;124,2;0,05;62,1;PIX;Marketplace;117,99;62,1;55,89;0,4737
102024;2026-04-11;C1545;15;19;1;3378,81;0,0;2635,47;Cartão de débito;Marketplace;3378,81;2635,47;743,34;0,22
102025;2026-04-11;C2139;11;26;2;1729,66;0,0;1176,17;PIX;Online;3459,32;2352,34;1106,98;0,32
102026;2026-01-13;C0571;14;9;4;5243,88;0,05;3775,59;PIX;Online;19926,74;15102,36;4824,38;0,2421
102027;2026-05-14;C1872;3;17;1;27,22;0,1;12,25;PIX;Marketplace;24,5;12,25;12,25;0,5
102028;2025-03-18;C0396;7;18;1;747,93;0,1;463,72;PIX;Online;673,14;463,72;209,42;0,3111
102029;2025-05-22;C1785;16;17;1;181,36;0,1;99,75;PIX;Online;163,22;99,75;63,47;0,3889
102030;2025-02-24;C1083;3;8;2;49,32;0,15;22,19;PIX;Marketplace;83,84;44,38;39,46;0,4707
102031;2026-05-13;C0186;11;12;1;1647,2;0,0;1120,1;Cartão de débito;Online;1647,2;1120,1;527,1;0,32
102032;2026-05-24;C0001;11;19;2;428,9;0,1;291,65;Boleto;Online;772,02;583,3;188,72;0,2444
102033;2026-02-24;C1127;4;18;4;1418,72;0,0;993,1;PIX;Marketplace;5674,88;3972,4;1702,48;0,3
102034;2026-05-31;C0668;7;22;3;608,27;0,15;377,13;PIX;Online;1551,09;1131,39;419,7;0,2706
102035;2025-04-02;C1989;12;24;1;2401,58;0,1;1633,07;Cartão de débito;Marketplace;2161,42;1633,07;528,35;0,2444
102036;2025-09-04;C0370;3;13;1;53,57;0,05;24,11;PIX;Online;50,89;24,11;26,78;0,5262
102037;2025-03-09;C0242;8;4;2;287,45;0,1;158,1;Cartão de crédito;Online;517,41;316,2;201,21;0,3889
102038;2026-01-16;C0005;17;8;2;690,69;0,15;414,41;Cartão de crédito;Marketplace;1174,17;828,82;345,35;0,2941
102039;2026-03-14;C0332;7;27;2;182,71;0,05;113,28;Boleto;Online;347,15;226,56;120,59;0,3474
102040;2025-07-24;C0180;13;10;1;109,77;0,05;63,67;Cartão de crédito;Online;104,28;63,67;40,61;0,3894
102041;2025-09-20;C0355;8;21;3;206,28;0,0;113,45;PIX;Marketplace;618,84;340,35;278,49;0,45
102042;2025-05-25;C2325;1;23;1;589,24;0,05;377,11;Boleto;Marketplace;559,78;377,11;182,67;0,3263
102043;2025-09-21;C1143;13;1;4;401,72;0,05;233,0;Cartão de crédito;Online;1526,54;932,0;594,54;0,3895
102044;2025-07-27;C1274;8;1;3;98,18;0,15;54,0;Cartão de crédito;Online;250,36;162,0;88,36;0,3529
102045;2025-12-07;C0186;2;20;1;1218,35;0,1;816,29;Cartão de débito;Online;1096,51;816,29;280,22;0,2556
102046;2026-04-25;C1216;15;15;1;4526,59;0,1;3530,74;Boleto;Marketplace;4073,93;3530,74;543,19;0,1333
102047;2025-09-05;C1382;6;20;3;80,28;0,05;40,14;PIX;Marketplace;228,8;120,42;108,38;0,4737
102048;2026-03-16;C1835;12;16;1;1686,32;0,2;1146,7;PIX;Online;1349,06;1146,7;202,36;0,15
102049;2025-07-01;C1303;9;3;3;303,66;0,2;191,31;PIX;Marketplace;728,78;573,93;154,85;0,2125
102050;2025-02-18;C1356;13;16;1;267,12;0,05;154,93;Cartão de crédito;Marketplace;253,76;154,93;98,83;0,3895
102051;2026-04-05;C1375;11;23;1;982,76;0,05;668,28;Cartão de débito;Online;933,62;668,28;265,34;0,2842
102052;2025-12-08;C1330;12;1;1;1588,09;0,1;1079,9;Cartão de crédito;Online;1429,28;1079,9;349,38;0,2444
102053;2025-04-13;C0342;1;20;5;623,89;0,05;399,29;Cartão de crédito;Online;2963,48;1996,45;967,03;0,3263
102054;2025-12-03;C1209;13;14;2;266,98;0,05;154,85;Cartão de débito;Online;507,26;309,7;197,56;0,3895
102055;2026-02-20;C1520;14;16;3;3602,94;0,15;2594,12;Cartão de crédito;Online;9187,5;7782,36;1405,14;0,1529
102056;2025-03-26;C0554;14;12;1;5653,91;0,1;4070,82;PIX;Online;5088,52;4070,82;1017,7;0,2
102057;2025-06-11;C1711;14;10;2;4948,73;0,0;3563,09;Cartão de crédito;Marketplace;9897,46;7126,18;2771,28;0,28
102058;2025-07-07;C1422;5;16;4;854,68;0,1;555,54;Boleto;Marketplace;3076,85;2222,16;854,69;0,2778
102059;2026-03-25;C1158;12;25;1;2202,56;0,0;1497,74;Cartão de débito;Online;2202,56;1497,74;704,82;0,32
102060;2025-02-20;C1450;3;26;2;67,19;0,05;30,24;Cartão de débito;Online;127,66;60,48;67,18;0,5262
102061;2025-01-10;C1609;12;6;1;1919,57;0,0;1305,31;Cartão de crédito;Online;1919,57;1305,31;614,26;0,32
102062;2025-01-04;C1137;17;2;1;756,38;0,15;453,83;Cartão de crédito;Marketplace;642,92;453,83;189,09;0,2941
102063;2025-03-15;C2224;15;5;1;3453,72;0,0;2693,9;PIX;Online;3453,72;2693,9;759,82;0,22
102064;2025-12-21;C0998;11;11;3;1497,64;0,0;1018,4;PIX;Marketplace;4492,92;3055,2;1437,72;0,32
102065;2025-02-04;C0243;15;26;1;2947,57;0,15;2299,1;Cartão de crédito;Marketplace;2505,43;2299,1;206,33;0,0824
102066;2025-03-02;C0302;10;11;1;309,48;0,05;160,93;Cartão de débito;Marketplace;294,01;160,93;133,08;0,4526
102067;2025-10-01;C0514;6;12;2;241,28;0,1;120,64;PIX;Marketplace;434,3;241,28;193,02;0,4444
102068;2025-08-19;C0085;11;24;1;1185,24;0,05;805,96;PIX;Marketplace;1125,98;805,96;320,02;0,2842
102069;2025-08-12;C0659;14;23;2;5399,55;0,0;3887,68;Boleto;Marketplace;10799,1;7775,36;3023,74;0,28
102070;2025-05-14;C1603;2;24;1;382,21;0,05;256,08;Cartão de crédito;Online;363,1;256,08;107,02;0,2947
102071;2025-08-13;C0907;13;1;1;439,52;0,0;254,92;Cartão de crédito;Online;439,52;254,92;184,6;0,42
102072;2025-02-17;C1459;10;13;1;283,91;0,2;147,63;Boleto;Marketplace;227,13;147,63;79,5;0,35
102073;2025-01-15;C0621;1;25;3;381,65;0,05;244,26;Cartão de débito;Online;1087,7;732,78;354,92;0,3263
102074;2025-10-16;C1371;14;4;4;5732,35;0,05;4127,29;Boleto;Marketplace;21782,93;16509,16;5273,77;0,2421
102075;2025-03-31;C0701;7;24;2;595,2;0,05;369,02;Boleto;Online;1130,88;738,04;392,84;0,3474
102076;2025-09-04;C1717;1;21;2;917,61;0,1;587,27;Cartão de débito;Marketplace;1651,7;1174,54;477,16;0,2889
102077;2025-12-29;C2133;11;26;1;809,34;0,2;550,35;Cartão de débito;Online;647,47;550,35;97,12;0,15
102078;2025-04-28;C0373;3;4;3;87,35;0,0;39,31;Cartão de crédito;Online;262,05;117,93;144,12;0,55
102079;2026-03-18;C0690;5;24;1;995,26;0,1;646,92;Cartão de crédito;Marketplace;895,73;646,92;248,81;0,2778
102080;2025-05-08;C2140;6;15;2;147,77;0,0;73,89;Cartão de crédito;Marketplace;295,54;147,78;147,76;0,5
102081;2025-04-25;C2061;17;13;1;474,87;0,0;284,92;Cartão de crédito;Marketplace;474,87;284,92;189,95;0,4
102082;2026-04-27;C0686;3;11;2;27,54;0,05;12,39;Cartão de crédito;Marketplace;52,33;24,78;27,55;0,5265
102083;2026-05-06;C2192;1;19;2;789,55;0,15;505,31;Boleto;Online;1342,24;1010,62;331,62;0,2471
102084;2026-05-07;C0707;6;6;3;105,22;0,2;52,61;Cartão de crédito;Online;252,53;157,83;94,7;0,375
102085;2025-05-22;C0689;6;24;2;145,35;0,0;72,67;Cartão de débito;Marketplace;290,7;145,34;145,36;0,5
102086;2025-08-23;C0555;13;16;2;145,3;0,0;84,27;PIX;Marketplace;290,6;168,54;122,06;0,42
102087;2025-08-05;C0540;2;19;4;1325,32;0,1;887,96;Boleto;Marketplace;4771,15;3551,84;1219,31;0,2556
102088;2025-01-11;C0519;5;3;2;934,79;0,0;607,61;Cartão de débito;Online;1869,58;1215,22;654,36;0,35
102089;2025-06-02;C0898;2;15;3;413,23;0,05;276,86;Cartão de débito;Online;1177,71;830,58;347,13;0,2947
102090;2026-01-17;C0795;1;19;1;843,79;0,0;540,03;Boleto;Marketplace;843,79;540,03;303,76;0,36
102091;2026-02-21;C1039;12;11;1;705,19;0,2;479,53;PIX;Online;564,15;479,53;84,62;0,15
102092;2026-04-13;C1883;3;13;1;92,25;0,0;41,51;Cartão de débito;Online;92,25;41,51;50,74;0,55
102093;2025-01-24;C0664;15;27;5;1358,64;0,1;1059,74;Cartão de crédito;Marketplace;6113,88;5298,7;815,18;0,1333
102094;2026-01-23;C2491;9;9;1;573,55;0,05;361,34;Cartão de débito;Online;544,87;361,34;183,53;0,3368
102095;2025-09-27;C1016;14;19;3;5096,56;0,1;3669,52;Boleto;Marketplace;13760,71;11008,56;2752,15;0,2
102096;2025-06-04;C2325;7;2;1;801,48;0,15;496,92;Boleto;Online;681,26;496,92;184,34;0,2706
102097;2025-02-27;C1503;6;2;1;226,96;0,2;113,48;Boleto;Marketplace;181,57;113,48;68,09;0,375
102098;2026-01-28;C0958;12;9;2;2373,75;0,0;1614,15;Boleto;Marketplace;4747,5;3228,3;1519,2;0,32
102099;2025-03-03;C1242;11;6;2;1646,08;0,1;1119,33;Cartão de crédito;Marketplace;2962,94;2238,66;724,28;0,2444
102100;2026-02-05;C0805;10;5;2;273,49;0,0;142,21;Boleto;Marketplace;546,98;284,42;262,56;0,48
102101;2025-11-06;C2477;14;24;1;4087,65;0,0;2943,11;Boleto;Online;4087,65;2943,11;1144,54;0,28
102102;2025-05-01;C0363;10;2;1;126,99;0,0;66,03;Cartão de débito;Marketplace;126,99;66,03;60,96;0,48
102103;2025-09-30;C0620;4;11;1;1529,37;0,05;1070,56;Boleto;Online;1452,9;1070,56;382,34;0,2632
102104;2025-06-01;C0984;10;14;2;370,38;0,1;192,6;Boleto;Marketplace;666,68;385,2;281,48;0,4222
102105;2025-07-25;C2293;1;6;1;467,6;0,0;299,26;Boleto;Online;467,6;299,26;168,34;0,36
102106;2025-02-28;C1494;11;23;1;759,86;0,0;516,7;Cartão de crédito;Online;759,86;516,7;243,16;0,32
102107;2025-03-22;C1499;15;15;3;3116,01;0,05;2430,49;PIX;Marketplace;8880,63;7291,47;1589,16;0,1789
102108;2026-02-04;C2309;3;20;2;59,95;0,1;26,98;PIX;Marketplace;107,91;53,96;53,95;0,5
102109;2026-01-05;C0983;5;16;1;764,32;0,2;496,81;Boleto;Marketplace;611,46;496,81;114,65;0,1875
102110;2026-01-27;C0261;6;24;1;231,19;0,0;115,59;PIX;Marketplace;231,19;115,59;115,6;0,5
102111;2025-01-23;C2194;11;27;2;412,67;0,0;280,62;PIX;Online;825,34;561,24;264,1;0,32
102112;2025-07-09;C1635;4;12;2;1146,19;0,15;802,33;Boleto;Marketplace;1948,52;1604,66;343,86;0,1765
102113;2026-04-03;C0745;9;16;1;562,87;0,0;354,61;Cartão de débito;Online;562,87;354,61;208,26;0,37
102114;2025-05-02;C1089;11;11;1;596,06;0,1;405,32;PIX;Online;536,45;405,32;131,13;0,2444
102115;2025-06-11;C1702;1;6;3;510,7;0,0;326,85;Cartão de débito;Online;1532,1;980,55;551,55;0,36
102116;2026-02-27;C0902;3;14;2;56,63;0,0;25,48;Cartão de crédito;Online;113,26;50,96;62,3;0,5501
102117;2026-05-23;C2175;17;8;3;743,83;0,0;446,3;Cartão de crédito;Marketplace;2231,49;1338,9;892,59;0,4
102118;2025-04-05;C2282;3;14;1;32,51;0,05;14,63;PIX;Online;30,88;14,63;16,25;0,5262
102119;2026-06-02;C1887;10;14;1;350,13;0,1;182,07;Boleto;Online;315,12;182,07;133,05;0,4222
102120;2026-05-25;C0795;17;27;2;214,52;0,1;128,71;Cartão de crédito;Marketplace;386,14;257,42;128,72;0,3334
102121;2025-06-01;C0912;4;2;3;1425,6;0,0;997,92;Boleto;Marketplace;4276,8;2993,76;1283,04;0,3
102122;2025-07-12;C0799;10;3;1;115,67;0,15;60,15;Cartão de crédito;Marketplace;98,32;60,15;38,17;0,3882
102123;2026-03-26;C2200;13;3;1;469,58;0,05;272,36;Cartão de crédito;Online;446,1;272,36;173,74;0,3895
102124;2025-06-05;C1982;14;6;3;3123,63;0,0;2249,01;Cartão de débito;Marketplace;9370,89;6747,03;2623,86;0,28
102125;2025-07-19;C0492;3;12;1;68,34;0,0;30,75;Cartão de crédito;Online;68,34;30,75;37,59;0,55
102126;2026-06-26;C0356;16;8;1;182,24;0,0;100,23;Cartão de débito;Marketplace;182,24;100,23;82,01;0,45
102127;2025-12-26;C0632;11;26;1;1025,22;0,15;697,15;Cartão de débito;Marketplace;871,44;697,15;174,29;0,2
102128;2025-12-19;C0524;1;14;2;976,45;0,05;624,93;Cartão de débito;Online;1855,26;1249,86;605,4;0,3263
102129;2025-06-23;C0618;13;21;2;403,76;0,05;234,18;Cartão de débito;Online;767,14;468,36;298,78;0,3895
102130;2025-10-22;C1490;14;22;3;4919,16;0,1;3541,8;Cartão de débito;Marketplace;13281,73;10625,4;2656,33;0,2
102131;2025-05-13;C0929;1;11;1;360,98;0,05;231,03;Boleto;Marketplace;342,93;231,03;111,9;0,3263
102132;2025-02-20;C2258;15;7;4;1182,25;0,0;922,16;Boleto;Online;4729,0;3688,64;1040,36;0,22
102133;2025-06-12;C0819;6;18;1;69,73;0,05;34,87;Boleto;Online;66,24;34,87;31,37;0,4736
102134;2025-08-16;C2287;11;19;2;1411,39;0,0;959,75;Boleto;Marketplace;2822,78;1919,5;903,28;0,32
102135;2025-09-22;C1649;2;18;1;655,39;0,1;439,11;Cartão de débito;Online;589,85;439,11;150,74;0,2556
102136;2025-06-06;C0581;5;3;4;1119,64;0,05;727,77;Cartão de crédito;Marketplace;4254,63;2911,08;1343,55;0,3158
102137;2025-06-07;C1418;2;18;2;1087,94;0,1;728,92;Cartão de débito;Online;1958,29;1457,84;500,45;0,2556
102138;2026-02-19;C0235;11;10;1;1713,68;0,1;1165,3;Cartão de débito;Marketplace;1542,31;1165,3;377,01;0,2444
102139;2026-02-03;C0993;12;22;3;1843,78;0,1;1253,77;Cartão de débito;Online;4978,21;3761,31;1216,9;0,2444
102140;2026-06-29;C0228;17;8;1;578,57;0,05;347,14;Cartão de débito;Online;549,64;347,14;202,5;0,3684
102141;2025-11-19;C0939;8;3;3;288,95;0,1;158,92;PIX;Online;780,16;476,76;303,4;0,3889
102142;2025-03-15;C0901;14;9;2;3110,8;0,1;2239,78;PIX;Marketplace;5599,44;4479,56;1119,88;0,2
102143;2026-04-30;C1497;1;17;1;519,68;0,0;332,6;Cartão de crédito;Marketplace;519,68;332,6;187,08;0,36
102144;2025-09-15;C2330;4;19;1;848,56;0,1;593,99;PIX;Online;763,7;593,99;169,71;0,2222
102145;2025-10-02;C0295;10;10;1;325,26;0,1;169,14;Boleto;Marketplace;292,73;169,14;123,59;0,4222
102146;2025-04-04;C2361;14;10;2;4573,49;0,0;3292,91;Boleto;Marketplace;9146,98;6585,82;2561,16;0,28
102147;2025-07-09;C0247;11;16;1;400,84;0,0;272,57;Cartão de débito;Marketplace;400,84;272,57;128,27;0,32
102148;2025-01-16;C0292;7;1;2;639,02;0,0;396,19;Cartão de crédito;Online;1278,04;792,38;485,66;0,38
102149;2025-03-17;C0827;9;7;2;480,91;0,05;302,97;Boleto;Marketplace;913,73;605,94;307,79;0,3369
102150;2026-02-20;C0149;3;24;2;61,86;0,0;27,84;Boleto;Marketplace;123,72;55,68;68,04;0,55
102151;2025-08-25;C0328;8;25;2;296,72;0,0;163,2;Boleto;Online;593,44;326,4;267,04;0,45
102152;2025-12-14;C2363;3;13;4;62,78;0,05;28,25;Boleto;Marketplace;238,56;113,0;125,56;0,5263
102153;2025-08-01;C2342;1;8;3;788,8;0,0;504,83;Cartão de crédito;Marketplace;2366,4;1514,49;851,91;0,36
102154;2025-11-13;C0772;4;12;1;1524,99;0,1;1067,49;PIX;Online;1372,49;1067,49;305,0;0,2222
102155;2025-05-08;C0593;1;27;1;384,74;0,0;246,23;Cartão de crédito;Marketplace;384,74;246,23;138,51;0,36
102156;2026-01-23;C1116;8;6;5;203,87;0,05;112,13;Boleto;Online;968,38;560,65;407,73;0,421
102157;2025-01-02;C0575;12;6;1;1710,27;0,05;1162,98;Boleto;Marketplace;1624,76;1162,98;461,78;0,2842
102158;2025-11-01;C2345;16;19;1;325,07;0,0;178,79;Boleto;Online;325,07;178,79;146,28;0,45
102159;2025-12-22;C1748;16;11;2;116,89;0,15;64,29;Cartão de crédito;Marketplace;198,71;128,58;70,13;0,3529
102160;2025-12-28;C1290;1;1;2;629,18;0,0;402,68;Boleto;Marketplace;1258,36;805,36;453,0;0,36
102161;2025-07-10;C1903;10;3;1;115,17;0,1;59,89;PIX;Online;103,65;59,89;43,76;0,4222
102162;2025-08-17;C1316;16;1;1;447,36;0,05;246,05;Cartão de crédito;Online;424,99;246,05;178,94;0,421
102163;2025-12-25;C0452;11;23;1;657,76;0,05;447,28;Boleto;Marketplace;624,87;447,28;177,59;0,2842
102164;2025-03-22;C1287;1;13;2;941,32;0,1;602,44;PIX;Marketplace;1694,38;1204,88;489,5;0,2889
102165;2025-10-16;C1696;11;4;2;796,82;0,2;541,84;PIX;Marketplace;1274,91;1083,68;191,23;0,15
102166;2025-11-11;C1055;1;8;2;854,19;0,0;546,68;Boleto;Online;1708,38;1093,36;615,02;0,36
102167;2025-09-22;C1130;1;16;2;499,56;0,05;319,72;Boleto;Marketplace;949,16;639,44;309,72;0,3263
102168;2026-06-23;C2300;14;9;1;3285,85;0,05;2365,81;Boleto;Online;3121,56;2365,81;755,75;0,2421
102169;2025-08-12;C2358;8;9;2;197,3;0,1;108,52;PIX;Online;355,14;217,04;138,1;0,3889
102170;2025-06-11;C0425;1;25;4;998,39;0,1;638,97;Cartão de débito;Online;3594,2;2555,88;1038,32;0,2889
102171;2025-04-28;C1961;7;9;2;509,2;0,0;315,7;PIX;Online;1018,4;631,4;387,0;0,38
102172;2026-02-27;C1518;9;4;1;504,17;0,0;317,63;Cartão de débito;Online;504,17;317,63;186,54;0,37
102173;2025-01-11;C0176;1;20;1;696,68;0,1;445,88;Cartão de crédito;Online;627,01;445,88;181,13;0,2889
102174;2025-02-25;C0113;1;18;1;816,11;0,05;522,31;Cartão de crédito;Online;775,3;522,31;252,99;0,3263
102175;2025-12-08;C1612;3;23;3;62,3;0,05;28,04;PIX;Marketplace;177,55;84,12;93,43;0,5262
102176;2025-01-03;C2275;8;12;4;293,59;0,0;161,47;Cartão de débito;Online;1174,36;645,88;528,48;0,45
102177;2026-01-05;C2264;2;20;1;574,22;0,0;384,73;Cartão de débito;Online;574,22;384,73;189,49;0,33
102178;2025-08-17;C2221;15;24;2;1192,23;0,0;929,94;Cartão de débito;Marketplace;2384,46;1859,88;524,58;0,22
102179;2025-05-19;C0138;7;24;3;296,18;0,05;183,63;PIX;Marketplace;844,11;550,89;293,22;0,3474
102180;2025-04-21;C0077;5;2;1;863,29;0,1;561,14;Boleto;Online;776,96;561,14;215,82;0,2778
102181;2025-11-18;C0577;12;11;2;1205,04;0,1;819,43;Cartão de débito;Online;2169,07;1638,86;530,21;0,2444
102182;2026-03-25;C1172;8;6;1;137,97;0,2;75,88;Cartão de débito;Marketplace;110,38;75,88;34,5;0,3126
102183;2025-06-08;C0936;12;11;1;2124,48;0,05;1444,65;Cartão de débito;Online;2018,26;1444,65;573,61;0,2842
102184;2026-03-09;C1601;2;4;1;810,57;0,0;543,08;Cartão de débito;Online;810,57;543,08;267,49;0,33
102185;2025-05-17;C2132;5;18;5;823,61;0,0;535,35;Cartão de crédito;Online;4118,05;2676,75;1441,3;0,35
102186;2026-02-15;C2350;4;5;5;931,05;0,15;651,73;Cartão de crédito;Online;3956,96;3258,65;698,31;0,1765
102187;2025-09-17;C1673;5;14;1;267,72;0,1;174,02;Boleto;Marketplace;240,95;174,02;66,93;0,2778
102188;2025-01-11;C1793;11;7;3;627,19;0,05;426,49;PIX;Marketplace;1787,49;1279,47;508,02;0,2842
102189;2025-02-28;C0711;1;24;1;559,14;0,0;357,85;Cartão de débito;Marketplace;559,14;357,85;201,29;0,36
102190;2025-06-24;C0963;8;22;1;139,59;0,15;76,77;Cartão de débito;Online;118,65;76,77;41,88;0,353
102191;2025-10-31;C1878;13;1;1;488,33;0,05;283,23;Cartão de crédito;Online;463,91;283,23;180,68;0,3895
102192;2025-06-16;C0670;3;15;2;30,59;0,0;13,77;Cartão de crédito;Marketplace;61,18;27,54;33,64;0,5499
102193;2025-09-23;C2239;10;17;1;328,38;0,0;170,76;Boleto;Marketplace;328,38;170,76;157,62;0,48
102194;2026-02-28;C0434;2;24;2;1290,51;0,15;864,64;PIX;Online;2193,87;1729,28;464,59;0,2118
102195;2026-01-04;C2219;16;22;1;536,2;0,05;294,91;Boleto;Online;509,39;294,91;214,48;0,4211
102196;2026-06-02;C0263;4;12;1;1133,32;0,0;793,32;PIX;Marketplace;1133,32;793,32;340,0;0,3
102197;2025-10-16;C1044;16;5;3;462,35;0,0;254,29;Boleto;Online;1387,05;762,87;624,18;0,45
102198;2026-04-08;C2349;5;18;2;276,31;0,0;179,6;Cartão de crédito;Online;552,62;359,2;193,42;0,35
102199;2025-05-03;C2175;12;15;1;1624,32;0,0;1104,54;Boleto;Online;1624,32;1104,54;519,78;0,32
102200;2026-04-11;C0203;15;22;3;2938,93;0,1;2292,37;Cartão de débito;Online;7935,11;6877,11;1058,0;0,1333
102201;2025-04-17;C2408;11;24;4;1387,6;0,1;943,57;PIX;Online;4995,36;3774,28;1221,08;0,2444
102202;2025-04-15;C0708;8;1;1;279,17;0,15;153,54;PIX;Online;237,29;153,54;83,75;0,3529
102203;2026-04-11;C0745;1;18;1;552,5;0,0;353,6;Cartão de crédito;Marketplace;552,5;353,6;198,9;0,36
102204;2026-01-21;C1313;7;20;2;345,5;0,15;214,21;Cartão de débito;Online;587,35;428,42;158,93;0,2706
102205;2025-07-20;C0829;14;27;4;3530,5;0,05;2541,96;Cartão de crédito;Marketplace;13415,9;10167,84;3248,06;0,2421
102206;2026-06-16;C2045;6;16;1;166,02;0,0;83,01;Boleto;Online;166,02;83,01;83,01;0,5
102207;2025-01-11;C1533;7;15;2;433,14;0,05;268,55;Cartão de crédito;Marketplace;822,97;537,1;285,87;0,3474
102208;2026-04-04;C2036;5;2;1;901,99;0,0;586,29;Cartão de débito;Online;901,99;586,29;315,7;0,35
102209;2026-03-01;C0956;4;10;1;1404,7;0,05;983,29;Cartão de débito;Online;1334,46;983,29;351,17;0,2632
102210;2025-06-07;C0072;11;19;1;1817,32;0,0;1235,78;Cartão de débito;Online;1817,32;1235,78;581,54;0,32
102211;2026-01-13;C2346;14;8;2;3051,84;0,05;2197,32;Cartão de crédito;Marketplace;5798,5;4394,64;1403,86;0,2421
102212;2025-08-12;C0173;10;21;1;181,68;0,1;94,47;Boleto;Online;163,51;94,47;69,04;0,4222
102213;2025-09-08;C1898;10;24;2;339,96;0,1;176,78;PIX;Online;611,93;353,56;258,37;0,4222
102214;2026-03-18;C1545;12;26;1;1893,84;0,1;1287,81;PIX;Online;1704,46;1287,81;416,65;0,2444
102215;2025-07-29;C0439;5;11;1;738,31;0,15;479,9;PIX;Online;627,56;479,9;147,66;0,2353
102216;2025-03-07;C0343;7;24;1;263,88;0,15;163,61;Cartão de crédito;Marketplace;224,3;163,61;60,69;0,2706
102217;2026-06-08;C0462;9;13;2;378,4;0,15;238,39;Boleto;Marketplace;643,28;476,78;166,5;0,2588
102218;2025-11-02;C0035;16;16;1;391,42;0,05;215,28;Cartão de crédito;Marketplace;371,85;215,28;156,57;0,4211
102219;2025-11-09;C0548;9;20;3;443,39;0,0;279,34;Cartão de débito;Marketplace;1330,17;838,02;492,15;0,37
102220;2026-06-22;C1968;3;1;1;45,09;0,0;20,29;Boleto;Marketplace;45,09;20,29;24,8;0,55
102221;2026-02-13;C1274;9;18;2;177,0;0,05;111,51;Cartão de débito;Marketplace;336,3;223,02;113,28;0,3368
102222;2025-04-25;C0578;7;19;2;477,09;0,0;295,8;Cartão de débito;Online;954,18;591,6;362,58;0,38
102223;2025-11-09;C0262;14;23;1;3070,83;0,0;2211,0;Cartão de crédito;Marketplace;3070,83;2211,0;859,83;0,28
102224;2026-06-08;C2328;8;17;2;234,0;0,0;128,7;Boleto;Online;468,0;257,4;210,6;0,45
102225;2025-10-12;C2357;10;21;2;110,89;0,0;57,66;Cartão de débito;Online;221,78;115,32;106,46;0,48
102226;2025-02-28;C0899;14;21;3;3977,87;0,0;2864,07;Cartão de débito;Online;11933,61;8592,21;3341,4;0,28
102227;2025-01-06;C1425;12;23;4;2046,39;0,05;1391,55;Boleto;Online;7776,28;5566,2;2210,08;0,2842
102228;2025-01-04;C1318;17;5;2;328,65;0,0;197,19;Cartão de débito;Online;657,3;394,38;262,92;0,4
102229;2025-06-15;C1712;11;12;3;1385,51;0,1;942,15;Cartão de crédito;Online;3740,88;2826,45;914,43;0,2444
102230;2026-02-12;C2188;3;2;2;33,12;0,05;14,9;Cartão de débito;Online;62,93;29,8;33,13;0,5265
102231;2025-07-31;C2055;7;23;2;439,02;0,1;272,19;Cartão de débito;Marketplace;790,24;544,38;245,86;0,3111
102232;2025-03-27;C2072;10;13;1;116,49;0,1;60,57;Boleto;Online;104,84;60,57;44,27;0,4223
102233;2026-04-11;C0430;16;8;1;376,07;0,2;206,84;Cartão de crédito;Online;300,86;206,84;94,02;0,3125
102234;2025-06-08;C2072;5;7;2;401,13;0,0;260,73;Cartão de débito;Online;802,26;521,46;280,8;0,35
102235;2025-08-18;C1431;6;19;3;142,22;0,1;71,11;Boleto;Marketplace;383,99;213,33;170,66;0,4444
102236;2026-02-20;C1976;14;4;1;2832,4;0,0;2039,33;PIX;Online;2832,4;2039,33;793,07;0,28
102237;2026-06-20;C0412;14;19;3;5346,27;0,0;3849,31;Cartão de débito;Marketplace;16038,81;11547,93;4490,88;0,28
102238;2026-02-24;C0479;3;12;1;60,25;0,0;27,11;Boleto;Online;60,25;27,11;33,14;0,55
102239;2025-12-25;C2038;9;27;1;444,27;0,2;279,89;Cartão de débito;Marketplace;355,42;279,89;75,53;0,2125
102240;2026-01-13;C1636;16;15;1;481,86;0,1;265,02;Cartão de crédito;Online;433,67;265,02;168,65;0,3889
102241;2026-04-04;C0837;4;24;1;1514,46;0,05;1060,12;PIX;Marketplace;1438,74;1060,12;378,62;0,2632
102242;2025-10-07;C1783;1;6;2;306,32;0,05;196,04;Cartão de débito;Online;582,01;392,08;189,93;0,3263
102243;2025-10-02;C1947;3;6;1;69,39;0,05;31,23;Cartão de crédito;Marketplace;65,92;31,23;34,69;0,5262
102244;2026-05-12;C0089;16;6;2;376,62;0,05;207,14;Boleto;Marketplace;715,58;414,28;301,3;0,4211
102245;2025-10-19;C1662;11;7;1;1925,77;0,0;1309,52;PIX;Online;1925,77;1309,52;616,25;0,32
102246;2026-04-19;C0994;10;10;1;226,67;0,15;117,87;Cartão de débito;Marketplace;192,67;117,87;74,8;0,3882
102247;2026-01-25;C1200;17;10;2;473,59;0,0;284,15;Cartão de crédito;Online;947,18;568,3;378,88;0,4
102248;2026-02-08;C0041;6;11;1;84,18;0,1;42,09;Cartão de débito;Marketplace;75,76;42,09;33,67;0,4444
102249;2026-04-15;C0161;13;11;1;201,75;0,1;117,01;Cartão de crédito;Online;181,58;117,01;64,57;0,3556
102250;2025-09-16;C1469;2;13;1;1212,72;0,0;812,52;Cartão de débito;Online;1212,72;812,52;400,2;0,33
102251;2026-05-10;C1250;4;7;2;1581,71;0,0;1107,2;Boleto;Marketplace;3163,42;2214,4;949,02;0,3
102252;2025-12-22;C1704;17;25;5;265,59;0,0;159,35;PIX;Online;1327,95;796,75;531,2;0,4
102253;2025-01-01;C0872;12;14;1;1320,84;0,05;898,17;Boleto;Online;1254,8;898,17;356,63;0,2842
102254;2025-07-28;C0071;11;8;3;1920,5;0,05;1305,94;PIX;Online;5473,42;3917,82;1555,6;0,2842
102255;2025-10-29;C1770;3;1;1;24,14;0,1;10,86;Cartão de crédito;Online;21,73;10,86;10,87;0,5002
102256;2026-04-29;C0664;6;8;1;178,55;0,0;89,28;Cartão de débito;Marketplace;178,55;89,28;89,27;0,5
102257;2025-05-06;C0195;11;16;1;1870,29;0,0;1271,8;Cartão de débito;Online;1870,29;1271,8;598,49;0,32
102258;2026-05-11;C1124;16;20;2;577,35;0,05;317,54;PIX;Online;1096,96;635,08;461,88;0,4211
102259;2025-02-09;C1548;9;15;1;493,5;0,0;310,91;Boleto;Marketplace;493,5;310,91;182,59;0,37
102260;2025-11-19;C1743;13;8;2;157,38;0,15;91,28;Cartão de crédito;Marketplace;267,55;182,56;84,99;0,3177
102261;2025-08-09;C1208;1;17;1;320,58;0,05;205,17;Boleto;Marketplace;304,55;205,17;99,38;0,3263
102262;2025-11-30;C1526;9;8;2;408,38;0,0;257,28;Cartão de débito;Online;816,76;514,56;302,2;0,37
102263;2025-01-07;C2004;4;1;3;2438,9;0,0;1707,23;PIX;Online;7316,7;5121,69;2195,01;0,3
102264;2025-06-20;C2441;17;14;1;618,72;0,05;371,23;Cartão de débito;Online;587,78;371,23;216,55;0,3684
102265;2026-04-29;C0971;15;25;4;3560,37;0,1;2777,09;Boleto;Online;12817,33;11108,36;1708,97;0,1333
102266;2025-10-05;C2196;10;13;2;314,08;0,1;163,32;PIX;Marketplace;565,34;326,64;238,7;0,4222
102267;2025-06-25;C0742;4;15;2;1110,55;0,1;777,38;Cartão de débito;Marketplace;1998,99;1554,76;444,23;0,2222
102268;2026-02-20;C0474;17;19;4;329,38;0,05;197,63;Boleto;Online;1251,64;790,52;461,12;0,3684
102269;2025-12-11;C0214;12;7;1;1846,12;0,05;1255,36;Cartão de crédito;Marketplace;1753,81;1255,36;498,45;0,2842
102270;2026-04-11;C1259;3;23;1;38,43;0,05;17,29;PIX;Online;36,51;17,29;19,22;0,5264
102271;2026-03-25;C2167;9;27;2;529,52;0,0;333,6;Boleto;Online;1059,04;667,2;391,84;0,37
102272;2025-11-04;C2340;11;7;1;815,93;0,1;554,83;Cartão de débito;Online;734,34;554,83;179,51;0,2445
102273;2025-08-25;C2001;4;9;1;560,57;0,0;392,4;Cartão de débito;Marketplace;560,57;392,4;168,17;0,3
102274;2025-03-12;C0824;15;24;1;3577,24;0,15;2790,25;Boleto;Online;3040,65;2790,25;250,4;0,0824
102275;2026-05-01;C2073;6;19;1;85,02;0,15;42,51;PIX;Online;72,27;42,51;29,76;0,4118
102276;2026-05-02;C0805;8;10;1;261,99;0,05;144,09;Cartão de crédito;Marketplace;248,89;144,09;104,8;0,4211
102277;2025-05-06;C1824;7;23;2;456,45;0,1;283,0;PIX;Online;821,61;566,0;255,61;0,3111
102278;2026-06-09;C0205;8;2;1;204,2;0,0;112,31;Boleto;Online;204,2;112,31;91,89;0,45
102279;2025-10-13;C1563;9;20;1;472,91;0,05;297,93;Cartão de débito;Marketplace;449,26;297,93;151,33;0,3368
102280;2025-11-14;C0920;15;12;1;2584,22;0,05;2015,69;PIX;Marketplace;2455,01;2015,69;439,32;0,1789
102281;2025-09-26;C1399;10;26;1;268,01;0,05;139,37;Cartão de crédito;Online;254,61;139,37;115,24;0,4526
102282;2026-06-30;C2440;12;13;2;1563,44;0,05;1063,14;Cartão de débito;Marketplace;2970,54;2126,28;844,26;0,2842
102283;2025-04-08;C0349;7;6;1;457,2;0,05;283,46;Cartão de débito;Marketplace;434,34;283,46;150,88;0,3474
102284;2025-10-11;C2108;16;27;2;248,77;0,1;136,82;Boleto;Marketplace;447,79;273,64;174,15;0,3889
102285;2025-06-24;C2299;3;17;3;49,67;0,1;22,35;PIX;Marketplace;134,11;67,05;67,06;0,5
102286;2025-05-10;C2124;6;18;2;218,52;0,0;109,26;Cartão de crédito;Marketplace;437,04;218,52;218,52;0,5
102287;2025-03-17;C0564;3;25;1;63,24;0,1;28,46;Cartão de crédito;Marketplace;56,92;28,46;28,46;0,5
102288;2025-12-03;C2379;14;10;1;5705,66;0,0;4108,08;Cartão de crédito;Marketplace;5705,66;4108,08;1597,58;0,28
102289;2026-03-12;C2034;5;9;2;359,88;0,2;233,92;Cartão de crédito;Online;575,81;467,84;107,97;0,1875
102290;2025-08-11;C0122;7;13;1;527,08;0,1;326,79;Cartão de crédito;Online;474,37;326,79;147,58;0,3111
102291;2026-05-19;C2207;1;26;1;961,68;0,0;615,48;Cartão de crédito;Online;961,68;615,48;346,2;0,36
102292;2026-04-01;C1917;17;2;2;359,28;0,0;215,57;Boleto;Online;718,56;431,14;287,42;0,4
102293;2026-01-18;C0367;1;13;2;759,9;0,1;486,34;Cartão de crédito;Marketplace;1367,82;972,68;395,14;0,2889
102294;2025-11-23;C0800;14;8;1;3880,97;0,1;2794,3;Cartão de crédito;Online;3492,87;2794,3;698,57;0,2
102295;2025-01-11;C1019;15;17;4;3130,55;0,15;2441,83;PIX;Online;10643,87;9767,32;876,55;0,0824
102296;2025-12-24;C0497;4;21;1;1353,18;0,05;947,23;PIX;Online;1285,52;947,23;338,29;0,2632
102297;2025-05-06;C0175;6;23;1;62,2;0,0;31,1;Boleto;Online;62,2;31,1;31,1;0,5
102298;2025-03-13;C1406;16;23;4;497,54;0,05;273,65;Boleto;Marketplace;1890,65;1094,6;796,05;0,421
102299;2026-03-27;C0324;13;20;1;226,45;0,1;131,34;Cartão de débito;Online;203,8;131,34;72,46;0,3555
102300;2025-09-05;C0248;11;4;2;1402,61;0,05;953,77;Boleto;Online;2664,96;1907,54;757,42;0,2842
102301;2025-10-26;C1845;11;20;2;537,52;0,0;365,51;Boleto;Online;1075,04;731,02;344,02;0,32
102302;2025-07-10;C1463;8;6;1;272,99;0,0;150,14;Cartão de débito;Marketplace;272,99;150,14;122,85;0,45
102303;2025-05-18;C2082;12;26;3;1548,77;0,0;1053,16;Cartão de débito;Marketplace;4646,31;3159,48;1486,83;0,32
102304;2026-02-24;C0020;16;19;1;224,69;0,0;123,58;Boleto;Marketplace;224,69;123,58;101,11;0,45
102305;2025-03-12;C1689;2;21;1;1366,63;0,1;915,64;Boleto;Marketplace;1229,97;915,64;314,33;0,2556
102306;2025-12-09;C2194;5;27;3;834,81;0,0;542,63;PIX;Online;2504,43;1627,89;876,54;0,35
102307;2025-05-08;C0154;11;17;1;1296,35;0,0;881,52;Cartão de débito;Online;1296,35;881,52;414,83;0,32
102308;2025-05-27;C1994;2;9;1;777,78;0,15;521,11;Cartão de crédito;Marketplace;661,11;521,11;140,0;0,2118
102309;2025-10-05;C1857;2;10;1;1193,72;0,0;799,79;Cartão de débito;Online;1193,72;799,79;393,93;0,33
102310;2025-02-15;C1714;10;14;1;163,24;0,1;84,88;Cartão de crédito;Online;146,92;84,88;62,04;0,4223
102311;2026-06-02;C2198;7;25;2;358,66;0,1;222,37;PIX;Marketplace;645,59;444,74;200,85;0,3111
102312;2025-04-25;C0972;11;25;3;1627,07;0,05;1106,41;Cartão de débito;Marketplace;4637,15;3319,23;1317,92;0,2842
102313;2026-04-10;C1090;17;22;3;114,89;0,2;68,93;Cartão de crédito;Online;275,74;206,79;68,95;0,2501
102314;2025-10-05;C0144;16;4;1;573,56;0,05;315,46;Cartão de crédito;Marketplace;544,88;315,46;229,42;0,421
102315;2026-04-27;C1816;5;1;2;559,14;0,05;363,44;Cartão de débito;Online;1062,37;726,88;335,49;0,3158
102316;2025-10-18;C1946;16;21;1;514,7;0,0;283,09;Cartão de crédito;Online;514,7;283,09;231,61;0,45
102317;2025-12-24;C0791;17;26;1;545,84;0,05;327,5;Cartão de débito;Online;518,55;327,5;191,05;0,3684
102318;2025-05-17;C1429;16;16;1;183,43;0,0;100,89;Cartão de crédito;Online;183,43;100,89;82,54;0,45
102319;2025-03-29;C0143;1;26;2;549,27;0,05;351,53;PIX;Marketplace;1043,61;703,06;340,55;0,3263
102320;2025-01-21;C0232;15;21;2;2978,99;0,05;2323,61;PIX;Online;5660,08;4647,22;1012,86;0,1789
102321;2025-06-13;C1109;5;3;1;980,78;0,1;637,51;Cartão de crédito;Online;882,7;637,51;245,19;0,2778
102322;2025-11-13;C0405;8;16;4;283,19;0,0;155,75;Boleto;Online;1132,76;623,0;509,76;0,45
102323;2025-06-04;C1597;8;23;5;270,42;0,05;148,73;Cartão de débito;Online;1284,5;743,65;540,85;0,4211
102324;2025-03-22;C2032;11;26;3;1669,52;0,0;1135,27;PIX;Online;5008,56;3405,81;1602,75;0,32
102325;2026-03-06;C0409;7;23;1;771,33;0,0;478,22;PIX;Marketplace;771,33;478,22;293,11;0,38
102326;2026-03-18;C0407;6;18;2;93,02;0,05;46,51;Boleto;Marketplace;176,74;93,02;83,72;0,4737
102327;2025-02-27;C0621;7;22;2;173,85;0,0;107,79;Cartão de débito;Marketplace;347,7;215,58;132,12;0,38
102328;2025-05-19;C0288;10;12;2;142,91;0,2;74,31;Cartão de crédito;Online;228,66;148,62;80,04;0,35
102329;2026-04-22;C1949;4;5;2;560,05;0,0;392,03;Cartão de débito;Marketplace;1120,1;784,06;336,04;0,3
102330;2025-01-27;C1890;14;4;1;4115,18;0,0;2962,93;Cartão de crédito;Marketplace;4115,18;2962,93;1152,25;0,28
102331;2025-06-14;C0384;7;11;1;555,4;0,05;344,35;Boleto;Online;527,63;344,35;183,28;0,3474
102332;2026-05-23;C0584;16;10;1;112,48;0,1;61,86;PIX;Marketplace;101,23;61,86;39,37;0,3889
102333;2026-05-23;C0455;17;19;2;483,01;0,2;289,81;Boleto;Online;772,82;579,62;193,2;0,25
102334;2025-09-20;C1255;3;27;1;24,3;0,2;10,94;Cartão de débito;Marketplace;19,44;10,94;8,5;0,4372
102335;2025-05-15;C0753;9;18;1;164,56;0,05;103,67;PIX;Online;156,33;103,67;52,66;0,3369
102336;2025-10-04;C0338;5;1;1;932,57;0,15;606,17;Cartão de crédito;Marketplace;792,68;606,17;186,51;0,2353
102337;2026-04-02;C1944;9;14;3;300,4;0,0;189,25;Cartão de débito;Marketplace;901,2;567,75;333,45;0,37
102338;2025-11-20;C0387;11;3;1;608,88;0,05;414,04;Boleto;Marketplace;578,44;414,04;164,4;0,2842
102339;2025-05-18;C1108;14;13;4;5395,06;0,05;3884,44;PIX;Online;20501,23;15537,76;4963,47;0,2421
102340;2025-02-07;C0539;16;13;1;387,49;0,0;213,12;Cartão de crédito;Online;387,49;213,12;174,37;0,45
102341;2026-02-19;C1170;10;16;2;336,75;0,15;175,11;Boleto;Marketplace;572,48;350,22;222,26;0,3882
102342;2026-03-08;C0520;6;26;1;125,87;0,0;62,94;PIX;Marketplace;125,87;62,94;62,93;0,5
102343;2025-09-23;C0097;3;13;1;38,46;0,1;17,31;Cartão de crédito;Online;34,61;17,31;17,3;0,4999
102344;2026-05-18;C1195;12;6;2;1721,06;0,0;1170,32;Cartão de crédito;Online;3442,12;2340,64;1101,48;0,32
102345;2026-06-26;C0826;16;27;1;580,97;0,1;319,53;Cartão de débito;Marketplace;522,87;319,53;203,34;0,3889
102346;2025-10-13;C2214;1;11;1;605,93;0,05;387,8;Cartão de débito;Online;575,63;387,8;187,83;0,3263
102347;2026-06-25;C1681;1;26;1;602,19;0,0;385,4;Cartão de débito;Online;602,19;385,4;216,79;0,36
102348;2025-07-24;C2014;7;15;2;706,91;0,15;438,28;PIX;Online;1201,75;876,56;325,19;0,2706
102349;2025-08-12;C0009;5;5;1;218,17;0,05;141,81;PIX;Marketplace;207,26;141,81;65,45;0,3158
102350;2025-09-03;C2432;3;12;1;20,39;0,05;9,18;Cartão de crédito;Online;19,37;9,18;10,19;0,5261
102351;2025-05-02;C1664;2;19;2;278,93;0,2;186,88;Boleto;Online;446,29;373,76;72,53;0,1625
102352;2025-05-23;C2026;1;14;1;619,72;0,1;396,62;Boleto;Online;557,75;396,62;161,13;0,2889
102353;2025-01-10;C2220;16;27;2;268,42;0,05;147,63;Cartão de crédito;Marketplace;510,0;295,26;214,74;0,4211
102354;2025-09-22;C1592;8;27;1;91,15;0,15;50,13;PIX;Online;77,48;50,13;27,35;0,353
102355;2026-03-21;C0487;1;25;3;806,11;0,0;515,91;Cartão de crédito;Online;2418,33;1547,73;870,6;0,36
102356;2025-03-29;C1304;6;21;1;170,83;0,1;85,42;PIX;Marketplace;153,75;85,42;68,33;0,4444
102357;2025-05-25;C2349;6;23;4;111,81;0,2;55,91;PIX;Online;357,79;223,64;134,15;0,3749
102358;2026-01-07;C0834;15;26;1;1956,69;0,05;1526,22;Boleto;Marketplace;1858,86;1526,22;332,64;0,1789
102359;2025-09-14;C1161;16;2;2;452,03;0,15;248,62;Boleto;Online;768,45;497,24;271,21;0,3529
102360;2025-04-08;C0240;12;26;2;1180,59;0,1;802,8;Cartão de débito;Online;2125,06;1605,6;519,46;0,2444
102361;2025-06-05;C0565;6;4;2;152,67;0,05;76,33;PIX;Online;290,07;152,66;137,41;0,4737
102362;2026-02-05;C0577;13;17;1;225,59;0,15;130,84;PIX;Marketplace;191,75;130,84;60,91;0,3177
102363;2026-04-24;C0932;13;2;2;230,57;0,2;133,73;PIX;Online;368,91;267,46;101,45;0,275
102364;2025-12-19;C1862;1;8;1;506,26;0,0;324,01;Cartão de débito;Marketplace;506,26;324,01;182,25;0,36
102365;2025-04-29;C1715;17;10;4;539,84;0,1;323,9;PIX;Online;1943,42;1295,6;647,82;0,3333
102366;2026-02-12;C0469;9;5;3;149,2;0,1;94,0;Cartão de crédito;Marketplace;402,84;282,0;120,84;0,3
102367;2026-02-23;C0097;10;18;1;120,89;0,0;62,86;Boleto;Online;120,89;62,86;58,03;0,48
102368;2025-04-02;C0720;14;3;1;5664,28;0,05;4078,28;Boleto;Online;5381,07;4078,28;1302,79;0,2421
102369;2025-04-02;C0513;11;21;1;1847,12;0,15;1256,04;PIX;Online;1570,05;1256,04;314,01;0,2
102370;2026-03-16;C1783;8;1;2;129,37;0,1;71,15;PIX;Marketplace;232,87;142,3;90,57;0,3889
102371;2025-02-17;C1252;16;2;2;546,92;0,2;300,81;Cartão de débito;Marketplace;875,07;601,62;273,45;0,3125
102372;2025-01-26;C0439;16;17;2;266,45;0,0;146,55;Cartão de débito;Marketplace;532,9;293,1;239,8;0,45
102373;2025-06-02;C1063;8;17;1;202,83;0,05;111,56;Boleto;Online;192,69;111,56;81,13;0,421
102374;2025-11-22;C0416;7;24;2;244,66;0,05;151,69;Boleto;Marketplace;464,85;303,38;161,47;0,3474
102375;2026-06-06;C1606;14;15;3;4962,57;0,05;3573,05;Boleto;Online;14143,32;10719,15;3424,17;0,2421
102376;2025-10-10;C0314;13;2;4;340,99;0,05;197,77;Boleto;Marketplace;1295,76;791,08;504,68;0,3895
102377;2026-04-30;C1914;9;3;3;437,95;0,05;275,91;Cartão de débito;Marketplace;1248,16;827,73;420,43;0,3368
102378;2025-02-07;C1691;14;9;4;2880,99;0,05;2074,31;Boleto;Marketplace;10947,76;8297,24;2650,52;0,2421
102379;2025-05-09;C0964;13;11;1;194,19;0,0;112,63;PIX;Marketplace;194,19;112,63;81,56;0,42
102380;2025-06-06;C0453;16;27;1;268,14;0,1;147,48;PIX;Marketplace;241,33;147,48;93,85;0,3889
102381;2026-01-01;C1052;7;14;2;279,05;0,2;173,01;PIX;Marketplace;446,48;346,02;100,46;0,225
102382;2025-05-07;C0415;15;13;2;3449,84;0,1;2690,88;Cartão de crédito;Online;6209,71;5381,76;827,95;0,1333
102383;2025-09-13;C0011;3;10;3;54,32;0,0;24,44;PIX;Online;162,96;73,32;89,64;0,5501
102384;2026-06-25;C2117;15;20;1;4205,48;0,05;3280,27;Boleto;Marketplace;3995,21;3280,27;714,94;0,1789
102385;2025-12-22;C0403;14;24;3;5975,37;0,0;4302,27;PIX;Marketplace;17926,11;12906,81;5019,3;0,28
102386;2025-10-13;C0337;5;8;3;386,49;0,15;251,22;Boleto;Online;985,55;753,66;231,89;0,2353
102387;2026-06-25;C1737;9;8;1;574,06;0,05;361,66;Boleto;Online;545,36;361,66;183,7;0,3368
102388;2025-07-27;C0669;12;25;1;1957,96;0,0;1331,41;Cartão de crédito;Online;1957,96;1331,41;626,55;0,32
102389;2025-10-10;C0133;15;17;4;1839,43;0,15;1434,76;Cartão de crédito;Online;6254,06;5739,04;515,02;0,0823
102390;2026-05-24;C0406;17;2;2;426,64;0,1;255,98;Cartão de crédito;Online;767,95;511,96;255,99;0,3333
102391;2025-06-09;C1454;16;11;2;408,42;0,1;224,63;PIX;Online;735,16;449,26;285,9;0,3889
102392;2026-04-23;C2146;9;8;1;295,04;0,0;185,88;Cartão de crédito;Online;295,04;185,88;109,16;0,37
102393;2025-12-15;C0916;3;17;1;33,25;0,0;14,96;Cartão de débito;Marketplace;33,25;14,96;18,29;0,5501
102394;2025-01-04;C1932;6;21;1;143,6;0,1;71,8;Cartão de débito;Marketplace;129,24;71,8;57,44;0,4444
102395;2026-03-02;C0434;17;4;1;486,77;0,05;292,06;Boleto;Online;462,43;292,06;170,37;0,3684
102396;2025-07-27;C2441;13;16;3;326,99;0,2;189,65;Boleto;Marketplace;784,78;568,95;215,83;0,275
102397;2025-07-22;C1988;17;2;1;258,68;0,05;155,21;Cartão de crédito;Online;245,75;155,21;90,54;0,3684
102398;2025-10-21;C2241;7;22;1;692,1;0,05;429,1;PIX;Marketplace;657,5;429,1;228,4;0,3474
102399;2025-02-02;C0061;6;23;1;101,38;0,15;50,69;Cartão de débito;Online;86,17;50,69;35,48;0,4117
102400;2025-07-10;C0665;16;22;4;160,77;0,05;88,42;Boleto;Marketplace;610,93;353,68;257,25;0,4211
102401;2026-04-12;C1064;11;25;1;1155,46;0,05;785,71;PIX;Online;1097,69;785,71;311,98;0,2842
102402;2025-05-02;C1008;10;21;2;394,41;0,15;205,09;Não informado;Online;670,5;410,18;260,32;0,3882
102403;2025-02-26;C0473;4;20;3;2289,3;0,1;1602,51;Cartão de crédito;Online;6181,11;4807,53;1373,58;0,2222
102404;2025-01-10;C0892;8;27;1;90,21;0,15;49,62;PIX;Online;76,68;49,62;27,06;0,3529
102405;2025-08-05;C0461;9;6;2;535,54;0,05;337,39;PIX;Online;1017,53;674,78;342,75;0,3368
102406;2025-01-25;C0042;1;22;1;375,0;0,05;240,0;Cartão de crédito;Online;356,25;240,0;116,25;0,3263
102407;2025-08-23;C0192;4;17;1;1236,6;0,0;865,62;PIX;Marketplace;1236,6;865,62;370,98;0,3
102408;2026-02-18;C1004;9;10;1;536,51;0,1;338,0;Cartão de débito;Marketplace;482,86;338,0;144,86;0,3
102409;2025-04-06;C0013;15;16;1;4280,74;0,15;3338,98;Boleto;Marketplace;3638,63;3338,98;299,65;0,0824
102410;2025-06-09;C2010;2;8;1;1260,48;0,1;844,52;PIX;Marketplace;1134,43;844,52;289,91;0,2556
102411;2025-12-12;C1315;1;13;2;940,08;0,0;601,65;Cartão de crédito;Marketplace;1880,16;1203,3;676,86;0,36
102412;2025-12-04;C0404;8;17;1;210,3;0,1;115,67;Cartão de crédito;Marketplace;189,27;115,67;73,6;0,3889
102413;2025-09-23;C0634;11;14;1;1902,22;0,0;1293,51;Boleto;Online;1902,22;1293,51;608,71;0,32
102414;2026-01-28;C0078;1;1;1;850,74;0,05;544,47;PIX;Marketplace;808,2;544,47;263,73;0,3263
102415;2026-04-19;C1920;10;26;1;194,59;0,05;101,19;Boleto;Online;184,86;101,19;83,67;0,4526
102416;2026-05-28;C1900;12;3;1;1391,69;0,0;946,35;Boleto;Online;1391,69;946,35;445,34;0,32
102417;2025-03-04;C0887;8;9;1;149,97;0,2;82,48;Cartão de crédito;Online;119,98;82,48;37,5;0,3126
102418;2025-10-31;C0299;3;25;3;60,26;0,0;27,12;Cartão de débito;Marketplace;180,78;81,36;99,42;0,55
102419;2025-06-15;C2305;12;14;1;1167,21;0,1;793,7;Boleto;Online;1050,49;793,7;256,79;0,2444
102420;2025-07-10;C2274;3;2;1;44,02;0,0;19,81;Boleto;Marketplace;44,02;19,81;24,21;0,55
102421;2025-01-11;C1825;13;17;2;238,44;0,0;138,3;Cartão de crédito;Online;476,88;276,6;200,28;0,42
102422;2025-08-02;C2247;4;18;4;1301,77;0,05;911,24;PIX;Online;4946,73;3644,96;1301,77;0,2632
102423;2026-06-26;C1767;5;2;2;1035,9;0,1;673,34;Cartão de crédito;Marketplace;1864,62;1346,68;517,94;0,2778
102424;2026-06-20;C1612;6;10;2;96,75;0,0;48,38;PIX;Online;193,5;96,76;96,74;0,4999
102425;2025-01-07;C1421;2;7;2;1109,13;0,15;743,12;Cartão de débito;Marketplace;1885,52;1486,24;399,28;0,2118
102426;2026-03-05;C0344;5;2;4;527,37;0,15;342,79;PIX;Online;1793,06;1371,16;421,9;0,2353
102427;2025-07-16;C1318;4;7;1;615,55;0,05;430,88;Boleto;Marketplace;584,77;430,88;153,89;0,2632
102428;2025-12-19;C1044;4;26;1;2201,08;0,05;1540,76;Cartão de débito;Marketplace;2091,03;1540,76;550,27;0,2632
102429;2025-07-05;C1954;13;25;1;249,03;0,1;144,44;Cartão de débito;Online;224,13;144,44;79,69;0,3556
102430;2025-06-30;C0719;12;4;4;965,01;0,0;656,21;Cartão de crédito;Marketplace;3860,04;2624,84;1235,2;0,32
102431;2026-05-17;C1745;11;24;2;1949,94;0,0;1325,96;Cartão de crédito;Marketplace;3899,88;2651,92;1247,96;0,32
102432;2026-01-16;C0468;7;13;1;777,86;0,05;482,27;Cartão de débito;Online;738,97;482,27;256,7;0,3474
102433;2025-06-29;C0425;11;12;3;1928,57;0,0;1311,43;Cartão de débito;Online;5785,71;3934,29;1851,42;0,32
102434;2025-07-04;C1693;14;26;5;5943,81;0,1;4279,54;Cartão de crédito;Marketplace;26747,15;21397,7;5349,45;0,2
102435;2026-02-12;C1101;7;26;1;208,07;0,05;129,0;Cartão de crédito;Marketplace;197,67;129,0;68,67;0,3474
102436;2025-01-20;C0885;3;25;3;26,43;0,15;11,89;Cartão de crédito;Marketplace;67,4;35,67;31,73;0,4708
102437;2025-02-03;C1193;14;25;2;3230,38;0,05;2325,87;Cartão de débito;Marketplace;6137,72;4651,74;1485,98;0,2421
102438;2026-01-21;C2366;2;24;1;391,42;0,1;262,25;PIX;Marketplace;352,28;262,25;90,03;0,2556
102439;2025-09-05;C2275;10;1;1;151,13;0,05;78,59;Boleto;Marketplace;143,57;78,59;64,98;0,4526
102440;2025-03-04;C0641;2;13;3;1019,73;0,1;683,22;PIX;Online;2753,27;2049,66;703,61;0,2556
102441;2025-08-19;C0522;1;24;1;410,6;0,1;262,78;Cartão de crédito;Online;369,54;262,78;106,76;0,2889
102442;2026-02-01;C0911;17;12;1;133,43;0,2;80,06;Boleto;Online;106,74;80,06;26,68;0,25
102443;2026-03-17;C1720;13;25;1;351,27;0,1;203,74;Cartão de débito;Marketplace;316,14;203,74;112,4;0,3555
102444;2025-07-30;C2409;11;15;1;1397,49;0,1;950,29;Cartão de crédito;Marketplace;1257,74;950,29;307,45;0,2444
102445;2026-06-02;C2237;14;17;1;5356,23;0,05;3856,49;PIX;Marketplace;5088,42;3856,49;1231,93;0,2421
102446;2025-06-23;C0183;14;12;1;4827,88;0,15;3476,07;Cartão de débito;Online;4103,7;3476,07;627,63;0,1529
102447;2025-07-10;C0319;7;27;3;732,47;0,15;454,13;Cartão de débito;Online;1867,8;1362,39;505,41;0,2706
102448;2025-09-23;C2221;2;24;2;293,24;0,0;196,47;PIX;Online;586,48;392,94;193,54;0,33
102449;2025-07-31;C0710;1;11;1;417,44;0,05;267,16;Cartão de débito;Marketplace;396,57;267,16;129,41;0,3263
102450;2025-12-19;C0244;4;10;1;2269,47;0,0;1588,63;PIX;Marketplace;2269,47;1588,63;680,84;0,3
102451;2025-08-20;C1659;12;6;2;2163,69;0,1;1471,31;Cartão de débito;Online;3894,64;2942,62;952,02;0,2444
102452;2025-07-17;C0665;1;12;1;472,4;0,15;302,34;Boleto;Online;401,54;302,34;99,2;0,247
102453;2025-01-28;C1421;14;5;2;5091,47;0,2;3665,86;Cartão de crédito;Online;8146,35;7331,72;814,63;0,1
102454;2025-10-04;C0371;2;10;1;974,73;0,05;653,07;Boleto;Marketplace;925,99;653,07;272,92;0,2947
102455;2025-02-27;C0483;13;19;1;486,13;0,05;281,96;Boleto;Marketplace;461,82;281,96;179,86;0,3895
102456;2026-01-16;C1139;9;7;1;555,08;0,05;349,7;PIX;Online;527,33;349,7;177,63;0,3368
102457;2026-04-04;C1401;5;24;2;996,83;0,05;647,94;Boleto;Marketplace;1893,98;1295,88;598,1;0,3158
102458;2025-08-23;C0410;15;2;1;1928,48;0,05;1504,21;PIX;Marketplace;1832,06;1504,21;327,85;0,179
102459;2025-06-04;C2084;4;18;2;1297,28;0,05;908,1;Cartão de crédito;Marketplace;2464,83;1816,2;648,63;0,2632
102460;2026-04-05;C0937;17;1;1;499,76;0,0;299,86;PIX;Marketplace;499,76;299,86;199,9;0,4
102461;2025-10-04;C0251;13;21;1;376,16;0,0;218,17;Cartão de débito;Marketplace;376,16;218,17;157,99;0,42
102462;2025-01-11;C1302;11;8;1;735,81;0,1;500,35;Cartão de crédito;Marketplace;662,23;500,35;161,88;0,2444
102463;2025-02-20;C2120;1;3;3;639,58;0,05;409,33;Cartão de débito;Marketplace;1822,8;1227,99;594,81;0,3263
102464;2025-05-10;C1534;3;19;2;40,11;0,0;18,05;Cartão de débito;Marketplace;80,22;36,1;44,12;0,55
102465;2025-04-23;C2420;4;4;1;2355,34;0,0;1648,74;Boleto;Marketplace;2355,34;1648,74;706,6;0,3
102466;2026-03-18;C2019;12;23;2;2193,13;0,0;1491,33;Cartão de débito;Online;4386,26;2982,66;1403,6;0,32
102467;2025-12-29;C0391;10;10;1;277,6;0,0;144,35;Boleto;Marketplace;277,6;144,35;133,25;0,48
102468;2025-10-09;C0235;10;22;3;186,73;0,05;97,1;PIX;Online;532,18;291,3;240,88;0,4526
102469;2025-11-25;C1791;7;24;2;508,37;0,05;315,19;Cartão de crédito;Marketplace;965,9;630,38;335,52;0,3474
102470;2026-05-09;C0514;16;23;2;489,46;0,05;269,2;PIX;Marketplace;929,97;538,4;391,57;0,4211
102471;2026-02-06;C0692;15;26;2;1690,45;0,15;1318,55;Cartão de crédito;Online;2873,76;2637,1;236,66;0,0824
102472;2026-02-20;C0689;11;13;2;1982,17;0,05;1347,88;Boleto;Online;3766,12;2695,76;1070,36;0,2842
102473;2025-07-04;C0053;2;5;1;1432,2;0,1;959,57;PIX;Online;1288,98;959,57;329,41;0,2556
102474;2025-06-29;C2434;9;2;1;126,45;0,1;79,66;Boleto;Online;113,8;79,66;34,14;0,3
102475;2025-02-10;C0551;3;10;1;20,02;0,15;9,01;Cartão de crédito;Marketplace;17,02;9,01;8,01;0,4706
102476;2025-07-18;C0759;10;26;1;347,51;0,1;180,71;Cartão de débito;Online;312,76;180,71;132,05;0,4222
102477;2025-03-28;C2355;12;7;1;1367,32;0,0;929,78;Cartão de débito;Online;1367,32;929,78;437,54;0,32
102478;2025-11-02;C1900;7;26;1;862,23;0,0;534,58;Cartão de crédito;Marketplace;862,23;534,58;327,65;0,38
102479;2026-06-26;C0589;14;16;1;4806,77;0,0;3460,87;Boleto;Online;4806,77;3460,87;1345,9;0,28
102480;2025-02-26;C1942;10;23;4;358,5;0,05;186,42;PIX;Online;1362,3;745,68;616,62;0,4526
102481;2025-11-30;C0935;14;25;1;3199,6;0,05;2303,71;Boleto;Online;3039,62;2303,71;735,91;0,2421
102482;2025-04-24;C0843;1;8;5;920,24;0,1;588,95;Cartão de crédito;Marketplace;4141,08;2944,75;1196,33;0,2889
102483;2025-04-06;C1783;9;20;1;570,57;0,1;359,46;PIX;Marketplace;513,51;359,46;154,05;0,3
102484;2025-04-30;C0806;9;20;1;342,68;0,1;215,89;PIX;Marketplace;308,41;215,89;92,52;0,3
102485;2025-02-02;C1729;10;6;3;146,7;0,0;76,28;Cartão de débito;Online;440,1;228,84;211,26;0,48
102486;2026-03-15;C0285;2;13;1;1322,93;0,0;886,36;Boleto;Online;1322,93;886,36;436,57;0,33
102487;2026-05-22;C2313;15;24;1;2199,12;0,0;1715,31;PIX;Online;2199,12;1715,31;483,81;0,22
102488;2025-11-12;C1093;3;5;2;26,22;0,05;11,8;PIX;Marketplace;49,82;23,6;26,22;0,5263
102489;2025-12-10;C0805;10;12;1;204,39;0,0;106,28;Cartão de crédito;Online;204,39;106,28;98,11;0,48
102490;2025-10-28;C2196;11;18;1;760,63;0,1;517,23;Boleto;Online;684,57;517,23;167,34;0,2444
102491;2026-04-24;C0709;2;19;1;792,34;0,1;530,87;Cartão de crédito;Online;713,11;530,87;182,24;0,2556
102492;2025-08-21;C2052;4;1;3;1751,64;0,0;1226,15;PIX;Online;5254,92;3678,45;1576,47;0,3
102493;2026-02-05;C1141;15;27;1;4120,92;0,1;3214,32;Cartão de crédito;Online;3708,83;3214,32;494,51;0,1333
102494;2025-03-21;C1073;8;3;2;90,98;0,05;50,04;Boleto;Online;172,86;100,08;72,78;0,421
102495;2025-08-16;C1867;9;23;1;555,13;0,0;349,73;Boleto;Online;555,13;349,73;205,4;0,37
102496;2026-01-20;C0338;16;15;1;325,69;0,1;179,13;Boleto;Marketplace;293,12;179,13;113,99;0,3889
102497;2026-04-24;C0539;10;13;2;204,06;0,0;106,11;Cartão de crédito;Marketplace;408,12;212,22;195,9;0,48
102498;2025-03-31;C2128;9;11;1;368,41;0,1;232,1;Cartão de crédito;Online;331,57;232,1;99,47;0,3
102499;2026-05-02;C0684;3;6;2;28,8;0,1;12,96;PIX;Online;51,84;25,92;25,92;0,5
102500;2026-01-30;C0084;3;2;1;38,9;0,05;17,5;Cartão de crédito;Marketplace;36,96;17,5;19,46;0,5265
102501;2025-08-22;C1016;12;5;1;2346,72;0,05;1595,77;Cartão de débito;Online;2229,38;1595,77;633,61;0,2842
102502;2026-05-10;C1803;16;21;2;111,13;0,05;61,12;Cartão de crédito;Online;211,15;122,24;88,91;0,4211
102503;2025-07-07;C1723;7;3;1;793,22;0,15;491,8;PIX;Online;674,24;491,8;182,44;0,2706
102504;2026-06-09;C1852;14;9;1;4274,73;0,0;3077,81;PIX;Online;4274,73;3077,81;1196,92;0,28
102505;2026-04-28;C0841;16;24;2;202,18;0,1;111,2;Boleto;Marketplace;363,92;222,4;141,52;0,3889
102506;2025-11-19;C1322;14;12;3;5453,45;0,1;3926,48;Cartão de débito;Online;14724,31;11779,44;2944,87;0,2
102507;2026-04-12;C0241;17;21;1;699,51;0,05;419,71;Cartão de crédito;Marketplace;664,53;419,71;244,82;0,3684
102508;2025-01-31;C1668;3;19;1;34,95;0,0;15,73;Boleto;Online;34,95;15,73;19,22;0,5499
102509;2026-05-01;C0786;14;27;4;4530,76;0,0;3262,15;Cartão de crédito;Online;18123,04;13048,6;5074,44;0,28
102510;2025-05-03;C2302;8;4;1;234,53;0,2;128,99;Cartão de débito;Online;187,62;128,99;58,63;0,3125
102511;2025-04-03;C1875;3;27;2;93,76;0,05;42,19;PIX;Marketplace;178,14;84,38;93,76;0,5263
102512;2026-02-19;C2406;7;12;1;172,66;0,1;107,05;Cartão de débito;Online;155,39;107,05;48,34;0,3111
102513;2025-12-01;C1239;1;8;2;747,81;0,1;478,6;PIX;Marketplace;1346,06;957,2;388,86;0,2889
102514;2026-04-06;C0110;10;10;5;271,62;0,0;141,24;Boleto;Online;1358,1;706,2;651,9;0,48
102515;2026-01-12;C1059;14;16;5;4356,76;0,2;3136,87;Cartão de débito;Marketplace;17427,04;15684,35;1742,69;0,1
102516;2025-02-25;C0601;1;19;2;785,62;0,1;502,8;Boleto;Online;1414,12;1005,6;408,52;0,2889
102517;2026-04-28;C2057;10;3;3;81,79;0,1;42,53;PIX;Online;220,83;127,59;93,24;0,4222
102518;2025-12-18;C2162;17;11;2;628,92;0,15;377,35;Cartão de crédito;Marketplace;1069,16;754,7;314,46;0,2941
102519;2025-05-26;C2094;2;4;1;251,84;0,15;168,73;Cartão de crédito;Online;214,06;168,73;45,33;0,2118
102520;2025-02-25;C2454;8;25;4;170,7;0,0;93,89;Cartão de crédito;Online;682,8;375,56;307,24;0,45
102521;2026-06-10;C2210;14;19;1;4742,18;0,15;3414,37;Boleto;Online;4030,85;3414,37;616,48;0,1529
102522;2025-06-03;C2166;16;3;1;572,93;0,05;315,11;PIX;Marketplace;544,28;315,11;229,17;0,4211
102523;2025-12-01;C0124;6;9;2;53,85;0,0;26,93;PIX;Online;107,7;53,86;53,84;0,4999
102524;2025-10-10;C0364;3;12;1;63,19;0,05;28,44;Não informado;Marketplace;60,03;28,44;31,59;0,5262
102525;2025-06-25;C1935;17;9;1;192,7;0,05;115,62;Cartão de débito;Online;183,06;115,62;67,44;0,3684
102526;2025-05-03;C1869;1;2;1;830,19;0,0;531,32;Não informado;Marketplace;830,19;531,32;298,87;0,36
102527;2025-10-03;C0895;2;24;1;993,58;0,1;665,7;PIX;Marketplace;894,22;665,7;228,52;0,2556
102528;2026-05-12;C0025;6;22;1;52,19;0,1;26,09;Cartão de débito;Marketplace;46,97;26,09;20,88;0,4445
102529;2026-01-18;C0881;7;18;1;163,93;0,0;101,64;Cartão de débito;Marketplace;163,93;101,64;62,29;0,38
102530;2025-09-12;C0037;11;20;1;1855,16;0,05;1261,51;Cartão de crédito;Online;1762,4;1261,51;500,89;0,2842
102531;2026-04-05;C0004;16;10;1;477,11;0,0;262,41;Cartão de débito;Marketplace;477,11;262,41;214,7;0,45
102532;2025-12-27;C1454;12;4;1;2075,38;0,0;1411,26;Não informado;Marketplace;2075,38;1411,26;664,12;0,32
102533;2025-10-13;C0067;11;16;4;1797,93;0,1;1222,59;Cartão de débito;Online;6472,55;4890,36;1582,19;0,2444
102534;2026-04-08;C2042;11;20;1;991,1;0,15;673,95;Boleto;Online;842,44;673,95;168,49;0,2
102535;2025-05-11;C0946;5;7;1;581,16;0,1;377,75;Boleto;Marketplace;523,04;377,75;145,29;0,2778
102536;2025-05-13;C1528;15;14;2;3267,79;0,05;2548,88;Cartão de débito;Online;6208,8;5097,76;1111,04;0,1789
102537;2025-09-20;C0762;12;2;2;1396,51;0,0;949,63;Cartão de débito;Online;2793,02;1899,26;893,76;0,32
102538;2026-03-03;C1631;16;12;1;326,85;0,15;179,77;Boleto;Online;277,82;179,77;98,05;0,3529
102539;2025-12-20;C1545;5;7;2;790,01;0,15;513,51;Cartão de débito;Online;1343,02;1027,02;316,0;0,2353
102540;2025-11-25;C2265;5;9;2;1065,16;0,05;692,35;Boleto;Marketplace;2023,8;1384,7;639,1;0,3158
102541;2025-07-11;C1525;3;5;3;54,71;0,0;24,62;PIX;Online;164,13;73,86;90,27;0,55
102542;2026-06-20;C1031;12;23;3;2163,58;0,0;1471,23;Cartão de débito;Online;6490,74;4413,69;2077,05;0,32
102543;2025-05-10;C1649;13;6;1;81,86;0,0;47,48;Cartão de crédito;Marketplace;81,86;47,48;34,38;0,42
102544;2025-05-31;C0276;16;5;4;252,48;0,1;138,86;Cartão de crédito;Marketplace;908,93;555,44;353,49;0,3889
102545;2025-08-11;C1231;15;17;1;1816,5;0,1;1416,87;PIX;Online;1634,85;1416,87;217,98;0,1333
102546;2025-05-16;C0136;8;27;2;198,83;0,1;109,36;Boleto;Marketplace;357,89;218,72;139,17;0,3889
102547;2025-05-19;C1216;7;3;3;397,13;0,2;246,22;Cartão de débito;Online;953,11;738,66;214,45;0,225
102548;2025-07-07;C0957;6;17;1;96,43;0,05;48,22;Boleto;Marketplace;91,61;48,22;43,39;0,4736
102549;2025-09-25;C2289;17;12;3;380,48;0,15;228,29;Cartão de crédito;Marketplace;970,22;684,87;285,35;0,2941
102550;2025-05-15;C0018;16;26;1;429,44;0,0;236,19;Boleto;Marketplace;429,44;236,19;193,25;0,45
102551;2025-04-13;C2156;10;4;1;186,63;0,05;97,05;PIX;Online;177,3;97,05;80,25;0,4526
102552;2025-09-11;C1259;9;5;1;177,85;0,0;112,05;Cartão de crédito;Online;177,85;112,05;65,8;0,37
102553;2025-11-20;C1658;8;23;1;91,4;0,05;50,27;Cartão de débito;Online;86,83;50,27;36,56;0,4211
102554;2025-12-25;C0255;8;14;1;98,96;0,05;54,43;Cartão de débito;Online;94,01;54,43;39,58;0,421
102555;2025-12-08;C2392;13;17;2;109,81;0,0;63,69;Cartão de débito;Online;219,62;127,38;92,24;0,42
102556;2025-02-11;C0778;3;6;1;34,71;0,0;15,62;PIX;Marketplace;34,71;15,62;19,09;0,55
102557;2025-01-01;C1110;9;13;1;132,32;0,1;83,36;Boleto;Online;119,09;83,36;35,73;0,3
102558;2025-11-19;C0270;1;17;4;919,4;0,1;588,42;Boleto;Marketplace;3309,84;2353,68;956,16;0,2889
102559;2025-03-15;C1931;15;4;2;4909,83;0,1;3829,67;PIX;Online;8837,69;7659,34;1178,35;0,1333
102560;2025-09-02;C0682;8;15;3;210,48;0,0;115,76;Não informado;Online;631,44;347,28;284,16;0,45
102561;2025-02-07;C2479;2;26;3;947,93;0,05;635,11;PIX;Marketplace;2701,6;1905,33;796,27;0,2947
102562;2025-04-08;C1315;15;22;3;2807,57;0,0;2189,9;Boleto;Marketplace;8422,71;6569,7;1853,01;0,22
102563;2025-04-30;C1632;1;11;1;644,33;0,05;412,37;PIX;Online;612,11;412,37;199,74;0,3263
102564;2025-01-13;C1276;1;26;1;518,23;0,05;331,67;Cartão de débito;Online;492,32;331,67;160,65;0,3263
102565;2025-03-25;C2211;7;4;1;306,75;0,05;190,19;Cartão de débito;Online;291,41;190,19;101,22;0,3473
102566;2026-06-11;C1523;1;16;3;680,79;0,05;435,71;Cartão de crédito;Marketplace;1940,25;1307,13;633,12;0,3263
102567;2025-06-05;C1605;14;20;1;4628,28;0,0;3332,36;PIX;Marketplace;4628,28;3332,36;1295,92;0,28
102568;2025-07-28;C0970;5;23;1;617,52;0,0;401,39;Boleto;Marketplace;617,52;401,39;216,13;0,35
102569;2025-01-22;C2061;2;27;3;1375,0;0,1;921,25;Boleto;Marketplace;3712,5;2763,75;948,75;0,2556
102570;2026-06-02;C2479;12;24;2;2486,32;0,0;1690,7;Cartão de crédito;Online;4972,64;3381,4;1591,24;0,32
102571;2025-10-16;C0911;15;18;1;1798,77;0,15;1403,04;Boleto;Marketplace;1528,95;1403,04;125,91;0,0824
102572;2025-04-09;C1374;17;10;1;487,48;0,05;292,49;Cartão de débito;Marketplace;463,11;292,49;170,62;0,3684
102573;2025-07-10;C0489;1;25;1;759,34;0,0;485,98;Cartão de débito;Online;759,34;485,98;273,36;0,36
102574;2025-11-18;C0926;14;17;2;4146,34;0,0;2985,36;PIX;Marketplace;8292,68;5970,72;2321,96;0,28
102575;2025-10-31;C1968;2;13;2;1448,22;0,0;970,31;Cartão de débito;Online;2896,44;1940,62;955,82;0,33
102576;2026-03-31;C0261;15;12;1;3983,59;0,1;3107,2;PIX;Online;3585,23;3107,2;478,03;0,1333
102577;2026-03-08;C1991;2;2;3;1497,25;0,0;1003,16;Cartão de débito;Online;4491,75;3009,48;1482,27;0,33
102578;2026-01-20;C0012;4;20;1;2452,45;0,0;1716,71;Cartão de crédito;Marketplace;2452,45;1716,71;735,74;0,3
102579;2025-05-13;C1532;14;23;1;4444,33;0,05;3199,92;Boleto;Marketplace;4222,11;3199,92;1022,19;0,2421
102580;2025-12-05;C0213;12;2;1;774,75;0,05;526,83;Cartão de crédito;Marketplace;736,01;526,83;209,18;0,2842
102581;2025-05-13;C2175;12;16;3;857,91;0,1;583,38;Cartão de crédito;Online;2316,36;1750,14;566,22;0,2444
102582;2025-08-10;C2403;14;22;1;2913,93;0,0;2098,03;Cartão de débito;Online;2913,93;2098,03;815,9;0,28
102583;2026-01-09;C0555;13;23;1;190,16;0,0;110,29;Boleto;Marketplace;190,16;110,29;79,87;0,42
102584;2026-01-11;C0948;3;20;3;65,96;0,1;29,68;Cartão de crédito;Online;178,09;89,04;89,05;0,5
102585;2025-02-14;C0545;10;17;3;228,31;0,15;118,72;PIX;Marketplace;582,19;356,16;226,03;0,3882
102586;2025-10-07;C2419;2;13;4;304,81;0,0;204,22;PIX;Marketplace;1219,24;816,88;402,36;0,33
102587;2025-08-19;C2105;4;8;1;1614,88;0,1;1130,42;Boleto;Marketplace;1453,39;1130,42;322,97;0,2222
102588;2026-06-27;C0866;11;10;1;1742,35;0,0;1184,8;Boleto;Marketplace;1742,35;1184,8;557,55;0,32
102589;2025-06-21;C2446;7;7;2;428,25;0,0;265,51;Boleto;Online;856,5;531,02;325,48;0,38
102590;2026-02-22;C1557;4;22;1;2439,01;0,05;1707,31;Boleto;Online;2317,06;1707,31;609,75;0,2632
102591;2026-03-10;C0125;9;18;1;262,24;0,15;165,21;Boleto;Marketplace;222,9;165,21;57,69;0,2588
102592;2025-05-15;C0806;14;15;1;5980,07;0,05;4305,65;Cartão de crédito;Online;5681,07;4305,65;1375,42;0,2421
102593;2025-07-23;C0018;11;19;1;768,64;0,1;522,68;Boleto;Marketplace;691,78;522,68;169,1;0,2444
102594;2025-11-20;C1734;17;15;1;468,59;0,05;281,15;Cartão de débito;Online;445,16;281,15;164,01;0,3684
102595;2025-11-06;C0308;2;12;1;988,41;0,0;662,23;PIX;Online;988,41;662,23;326,18;0,33
102596;2025-09-28;C1497;16;25;1;440,0;0,0;242,0;Cartão de crédito;Marketplace;440,0;242,0;198,0;0,45
102597;2025-05-07;C2346;3;9;4;26,4;0,1;11,88;Boleto;Marketplace;95,04;47,52;47,52;0,5
102598;2026-02-19;C2379;9;13;1;278,45;0,15;175,42;Cartão de débito;Online;236,68;175,42;61,26;0,2588
102599;2026-05-22;C1081;4;26;2;1619,13;0,05;1133,39;PIX;Marketplace;3076,35;2266,78;809,57;0,2632
102600;2025-07-10;C0995;12;22;5;1949,32;0,1;1325,54;Cartão de crédito;Marketplace;8771,94;6627,7;2144,24;0,2444
102601;2025-01-07;C0411;1;2;2;414,76;0,1;265,45;Boleto;Online;746,57;530,9;215,67;0,2889
102602;2025-07-14;C0589;5;22;2;803,7;0,05;522,41;Cartão de débito;Online;1527,03;1044,82;482,21;0,3158
102603;2025-10-24;C1062;16;10;1;534,29;0,15;293,86;Cartão de débito;Online;454,15;293,86;160,29;0,3529
102604;2026-04-17;C1541;16;24;2;396,87;0,0;218,28;Boleto;Marketplace;793,74;436,56;357,18;0,45
102605;2025-06-13;C0917;1;11;2;907,23;0,1;580,63;Cartão de débito;Online;1633,01;1161,26;471,75;0,2889
102606;2025-01-23;C2357;7;2;1;666,55;0,0;413,26;Cartão de débito;Online;666,55;413,26;253,29;0,38
102607;2026-06-13;C1143;7;14;1;309,31;0,0;191,77;Cartão de crédito;Online;309,31;191,77;117,54;0,38
102608;2026-05-10;C1358;14;16;3;5517,06;0,0;3972,28;PIX;Online;16551,18;11916,84;4634,34;0,28
102609;2025-02-28;C1813;16;19;1;384,2;0,1;211,31;Cartão de débito;Online;345,78;211,31;134,47;0,3889
102610;2025-01-31;C0016;17;5;2;375,34;0,0;225,2;Cartão de débito;Online;750,68;450,4;300,28;0,4
102611;2026-03-19;C0617;7;23;3;519,57;0,05;322,13;Cartão de débito;Online;1480,77;966,39;514,38;0,3474
102612;2026-06-03;C0139;10;17;4;208,58;0,0;108,46;Cartão de crédito;Marketplace;834,32;433,84;400,48;0,48
102613;2025-08-01;C2288;14;10;1;3333,14;0,1;2399,86;PIX;Online;2999,83;2399,86;599,97;0,2
102614;2025-11-08;C0555;6;3;2;66,96;0,1;33,48;Boleto;Marketplace;120,53;66,96;53,57;0,4445
102615;2025-05-16;C2032;12;17;1;1915,72;0,15;1302,69;PIX;Online;1628,36;1302,69;325,67;0,2
102616;2026-04-10;C1722;10;2;1;262,14;0,0;136,31;Cartão de débito;Online;262,14;136,31;125,83;0,48
102617;2025-09-08;C1659;12;3;1;1615,04;0,2;1098,23;Boleto;Marketplace;1292,03;1098,23;193,8;0,15
102618;2025-03-14;C1159;10;3;2;165,53;0,05;86,08;Cartão de débito;Online;314,51;172,16;142,35;0,4526
102619;2025-08-11;C2405;6;12;2;164,15;0,05;82,08;PIX;Online;311,88;164,16;147,72;0,4736
102620;2026-06-03;C1751;2;27;1;1175,12;0,15;787,33;PIX;Online;998,85;787,33;211,52;0,2118
102621;2025-08-01;C0586;9;23;3;492,04;0,05;309,99;Cartão de débito;Online;1402,31;929,97;472,34;0,3368
102622;2025-09-21;C1561;1;12;1;370,59;0,1;237,18;Cartão de crédito;Online;333,53;237,18;96,35;0,2889
102623;2025-10-23;C2304;4;21;4;955,96;0,0;669,17;Cartão de crédito;Online;3823,84;2676,68;1147,16;0,3
102624;2026-03-24;C0670;3;9;1;35,45;0,05;15,95;PIX;Marketplace;33,68;15,95;17,73;0,5264
102625;2025-06-26;C0662;9;21;1;463,26;0,1;291,85;Boleto;Online;416,93;291,85;125,08;0,3
102626;2026-05-29;C2156;6;9;1;243,04;0,0;121,52;Boleto;Online;243,04;121,52;121,52;0,5
102627;2025-10-25;C0277;4;1;1;598,95;0,1;419,26;Cartão de débito;Marketplace;539,06;419,26;119,8;0,2222
102628;2026-02-15;C1254;11;16;1;1967,27;0,05;1337,74;Boleto;Online;1868,91;1337,74;531,17;0,2842
102629;2026-06-12;C1755;4;22;2;1747,06;0,05;1222,94;Boleto;Online;3319,41;2445,88;873,53;0,2632
102630;2025-01-04;C1822;1;27;1;576,48;0,0;368,95;Cartão de crédito;Online;576,48;368,95;207,53;0,36
102631;2025-03-27;C1574;10;15;1;82,37;0,05;42,83;PIX;Marketplace;78,25;42,83;35,42;0,4527
102632;2026-02-21;C1138;6;20;1;183,1;0,05;91,55;PIX;Marketplace;173,94;91,55;82,39;0,4737
102633;2026-05-21;C1443;11;2;1;1945,7;0,0;1323,08;PIX;Online;1945,7;1323,08;622,62;0,32
102634;2025-02-23;C1583;14;2;1;3681,52;0,1;2650,69;Cartão de débito;Marketplace;3313,37;2650,69;662,68;0,2
102635;2026-01-01;C0293;12;18;1;1335,22;0,0;907,95;Cartão de débito;Marketplace;1335,22;907,95;427,27;0,32
102636;2025-09-24;C0282;9;6;2;402,59;0,05;253,63;Cartão de crédito;Online;764,92;507,26;257,66;0,3368
102637;2025-07-26;C2168;5;9;1;734,41;0,05;477,37;Cartão de débito;Marketplace;697,69;477,37;220,32;0,3158
102638;2025-02-12;C0261;8;11;1;290,83;0,05;159,96;PIX;Marketplace;276,29;159,96;116,33;0,421
102639;2025-08-06;C2100;13;21;2;105,52;0,0;61,2;PIX;Online;211,04;122,4;88,64;0,42
102640;2025-02-01;C2494;1;16;2;494,58;0,0;316,53;Cartão de crédito;Marketplace;989,16;633,06;356,1;0,36
102641;2026-05-03;C2443;15;12;1;4378,53;0,1;3415,25;Boleto;Online;3940,68;3415,25;525,43;0,1333
102642;2025-12-11;C0627;2;7;2;386,89;0,05;259,22;PIX;Online;735,09;518,44;216,65;0,2947
102643;2025-11-22;C0174;9;4;1;289,89;0,1;182,63;Boleto;Marketplace;260,9;182,63;78,27;0,3
102644;2025-01-15;C2348;6;12;1;178,04;0,2;89,02;PIX;Online;142,43;89,02;53,41;0,375
102645;2025-02-16;C0575;4;7;2;1364,39;0,0;955,07;PIX;Marketplace;2728,78;1910,14;818,64;0,3
102646;2025-02-15;C0956;13;4;4;228,59;0,05;132,58;Cartão de débito;Marketplace;868,64;530,32;338,32;0,3895
102647;2025-10-15;C0072;6;5;1;218,88;0,0;109,44;Cartão de crédito;Marketplace;218,88;109,44;109,44;0,5
102648;2026-04-28;C1171;3;8;1;56,82;0,1;25,57;PIX;Online;51,14;25,57;25,57;0,5
102649;2026-03-12;C1095;6;23;5;187,35;0,1;93,67;Cartão de crédito;Online;843,08;468,35;374,73;0,4445
102650;2026-06-17;C1624;4;12;2;2111,96;0,0;1478,37;Boleto;Online;4223,92;2956,74;1267,18;0,3
102651;2025-08-14;C0690;1;15;4;600,55;0,1;384,35;Boleto;Marketplace;2161,98;1537,4;624,58;0,2889
102652;2026-04-16;C1721;7;8;3;369,4;0,05;229,03;Boleto;Online;1052,79;687,09;365,7;0,3474
102653;2026-01-29;C1651;14;3;1;4566,24;0,1;3287,69;Cartão de crédito;Marketplace;4109,62;3287,69;821,93;0,2
102654;2026-06-27;C0370;15;18;1;3002,61;0,0;2342,04;Boleto;Marketplace;3002,61;2342,04;660,57;0,22
102655;2025-11-16;C1698;4;2;2;1687,44;0,0;1181,21;Cartão de débito;Online;3374,88;2362,42;1012,46;0,3
102656;2026-04-17;C0592;13;9;1;278,98;0,05;161,81;Cartão de crédito;Online;265,03;161,81;103,22;0,3895
102657;2025-08-22;C1932;7;27;2;579,91;0,0;359,54;Boleto;Marketplace;1159,82;719,08;440,74;0,38
102658;2026-04-04;C0228;2;25;2;940,24;0,1;629,96;PIX;Marketplace;1692,43;1259,92;432,51;0,2556
102659;2026-04-01;C1724;15;19;1;2255,5;0,05;1759,29;Cartão de crédito;Marketplace;2142,72;1759,29;383,43;0,1789
102660;2026-04-19;C2107;5;7;1;783,19;0,0;509,07;Cartão de crédito;Marketplace;783,19;509,07;274,12;0,35
102661;2026-06-07;C2493;11;27;2;1403,5;0,0;954,38;Cartão de débito;Marketplace;2807,0;1908,76;898,24;0,32
102662;2026-03-30;C1684;6;26;1;54,57;0,0;27,29;Boleto;Marketplace;54,57;27,29;27,28;0,4999
102663;2025-06-04;C0975;15;3;2;3725,04;0,0;2905,53;Cartão de crédito;Marketplace;7450,08;5811,06;1639,02;0,22
102664;2025-04-13;C0634;15;3;4;3588,16;0,05;2798,76;Boleto;Online;13635,01;11195,04;2439,97;0,1789
102665;2025-05-18;C0109;6;20;2;147,69;0,15;73,84;Cartão de crédito;Online;251,07;147,68;103,39;0,4118
102666;2026-04-11;C2401;12;13;1;1565,89;0,0;1064,81;Cartão de débito;Marketplace;1565,89;1064,81;501,08;0,32
102667;2025-08-18;C1126;1;2;3;657,97;0,15;421,1;PIX;Marketplace;1677,82;1263,3;414,52;0,2471
102668;2025-09-06;C1296;12;7;1;1583,49;0,05;1076,77;Boleto;Online;1504,32;1076,77;427,55;0,2842
102669;2025-12-13;C1452;5;5;2;213,27;0,05;138,63;Cartão de crédito;Online;405,21;277,26;127,95;0,3158
102670;2025-04-13;C1323;5;4;1;832,13;0,1;540,88;PIX;Marketplace;748,92;540,88;208,04;0,2778
102671;2026-01-02;C0521;12;14;2;1644,64;0,1;1118,36;Cartão de débito;Marketplace;2960,35;2236,72;723,63;0,2444
102672;2025-09-27;C0184;2;8;1;1477,32;0,05;989,8;Cartão de crédito;Marketplace;1403,45;989,8;413,65;0,2947
102673;2025-11-12;C1980;15;4;4;3605,6;0,1;2812,37;Cartão de débito;Online;12980,16;11249,48;1730,68;0,1333
102674;2025-02-20;C0813;4;3;1;2480,96;0,0;1736,67;Boleto;Online;2480,96;1736,67;744,29;0,3
102675;2026-03-25;C1845;12;18;2;1667,91;0,15;1134,18;Cartão de débito;Marketplace;2835,45;2268,36;567,09;0,2
102676;2026-01-01;C1747;2;12;1;579,26;0,2;388,1;PIX;Online;463,41;388,1;75,31;0,1625
102677;2026-03-10;C1751;1;23;4;870,08;0,0;556,85;Cartão de débito;Marketplace;3480,32;2227,4;1252,92;0,36
102678;2025-08-12;C2043;8;12;1;125,83;0,0;69,21;Boleto;Marketplace;125,83;69,21;56,62;0,45
102679;2025-06-14;C2464;3;5;3;73,55;0,1;33,1;Cartão de crédito;Marketplace;198,58;99,3;99,28;0,4999
102680;2025-02-08;C0560;5;21;2;288,73;0,05;187,67;PIX;Online;548,59;375,34;173,25;0,3158
102681;2025-08-21;C0718;1;15;1;563,14;0,2;360,41;Cartão de crédito;Marketplace;450,51;360,41;90,1;0,2
102682;2025-09-11;C2389;2;23;1;736,33;0,15;493,34;PIX;Marketplace;625,88;493,34;132,54;0,2118
102683;2026-04-28;C1043;16;3;1;463,58;0,0;254,97;PIX;Marketplace;463,58;254,97;208,61;0,45
102684;2026-05-14;C1097;15;2;2;4693,39;0,1;3660,84;Cartão de crédito;Marketplace;8448,1;7321,68;1126,42;0,1333
102685;2025-12-11;C0054;14;14;4;5641,46;0,0;4061,85;Cartão de crédito;Marketplace;22565,84;16247,4;6318,44;0,28
102686;2025-10-21;C0406;15;14;1;4052,83;0,1;3161,21;Boleto;Marketplace;3647,55;3161,21;486,34;0,1333
102687;2025-09-19;C2304;12;26;1;1576,34;0,05;1071,91;Cartão de débito;Online;1497,52;1071,91;425,61;0,2842
102688;2025-10-23;C0989;16;18;4;485,33;0,0;266,93;Boleto;Marketplace;1941,32;1067,72;873,6;0,45
102689;2026-01-29;C0767;14;25;1;5617,42;0,05;4044,54;Boleto;Online;5336,55;4044,54;1292,01;0,2421
102690;2026-03-02;C1696;16;10;1;138,98;0,0;76,44;Boleto;Online;138,98;76,44;62,54;0,45
102691;2025-06-28;C0132;2;14;1;1311,29;0,0;878,56;Cartão de débito;Marketplace;1311,29;878,56;432,73;0,33
102692;2025-03-16;C0856;12;2;2;2449,51;0,05;1665,67;Boleto;Marketplace;4654,07;3331,34;1322,73;0,2842
102693;2025-04-07;C1943;14;3;3;4649,94;0,0;3347,96;PIX;Marketplace;13949,82;10043,88;3905,94;0,28
102694;2025-05-04;C1124;16;4;1;408,39;0,0;224,61;PIX;Online;408,39;224,61;183,78;0,45
102695;2025-11-08;C1620;3;22;3;54,74;0,0;24,63;Boleto;Online;164,22;73,89;90,33;0,5501
102696;2026-01-28;C1009;17;12;1;189,77;0,0;113,86;PIX;Marketplace;189,77;113,86;75,91;0,4
102697;2025-12-31;C2387;4;25;2;1778,72;0,05;1245,1;Boleto;Marketplace;3379,57;2490,2;889,37;0,2632
102698;2025-11-02;C2490;15;22;1;1865,33;0,15;1454,96;PIX;Online;1585,53;1454,96;130,57;0,0824
102699;2025-12-09;C1407;7;22;1;691,5;0,0;428,73;PIX;Marketplace;691,5;428,73;262,77;0,38
102700;2026-02-13;C1971;2;12;1;916,81;0,05;614,26;Cartão de crédito;Marketplace;870,97;614,26;256,71;0,2947
102701;2025-09-04;C0957;8;1;1;283,53;0,0;155,94;Cartão de crédito;Marketplace;283,53;155,94;127,59;0,45
102702;2025-10-27;C2377;8;16;3;112,74;0,0;62,01;Boleto;Marketplace;338,22;186,03;152,19;0,45
102703;2025-08-07;C0261;4;12;1;1876,41;0,0;1313,49;PIX;Marketplace;1876,41;1313,49;562,92;0,3
102704;2026-03-28;C2030;1;11;2;597,45;0,05;382,37;PIX;Online;1135,16;764,74;370,42;0,3263
102705;2025-04-13;C2196;12;12;1;1137,78;0,0;773,69;Cartão de crédito;Marketplace;1137,78;773,69;364,09;0,32
102706;2025-03-08;C1025;15;3;1;2925,52;0,05;2281,91;Cartão de crédito;Online;2779,24;2281,91;497,33;0,1789
102707;2025-03-21;C2248;8;3;1;89,97;0,1;49,48;PIX;Marketplace;80,97;49,48;31,49;0,3889
102708;2025-05-12;C1355;9;13;2;522,7;0,05;329,3;Cartão de crédito;Online;993,13;658,6;334,53;0,3368
102709;2025-07-22;C1002;10;16;4;310,88;0,05;161,66;Cartão de débito;Online;1181,34;646,64;534,7;0,4526
102710;2026-02-18;C0137;14;9;1;3183,33;0,0;2292,0;Não informado;Marketplace;3183,33;2292,0;891,33;0,28
102711;2025-01-20;C1338;4;8;3;776,21;0,0;543,35;Cartão de crédito;Marketplace;2328,63;1630,05;698,58;0,3
102712;2025-01-28;C1654;13;16;1;95,4;0,0;55,33;PIX;Online;95,4;55,33;40,07;0,42
102713;2025-04-08;C1646;14;9;1;3374,47;0,1;2429,62;Cartão de débito;Online;3037,02;2429,62;607,4;0,2
102714;2025-05-20;C1139;13;12;1;496,31;0,0;287,86;Cartão de débito;Online;496,31;287,86;208,45;0,42
102715;2025-02-18;C1526;7;14;1;641,26;0,0;397,58;Cartão de crédito;Online;641,26;397,58;243,68;0,38
102716;2025-08-01;C1049;17;23;1;246,35;0,05;147,81;Cartão de débito;Online;234,03;147,81;86,22;0,3684
102717;2025-07-05;C2118;11;24;1;1956,57;0,1;1330,47;Cartão de débito;Marketplace;1760,91;1330,47;430,44;0,2444
102718;2026-02-26;C1161;4;20;1;933,16;0,0;653,21;PIX;Marketplace;933,16;653,21;279,95;0,3
102719;2026-03-15;C0021;3;23;1;66,69;0,05;30,01;PIX;Online;63,36;30,01;33,35;0,5264
102720;2026-01-01;C1014;12;3;1;1516,87;0,1;1031,47;Cartão de débito;Marketplace;1365,18;1031,47;333,71;0,2444
102721;2025-07-01;C1933;11;19;3;969,94;0,1;659,56;PIX;Online;2618,84;1978,68;640,16;0,2444
102722;2026-02-18;C1520;16;17;3;381,36;0,0;209,75;Boleto;Online;1144,08;629,25;514,83;0,45
102723;2025-09-10;C2093;11;8;1;1865,8;0,05;1268,74;PIX;Marketplace;1772,51;1268,74;503,77;0,2842
102724;2025-08-13;C1021;11;6;1;1330,57;0,05;904,79;Boleto;Marketplace;1264,04;904,79;359,25;0,2842
102725;2026-03-21;C1302;16;21;2;269,03;0,05;147,97;Boleto;Online;511,16;295,94;215,22;0,421
102726;2025-09-13;C0632;4;20;1;2254,86;0,1;1578,4;Boleto;Online;2029,37;1578,4;450,97;0,2222
102727;2025-04-16;C1388;9;3;1;195,19;0,05;122,97;Boleto;Online;185,43;122,97;62,46;0,3368
102728;2025-11-28;C1112;1;10;1;761,54;0,05;487,39;Boleto;Online;723,46;487,39;236,07;0,3263
102729;2026-02-27;C0415;14;17;1;4384,4;0,0;3156,77;Cartão de débito;Online;4384,4;3156,77;1227,63;0,28
102730;2025-04-09;C1452;10;8;3;295,62;0,05;153,72;Boleto;Online;842,52;461,16;381,36;0,4526
102731;2025-04-01;C0120;3;18;1;59,77;0,0;26,9;Boleto;Online;59,77;26,9;32,87;0,5499
102732;2025-06-20;C0017;8;27;4;140,25;0,1;77,14;Boleto;Online;504,9;308,56;196,34;0,3889
102733;2026-01-31;C1127;13;6;2;129,49;0,2;75,1;Boleto;Online;207,18;150,2;56,98;0,275
102734;2026-03-29;C1626;9;1;1;428,37;0,1;269,87;Cartão de débito;Marketplace;385,53;269,87;115,66;0,3
102735;2025-12-19;C1661;9;25;1;511,65;0,05;322,34;Cartão de débito;Marketplace;486,07;322,34;163,73;0,3368
102736;2025-08-09;C1620;14;19;3;3417,93;0,1;2460,91;Cartão de crédito;Online;9228,41;7382,73;1845,68;0,2
102737;2026-01-28;C1197;10;14;2;108,3;0,05;56,32;Cartão de crédito;Marketplace;205,77;112,64;93,13;0,4526
102738;2025-08-12;C1347;1;20;1;377,66;0,0;241,7;Cartão de crédito;Online;377,66;241,7;135,96;0,36
102739;2025-01-29;C0466;11;16;1;1549,46;0,05;1053,63;Cartão de crédito;Online;1471,99;1053,63;418,36;0,2842
102740;2025-08-20;C0949;5;14;1;471,9;0,05;306,74;Boleto;Marketplace;448,3;306,74;141,56;0,3158
102741;2025-10-08;C2186;5;13;2;481,45;0,1;312,94;PIX;Online;866,61;625,88;240,73;0,2778
102742;2025-03-14;C1779;12;16;1;1089,72;0,0;741,01;Não informado;Online;1089,72;741,01;348,71;0,32
102743;2025-01-11;C1159;16;19;2;455,19;0,1;250,35;Cartão de crédito;Online;819,34;500,7;318,64;0,3889
102744;2025-06-15;C0159;9;2;1;389,67;0,15;245,49;Cartão de crédito;Marketplace;331,22;245,49;85,73;0,2588
102745;2025-03-16;C2467;12;4;1;1225,56;0,0;833,38;Cartão de débito;Marketplace;1225,56;833,38;392,18;0,32
102746;2025-12-04;C1239;6;23;2;227,63;0,2;113,81;PIX;Online;364,21;227,62;136,59;0,375
102747;2026-03-12;C0252;15;17;2;3261,9;0,1;2544,28;Cartão de crédito;Online;5871,42;5088,56;782,86;0,1333
102748;2025-03-02;C0328;16;19;1;340,28;0,15;187,15;Boleto;Online;289,24;187,15;102,09;0,353
102749;2025-05-19;C0401;5;26;2;509,44;0,1;331,14;Cartão de débito;Marketplace;916,99;662,28;254,71;0,2778
102750;2025-01-05;C0662;3;19;4;61,66;0,1;27,75;PIX;Online;221,98;111,0;110,98;0,5
102751;2025-05-16;C2186;17;17;1;542,4;0,0;325,44;Cartão de crédito;Online;542,4;325,44;216,96;0,4
102752;2026-05-03;C2090;10;23;1;201,78;0,15;104,93;Cartão de crédito;Online;171,51;104,93;66,58;0,3882
102753;2025-02-08;C2046;15;20;1;4882,5;0,1;3808,35;Cartão de crédito;Marketplace;4394,25;3808,35;585,9;0,1333
102754;2025-09-13;C0622;7;21;1;362,97;0,0;225,04;Cartão de débito;Online;362,97;225,04;137,93;0,38
102755;2025-08-12;C1358;4;14;1;1693,62;0,05;1185,53;Cartão de débito;Marketplace;1608,94;1185,53;423,41;0,2632
102756;2026-02-21;C2245;15;10;1;2377,58;0,0;1854,51;Cartão de débito;Marketplace;2377,58;1854,51;523,07;0,22
102757;2025-03-18;C0009;9;22;1;294,38;0,05;185,46;Cartão de crédito;Marketplace;279,66;185,46;94,2;0,3368
102758;2026-06-18;C2154;2;6;3;698,61;0,05;468,07;Cartão de débito;Online;1991,04;1404,21;586,83;0,2947
102759;2026-01-14;C0435;14;2;2;4700,34;0,1;3384,24;Boleto;Marketplace;8460,61;6768,48;1692,13;0,2
102760;2025-08-02;C1498;16;24;1;352,43;0,15;193,84;Boleto;Online;299,57;193,84;105,73;0,3529
102761;2025-06-09;C1597;3;15;1;80,83;0,05;36,37;Cartão de crédito;Marketplace;76,79;36,37;40,42;0,5264
102762;2025-01-09;C1952;16;3;1;121,42;0,0;66,78;PIX;Online;121,42;66,78;54,64;0,45
102763;2025-01-06;C1549;1;24;1;969,0;0,05;620,16;PIX;Online;920,55;620,16;300,39;0,3263
102764;2026-04-01;C0421;6;27;3;50,69;0,1;25,34;Boleto;Marketplace;136,86;76,02;60,84;0,4445
102765;2025-10-06;C0411;12;2;1;1665,34;0,0;1132,43;Cartão de débito;Online;1665,34;1132,43;532,91;0,32
102766;2025-04-24;C0499;6;5;1;208,55;0,0;104,28;Cartão de débito;Online;208,55;104,28;104,27;0,5
102767;2025-06-29;C2278;7;10;1;159,88;0,0;99,13;Cartão de débito;Online;159,88;99,13;60,75;0,38
102768;2025-11-01;C0131;11;13;1;547,63;0,1;372,39;PIX;Marketplace;492,87;372,39;120,48;0,2444
102769;2025-08-22;C1528;17;5;3;171,25;0,0;102,75;PIX;Online;513,75;308,25;205,5;0,4
102770;2025-07-18;C1306;4;24;4;2387,36;0,15;1671,15;Cartão de débito;Online;8117,02;6684,6;1432,42;0,1765
102771;2025-10-24;C0482;10;17;2;379,52;0,05;197,35;Cartão de crédito;Marketplace;721,09;394,7;326,39;0,4526
102772;2025-09-04;C0120;6;26;1;158,09;0,15;79,05;PIX;Online;134,38;79,05;55,33;0,4117
102773;2025-12-04;C0994;9;18;1;414,37;0,15;261,05;Cartão de crédito;Marketplace;352,21;261,05;91,16;0,2588
102774;2026-04-26;C2277;9;3;1;337,98;0,1;212,93;Cartão de débito;Online;304,18;212,93;91,25;0,3
102775;2025-03-29;C2089;7;20;2;844,75;0,0;523,75;Cartão de débito;Marketplace;1689,5;1047,5;642,0;0,38
102776;2025-01-26;C0932;8;18;1;208,74;0,0;114,81;Cartão de crédito;Online;208,74;114,81;93,93;0,45
102777;2025-09-14;C0982;3;10;3;52,2;0,05;23,49;PIX;Marketplace;148,77;70,47;78,3;0,5263
102778;2026-05-20;C1525;11;13;2;889,7;0,1;605,0;PIX;Online;1601,46;1210,0;391,46;0,2444
102779;2026-03-06;C2469;14;6;4;4482,54;0,0;3227,43;PIX;Online;17930,16;12909,72;5020,44;0,28
102780;2026-03-16;C0061;6;2;1;195,58;0,05;97,79;Boleto;Online;185,8;97,79;88,01;0,4737
102781;2026-04-09;C1120;1;10;1;925,58;0,0;592,37;Cartão de débito;Marketplace;925,58;592,37;333,21;0,36
102782;2025-04-06;C0913;10;13;1;259,24;0,0;134,8;Cartão de crédito;Online;259,24;134,8;124,44;0,48
102783;2025-08-14;C0084;11;7;1;711,12;0,1;483,56;Cartão de débito;Marketplace;640,01;483,56;156,45;0,2444
102784;2025-10-03;C1235;9;24;1;521,93;0,15;328,82;PIX;Online;443,64;328,82;114,82;0,2588
102785;2025-07-08;C0985;9;6;2;552,46;0,0;348,05;Cartão de crédito;Online;1104,92;696,1;408,82;0,37
102786;2025-03-23;C1862;2;10;2;634,77;0,1;425,3;Cartão de débito;Marketplace;1142,59;850,6;291,99;0,2556
102787;2025-12-02;C2190;17;12;1;420,98;0,1;252,59;Cartão de crédito;Marketplace;378,88;252,59;126,29;0,3333
102788;2026-05-26;C2307;7;15;3;161,21;0,0;99,95;Boleto;Online;483,63;299,85;183,78;0,38
102789;2025-08-07;C0908;1;7;2;734,41;0,0;470,02;PIX;Marketplace;1468,82;940,04;528,78;0,36
102790;2025-08-16;C0339;7;9;1;553,37;0,1;343,09;Boleto;Online;498,03;343,09;154,94;0,3111
102791;2025-10-14;C0083;12;24;3;951,68;0,05;647,14;Cartão de crédito;Marketplace;2712,29;1941,42;770,87;0,2842
102792;2025-04-12;C1989;7;18;1;267,73;0,0;165,99;Cartão de crédito;Marketplace;267,73;165,99;101,74;0,38
102793;2026-02-22;C1901;15;15;1;4076,39;0,15;3179,58;Cartão de débito;Online;3464,93;3179,58;285,35;0,0824
102794;2026-01-27;C2475;16;20;1;529,22;0,1;291,07;Cartão de débito;Online;476,3;291,07;185,23;0,3889
102795;2025-02-03;C0883;11;11;1;769,01;0,0;522,93;PIX;Marketplace;769,01;522,93;246,08;0,32
102796;2025-07-09;C0620;14;8;1;2833,27;0,05;2039,95;Cartão de débito;Online;2691,61;2039,95;651,66;0,2421
102797;2026-01-18;C0925;5;26;1;687,21;0,1;446,69;Cartão de crédito;Online;618,49;446,69;171,8;0,2778
102798;2025-12-16;C1763;7;20;1;259,67;0,1;161,0;PIX;Marketplace;233,7;161,0;72,7;0,3111
102799;2026-06-11;C1510;15;25;1;3398,81;0,0;2651,07;Cartão de débito;Online;3398,81;2651,07;747,74;0,22
102800;2025-10-20;C1410;14;5;2;5920,96;0,0;4263,09;Cartão de crédito;Marketplace;11841,92;8526,18;3315,74;0,28
102801;2026-04-22;C2190;3;25;2;42,79;0,05;19,26;PIX;Online;81,3;38,52;42,78;0,5262
102802;2025-01-14;C0485;3;14;2;95,6;0,05;43,02;Cartão de crédito;Online;181,64;86,04;95,6;0,5263
102803;2026-05-26;C1753;3;15;4;76,92;0,0;34,61;Não informado;Marketplace;307,68;138,44;169,24;0,5501
102804;2025-03-10;C0513;10;27;1;264,16;0,05;137,36;PIX;Marketplace;250,95;137,36;113,59;0,4526
102805;2026-02-21;C0304;12;5;2;1824,91;0,0;1240,94;Cartão de crédito;Online;3649,82;2481,88;1167,94;0,32
102806;2026-05-05;C2241;16;27;2;320,9;0,05;176,5;Boleto;Marketplace;609,71;353,0;256,71;0,421
102807;2025-12-10;C1008;5;13;1;398,42;0,05;258,97;PIX;Online;378,5;258,97;119,53;0,3158
102808;2025-05-22;C1551;15;9;3;3067,27;0,0;2392,47;PIX;Marketplace;9201,81;7177,41;2024,4;0,22
102809;2026-05-25;C0344;1;23;1;892,06;0,1;570,92;Cartão de crédito;Online;802,85;570,92;231,93;0,2889
102810;2025-09-08;C1858;14;4;3;5205,18;0,0;3747,73;Cartão de débito;Online;15615,54;11243,19;4372,35;0,28
102811;2025-08-01;C0587;15;9;1;2378,32;0,1;1855,09;Boleto;Marketplace;2140,49;1855,09;285,4;0,1333
102812;2025-05-10;C1961;5;17;2;735,37;0,0;477,99;Cartão de débito;Marketplace;1470,74;955,98;514,76;0,35
102813;2025-12-17;C2336;10;9;1;395,34;0,15;205,58;Cartão de débito;Online;336,04;205,58;130,46;0,3882
102814;2025-04-11;C1126;17;15;2;121,23;0,05;72,74;Cartão de débito;Marketplace;230,34;145,48;84,86;0,3684
102815;2025-10-27;C0754;16;15;1;532,9;0,15;293,1;Cartão de crédito;Online;452,96;293,1;159,86;0,3529
102816;2025-07-07;C1146;8;5;1;155,99;0,2;85,79;Boleto;Marketplace;124,79;85,79;39,0;0,3125
102817;2025-11-18;C1581;16;25;2;588,71;0,0;323,79;PIX;Marketplace;1177,42;647,58;529,84;0,45
102818;2025-06-18;C1142;7;27;3;583,32;0,1;361,66;Cartão de crédito;Online;1574,96;1084,98;489,98;0,3111
102819;2026-02-21;C0566;9;12;1;580,12;0,05;365,48;Boleto;Marketplace;551,11;365,48;185,63;0,3368
102820;2025-12-08;C0450;16;4;1;436,08;0,15;239,84;Cartão de débito;Marketplace;370,67;239,84;130,83;0,353
102821;2026-05-20;C0735;10;26;2;154,05;0,0;80,11;Boleto;Online;308,1;160,22;147,88;0,48
102822;2025-10-03;C0568;2;22;1;969,41;0,0;649,5;PIX;Online;969,41;649,5;319,91;0,33
102823;2025-05-31;C0803;7;21;1;520,07;0,05;322,44;Cartão de crédito;Marketplace;494,07;322,44;171,63;0,3474
102824;2026-05-20;C2324;11;9;1;1803,55;0,05;1226,41;PIX;Online;1713,37;1226,41;486,96;0,2842
102825;2025-01-25;C0834;3;6;1;68,88;0,0;31,0;Boleto;Online;68,88;31,0;37,88;0,5499
102826;2025-07-17;C1822;1;12;2;916,58;0,1;586,61;PIX;Marketplace;1649,84;1173,22;476,62;0,2889
102827;2026-02-09;C2000;15;23;1;3919,38;0,0;3057,12;Boleto;Online;3919,38;3057,12;862,26;0,22
102828;2026-06-17;C1747;13;22;1;127,39;0,2;73,89;Cartão de débito;Online;101,91;73,89;28,02;0,2749
102829;2026-06-15;C1197;12;16;1;1183,16;0,05;804,55;Cartão de débito;Online;1124,0;804,55;319,45;0,2842
102830;2026-03-10;C1849;5;9;2;581,03;0,15;377,67;Cartão de débito;Marketplace;987,75;755,34;232,41;0,2353
102831;2025-03-29;C0848;8;16;1;267,4;0,1;147,07;PIX;Marketplace;240,66;147,07;93,59;0,3889
102832;2025-01-25;C2304;13;21;5;465,24;0,0;269,84;Cartão de crédito;Online;2326,2;1349,2;977,0;0,42
102833;2025-05-30;C1072;5;12;2;963,6;0,0;626,34;Cartão de débito;Marketplace;1927,2;1252,68;674,52;0,35
102834;2025-01-01;C0318;12;17;1;1297,24;0,05;882,12;PIX;Online;1232,38;882,12;350,26;0,2842
102835;2025-08-10;C2146;12;1;2;1738,74;0,1;1182,34;Cartão de crédito;Marketplace;3129,73;2364,68;765,05;0,2444
102836;2025-03-11;C0251;2;20;1;589,92;0,0;395,25;Boleto;Marketplace;589,92;395,25;194,67;0,33
102837;2025-08-07;C1353;15;9;1;3537,22;0,0;2759,03;Cartão de débito;Marketplace;3537,22;2759,03;778,19;0,22
102838;2026-04-15;C1310;9;3;1;143,97;0,0;90,7;Cartão de crédito;Online;143,97;90,7;53,27;0,37
102839;2026-06-13;C1302;16;27;1;323,69;0,05;178,03;Boleto;Marketplace;307,51;178,03;129,48;0,4211
102840;2025-04-04;C2492;12;14;1;2299,44;0,1;1563,62;Cartão de crédito;Marketplace;2069,5;1563,62;505,88;0,2444
102841;2025-07-29;C1982;6;9;2;137,19;0,0;68,59;Boleto;Marketplace;274,38;137,18;137,2;0,5
102842;2026-03-09;C0463;6;20;1;164,26;0,1;82,13;Boleto;Marketplace;147,83;82,13;65,7;0,4444
102843;2025-07-26;C0816;6;1;1;63,13;0,15;31,57;PIX;Online;53,66;31,57;22,09;0,4117
102844;2025-08-01;C1536;4;12;1;1213,07;0,05;849,15;PIX;Marketplace;1152,42;849,15;303,27;0,2632
102845;2026-03-27;C0615;4;5;1;993,83;0,2;695,68;Cartão de débito;Marketplace;795,06;695,68;99,38;0,125
102846;2026-02-02;C1640;7;21;2;220,7;0,15;136,83;Boleto;Marketplace;375,19;273,66;101,53;0,2706
102847;2025-03-10;C1353;12;13;1;1181,83;0,05;803,64;Boleto;Online;1122,74;803,64;319,1;0,2842
102848;2025-07-27;C0027;14;27;1;4304,03;0,0;3098,9;Boleto;Online;4304,03;3098,9;1205,13;0,28
102849;2026-01-29;C1762;8;10;2;258,45;0,0;142,15;Cartão de crédito;Marketplace;516,9;284,3;232,6;0,45
102850;2025-06-18;C1311;12;2;1;1632,15;0,15;1109,86;Cartão de crédito;Online;1387,33;1109,86;277,47;0,2
102851;2026-04-24;C0781;14;17;4;2526,79;0,15;1819,29;Cartão de débito;Online;8591,09;7277,16;1313,93;0,1529
102852;2025-08-18;C2276;3;22;3;87,57;0,2;39,41;Boleto;Marketplace;210,17;118,23;91,94;0,4375
102853;2025-04-29;C0496;3;18;3;60,1;0,0;27,05;Boleto;Marketplace;180,3;81,15;99,15;0,5499
102854;2025-01-02;C2469;5;19;1;642,59;0,0;417,68;Cartão de crédito;Online;642,59;417,68;224,91;0,35
102855;2025-05-25;C0793;2;14;1;612,83;0,0;410,6;Cartão de crédito;Marketplace;612,83;410,6;202,23;0,33
102856;2026-04-03;C1924;8;21;1;216,19;0,15;118,9;Boleto;Online;183,76;118,9;64,86;0,353
102857;2025-04-21;C1541;8;20;1;214,18;0,0;117,8;Boleto;Marketplace;214,18;117,8;96,38;0,45
102858;2025-10-31;C0167;10;5;2;311,5;0,05;161,98;Cartão de débito;Marketplace;591,85;323,96;267,89;0,4526
102859;2025-01-17;C0072;2;27;2;708,31;0,0;474,57;PIX;Online;1416,62;949,14;467,48;0,33
102860;2026-01-09;C0804;16;24;2;412,07;0,2;226,64;Cartão de débito;Online;659,31;453,28;206,03;0,3125
102861;2025-09-22;C0999;15;15;5;3813,68;0,05;2974,67;PIX;Marketplace;18114,98;14873,35;3241,63;0,1789
102862;2026-03-08;C0206;1;12;2;534,2;0,1;341,89;Cartão de crédito;Online;961,56;683,78;277,78;0,2889
102863;2025-02-08;C0394;4;18;1;1293,93;0,1;905,75;Boleto;Online;1164,54;905,75;258,79;0,2222
102864;2026-06-01;C0134;14;23;1;3720,27;0,05;2678,59;PIX;Marketplace;3534,26;2678,59;855,67;0,2421
102865;2026-04-12;C2279;4;9;3;906,62;0,0;634,63;Cartão de débito;Marketplace;2719,86;1903,89;815,97;0,3
102866;2025-04-02;C2459;8;12;1;142,41;0,05;78,33;Cartão de crédito;Marketplace;135,29;78,33;56,96;0,421
102867;2025-09-06;C2070;16;6;4;592,48;0,05;325,86;Cartão de débito;Online;2251,42;1303,44;947,98;0,4211
102868;2025-08-01;C0376;14;27;4;5823,98;0,1;4193,27;Boleto;Marketplace;20966,33;16773,08;4193,25;0,2
102869;2025-05-30;C2124;11;12;1;1028,55;0,0;699,41;Cartão de débito;Marketplace;1028,55;699,41;329,14;0,32
102870;2025-10-25;C0011;13;14;1;94,44;0,15;54,78;Cartão de débito;Online;80,27;54,78;25,49;0,3176
102871;2025-02-20;C0354;16;10;1;473,14;0,1;260,23;Cartão de crédito;Online;425,83;260,23;165,6;0,3889
102872;2025-10-14;C0854;4;3;3;1491,01;0,0;1043,71;Cartão de débito;Online;4473,03;3131,13;1341,9;0,3
102873;2025-08-29;C1312;5;20;3;1045,02;0,15;679,26;Cartão de débito;Online;2664,8;2037,78;627,02;0,2353
102874;2025-03-01;C0233;15;7;2;3357,33;0,05;2618,72;Cartão de débito;Online;6378,93;5237,44;1141,49;0,1789
102875;2026-06-18;C0467;3;27;2;84,76;0,0;38,14;Cartão de crédito;Online;169,52;76,28;93,24;0,55
102876;2025-08-25;C1376;6;7;2;105,74;0,0;52,87;Cartão de débito;Online;211,48;105,74;105,74;0,5
102877;2025-02-20;C1076;1;19;2;743,35;0,05;475,74;Cartão de débito;Marketplace;1412,36;951,48;460,88;0,3263
102878;2025-06-24;C2187;16;19;3;112,37;0,1;61,8;Cartão de débito;Online;303,4;185,4;118,0;0,3889
102879;2026-06-17;C0274;10;6;1;394,93;0,1;205,36;Boleto;Marketplace;355,44;205,36;150,08;0,4222
102880;2025-01-04;C1424;3;19;3;37,62;0,2;16,93;Cartão de crédito;Marketplace;90,29;50,79;39,5;0,4375
102881;2025-09-08;C0035;5;7;3;632,65;0,15;411,22;Boleto;Marketplace;1613,26;1233,66;379,6;0,2353
102882;2025-04-07;C2285;13;14;2;132,41;0,0;76,8;Boleto;Online;264,82;153,6;111,22;0,42
102883;2026-02-22;C1459;8;22;2;246,64;0,0;135,65;Boleto;Marketplace;493,28;271,3;221,98;0,45
102884;2025-04-11;C2086;8;14;1;167,59;0,15;92,17;Cartão de débito;Marketplace;142,45;92,17;50,28;0,353
102885;2026-03-19;C2232;1;19;1;765,36;0,05;489,83;Boleto;Online;727,09;489,83;237,26;0,3263
102886;2026-02-16;C0705;3;25;2;34,73;0,05;15,63;Cartão de crédito;Online;65,99;31,26;34,73;0,5263
102887;2026-02-11;C0351;3;24;4;99,16;0,0;44,62;Cartão de crédito;Marketplace;396,64;178,48;218,16;0,55
102888;2025-09-05;C1303;9;7;2;170,96;0,0;107,7;Boleto;Marketplace;341,92;215,4;126,52;0,37
102889;2025-06-05;C1777;3;6;1;68,26;0,05;30,72;Cartão de crédito;Online;64,85;30,72;34,13;0,5263
102890;2026-06-29;C0101;11;6;1;1878,84;0,15;1277,61;Cartão de crédito;Marketplace;1597,01;1277,61;319,4;0,2
102891;2026-02-01;C1351;17;27;1;507,9;0,05;304,74;Cartão de débito;Marketplace;482,5;304,74;177,76;0,3684
102892;2025-12-26;C0381;16;27;1;320,7;0,1;176,39;PIX;Marketplace;288,63;176,39;112,24;0,3889
102893;2025-02-27;C1479;12;16;2;707,85;0,1;481,34;PIX;Online;1274,13;962,68;311,45;0,2444
102894;2026-04-03;C2299;6;11;3;148,26;0,1;74,13;Cartão de débito;Online;400,3;222,39;177,91;0,4444
102895;2025-07-20;C0074;13;3;1;387,06;0,0;224,49;Cartão de crédito;Online;387,06;224,49;162,57;0,42
102896;2026-02-05;C0148;6;26;1;84,18;0,1;42,09;Boleto;Marketplace;75,76;42,09;33,67;0,4444
102897;2025-07-05;C0664;13;27;1;159,39;0,1;92,45;Cartão de crédito;Online;143,45;92,45;51,0;0,3555
102898;2025-06-22;C0172;16;26;1;576,11;0,1;316,86;Cartão de débito;Marketplace;518,5;316,86;201,64;0,3889
102899;2026-01-30;C1735;7;15;1;676,31;0,05;419,31;Cartão de débito;Marketplace;642,49;419,31;223,18;0,3474
102900;2025-01-26;C1338;9;3;1;495,31;0,0;312,05;PIX;Marketplace;495,31;312,05;183,26;0,37
102901;2026-01-12;C1672;16;1;2;554,16;0,0;304,79;Boleto;Marketplace;1108,32;609,58;498,74;0,45
102902;2026-01-06;C1245;5;1;1;572,68;0,0;372,24;Cartão de crédito;Marketplace;572,68;372,24;200,44;0,35
102903;2026-03-16;C2249;16;9;4;431,33;0,05;237,23;Cartão de débito;Marketplace;1639,05;948,92;690,13;0,4211
102904;2025-07-23;C1216;6;15;2;221,23;0,1;110,61;Boleto;Online;398,21;221,22;176,99;0,4445
102905;2026-05-22;C0885;10;10;1;205,32;0,0;106,77;Cartão de débito;Online;205,32;106,77;98,55;0,48
102906;2026-04-17;C1937;14;7;1;4148,5;0,15;2986,92;PIX;Online;3526,22;2986,92;539,3;0,1529
102907;2026-02-23;C2499;7;6;2;642,67;0,1;398,46;Cartão de débito;Marketplace;1156,81;796,92;359,89;0,3111
102908;2025-02-02;C1459;4;22;1;1948,12;0,0;1363,68;Cartão de crédito;Marketplace;1948,12;1363,68;584,44;0,3
102909;2025-06-29;C2180;12;26;1;1534,27;0,1;1043,3;Cartão de crédito;Marketplace;1380,84;1043,3;337,54;0,2444
102910;2025-10-15;C0706;5;12;3;958,16;0,1;622,8;Cartão de crédito;Marketplace;2587,03;1868,4;718,63;0,2778
102911;2025-08-21;C2008;3;16;3;87,56;0,05;39,4;PIX;Online;249,55;118,2;131,35;0,5263
102912;2025-01-30;C0260;1;8;1;534,56;0,2;342,12;PIX;Online;427,65;342,12;85,53;0,2
102913;2025-01-05;C1229;13;13;5;89,73;0,0;52,04;Cartão de crédito;Marketplace;448,65;260,2;188,45;0,42
102914;2025-12-18;C0930;5;16;3;339,27;0,05;220,53;Cartão de débito;Online;966,92;661,59;305,33;0,3158
102915;2025-12-05;C0771;8;8;1;238,74;0,15;131,31;Cartão de débito;Online;202,93;131,31;71,62;0,3529
102916;2025-01-30;C1126;11;25;5;666,99;0,05;453,55;PIX;Online;3168,2;2267,75;900,45;0,2842
102917;2026-01-25;C0751;10;9;3;190,06;0,1;98,83;PIX;Marketplace;513,16;296,49;216,67;0,4222
102918;2026-06-26;C0789;1;10;2;773,83;0,0;495,25;Cartão de crédito;Marketplace;1547,66;990,5;557,16;0,36
102919;2025-02-11;C2473;10;10;3;280,26;0,05;145,74;Cartão de crédito;Online;798,74;437,22;361,52;0,4526
102920;2025-11-08;C1410;8;21;3;148,79;0,1;81,83;Boleto;Online;401,73;245,49;156,24;0,3889
102921;2025-05-19;C1942;10;23;1;350,46;0,05;182,24;Cartão de débito;Marketplace;332,94;182,24;150,7;0,4526
102922;2026-01-30;C0392;2;10;5;425,5;0,0;285,09;Boleto;Marketplace;2127,5;1425,45;702,05;0,33
102923;2025-06-20;C1743;10;26;1;112,48;0,1;58,49;PIX;Online;101,23;58,49;42,74;0,4222
102924;2026-03-29;C1607;6;2;1;167,83;0,15;83,92;Cartão de débito;Online;142,66;83,92;58,74;0,4117
102925;2025-09-04;C0083;10;10;2;155,16;0,1;80,68;Cartão de crédito;Marketplace;279,29;161,36;117,93;0,4222
102926;2025-03-02;C1273;8;27;1;236,7;0,1;130,19;Cartão de débito;Online;213,03;130,19;82,84;0,3889
102927;2026-03-28;C0933;10;4;2;111,99;0,0;58,23;Cartão de débito;Marketplace;223,98;116,46;107,52;0,48
102928;2026-06-28;C2278;1;19;1;326,93;0,05;209,24;PIX;Online;310,58;209,24;101,34;0,3263
102929;2025-05-29;C1513;12;11;2;1136,12;0,0;772,56;Cartão de débito;Online;2272,24;1545,12;727,12;0,32
102930;2025-04-20;C1009;1;25;1;629,97;0,1;403,18;Boleto;Marketplace;566,97;403,18;163,79;0,2889
102931;2025-03-07;C0452;7;6;2;369,6;0,0;229,15;PIX;Online;739,2;458,3;280,9;0,38
102932;2026-06-18;C0832;15;15;2;1994,93;0,15;1556,05;Cartão de débito;Online;3391,38;3112,1;279,28;0,0823
102933;2025-06-10;C2398;12;10;1;913,66;0,1;621,29;Cartão de crédito;Marketplace;822,29;621,29;201,0;0,2444
102934;2025-04-28;C1916;13;10;2;243,73;0,1;141,36;Cartão de crédito;Marketplace;438,71;282,72;155,99;0,3556
102935;2025-06-15;C2086;5;19;1;627,36;0,1;407,78;Cartão de crédito;Marketplace;564,62;407,78;156,84;0,2778
102936;2025-06-09;C0642;1;19;1;684,96;0,05;438,37;PIX;Marketplace;650,71;438,37;212,34;0,3263
102937;2026-04-17;C1783;5;18;2;313,91;0,0;204,04;Boleto;Marketplace;627,82;408,08;219,74;0,35
102938;2026-03-29;C1197;14;1;1;4582,0;0,1;3299,04;Cartão de crédito;Marketplace;4123,8;3299,04;824,76;0,2
102939;2025-02-27;C1042;5;24;1;251,12;0,1;163,23;Cartão de crédito;Online;226,01;163,23;62,78;0,2778
102940;2026-06-18;C1000;16;23;2;377,48;0,0;207,61;PIX;Marketplace;754,96;415,22;339,74;0,45
102941;2025-06-24;C2435;12;11;1;1419,58;0,1;965,31;Cartão de débito;Online;1277,62;965,31;312,31;0,2444
102942;2025-01-09;C2477;2;14;2;1235,85;0,0;828,02;Boleto;Marketplace;2471,7;1656,04;815,66;0,33
102943;2025-03-12;C2198;9;13;2;190,17;0,1;119,81;Cartão de crédito;Online;342,31;239,62;102,69;0,3
102944;2025-09-07;C2251;15;4;2;2785,63;0,0;2172,79;PIX;Online;5571,26;4345,58;1225,68;0,22
102945;2025-09-08;C1151;1;18;1;370,39;0,0;237,05;Cartão de crédito;Online;370,39;237,05;133,34;0,36
102946;2025-06-23;C1482;1;1;2;421,67;0,1;269,87;Cartão de débito;Online;759,01;539,74;219,27;0,2889
102947;2026-06-20;C0498;16;27;2;418,59;0,0;230,22;Cartão de crédito;Online;837,18;460,44;376,74;0,45
102948;2026-05-06;C1006;15;9;2;3400,93;0,05;2652,73;PIX;Marketplace;6461,77;5305,46;1156,31;0,1789
102949;2026-05-09;C0755;10;16;1;87,4;0,0;45,45;Cartão de crédito;Online;87,4;45,45;41,95;0,48
102950;2025-01-10;C1871;8;22;1;133,12;0,05;73,22;Cartão de crédito;Marketplace;126,46;73,22;53,24;0,421
102951;2025-07-04;C0888;17;8;1;470,36;0,0;282,22;Cartão de crédito;Marketplace;470,36;282,22;188,14;0,4
102952;2026-01-06;C1064;9;7;4;321,75;0,05;202,7;Boleto;Marketplace;1222,65;810,8;411,85;0,3369
102953;2026-02-03;C0471;4;5;2;1407,04;0,05;984,93;Boleto;Marketplace;2673,38;1969,86;703,52;0,2632
102954;2026-05-29;C2050;17;12;1;198,96;0,05;119,38;PIX;Marketplace;189,01;119,38;69,63;0,3684
102955;2025-05-18;C1646;17;13;2;367,18;0,1;220,31;Cartão de débito;Online;660,92;440,62;220,3;0,3333
102956;2026-01-08;C2026;11;9;1;557,51;0,05;379,11;Boleto;Marketplace;529,63;379,11;150,52;0,2842
102957;2025-06-19;C0573;12;6;1;1879,5;0,1;1278,06;Boleto;Online;1691,55;1278,06;413,49;0,2444
102958;2025-11-01;C1602;9;1;3;204,44;0,05;128,8;Cartão de débito;Online;582,65;386,4;196,25;0,3368
102959;2025-04-24;C0294;9;6;3;319,73;0,0;201,43;Cartão de débito;Online;959,19;604,29;354,9;0,37
102960;2025-07-10;C1211;11;13;1;580,31;0,05;394,61;Boleto;Online;551,29;394,61;156,68;0,2842
102961;2025-09-26;C1963;10;13;1;160,08;0,0;83,24;Boleto;Marketplace;160,08;83,24;76,84;0,48
102962;2025-08-10;C1546;14;26;2;5227,93;0,0;3764,11;PIX;Online;10455,86;7528,22;2927,64;0,28
102963;2025-08-22;C1645;8;15;2;231,82;0,0;127,5;Cartão de débito;Online;463,64;255,0;208,64;0,45
102964;2025-06-21;C1977;17;16;4;368,31;0,05;220,99;Cartão de crédito;Online;1399,58;883,96;515,62;0,3684
102965;2025-02-21;C1545;2;19;2;1106,99;0,05;741,68;Boleto;Online;2103,28;1483,36;619,92;0,2947
102966;2026-06-10;C0643;13;19;1;132,11;0,0;76,62;Cartão de crédito;Marketplace;132,11;76,62;55,49;0,42
102967;2025-02-24;C1968;16;22;1;324,1;0,1;178,26;PIX;Marketplace;291,69;178,26;113,43;0,3889
102968;2026-04-05;C2459;9;8;1;197,39;0,15;124,36;Boleto;Online;167,78;124,36;43,42;0,2588
102969;2025-10-13;C2238;17;15;3;653,37;0,2;392,02;Cartão de crédito;Online;1568,09;1176,06;392,03;0,25
102970;2026-03-20;C0316;14;21;1;4711,45;0,1;3392,24;PIX;Marketplace;4240,3;3392,24;848,06;0,2
102971;2025-04-07;C1671;1;15;1;365,88;0,05;234,16;PIX;Marketplace;347,59;234,16;113,43;0,3263
102972;2026-03-01;C0424;7;17;1;378,82;0,05;234,87;Cartão de crédito;Online;359,88;234,87;125,01;0,3474
102973;2026-06-23;C2417;5;9;2;1087,06;0,0;706,59;Cartão de débito;Online;2174,12;1413,18;760,94;0,35
102974;2025-08-01;C0054;17;23;1;398,21;0,05;238,93;Cartão de débito;Online;378,3;238,93;139,37;0,3684
102975;2025-08-16;C0797;16;19;1;160,27;0,1;88,15;Boleto;Marketplace;144,24;88,15;56,09;0,3889
102976;2025-02-07;C0186;2;17;1;1002,56;0,0;671,72;Cartão de débito;Marketplace;1002,56;671,72;330,84;0,33
102977;2026-01-16;C2114;9;2;2;361,69;0,0;227,86;Cartão de débito;Online;723,38;455,72;267,66;0,37
102978;2026-05-09;C1141;13;18;5;171,49;0,1;99,46;PIX;Marketplace;771,7;497,3;274,4;0,3556
102979;2026-03-25;C1116;17;10;1;520,14;0,1;312,08;Cartão de crédito;Marketplace;468,13;312,08;156,05;0,3333
102980;2026-03-08;C0736;8;24;3;103,38;0,1;56,86;Cartão de débito;Marketplace;279,13;170,58;108,55;0,3889
102981;2025-05-05;C2221;12;16;1;1728,61;0,0;1175,45;Cartão de crédito;Online;1728,61;1175,45;553,16;0,32
102982;2025-11-22;C0958;2;7;1;737,01;0,1;493,8;Cartão de débito;Online;663,31;493,8;169,51;0,2556
102983;2026-02-14;C2136;8;11;2;154,29;0,2;84,86;Boleto;Marketplace;246,86;169,72;77,14;0,3125
102984;2026-04-21;C0556;11;1;2;1863,47;0,0;1267,16;Cartão de débito;Online;3726,94;2534,32;1192,62;0,32
102985;2026-05-11;C0771;3;2;1;95,66;0,15;43,05;Boleto;Online;81,31;43,05;38,26;0,4705
102986;2025-07-31;C0884;15;25;4;2881,87;0,15;2247,86;Cartão de crédito;Marketplace;9798,36;8991,44;806,92;0,0824
102987;2025-05-04;C1962;13;21;2;376,78;0,2;218,53;Cartão de débito;Marketplace;602,85;437,06;165,79;0,275
102988;2025-06-25;C0700;13;7;2;476,94;0,0;276,63;Cartão de débito;Online;953,88;553,26;400,62;0,42
102989;2025-09-09;C0758;10;26;2;218,84;0,0;113,8;Cartão de crédito;Online;437,68;227,6;210,08;0,48
102990;2025-10-25;C1100;9;16;1;485,17;0,05;305,66;Cartão de débito;Online;460,91;305,66;155,25;0,3368
102991;2025-10-14;C1003;7;7;3;715,45;0,0;443,58;PIX;Marketplace;2146,35;1330,74;815,61;0,38
102992;2025-12-26;C0373;10;19;1;315,47;0,05;164,04;PIX;Marketplace;299,7;164,04;135,66;0,4527
102993;2025-01-09;C2360;2;7;1;636,16;0,05;426,23;Não informado;Online;604,35;426,23;178,12;0,2947
102994;2025-02-09;C1311;3;10;1;70,9;0,0;31,91;Cartão de crédito;Online;70,9;31,91;38,99;0,5499
102995;2025-07-03;C1580;6;19;3;183,48;0,1;91,74;Cartão de crédito;Online;495,4;275,22;220,18;0,4444
102996;2026-01-28;C1309;4;24;2;862,48;0,05;603,74;Cartão de crédito;Online;1638,71;1207,48;431,23;0,2632
102997;2026-05-07;C1566;1;2;2;602,95;0,1;385,89;Cartão de débito;Online;1085,31;771,78;313,53;0,2889
102998;2025-08-28;C0950;11;27;1;549,23;0,0;373,48;Cartão de crédito;Online;549,23;373,48;175,75;0,32
102999;2025-08-25;C1252;14;6;1;4787,97;0,15;3447,34;Cartão de crédito;Marketplace;4069,77;3447,34;622,43;0,1529
103000;2025-07-01;C2099;10;22;2;166,45;0,0;86,55;PIX;Online;332,9;173,1;159,8;0,48
103001;2025-09-21;C0855;1;9;1;371,77;0,2;237,93;Boleto;Marketplace;297,42;237,93;59,49;0,2
103002;2025-02-08;C2080;2;24;1;1260,47;0,1;844,51;PIX;Online;1134,42;844,51;289,91;0,2556
103003;2026-01-28;C0548;7;23;2;407,64;0,05;252,74;PIX;Online;774,52;505,48;269,04;0,3474
103004;2025-06-17;C2292;11;15;2;1897,51;0,1;1290,31;PIX;Marketplace;3415,52;2580,62;834,9;0,2444
103005;2025-09-12;C2332;14;2;1;5665,08;0,15;4078,86;PIX;Marketplace;4815,32;4078,86;736,46;0,1529
103006;2025-11-27;C2462;5;11;1;1061,89;0,05;690,23;PIX;Marketplace;1008,8;690,23;318,57;0,3158
103007;2026-06-20;C0825;17;10;1;633,42;0,1;380,05;PIX;Online;570,08;380,05;190,03;0,3333
103008;2026-04-12;C0870;6;7;4;247,19;0,1;123,59;Boleto;Marketplace;889,88;494,36;395,52;0,4445
103009;2026-03-21;C1761;6;25;1;157,78;0,05;78,89;Cartão de crédito;Marketplace;149,89;78,89;71,0;0,4737
103010;2026-04-14;C0092;17;11;3;706,58;0,05;423,95;Cartão de crédito;Marketplace;2013,75;1271,85;741,9;0,3684
103011;2025-03-26;C0331;3;16;1;80,7;0,1;36,32;Boleto;Online;72,63;36,32;36,31;0,4999
103012;2026-02-06;C1968;4;26;3;1337,66;0,1;936,36;PIX;Online;3611,68;2809,08;802,6;0,2222
103013;2026-03-09;C0082;6;16;2;126,87;0,1;63,44;Cartão de débito;Online;228,37;126,88;101,49;0,4444
103014;2025-08-01;C1508;9;9;2;427,04;0,05;269,04;PIX;Online;811,38;538,08;273,3;0,3368
103015;2025-11-28;C0069;2;21;2;1226,92;0,05;822,04;Cartão de débito;Marketplace;2331,15;1644,08;687,07;0,2947
103016;2025-11-15;C0187;4;24;1;1923,87;0,15;1346,71;Boleto;Online;1635,29;1346,71;288,58;0,1765
103017;2025-06-21;C1357;8;18;3;107,36;0,2;59,05;PIX;Online;257,66;177,15;80,51;0,3125
103018;2025-11-28;C2010;1;27;1;420,7;0,05;269,25;PIX;Online;399,66;269,25;130,41;0,3263
103019;2025-09-13;C2119;10;2;2;263,35;0,1;136,94;Cartão de crédito;Marketplace;474,03;273,88;200,15;0,4222
103020;2025-11-27;C2098;5;26;1;218,95;0,1;142,32;Cartão de crédito;Online;197,06;142,32;54,74;0,2778
103021;2026-01-22;C2463;3;23;1;97,35;0,1;43,81;Cartão de crédito;Marketplace;87,62;43,81;43,81;0,5
103022;2026-01-13;C0604;6;15;3;230,74;0,05;115,37;Boleto;Marketplace;657,61;346,11;311,5;0,4737
103023;2025-08-10;C1587;12;1;1;964,03;0,15;655,54;Boleto;Online;819,43;655,54;163,89;0,2
103024;2025-11-08;C1153;2;4;1;993,92;0,05;665,93;Boleto;Online;944,22;665,93;278,29;0,2947
103025;2025-04-18;C2201;1;15;1;974,1;0,0;623,42;Boleto;Marketplace;974,1;623,42;350,68;0,36
103026;2026-05-04;C0196;15;25;1;1879,36;0,0;1465,9;PIX;Marketplace;1879,36;1465,9;413,46;0,22
103027;2026-04-18;C1891;11;18;3;676,89;0,05;460,29;Boleto;Online;1929,14;1380,87;548,27;0,2842
103028;2026-04-01;C2205;16;13;1;120,57;0,1;66,31;Boleto;Marketplace;108,51;66,31;42,2;0,3889
103029;2026-05-23;C1534;2;6;2;1105,17;0,1;740,46;PIX;Online;1989,31;1480,92;508,39;0,2556
103030;2025-07-14;C1828;11;26;2;1659,54;0,15;1128,49;Cartão de débito;Marketplace;2821,22;2256,98;564,24;0,2
103031;2026-04-22;C1720;16;18;2;240,7;0,0;132,38;Cartão de crédito;Marketplace;481,4;264,76;216,64;0,45
103032;2026-04-24;C1453;10;6;1;270,97;0,05;140,9;Cartão de crédito;Online;257,42;140,9;116,52;0,4526
103033;2026-04-28;C0851;4;11;2;915,92;0,1;641,14;Cartão de crédito;Online;1648,66;1282,28;366,38;0,2222
103034;2025-02-04;C1676;2;5;1;696,34;0,05;466,55;PIX;Marketplace;661,52;466,55;194,97;0,2947
103035;2025-09-08;C2152;4;2;5;2100,98;0,1;1470,69;PIX;Online;9454,41;7353,45;2100,96;0,2222
103036;2025-07-04;C0821;4;11;3;760,27;0,05;532,19;Cartão de crédito;Online;2166,77;1596,57;570,2;0,2632
103037;2026-04-23;C0119;2;11;3;963,27;0,0;645,39;Cartão de débito;Marketplace;2889,81;1936,17;953,64;0,33
103038;2026-03-08;C0319;11;12;1;1503,1;0,05;1022,11;Boleto;Marketplace;1427,94;1022,11;405,83;0,2842
103039;2025-03-30;C2244;15;1;1;4546,93;0,05;3546,61;Boleto;Marketplace;4319,58;3546,61;772,97;0,1789
103040;2026-03-13;C0314;16;19;1;253,21;0,05;139,27;Boleto;Marketplace;240,55;139,27;101,28;0,421
103041;2025-10-15;C1891;14;22;2;3940,63;0,1;2837,25;Boleto;Online;7093,13;5674,5;1418,63;0,2
103042;2026-01-17;C0546;14;15;1;3700,83;0,1;2664,6;Cartão de crédito;Online;3330,75;2664,6;666,15;0,2
103043;2025-06-18;C0954;2;21;2;254,51;0,0;170,52;Cartão de débito;Marketplace;509,02;341,04;167,98;0,33
103044;2025-10-20;C0072;10;7;1;348,22;0,1;181,07;Boleto;Online;313,4;181,07;132,33;0,4222
103045;2025-03-10;C1038;13;13;1;108,24;0,15;62,78;Boleto;Marketplace;92,0;62,78;29,22;0,3176
103046;2025-11-12;C1985;12;12;1;2261,71;0,0;1537,96;Cartão de crédito;Marketplace;2261,71;1537,96;723,75;0,32
103047;2026-05-28;C1391;3;27;1;56,42;0,15;25,39;Cartão de débito;Online;47,96;25,39;22,57;0,4706
103048;2025-12-02;C2481;5;1;1;303,11;0,15;197,02;Cartão de débito;Online;257,64;197,02;60,62;0,2353
103049;2026-05-08;C0925;6;1;3;248,42;0,05;124,21;Boleto;Marketplace;708,0;372,63;335,37;0,4737
103050;2026-05-24;C1963;9;15;1;217,82;0,2;137,23;Cartão de crédito;Online;174,26;137,23;37,03;0,2125
103051;2025-05-25;C1456;14;2;1;3184,58;0,15;2292,9;PIX;Online;2706,89;2292,9;413,99;0,1529
103052;2025-08-04;C2160;11;8;2;983,49;0,0;668,77;Boleto;Marketplace;1966,98;1337,54;629,44;0,32
103053;2025-03-01;C2365;4;19;1;1911,76;0,1;1338,23;Cartão de débito;Marketplace;1720,58;1338,23;382,35;0,2222
103054;2026-01-05;C2126;4;25;3;2446,0;0,0;1712,2;PIX;Online;7338,0;5136,6;2201,4;0,3
103055;2025-07-30;C0398;5;12;2;511,05;0,1;332,18;Cartão de crédito;Online;919,89;664,36;255,53;0,2778
103056;2025-07-20;C2183;12;16;1;1164,76;0,05;792,04;Cartão de débito;Online;1106,52;792,04;314,48;0,2842
103057;2025-06-10;C0422;9;1;2;540,62;0,05;340,59;Cartão de débito;Online;1027,18;681,18;346,0;0,3368
103058;2025-06-27;C0260;17;6;1;208,32;0,15;124,99;Cartão de crédito;Online;177,07;124,99;52,08;0,2941
103059;2026-02-16;C0361;9;15;1;160,25;0,15;100,96;PIX;Online;136,21;100,96;35,25;0,2588
103060;2025-03-06;C1314;12;6;1;1041,66;0,1;708,33;Cartão de crédito;Marketplace;937,49;708,33;229,16;0,2444
103061;2026-06-30;C0361;3;1;2;27,98;0,0;12,59;Boleto;Marketplace;55,96;25,18;30,78;0,55
103062;2025-11-17;C1310;9;5;1;475,88;0,1;299,8;PIX;Marketplace;428,29;299,8;128,49;0,3
103063;2025-05-03;C2288;9;18;2;208,21;0,05;131,17;Boleto;Marketplace;395,6;262,34;133,26;0,3369
103064;2025-06-06;C0226;4;1;1;1868,87;0,15;1308,21;Cartão de crédito;Online;1588,54;1308,21;280,33;0,1765
103065;2025-04-18;C1567;10;26;5;201,77;0,1;104,92;Cartão de crédito;Online;907,96;524,6;383,36;0,4222
103066;2025-09-14;C0549;7;2;3;242,62;0,05;150,42;Cartão de débito;Online;691,47;451,26;240,21;0,3474
103067;2026-05-27;C1458;15;20;4;2608,43;0,1;2034,58;Boleto;Online;9390,35;8138,32;1252,03;0,1333
103068;2026-06-26;C0793;14;21;2;4237,99;0,1;3051,35;Cartão de crédito;Online;7628,38;6102,7;1525,68;0,2
103069;2025-12-20;C2330;14;3;1;4817,17;0,1;3468,36;PIX;Marketplace;4335,45;3468,36;867,09;0,2
103070;2025-05-16;C2258;13;18;2;100,65;0,0;58,38;Cartão de crédito;Online;201,3;116,76;84,54;0,42
103071;2025-10-01;C2290;3;22;1;59,47;0,0;26,76;Cartão de débito;Marketplace;59,47;26,76;32,71;0,55
103072;2025-05-29;C2499;17;21;1;306,67;0,0;184,0;Cartão de crédito;Marketplace;306,67;184,0;122,67;0,4
103073;2025-01-24;C0604;6;22;3;239,55;0,05;119,78;Boleto;Online;682,72;359,34;323,38;0,4737
103074;2025-01-30;C0711;9;2;2;519,24;0,0;327,12;PIX;Marketplace;1038,48;654,24;384,24;0,37
103075;2025-09-27;C1848;8;10;4;167,81;0,2;92,3;Cartão de crédito;Online;536,99;369,2;167,79;0,3125
103076;2025-03-27;C2059;2;20;4;980,53;0,0;656,96;PIX;Online;3922,12;2627,84;1294,28;0,33
103077;2025-04-07;C1594;12;18;1;2213,8;0,05;1505,38;Cartão de débito;Marketplace;2103,11;1505,38;597,73;0,2842
103078;2026-06-05;C2091;6;21;1;226,01;0,0;113,0;Cartão de débito;Online;226,01;113,0;113,01;0,5
103079;2026-02-03;C0215;5;27;1;327,98;0,15;213,19;Cartão de crédito;Online;278,78;213,19;65,59;0,2353
103080;2025-07-18;C2278;17;12;1;745,47;0,05;447,28;PIX;Marketplace;708,2;447,28;260,92;0,3684
103081;2025-01-16;C0878;15;1;1;1829,26;0,0;1426,82;PIX;Marketplace;1829,26;1426,82;402,44;0,22
103082;2025-06-22;C2333;1;8;1;351,39;0,1;224,89;PIX;Marketplace;316,25;224,89;91,36;0,2889
103083;2026-01-06;C0956;12;15;1;930,66;0,0;632,85;Cartão de crédito;Marketplace;930,66;632,85;297,81;0,32
103084;2025-08-09;C0231;8;14;3;152,9;0,0;84,1;Boleto;Marketplace;458,7;252,3;206,4;0,45
103085;2025-09-19;C2092;14;1;2;3914,04;0,1;2818,11;Boleto;Marketplace;7045,27;5636,22;1409,05;0,2
103086;2025-06-02;C2429;16;14;3;283,78;0,1;156,08;Cartão de débito;Online;766,21;468,24;297,97;0,3889
103087;2025-06-18;C2198;6;23;3;202,03;0,0;101,02;Cartão de débito;Online;606,09;303,06;303,03;0,5
103088;2025-08-03;C0171;11;13;1;1215,93;0,0;826,83;PIX;Marketplace;1215,93;826,83;389,1;0,32
103089;2026-02-24;C2029;8;10;1;214,38;0,05;117,91;Cartão de débito;Marketplace;203,66;117,91;85,75;0,421
103090;2025-10-15;C2354;2;19;1;968,55;0,0;648,93;Cartão de débito;Marketplace;968,55;648,93;319,62;0,33
103091;2025-03-25;C1957;5;10;1;544,61;0,1;354,0;Cartão de débito;Marketplace;490,15;354,0;136,15;0,2778
103092;2026-04-14;C1133;2;6;1;1107,29;0,1;741,88;Boleto;Online;996,56;741,88;254,68;0,2556
103093;2026-03-31;C1324;10;22;2;348,49;0,1;181,21;Boleto;Marketplace;627,28;362,42;264,86;0,4222
103094;2025-12-09;C0918;2;19;1;757,82;0,1;507,74;PIX;Marketplace;682,04;507,74;174,3;0,2556
103095;2025-04-25;C1652;9;1;1;407,45;0,0;256,69;Cartão de crédito;Online;407,45;256,69;150,76;0,37
103096;2025-12-26;C2066;5;22;3;261,03;0,0;169,67;Cartão de débito;Online;783,09;509,01;274,08;0,35
103097;2025-12-02;C2358;15;16;1;3557,21;0,0;2774,62;Cartão de débito;Online;3557,21;2774,62;782,59;0,22
103098;2025-10-15;C2218;6;7;2;92,99;0,1;46,49;Cartão de débito;Marketplace;167,38;92,98;74,4;0,4445
103099;2026-02-25;C2267;16;2;1;414,21;0,1;227,82;Cartão de crédito;Online;372,79;227,82;144,97;0,3889
103100;2025-02-04;C1125;6;13;1;90,8;0,15;45,4;Cartão de crédito;Online;77,18;45,4;31,78;0,4118
103101;2025-08-13;C1797;4;20;2;1249,46;0,15;874,62;Boleto;Marketplace;2124,08;1749,24;374,84;0,1765
103102;2025-12-21;C1337;17;5;1;391,78;0,0;235,07;Cartão de débito;Marketplace;391,78;235,07;156,71;0,4
103103;2026-03-24;C1985;12;20;3;2376,51;0,1;1616,03;Cartão de débito;Marketplace;6416,58;4848,09;1568,49;0,2444
103104;2025-02-19;C1363;13;22;2;245,94;0,1;142,65;PIX;Online;442,69;285,3;157,39;0,3555
103105;2025-06-06;C2174;17;3;3;344,32;0,05;206,59;Cartão de débito;Marketplace;981,31;619,77;361,54;0,3684
103106;2025-06-24;C0351;12;1;3;2408,65;0,2;1637,88;Cartão de débito;Online;5780,76;4913,64;867,12;0,15
103107;2026-05-25;C1860;14;24;1;3620,09;0,0;2606,46;Boleto;Online;3620,09;2606,46;1013,63;0,28
103108;2025-09-24;C0892;10;9;4;198,65;0,05;103,3;PIX;Marketplace;754,87;413,2;341,67;0,4526
103109;2025-01-03;C1827;16;17;2;488,38;0,0;268,61;PIX;Online;976,76;537,22;439,54;0,45
103110;2026-06-01;C0265;17;12;1;362,25;0,0;217,35;PIX;Marketplace;362,25;217,35;144,9;0,4
103111;2025-11-11;C2475;17;2;2;337,34;0,1;202,4;PIX;Online;607,21;404,8;202,41;0,3333
103112;2025-09-08;C2120;6;16;2;117,27;0,05;58,63;Boleto;Marketplace;222,81;117,26;105,55;0,4737
103113;2025-12-25;C1554;10;26;2;266,35;0,0;138,5;PIX;Marketplace;532,7;277,0;255,7;0,48
103114;2025-09-27;C0862;9;2;2;266,84;0,2;168,11;Boleto;Marketplace;426,94;336,22;90,72;0,2125
103115;2025-12-11;C1682;17;26;3;222,3;0,0;133,38;PIX;Online;666,9;400,14;266,76;0,4
103116;2026-02-19;C0988;8;12;1;104,76;0,0;57,62;Boleto;Marketplace;104,76;57,62;47,14;0,45
103117;2025-02-22;C0196;17;25;1;764,82;0,1;458,89;Boleto;Online;688,34;458,89;229,45;0,3333
103118;2025-09-27;C0985;9;21;2;512,95;0,1;323,16;Boleto;Online;923,31;646,32;276,99;0,3
103119;2025-12-27;C1497;7;8;1;525,36;0,05;325,72;Cartão de débito;Marketplace;499,09;325,72;173,37;0,3474
103120;2026-05-15;C1266;2;15;1;917,46;0,15;614,7;Boleto;Online;779,84;614,7;165,14;0,2118
103121;2025-06-05;C0974;4;15;3;1572,81;0,2;1100,97;Cartão de crédito;Marketplace;3774,74;3302,91;471,83;0,125
103122;2025-11-05;C1999;8;20;1;190,35;0,1;104,69;Cartão de crédito;Online;171,32;104,69;66,63;0,3889
103123;2025-09-26;C0482;6;1;2;132,11;0,0;66,06;PIX;Marketplace;264,22;132,12;132,1;0,5
103124;2025-11-04;C0075;14;25;1;3380,68;0,1;2434,09;Cartão de crédito;Marketplace;3042,61;2434,09;608,52;0,2
103125;2026-05-16;C1006;8;10;4;107,39;0,0;59,06;PIX;Online;429,56;236,24;193,32;0,45
103126;2025-08-10;C2046;6;11;4;124,57;0,1;62,28;Cartão de crédito;Marketplace;448,45;249,12;199,33;0,4445
103127;2025-07-15;C2493;14;15;3;2852,71;0,0;2053,95;Cartão de crédito;Online;8558,13;6161,85;2396,28;0,28
103128;2026-03-25;C0145;17;16;4;422,01;0,1;253,21;Cartão de crédito;Marketplace;1519,24;1012,84;506,4;0,3333
103129;2025-07-02;C2167;10;21;1;297,57;0,05;154,74;Cartão de débito;Online;282,69;154,74;127,95;0,4526
103130;2025-08-31;C2252;11;20;2;1877,35;0,05;1276,6;Cartão de débito;Marketplace;3566,96;2553,2;1013,76;0,2842
103131;2026-03-15;C1994;5;15;5;568,01;0,1;369,21;Boleto;Online;2556,04;1846,05;709,99;0,2778
103132;2025-03-01;C1862;8;4;1;197,48;0,0;108,61;Cartão de crédito;Online;197,48;108,61;88,87;0,45
103133;2025-12-20;C0437;1;23;2;728,46;0,0;466,21;Cartão de crédito;Marketplace;1456,92;932,42;524,5;0,36
103134;2025-06-18;C2018;9;20;2;588,28;0,0;370,62;Cartão de débito;Marketplace;1176,56;741,24;435,32;0,37
103135;2026-02-28;C1809;8;16;2;274,58;0,2;151,02;Cartão de crédito;Online;439,33;302,04;137,29;0,3125
103136;2025-02-22;C1869;14;3;2;3299,15;0,05;2375,39;Boleto;Marketplace;6268,38;4750,78;1517,6;0,2421
103137;2026-02-04;C0104;13;14;1;489,21;0,0;283,74;Boleto;Online;489,21;283,74;205,47;0,42
103138;2025-09-28;C0280;8;20;1;191,45;0,1;105,3;Boleto;Online;172,3;105,3;67,0;0,3889
103139;2025-05-10;C0527;15;16;4;4187,06;0,0;3265,91;Cartão de débito;Marketplace;16748,24;13063,64;3684,6;0,22
103140;2026-01-22;C0339;7;13;4;589,19;0,1;365,3;Cartão de débito;Marketplace;2121,08;1461,2;659,88;0,3111
103141;2026-02-08;C1305;9;20;1;246,77;0,1;155,47;PIX;Online;222,09;155,47;66,62;0,3
103142;2026-01-19;C1299;7;8;1;843,4;0,0;522,91;PIX;Online;843,4;522,91;320,49;0,38
103143;2026-01-27;C1844;5;18;1;1166,37;0,1;758,14;Cartão de crédito;Online;1049,73;758,14;291,59;0,2778
103144;2025-08-10;C1821;17;4;3;605,59;0,05;363,35;Cartão de crédito;Marketplace;1725,93;1090,05;635,88;0,3684
103145;2025-03-24;C1066;8;19;1;109,61;0,0;60,29;PIX;Online;109,61;60,29;49,32;0,45
103146;2025-09-06;C1326;5;24;1;259,67;0,0;168,79;Boleto;Online;259,67;168,79;90,88;0,35
103147;2026-02-03;C0047;5;20;1;708,16;0,15;460,3;PIX;Marketplace;601,94;460,3;141,64;0,2353
103148;2025-02-17;C2348;8;2;1;172,79;0,1;95,03;Cartão de crédito;Online;155,51;95,03;60,48;0,3889
103149;2026-01-22;C0592;3;3;2;49,85;0,05;22,43;Boleto;Online;94,72;44,86;49,86;0,5264
103150;2025-07-09;C0385;10;9;1;93,37;0,05;48,55;Boleto;Online;88,7;48,55;40,15;0,4526
103151;2025-04-16;C2053;9;27;1;395,67;0,0;249,27;Cartão de débito;Marketplace;395,67;249,27;146,4;0,37
103152;2025-12-03;C1641;9;12;1;326,11;0,0;205,45;Cartão de crédito;Marketplace;326,11;205,45;120,66;0,37
103153;2025-11-27;C0945;12;16;2;736,78;0,1;501,01;Cartão de crédito;Marketplace;1326,2;1002,02;324,18;0,2444
103154;2025-08-23;C1223;14;21;1;5350,23;0,2;3852,17;Boleto;Online;4280,18;3852,17;428,01;0,1
103155;2025-03-12;C1531;17;13;2;169,89;0,05;101,93;Cartão de débito;Marketplace;322,79;203,86;118,93;0,3684
103156;2025-01-12;C1894;3;5;1;29,43;0,0;13,24;Cartão de crédito;Online;29,43;13,24;16,19;0,5501
103157;2025-05-22;C1397;16;24;4;300,76;0,0;165,42;Cartão de crédito;Marketplace;1203,04;661,68;541,36;0,45
103158;2026-06-07;C1866;14;27;1;3467,21;0,0;2496,39;Cartão de débito;Online;3467,21;2496,39;970,82;0,28
103159;2025-08-25;C2063;11;3;3;707,4;0,1;481,03;Cartão de crédito;Online;1909,98;1443,09;466,89;0,2444
103160;2026-01-06;C1838;10;17;1;337,1;0,15;175,29;PIX;Marketplace;286,54;175,29;111,25;0,3883
103161;2026-01-22;C2351;2;26;1;1112,83;0,0;745,6;Cartão de débito;Online;1112,83;745,6;367,23;0,33
103162;2025-02-18;C0363;9;12;1;380,68;0,0;239,83;PIX;Marketplace;380,68;239,83;140,85;0,37
103163;2026-05-09;C2320;6;4;2;236,35;0,0;118,17;Boleto;Online;472,7;236,34;236,36;0,5
103164;2026-05-20;C0334;8;15;3;233,84;0,0;128,61;Boleto;Marketplace;701,52;385,83;315,69;0,45
103165;2025-11-07;C0302;12;26;1;2338,14;0,1;1589,94;PIX;Online;2104,33;1589,94;514,39;0,2444
103166;2025-09-17;C2216;16;12;3;480,38;0,1;264,21;PIX;Online;1297,03;792,63;504,4;0,3889
103167;2026-04-04;C1578;1;4;2;380,71;0,05;243,65;Boleto;Marketplace;723,35;487,3;236,05;0,3263
103168;2026-03-23;C0249;3;3;1;42,39;0,0;19,08;Boleto;Online;42,39;19,08;23,31;0,5499
103169;2026-04-29;C0969;15;22;1;1903,19;0,0;1484,49;Boleto;Marketplace;1903,19;1484,49;418,7;0,22
103170;2026-05-27;C1082;4;6;5;1180,57;0,1;826,4;PIX;Online;5312,56;4132,0;1180,56;0,2222
103171;2026-03-26;C0890;9;20;3;379,87;0,2;239,32;Cartão de crédito;Marketplace;911,69;717,96;193,73;0,2125
103172;2025-06-16;C1982;9;15;1;405,29;0,1;255,33;PIX;Marketplace;364,76;255,33;109,43;0,3
103173;2025-05-01;C0431;10;17;1;234,92;0,2;122,16;Boleto;Marketplace;187,94;122,16;65,78;0,35
103174;2026-01-06;C1188;3;18;2;48,09;0,0;21,64;Boleto;Online;96,18;43,28;52,9;0,55
103175;2026-02-01;C2362;7;14;1;530,18;0,0;328,71;Cartão de crédito;Online;530,18;328,71;201,47;0,38
103176;2026-06-04;C1057;14;1;4;3830,79;0,15;2758,17;Boleto;Online;13024,69;11032,68;1992,01;0,1529
103177;2026-01-24;C2418;10;3;2;138,24;0,15;71,88;Boleto;Online;235,01;143,76;91,25;0,3883
103178;2026-06-16;C0542;5;7;4;981,79;0,05;638,16;Boleto;Marketplace;3730,8;2552,64;1178,16;0,3158
103179;2026-03-26;C2442;3;12;1;23,27;0,1;10,47;Boleto;Online;20,94;10,47;10,47;0,5
103180;2025-08-17;C2036;16;4;1;191,87;0,1;105,53;Boleto;Online;172,68;105,53;67,15;0,3889
103181;2025-02-26;C1794;15;13;2;4953,42;0,0;3863,67;Boleto;Online;9906,84;7727,34;2179,5;0,22
103182;2025-02-03;C1667;7;6;1;825,75;0,15;511,96;Cartão de débito;Online;701,89;511,96;189,93;0,2706
103183;2025-07-17;C0991;1;5;1;400,17;0,1;256,11;PIX;Marketplace;360,15;256,11;104,04;0,2889
103184;2025-01-24;C1644;16;20;3;544,8;0,1;299,64;PIX;Online;1470,96;898,92;572,04;0,3889
103185;2026-02-13;C1409;14;20;2;3167,55;0,05;2280,64;PIX;Online;6018,34;4561,28;1457,06;0,2421
103186;2025-04-03;C0560;9;11;1;236,37;0,1;148,91;Cartão de crédito;Marketplace;212,73;148,91;63,82;0,3
103187;2025-09-17;C2176;2;17;3;944,61;0,0;632,89;PIX;Online;2833,83;1898,67;935,16;0,33
103188;2025-04-30;C2371;17;26;2;635,27;0,05;381,16;PIX;Online;1207,01;762,32;444,69;0,3684
103189;2025-12-25;C1274;11;5;3;1247,05;0,0;847,99;Boleto;Marketplace;3741,15;2543,97;1197,18;0,32
103190;2025-05-16;C1496;9;2;1;134,33;0,05;84,63;Boleto;Marketplace;127,61;84,63;42,98;0,3368
103191;2025-07-04;C0173;14;8;1;4565,32;0,0;3287,03;Cartão de débito;Online;4565,32;3287,03;1278,29;0,28
103192;2025-02-05;C0382;8;20;2;237,76;0,0;130,77;Boleto;Online;475,52;261,54;213,98;0,45
103193;2026-04-29;C2318;13;9;1;283,3;0,15;164,31;Boleto;Online;240,8;164,31;76,49;0,3176
103194;2025-09-15;C0646;15;24;3;3269,54;0,1;2550,24;Cartão de crédito;Marketplace;8827,76;7650,72;1177,04;0,1333
103195;2025-11-14;C1231;16;24;1;104,17;0,0;57,29;Cartão de crédito;Marketplace;104,17;57,29;46,88;0,45
103196;2025-01-20;C1328;14;6;1;2644,65;0,05;1904,15;PIX;Online;2512,42;1904,15;608,27;0,2421
103197;2025-01-22;C0603;13;26;2;386,86;0,1;224,38;Cartão de crédito;Marketplace;696,35;448,76;247,59;0,3556
103198;2025-11-01;C1502;11;17;4;506,92;0,0;344,71;Cartão de débito;Online;2027,68;1378,84;648,84;0,32
103199;2025-10-03;C1663;12;1;1;2274,0;0,0;1546,32;Cartão de crédito;Online;2274,0;1546,32;727,68;0,32
103200;2025-06-25;C1662;11;24;2;1313,84;0,0;893,41;Cartão de crédito;Online;2627,68;1786,82;840,86;0,32
103201;2025-02-26;C1972;16;13;1;483,5;0,0;265,93;Cartão de débito;Online;483,5;265,93;217,57;0,45
103202;2026-01-17;C2080;14;13;4;2996,16;0,0;2157,24;Cartão de débito;Marketplace;11984,64;8628,96;3355,68;0,28
103203;2026-03-13;C0201;14;7;2;5525,5;0,0;3978,36;Cartão de débito;Online;11051,0;7956,72;3094,28;0,28
103204;2026-02-15;C1989;13;9;1;391,44;0,05;227,04;Cartão de crédito;Marketplace;371,87;227,04;144,83;0,3895
103205;2025-04-08;C1495;14;7;1;2874,0;0,05;2069,28;Boleto;Online;2730,3;2069,28;661,02;0,2421
103206;2025-05-13;C1436;14;13;1;2957,44;0,0;2129,36;Cartão de débito;Marketplace;2957,44;2129,36;828,08;0,28
103207;2025-09-01;C0930;13;26;2;487,2;0,05;282,58;PIX;Online;925,68;565,16;360,52;0,3895
103208;2025-12-15;C2071;8;3;1;280,09;0,0;154,05;PIX;Marketplace;280,09;154,05;126,04;0,45
103209;2025-03-21;C1759;17;19;3;661,45;0,1;396,87;PIX;Online;1785,92;1190,61;595,31;0,3333
103210;2026-04-23;C1370;14;8;3;4108,22;0,1;2957,92;PIX;Online;11092,19;8873,76;2218,43;0,2
103211;2026-04-24;C0976;9;7;2;196,06;0,0;123,52;Cartão de crédito;Online;392,12;247,04;145,08;0,37
103212;2025-07-02;C1231;15;17;2;4809,88;0,2;3751,71;Boleto;Online;7695,81;7503,42;192,39;0,025
103213;2026-04-18;C1967;10;3;1;320,48;0,0;166,65;PIX;Online;320,48;166,65;153,83;0,48
103214;2025-11-08;C1895;4;20;1;829,58;0,2;580,71;PIX;Marketplace;663,66;580,71;82,95;0,125
103215;2025-12-12;C1664;17;9;2;695,99;0,0;417,59;Cartão de crédito;Online;1391,98;835,18;556,8;0,4
103216;2025-08-20;C1107;12;18;4;1865,09;0,1;1268,26;PIX;Marketplace;6714,32;5073,04;1641,28;0,2444
103217;2025-02-21;C0126;10;19;2;261,64;0,0;136,05;Boleto;Marketplace;523,28;272,1;251,18;0,48
103218;2025-08-22;C1958;8;20;1;143,36;0,0;78,85;Cartão de débito;Online;143,36;78,85;64,51;0,45
103219;2025-09-25;C2433;11;7;1;452,88;0,05;307,96;Cartão de débito;Online;430,24;307,96;122,28;0,2842
103220;2025-10-02;C0241;15;5;3;3715,08;0,0;2897,76;Cartão de crédito;Online;11145,24;8693,28;2451,96;0,22
103221;2025-07-08;C0747;3;10;1;92,92;0,0;41,81;Boleto;Online;92,92;41,81;51,11;0,55
103222;2025-03-09;C2137;14;23;1;5714,42;0,1;4114,38;PIX;Marketplace;5142,98;4114,38;1028,6;0,2
103223;2025-11-10;C0671;3;22;1;63,1;0,0;28,39;PIX;Marketplace;63,1;28,39;34,71;0,5501
103224;2026-05-08;C1953;10;7;2;106,37;0,05;55,31;Cartão de crédito;Online;202,1;110,62;91,48;0,4526
103225;2026-03-18;C0670;7;20;2;498,73;0,1;309,21;PIX;Online;897,71;618,42;279,29;0,3111
103226;2025-07-27;C0587;12;3;2;728,62;0,0;495,46;Cartão de crédito;Marketplace;1457,24;990,92;466,32;0,32
103227;2026-04-10;C1666;9;18;1;523,54;0,0;329,83;Boleto;Marketplace;523,54;329,83;193,71;0,37
103228;2025-11-29;C1303;1;6;1;956,84;0,1;612,38;Cartão de débito;Online;861,16;612,38;248,78;0,2889
103229;2026-02-15;C2019;17;1;2;606,88;0,1;364,13;Boleto;Marketplace;1092,38;728,26;364,12;0,3333
103230;2025-10-02;C2339;11;14;1;714,32;0,2;485,74;Boleto;Online;571,46;485,74;85,72;0,15
103231;2025-11-24;C0869;2;22;2;1089,84;0,15;730,19;PIX;Online;1852,73;1460,38;392,35;0,2118
103232;2026-04-26;C2286;6;27;2;116,87;0,0;58,44;Cartão de crédito;Online;233,74;116,88;116,86;0,5
103233;2025-01-21;C1972;1;27;1;538,27;0,1;344,49;Cartão de débito;Online;484,44;344,49;139,95;0,2889
103234;2025-08-24;C1734;7;4;1;783,85;0,0;485,99;Boleto;Marketplace;783,85;485,99;297,86;0,38
103235;2026-01-19;C0782;14;5;2;4105,23;0,0;2955,77;PIX;Online;8210,46;5911,54;2298,92;0,28
103236;2025-03-16;C1638;4;8;1;997,08;0,0;697,96;Cartão de crédito;Marketplace;997,08;697,96;299,12;0,3
103237;2026-01-10;C1461;15;12;1;4436,8;0,0;3460,7;PIX;Online;4436,8;3460,7;976,1;0,22
103238;2025-06-05;C0624;2;10;3;1272,27;0,1;852,42;Boleto;Marketplace;3435,13;2557,26;877,87;0,2556
103239;2025-03-22;C2432;15;19;2;2485,34;0,05;1938,57;Cartão de débito;Marketplace;4722,15;3877,14;845,01;0,1789
103240;2026-06-07;C0146;1;19;4;839,49;0,0;537,27;Cartão de débito;Marketplace;3357,96;2149,08;1208,88;0,36
103241;2025-12-24;C0915;14;4;2;3585,21;0,2;2581,35;Cartão de crédito;Marketplace;5736,34;5162,7;573,64;0,1
103242;2025-12-08;C2037;17;8;3;319,84;0,05;191,9;Boleto;Marketplace;911,54;575,7;335,84;0,3684
103243;2025-06-27;C2110;1;5;2;392,02;0,0;250,89;Cartão de crédito;Marketplace;784,04;501,78;282,26;0,36
103244;2026-02-25;C0550;17;13;3;152,1;0,1;91,26;PIX;Marketplace;410,67;273,78;136,89;0,3333
103245;2025-11-20;C0539;1;19;1;845,37;0,05;541,04;PIX;Online;803,1;541,04;262,06;0,3263
103246;2025-06-07;C0225;9;22;1;389,94;0,05;245,66;PIX;Marketplace;370,44;245,66;124,78;0,3368
103247;2026-04-17;C0317;3;2;1;74,87;0,1;33,69;Cartão de crédito;Online;67,38;33,69;33,69;0,5
103248;2025-04-22;C0181;12;1;1;1212,15;0,1;824,26;Cartão de crédito;Online;1090,94;824,26;266,68;0,2444
103249;2025-06-02;C1989;5;13;3;724,45;0,05;470,89;Cartão de débito;Online;2064,68;1412,67;652,01;0,3158
103250;2026-02-05;C0470;2;2;1;553,84;0,05;371,07;Boleto;Marketplace;526,15;371,07;155,08;0,2947
103251;2026-06-25;C1447;15;15;4;4723,85;0,0;3684,6;Cartão de crédito;Marketplace;18895,4;14738,4;4157,0;0,22
103252;2026-02-14;C2281;4;9;1;820,62;0,05;574,43;Cartão de crédito;Online;779,59;574,43;205,16;0,2632
103253;2025-06-09;C2000;8;13;1;80,39;0,1;44,21;Cartão de crédito;Marketplace;72,35;44,21;28,14;0,3889
103254;2025-06-08;C0792;3;25;1;48,14;0,0;21,66;Cartão de débito;Online;48,14;21,66;26,48;0,5501
103255;2025-02-20;C1640;1;7;2;966,61;0,05;618,63;PIX;Online;1836,56;1237,26;599,3;0,3263
103256;2025-12-21;C1164;2;19;2;505,52;0,05;338,7;PIX;Marketplace;960,49;677,4;283,09;0,2947
103257;2025-09-27;C2312;8;1;1;175,65;0,05;96,61;Boleto;Marketplace;166,87;96,61;70,26;0,421
103258;2025-03-12;C2299;11;2;1;1186,28;0,0;806,67;PIX;Marketplace;1186,28;806,67;379,61;0,32
103259;2025-02-16;C1439;10;23;2;334,59;0,1;173,99;PIX;Online;602,26;347,98;254,28;0,4222
103260;2026-05-31;C0200;15;18;3;3623,28;0,0;2826,16;Cartão de crédito;Online;10869,84;8478,48;2391,36;0,22
103261;2025-12-24;C2168;13;22;3;225,36;0,0;130,71;Cartão de débito;Online;676,08;392,13;283,95;0,42
103262;2026-05-04;C1975;8;20;2;84,05;0,0;46,23;Boleto;Marketplace;168,1;92,46;75,64;0,45
103263;2025-06-14;C1703;17;18;1;298,22;0,05;178,93;Cartão de crédito;Online;283,31;178,93;104,38;0,3684
103264;2025-09-26;C0236;13;10;1;237,48;0,1;137,74;PIX;Online;213,73;137,74;75,99;0,3555
103265;2025-12-17;C1212;12;1;2;756,43;0,2;514,37;Cartão de crédito;Online;1210,29;1028,74;181,55;0,15
103266;2026-02-16;C1877;8;20;1;192,2;0,0;105,71;Cartão de crédito;Marketplace;192,2;105,71;86,49;0,45
103267;2025-01-14;C0829;5;5;2;971,94;0,0;631,76;Cartão de crédito;Online;1943,88;1263,52;680,36;0,35
103268;2025-03-23;C1193;14;5;1;3050,86;0,0;2196,62;Cartão de crédito;Marketplace;3050,86;2196,62;854,24;0,28
103269;2025-04-19;C1793;2;10;5;957,99;0,1;641,85;PIX;Marketplace;4310,96;3209,25;1101,71;0,2556
103270;2025-06-06;C2098;16;9;2;446,59;0,05;245,62;Boleto;Online;848,52;491,24;357,28;0,4211
103271;2025-12-11;C0636;13;26;1;217,47;0,05;126,13;Cartão de débito;Online;206,6;126,13;80,47;0,3895
103272;2025-02-08;C0532;1;20;1;967,75;0,0;619,36;Boleto;Marketplace;967,75;619,36;348,39;0,36
103273;2025-07-08;C1473;17;11;1;358,27;0,05;214,96;PIX;Online;340,36;214,96;125,4;0,3684
103274;2025-06-19;C2077;6;20;3;52,39;0,0;26,2;Boleto;Online;157,17;78,6;78,57;0,4999
103275;2025-07-04;C0891;17;4;2;441,46;0,05;264,88;PIX;Marketplace;838,77;529,76;309,01;0,3684
103276;2026-01-26;C0794;12;7;1;1287,49;0,05;875,49;PIX;Marketplace;1223,12;875,49;347,63;0,2842
103277;2025-11-07;C0637;9;21;1;196,83;0,2;124,0;Cartão de débito;Marketplace;157,46;124,0;33,46;0,2125
103278;2025-07-15;C0289;16;6;1;330,74;0,05;181,91;PIX;Online;314,2;181,91;132,29;0,421
103279;2025-03-17;C0451;1;14;3;322,1;0,0;206,14;Boleto;Online;966,3;618,42;347,88;0,36
103280;2025-05-05;C2476;2;20;2;1086,92;0,05;728,24;Cartão de crédito;Online;2065,15;1456,48;608,67;0,2947
103281;2026-04-11;C0379;2;27;3;959,83;0,1;643,09;Cartão de crédito;Online;2591,54;1929,27;662,27;0,2556
103282;2026-01-23;C2455;4;13;1;1107,55;0,05;775,28;Cartão de débito;Marketplace;1052,17;775,28;276,89;0,2632
103283;2025-02-16;C0903;15;19;1;2123,61;0,0;1656,42;Cartão de crédito;Online;2123,61;1656,42;467,19;0,22
103284;2025-11-16;C0040;17;21;4;339,26;0,0;203,56;Cartão de débito;Online;1357,04;814,24;542,8;0,4
103285;2025-04-29;C1823;4;25;3;1837,03;0,0;1285,92;Cartão de crédito;Marketplace;5511,09;3857,76;1653,33;0,3
103286;2025-01-02;C2346;10;20;2;333,56;0,1;173,45;Boleto;Online;600,41;346,9;253,51;0,4222
103287;2026-05-31;C1880;9;16;1;153,22;0,0;96,53;PIX;Marketplace;153,22;96,53;56,69;0,37
103288;2025-11-19;C1941;2;14;1;1205,71;0,05;807,83;Boleto;Marketplace;1145,42;807,83;337,59;0,2947
103289;2026-04-11;C1097;12;25;1;1086,63;0,2;738,91;PIX;Marketplace;869,3;738,91;130,39;0,15
103290;2026-04-06;C0016;6;21;2;95,93;0,1;47,97;Cartão de débito;Marketplace;172,67;95,94;76,73;0,4444
103291;2025-04-02;C0762;9;26;3;314,17;0,0;197,93;Boleto;Online;942,51;593,79;348,72;0,37
103292;2025-06-21;C1748;1;19;2;615,64;0,0;394,01;Cartão de crédito;Marketplace;1231,28;788,02;443,26;0,36
103293;2026-02-11;C0989;8;13;1;264,03;0,0;145,22;Boleto;Marketplace;264,03;145,22;118,81;0,45
103294;2026-02-21;C0388;9;6;1;228,41;0,0;143,9;Cartão de crédito;Online;228,41;143,9;84,51;0,37
103295;2026-03-28;C1191;2;13;4;750,01;0,05;502,51;Boleto;Marketplace;2850,04;2010,04;840,0;0,2947
103296;2025-09-16;C2117;6;20;1;52,42;0,1;26,21;Cartão de crédito;Online;47,18;26,21;20,97;0,4445
103297;2026-04-12;C1920;12;4;1;829,27;0,05;563,9;Cartão de débito;Marketplace;787,81;563,9;223,91;0,2842
103298;2025-11-14;C2440;4;11;1;903,98;0,2;632,79;Boleto;Online;723,18;632,79;90,39;0,125
103299;2025-03-17;C1812;17;11;1;592,44;0,05;355,46;Cartão de crédito;Marketplace;562,82;355,46;207,36;0,3684
103300;2025-06-24;C0381;14;22;1;3528,04;0,15;2540,19;PIX;Marketplace;2998,83;2540,19;458,64;0,1529
103301;2026-04-04;C1145;10;6;1;154,65;0,1;80,42;Boleto;Marketplace;139,18;80,42;58,76;0,4222
103302;2025-06-15;C0938;11;26;2;574,24;0,1;390,48;Cartão de débito;Online;1033,63;780,96;252,67;0,2444
103303;2025-09-07;C0006;11;21;3;1611,41;0,0;1095,76;Cartão de débito;Marketplace;4834,23;3287,28;1546,95;0,32
103304;2025-12-23;C0879;16;7;2;458,82;0,2;252,35;Boleto;Marketplace;734,11;504,7;229,41;0,3125
103305;2025-04-17;C1862;1;2;1;697,55;0,0;446,43;Cartão de débito;Marketplace;697,55;446,43;251,12;0,36
103306;2026-05-23;C0624;6;13;4;89,22;0,1;44,61;PIX;Marketplace;321,19;178,44;142,75;0,4444
103307;2025-09-07;C0629;4;25;3;1817,71;0,05;1272,4;Cartão de crédito;Marketplace;5180,47;3817,2;1363,27;0,2632
103308;2025-09-05;C1121;15;17;2;4164,12;0,15;3248,01;Boleto;Marketplace;7079,0;6496,02;582,98;0,0824
103309;2026-03-17;C0025;12;5;1;1706,59;0,0;1160,48;PIX;Marketplace;1706,59;1160,48;546,11;0,32
103310;2025-05-02;C0498;13;22;1;222,38;0,05;128,98;Cartão de débito;Marketplace;211,26;128,98;82,28;0,3895
103311;2026-02-07;C1239;2;7;1;1274,51;0,05;853,92;Boleto;Online;1210,78;853,92;356,86;0,2947
103312;2025-10-31;C1343;17;7;1;103,43;0,15;62,06;Cartão de débito;Marketplace;87,92;62,06;25,86;0,2941
103313;2026-05-02;C0406;13;1;2;493,94;0,05;286,49;Cartão de débito;Marketplace;938,49;572,98;365,51;0,3895
103314;2025-05-10;C2476;4;7;3;1796,89;0,0;1257,82;Cartão de débito;Marketplace;5390,67;3773,46;1617,21;0,3
103315;2025-01-08;C0197;12;8;2;2110,79;0,1;1435,34;Cartão de crédito;Online;3799,42;2870,68;928,74;0,2444
103316;2026-03-11;C0303;4;13;1;2192,18;0,05;1534,53;PIX;Marketplace;2082,57;1534,53;548,04;0,2632
103317;2025-03-25;C0571;6;14;4;221,08;0,0;110,54;Cartão de débito;Online;884,32;442,16;442,16;0,5
103318;2025-11-07;C1538;6;14;3;174,9;0,1;87,45;Boleto;Marketplace;472,23;262,35;209,88;0,4444
103319;2025-07-21;C0894;13;8;1;190,75;0,0;110,63;Boleto;Marketplace;190,75;110,63;80,12;0,42
103320;2026-02-27;C1487;1;18;4;807,25;0,0;516,64;Cartão de débito;Online;3229,0;2066,56;1162,44;0,36
103321;2025-05-20;C0573;6;1;1;92,66;0,0;46,33;Boleto;Marketplace;92,66;46,33;46,33;0,5
103322;2026-05-08;C1575;17;5;1;540,79;0,2;324,47;Cartão de crédito;Online;432,63;324,47;108,16;0,25
103323;2026-02-28;C1073;5;5;2;890,28;0,05;578,68;Boleto;Online;1691,53;1157,36;534,17;0,3158
103324;2025-03-09;C1696;4;5;3;1369,09;0,0;958,36;Cartão de débito;Online;4107,27;2875,08;1232,19;0,3
103325;2025-08-22;C0736;15;18;4;1559,65;0,15;1216,53;Boleto;Marketplace;5302,81;4866,12;436,69;0,0824
103326;2025-06-29;C1559;17;7;3;268,28;0,05;160,97;PIX;Online;764,6;482,91;281,69;0,3684
103327;2025-11-17;C0758;7;6;3;460,86;0,0;285,73;PIX;Online;1382,58;857,19;525,39;0,38
103328;2026-03-22;C2078;10;6;1;391,04;0,0;203,34;Cartão de débito;Online;391,04;203,34;187,7;0,48
103329;2026-03-13;C1055;12;13;1;1973,56;0,0;1342,02;Boleto;Marketplace;1973,56;1342,02;631,54;0,32
103330;2025-12-08;C1300;15;21;2;3375,33;0,1;2632,76;Cartão de crédito;Marketplace;6075,59;5265,52;810,07;0,1333
103331;2026-05-09;C2174;7;15;1;607,31;0,0;376,53;Cartão de crédito;Online;607,31;376,53;230,78;0,38
103332;2025-09-30;C1599;14;24;4;4137,87;0,0;2979,27;Boleto;Marketplace;16551,48;11917,08;4634,4;0,28
103333;2025-08-10;C0598;14;22;1;4280,52;0,0;3081,97;Cartão de crédito;Online;4280,52;3081,97;1198,55;0,28
103334;2025-12-19;C2415;4;1;2;1479,41;0,1;1035,59;Boleto;Online;2662,94;2071,18;591,76;0,2222
103335;2026-05-16;C2372;11;3;1;954,01;0,05;648,73;Cartão de débito;Marketplace;906,31;648,73;257,58;0,2842
103336;2025-10-03;C0350;3;20;1;58,36;0,0;26,26;Boleto;Online;58,36;26,26;32,1;0,55
103337;2026-06-25;C1744;5;25;1;555,15;0,2;360,85;Boleto;Online;444,12;360,85;83,27;0,1875
103338;2025-06-14;C1495;17;23;4;304,16;0,15;182,5;Cartão de débito;Online;1034,14;730,0;304,14;0,2941
103339;2025-02-13;C1481;14;9;1;3372,36;0,1;2428,1;Cartão de débito;Online;3035,12;2428,1;607,02;0,2
103340;2025-05-23;C2095;2;24;1;1451,94;0,1;972,8;Cartão de crédito;Online;1306,75;972,8;333,95;0,2556
103341;2026-06-19;C2150;8;21;1;117,79;0,05;64,78;Boleto;Marketplace;111,9;64,78;47,12;0,4211
103342;2025-12-24;C0612;9;7;1;346,53;0,0;218,31;Boleto;Online;346,53;218,31;128,22;0,37
103343;2025-05-22;C2232;9;14;1;518,21;0,0;326,47;Cartão de débito;Marketplace;518,21;326,47;191,74;0,37
103344;2025-08-03;C1621;10;10;1;130,24;0,1;67,72;PIX;Marketplace;117,22;67,72;49,5;0,4223
103345;2025-01-20;C0076;15;8;4;4540,01;0,0;3541,21;PIX;Marketplace;18160,04;14164,84;3995,2;0,22
103346;2025-05-12;C1759;13;23;3;167,36;0,0;97,07;Boleto;Online;502,08;291,21;210,87;0,42
103347;2025-05-18;C0529;3;9;1;23,06;0,1;10,38;Cartão de débito;Online;20,75;10,38;10,37;0,4998
103348;2025-10-06;C0584;5;25;3;839,74;0,0;545,83;PIX;Online;2519,22;1637,49;881,73;0,35
103349;2026-03-22;C2348;17;7;1;769,69;0,0;461,81;Cartão de crédito;Marketplace;769,69;461,81;307,88;0,4
103350;2025-08-15;C0508;16;20;1;549,93;0,05;302,46;Boleto;Marketplace;522,43;302,46;219,97;0,4211
103351;2025-09-12;C0846;14;16;3;3389,84;0,0;2440,68;Cartão de crédito;Online;10169,52;7322,04;2847,48;0,28
103352;2025-04-12;C1786;16;14;1;390,14;0,0;214,58;PIX;Marketplace;390,14;214,58;175,56;0,45
103353;2025-01-29;C0409;4;6;1;1811,78;0,05;1268,25;Cartão de débito;Marketplace;1721,19;1268,25;452,94;0,2632
103354;2026-06-13;C0015;7;26;2;371,79;0,0;230,51;PIX;Online;743,58;461,02;282,56;0,38
103355;2026-03-02;C0405;10;27;2;327,31;0,0;170,2;Cartão de débito;Marketplace;654,62;340,4;314,22;0,48
103356;2025-06-13;C1002;11;13;2;613,05;0,1;416,87;Cartão de crédito;Marketplace;1103,49;833,74;269,75;0,2445
103357;2025-07-17;C1868;6;16;2;177,19;0,0;88,59;Cartão de crédito;Marketplace;354,38;177,18;177,2;0,5
103358;2026-02-19;C0715;8;7;4;244,15;0,1;134,28;PIX;Online;878,94;537,12;341,82;0,3889
103359;2025-03-31;C0475;17;10;3;643,41;0,1;386,05;Boleto;Online;1737,21;1158,15;579,06;0,3333
103360;2026-04-02;C2226;3;19;2;34,17;0,0;15,38;Boleto;Marketplace;68,34;30,76;37,58;0,5499
103361;2025-09-01;C0082;14;13;1;5873,44;0,1;4228,88;Cartão de crédito;Marketplace;5286,1;4228,88;1057,22;0,2
103362;2026-03-19;C0277;17;18;2;694,68;0,0;416,81;Cartão de débito;Online;1389,36;833,62;555,74;0,4
103363;2025-12-03;C1209;11;11;2;983,14;0,15;668,54;PIX;Marketplace;1671,34;1337,08;334,26;0,2
103364;2026-03-30;C1316;10;19;1;271,87;0,2;141,37;Cartão de crédito;Online;217,5;141,37;76,13;0,35
103365;2025-08-17;C0076;3;18;2;80,69;0,05;36,31;Boleto;Marketplace;153,31;72,62;80,69;0,5263
103366;2025-04-17;C0360;4;15;5;501,12;0,05;350,78;Boleto;Online;2380,32;1753,9;626,42;0,2632
103367;2025-12-23;C0688;17;21;1;643,61;0,0;386,17;Boleto;Online;643,61;386,17;257,44;0,4
103368;2026-06-11;C0802;14;18;1;4014,18;0,1;2890,21;Cartão de débito;Online;3612,76;2890,21;722,55;0,2
103369;2025-10-15;C1600;8;1;3;242,9;0,1;133,6;Boleto;Online;655,83;400,8;255,03;0,3889
103370;2025-04-18;C1345;3;5;2;94,8;0,15;42,66;Cartão de débito;Marketplace;161,16;85,32;75,84;0,4706
103371;2025-12-28;C0597;6;13;1;196,78;0,2;98,39;Boleto;Online;157,42;98,39;59,03;0,375
103372;2025-08-29;C2357;2;12;1;1120,85;0,0;750,97;Cartão de crédito;Online;1120,85;750,97;369,88;0,33
103373;2025-08-31;C2034;8;22;2;215,4;0,2;118,47;PIX;Marketplace;344,64;236,94;107,7;0,3125
103374;2026-04-19;C1035;4;11;3;1119,41;0,0;783,59;Boleto;Marketplace;3358,23;2350,77;1007,46;0,3
103375;2026-03-13;C0555;7;3;1;728,39;0,0;451,6;Cartão de débito;Marketplace;728,39;451,6;276,79;0,38
103376;2025-12-30;C2327;3;1;1;51,28;0,15;23,08;PIX;Online;43,59;23,08;20,51;0,4705
103377;2026-06-12;C0858;4;3;4;1531,45;0,2;1072,01;Cartão de crédito;Marketplace;4900,64;4288,04;612,6;0,125
103378;2026-01-08;C2074;10;14;3;224,14;0,1;116,55;Boleto;Marketplace;605,18;349,65;255,53;0,4222
103379;2025-03-15;C1550;10;6;1;179,02;0,1;93,09;Cartão de crédito;Marketplace;161,12;93,09;68,03;0,4222
103380;2025-02-28;C1814;5;25;2;297,86;0,1;193,61;Boleto;Marketplace;536,15;387,22;148,93;0,2778
103381;2025-07-17;C1296;17;9;2;549,34;0,0;329,6;Cartão de débito;Marketplace;1098,68;659,2;439,48;0,4
103382;2025-06-02;C0782;7;26;1;683,7;0,0;423,89;Cartão de débito;Online;683,7;423,89;259,81;0,38
103383;2025-12-15;C0533;10;1;4;186,57;0,1;97,02;Cartão de débito;Online;671,65;388,08;283,57;0,4222
103384;2025-05-22;C1609;15;21;1;1634,49;0,0;1274,9;PIX;Online;1634,49;1274,9;359,59;0,22
103385;2026-04-07;C0639;9;18;1;451,19;0,0;284,25;Cartão de débito;Marketplace;451,19;284,25;166,94;0,37
103386;2026-05-14;C0307;8;11;1;254,29;0,0;139,86;Cartão de débito;Marketplace;254,29;139,86;114,43;0,45
103387;2026-01-12;C1412;4;18;2;2473,39;0,0;1731,37;Cartão de crédito;Online;4946,78;3462,74;1484,04;0,3
103388;2025-04-27;C1927;10;16;1;142,26;0,2;73,98;PIX;Marketplace;113,81;73,98;39,83;0,35
103389;2026-02-06;C0456;8;14;2;103,71;0,05;57,04;Cartão de crédito;Online;197,05;114,08;82,97;0,4211
103390;2025-01-15;C1715;8;18;1;176,27;0,05;96,95;Cartão de débito;Online;167,46;96,95;70,51;0,4211
103391;2025-01-28;C1494;1;15;1;498,3;0,05;318,91;Cartão de débito;Online;473,38;318,91;154,47;0,3263
103392;2026-01-15;C1515;2;11;1;1424,47;0,05;954,39;Cartão de débito;Marketplace;1353,25;954,39;398,86;0,2947
103393;2025-12-07;C1756;5;7;1;698,42;0,1;453,97;PIX;Online;628,58;453,97;174,61;0,2778
103394;2025-05-21;C2000;1;7;1;990,31;0,05;633,8;Cartão de crédito;Marketplace;940,79;633,8;306,99;0,3263
103395;2025-02-06;C0120;10;20;1;302,17;0,1;157,13;Boleto;Online;271,95;157,13;114,82;0,4222
103396;2025-01-18;C0753;10;25;4;138,8;0,0;72,18;PIX;Marketplace;555,2;288,72;266,48;0,48
103397;2026-02-15;C0427;14;25;1;4619,22;0,05;3325,84;Cartão de crédito;Online;4388,26;3325,84;1062,42;0,2421
103398;2025-04-21;C0708;4;16;1;914,41;0,1;640,09;PIX;Online;822,97;640,09;182,88;0,2222
103399;2026-03-23;C2455;3;24;1;33,09;0,0;14,89;Cartão de crédito;Online;33,09;14,89;18,2;0,55
103400;2025-08-25;C2410;1;7;2;898,62;0,0;575,12;Cartão de débito;Marketplace;1797,24;1150,24;647,0;0,36
103401;2025-04-26;C0011;13;24;3;174,22;0,05;101,05;Cartão de débito;Marketplace;496,53;303,15;193,38;0,3895
103402;2025-02-26;C2291;12;25;1;961,57;0,0;653,87;Boleto;Marketplace;961,57;653,87;307,7;0,32
103403;2026-04-10;C0222;7;1;1;615,33;0,0;381,5;Boleto;Online;615,33;381,5;233,83;0,38
103404;2025-03-05;C1640;13;27;1;146,69;0,1;85,08;Cartão de crédito;Online;132,02;85,08;46,94;0,3556
103405;2026-03-08;C2364;7;21;2;826,15;0,0;512,21;Boleto;Marketplace;1652,3;1024,42;627,88;0,38
103406;2025-11-28;C0563;6;12;2;104,15;0,05;52,08;Boleto;Online;197,88;104,16;93,72;0,4736
103407;2025-09-29;C1803;10;10;1;280,84;0,15;146,04;Cartão de débito;Marketplace;238,71;146,04;92,67;0,3882
103408;2025-08-11;C1856;3;13;2;75,59;0,05;34,02;PIX;Online;143,62;68,04;75,58;0,5262
103409;2025-01-04;C2483;3;4;1;45,45;0,05;20,45;Cartão de crédito;Marketplace;43,18;20,45;22,73;0,5264
103410;2025-05-26;C2106;15;13;1;2815,04;0,15;2195,73;PIX;Online;2392,78;2195,73;197,05;0,0824
103411;2026-06-19;C0252;16;18;2;168,17;0,1;92,49;Boleto;Online;302,71;184,98;117,73;0,3889
103412;2025-09-21;C0490;16;17;1;100,65;0,0;55,36;Cartão de crédito;Marketplace;100,65;55,36;45,29;0,45
103413;2025-12-09;C1586;12;22;2;1416,07;0,05;962,93;Cartão de débito;Online;2690,53;1925,86;764,67;0,2842
103414;2026-01-23;C1252;16;15;5;584,71;0,05;321,59;Cartão de crédito;Online;2777,37;1607,95;1169,42;0,4211
103415;2026-06-21;C0782;3;16;3;90,41;0,1;40,68;Cartão de débito;Marketplace;244,11;122,04;122,07;0,5001
103416;2026-01-18;C1107;1;12;1;579,24;0,0;370,71;Cartão de crédito;Marketplace;579,24;370,71;208,53;0,36
103417;2026-06-19;C1803;14;21;1;4958,58;0,05;3570,18;Boleto;Marketplace;4710,65;3570,18;1140,47;0,2421
103418;2026-01-11;C0699;17;11;1;427,14;0,0;256,28;Boleto;Marketplace;427,14;256,28;170,86;0,4
103419;2025-10-19;C0927;12;1;1;2455,08;0,05;1669,45;Boleto;Marketplace;2332,33;1669,45;662,88;0,2842
103420;2025-06-05;C1203;3;19;1;73,58;0,0;33,11;Cartão de crédito;Online;73,58;33,11;40,47;0,55
103421;2025-02-22;C1921;14;15;1;2871,47;0,05;2067,46;Cartão de crédito;Online;2727,9;2067,46;660,44;0,2421
103422;2026-01-17;C0197;14;24;1;4827,93;0,05;3476,11;Cartão de débito;Online;4586,53;3476,11;1110,42;0,2421
103423;2025-03-25;C0049;12;17;5;1009,87;0,15;686,71;PIX;Marketplace;4291,95;3433,55;858,4;0,2
103424;2026-04-17;C1368;2;7;2;1335,2;0,05;894,58;Boleto;Marketplace;2536,88;1789,16;747,72;0,2947
103425;2025-06-21;C1420;2;4;1;1078,88;0,1;722,85;PIX;Online;970,99;722,85;248,14;0,2556
103426;2025-10-16;C0342;12;23;1;903,41;0,1;614,32;Boleto;Marketplace;813,07;614,32;198,75;0,2444
103427;2026-01-11;C0381;12;4;3;2491,66;0,0;1694,33;Cartão de débito;Marketplace;7474,98;5082,99;2391,99;0,32
103428;2026-02-09;C2349;10;13;2;299,75;0,05;155,87;Cartão de crédito;Marketplace;569,52;311,74;257,78;0,4526
103429;2026-06-27;C1312;14;25;1;5183,88;0,1;3732,39;PIX;Online;4665,49;3732,39;933,1;0,2
103430;2026-06-18;C1222;11;16;2;1025,58;0,05;697,39;PIX;Online;1948,6;1394,78;553,82;0,2842
103431;2025-03-01;C0867;6;24;4;209,39;0,05;104,69;PIX;Online;795,68;418,76;376,92;0,4737
103432;2026-03-31;C1047;11;13;1;442,89;0,1;301,17;Boleto;Online;398,6;301,17;97,43;0,2444
103433;2025-09-22;C1532;7;1;2;388,0;0,2;240,56;Cartão de crédito;Online;620,8;481,12;139,68;0,225
103434;2025-04-03;C0233;17;19;3;462,65;0,1;277,59;PIX;Marketplace;1249,16;832,77;416,39;0,3333
103435;2026-06-08;C2498;10;5;2;398,55;0,0;207,25;Cartão de débito;Online;797,1;414,5;382,6;0,48
103436;2026-01-01;C2363;1;27;1;650,06;0,0;416,04;Boleto;Online;650,06;416,04;234,02;0,36
103437;2026-06-29;C0035;2;14;3;299,85;0,0;200,9;Boleto;Marketplace;899,55;602,7;296,85;0,33
103438;2025-12-21;C2029;13;10;2;136,39;0,0;79,11;PIX;Online;272,78;158,22;114,56;0,42
103439;2026-05-11;C2245;6;19;3;193,65;0,0;96,83;PIX;Marketplace;580,95;290,49;290,46;0,5
103440;2025-10-14;C1831;2;5;1;256,15;0,0;171,62;Boleto;Online;256,15;171,62;84,53;0,33
103441;2025-09-16;C1944;8;2;5;273,51;0,0;150,43;Cartão de crédito;Marketplace;1367,55;752,15;615,4;0,45
103442;2026-05-27;C1377;7;18;1;756,5;0,0;469,03;Cartão de débito;Marketplace;756,5;469,03;287,47;0,38
103443;2026-03-15;C2063;3;13;1;69,49;0,05;31,27;Boleto;Marketplace;66,02;31,27;34,75;0,5264
103444;2025-10-28;C1142;4;6;1;1015,96;0,05;711,17;Não informado;Online;965,16;711,17;253,99;0,2632
103445;2025-01-05;C0474;2;12;3;1407,76;0,0;943,2;Cartão de débito;Marketplace;4223,28;2829,6;1393,68;0,33
103446;2025-12-03;C2467;14;19;1;4933,83;0,0;3552,36;Cartão de débito;Marketplace;4933,83;3552,36;1381,47;0,28
103447;2025-09-13;C2114;16;27;2;155,44;0,1;85,49;PIX;Marketplace;279,79;170,98;108,81;0,3889
103448;2025-09-06;C1729;8;19;2;227,2;0,05;124,96;PIX;Marketplace;431,68;249,92;181,76;0,4211
103449;2025-05-20;C0542;16;22;2;220,0;0,15;121,0;Boleto;Online;374,0;242,0;132,0;0,3529
103450;2025-12-10;C1034;10;8;1;357,24;0,2;185,76;Boleto;Online;285,79;185,76;100,03;0,35
103451;2025-05-14;C1842;13;23;2;205,79;0,0;119,36;Boleto;Online;411,58;238,72;172,86;0,42
103452;2025-03-11;C2200;8;25;1;222,71;0,0;122,49;PIX;Marketplace;222,71;122,49;100,22;0,45
103453;2025-03-06;C0431;5;26;1;276,5;0,05;179,72;Boleto;Online;262,68;179,72;82,96;0,3158
103454;2025-02-18;C1619;8;15;1;150,17;0,15;82,59;PIX;Marketplace;127,64;82,59;45,05;0,3529
103455;2025-08-26;C1449;16;9;1;454,33;0,0;249,88;Cartão de crédito;Online;454,33;249,88;204,45;0,45
103456;2025-06-30;C1387;6;9;1;237,63;0,15;118,81;Boleto;Marketplace;201,99;118,81;83,18;0,4118
103457;2025-11-20;C1117;12;4;1;2360,22;0,1;1604,95;PIX;Online;2124,2;1604,95;519,25;0,2444
103458;2025-06-10;C2182;6;18;5;139,8;0,0;69,9;Cartão de crédito;Online;699,0;349,5;349,5;0,5
103459;2025-08-14;C0687;15;25;3;3161,58;0,15;2466,03;Cartão de crédito;Online;8062,03;7398,09;663,94;0,0824
103460;2025-06-13;C0069;5;2;1;632,59;0,05;411,18;PIX;Online;600,96;411,18;189,78;0,3158
103461;2026-05-08;C2233;3;14;1;54,2;0,05;24,39;PIX;Online;51,49;24,39;27,1;0,5263
103462;2025-05-28;C2168;8;5;1;163,32;0,0;89,83;Cartão de débito;Online;163,32;89,83;73,49;0,45
103463;2026-05-10;C1839;6;19;2;216,23;0,05;108,11;Cartão de crédito;Marketplace;410,84;216,22;194,62;0,4737
103464;2025-08-22;C0909;7;4;1;624,97;0,1;387,48;PIX;Marketplace;562,47;387,48;174,99;0,3111
103465;2025-12-17;C1742;1;22;1;967,83;0,0;619,41;Boleto;Marketplace;967,83;619,41;348,42;0,36
103466;2025-02-27;C1044;12;12;1;1311,38;0,05;891,74;Boleto;Online;1245,81;891,74;354,07;0,2842
103467;2025-05-09;C1894;12;24;1;1844,85;0,1;1254,5;PIX;Marketplace;1660,36;1254,5;405,86;0,2444
103468;2025-11-16;C0669;14;18;2;2646,16;0,1;1905,24;PIX;Marketplace;4763,09;3810,48;952,61;0,2
103469;2025-10-25;C1682;4;5;1;1952,89;0,1;1367,02;Boleto;Marketplace;1757,6;1367,02;390,58;0,2222
103470;2025-10-28;C0428;12;19;1;1558,02;0,05;1059,45;PIX;Marketplace;1480,12;1059,45;420,67;0,2842
103471;2026-02-14;C1886;9;10;1;307,67;0,1;193,83;Boleto;Online;276,9;193,83;83,07;0,3
103472;2025-10-13;C2110;9;2;2;550,93;0,1;347,09;Boleto;Online;991,67;694,18;297,49;0,3
103473;2025-07-11;C0731;5;6;2;270,55;0,1;175,86;PIX;Marketplace;486,99;351,72;135,27;0,2778
103474;2026-03-25;C0119;3;5;1;87,92;0,15;39,56;PIX;Marketplace;74,73;39,56;35,17;0,4706
103475;2025-06-13;C1728;2;13;1;860,24;0,0;576,36;PIX;Online;860,24;576,36;283,88;0,33
103476;2025-03-29;C0528;12;5;4;784,96;0,15;533,77;Cartão de crédito;Online;2668,86;2135,08;533,78;0,2
103477;2026-06-01;C2044;1;5;1;831,44;0,0;532,12;Cartão de débito;Marketplace;831,44;532,12;299,32;0,36
103478;2025-02-24;C1313;10;11;3;255,4;0,2;132,81;Cartão de crédito;Online;612,96;398,43;214,53;0,35
103479;2025-08-12;C0847;11;20;1;1740,33;0,0;1183,42;Boleto;Online;1740,33;1183,42;556,91;0,32
103480;2026-04-06;C2012;13;10;1;402,12;0,0;233,23;Boleto;Marketplace;402,12;233,23;168,89;0,42
103481;2026-01-12;C1896;10;15;2;266,04;0,15;138,34;Boleto;Marketplace;452,27;276,68;175,59;0,3882
103482;2026-01-15;C1507;4;5;1;1185,21;0,15;829,65;Boleto;Online;1007,43;829,65;177,78;0,1765
103483;2026-03-30;C0470;15;27;1;2458,2;0,15;1917,4;PIX;Online;2089,47;1917,4;172,07;0,0824
103484;2025-12-20;C0658;1;15;2;391,69;0,15;250,68;Cartão de débito;Online;665,87;501,36;164,51;0,2471
103485;2026-06-27;C2051;3;10;1;80,74;0,05;36,33;Cartão de crédito;Online;76,7;36,33;40,37;0,5263
103486;2025-04-05;C1227;7;6;3;430,7;0,0;267,03;PIX;Online;1292,1;801,09;491,01;0,38
103487;2025-07-29;C0166;12;20;2;1896,66;0,05;1289,73;PIX;Marketplace;3603,65;2579,46;1024,19;0,2842
103488;2025-01-27;C2101;5;11;2;746,93;0,0;485,5;Cartão de débito;Marketplace;1493,86;971,0;522,86;0,35
103489;2025-06-26;C0376;1;6;2;816,48;0,0;522,55;Cartão de crédito;Online;1632,96;1045,1;587,86;0,36
103490;2026-03-23;C0957;5;12;1;1035,5;0,1;673,08;PIX;Online;931,95;673,08;258,87;0,2778
103491;2025-04-01;C2260;7;24;3;421,27;0,1;261,19;PIX;Marketplace;1137,43;783,57;353,86;0,3111
103492;2025-03-04;C0111;4;16;1;2134,6;0,1;1494,22;Cartão de crédito;Online;1921,14;1494,22;426,92;0,2222
103493;2025-06-07;C1331;1;7;1;305,71;0,05;195,65;Cartão de crédito;Online;290,42;195,65;94,77;0,3263
103494;2025-11-06;C0956;5;19;1;702,34;0,05;456,52;Cartão de débito;Online;667,22;456,52;210,7;0,3158
103495;2025-06-30;C1892;10;5;1;213,12;0,0;110,82;PIX;Online;213,12;110,82;102,3;0,48
103496;2025-04-30;C0618;17;21;1;215,8;0,0;129,48;Cartão de débito;Online;215,8;129,48;86,32;0,4
103497;2025-02-10;C0378;1;24;1;901,51;0,05;576,97;Cartão de crédito;Online;856,43;576,97;279,46;0,3263
103498;2026-02-27;C1238;16;12;3;178,89;0,0;98,39;Cartão de crédito;Online;536,67;295,17;241,5;0,45
103499;2025-06-07;C0288;6;13;2;88,44;0,05;44,22;Cartão de débito;Online;168,04;88,44;79,6;0,4737
103500;2025-06-05;C0957;3;17;2;90,48;0,1;40,72;Cartão de crédito;Marketplace;162,86;81,44;81,42;0,4999
103501;2026-05-11;C0349;15;12;1;3620,78;0,1;2824,21;Cartão de crédito;Online;3258,7;2824,21;434,49;0,1333
103502;2026-05-06;C1191;6;5;1;212,63;0,0;106,31;Cartão de débito;Online;212,63;106,31;106,32;0,5
103503;2025-09-12;C1116;14;26;4;3422,24;0,05;2464,01;Boleto;Online;13004,51;9856,04;3148,47;0,2421
103504;2026-06-16;C1945;2;17;2;681,18;0,1;456,39;Boleto;Marketplace;1226,12;912,78;313,34;0,2556
103505;2026-01-02;C1882;13;1;1;111,6;0,05;64,73;Cartão de débito;Online;106,02;64,73;41,29;0,3895
103506;2025-01-27;C0803;16;19;2;579,84;0,05;318,91;Cartão de crédito;Online;1101,7;637,82;463,88;0,4211
103507;2026-03-27;C0127;4;20;4;2019,38;0,05;1413,57;Cartão de débito;Online;7673,64;5654,28;2019,36;0,2632
103508;2026-02-13;C1891;10;20;1;190,52;0,1;99,07;Boleto;Marketplace;171,47;99,07;72,4;0,4222
103509;2025-05-21;C1016;1;8;1;622,85;0,0;398,62;PIX;Online;622,85;398,62;224,23;0,36
103510;2026-05-23;C0270;14;5;1;2669,95;0,05;1922,36;Cartão de débito;Online;2536,45;1922,36;614,09;0,2421
103511;2025-08-09;C0126;9;4;2;314,99;0,15;198,44;Boleto;Marketplace;535,48;396,88;138,6;0,2588
103512;2026-06-23;C2262;9;25;1;540,13;0,0;340,28;PIX;Online;540,13;340,28;199,85;0,37
103513;2025-07-10;C0583;8;27;1;275,66;0,15;151,61;Cartão de débito;Marketplace;234,31;151,61;82,7;0,353
103514;2025-10-08;C1459;4;4;1;2240,53;0,0;1568,37;Cartão de crédito;Marketplace;2240,53;1568,37;672,16;0,3
103515;2025-08-08;C1274;14;2;1;3077,83;0,1;2216,04;Boleto;Online;2770,05;2216,04;554,01;0,2
103516;2025-07-20;C1624;8;5;3;265,06;0,0;145,78;Cartão de crédito;Online;795,18;437,34;357,84;0,45
103517;2025-08-30;C1685;2;2;1;705,12;0,0;472,43;PIX;Marketplace;705,12;472,43;232,69;0,33
103518;2025-09-30;C0403;8;11;1;188,04;0,0;103,42;Boleto;Online;188,04;103,42;84,62;0,45
103519;2026-04-14;C1364;17;20;1;218,06;0,05;130,84;Cartão de crédito;Online;207,16;130,84;76,32;0,3684
103520;2026-01-02;C2103;2;4;1;891,09;0,0;597,03;PIX;Marketplace;891,09;597,03;294,06;0,33
103521;2026-01-14;C1800;15;23;1;1450,96;0,0;1131,75;Não informado;Online;1450,96;1131,75;319,21;0,22
103522;2026-03-01;C2208;15;26;1;1407,91;0,05;1098,17;Cartão de débito;Marketplace;1337,51;1098,17;239,34;0,1789
103523;2025-04-02;C2116;15;22;2;2598,67;0,1;2026,96;PIX;Marketplace;4677,61;4053,92;623,69;0,1333
103524;2025-10-04;C1553;4;20;4;2319,53;0,0;1623,67;Cartão de débito;Marketplace;9278,12;6494,68;2783,44;0,3
103525;2025-09-19;C0949;6;26;1;67,9;0,0;33,95;Cartão de débito;Marketplace;67,9;33,95;33,95;0,5
103526;2025-11-19;C1151;2;2;5;1309,5;0,05;877,37;Boleto;Online;6220,12;4386,85;1833,27;0,2947
103527;2025-08-25;C0029;14;3;3;2824,51;0,2;2033,65;Cartão de débito;Online;6778,82;6100,95;677,87;0,1
103528;2025-06-03;C0904;8;16;4;162,81;0,05;89,55;Cartão de débito;Online;618,68;358,2;260,48;0,421
103529;2025-08-01;C1600;3;22;2;38,54;0,05;17,34;Cartão de crédito;Marketplace;73,23;34,68;38,55;0,5264
103530;2025-01-22;C2399;3;12;1;22,35;0,1;10,06;Cartão de crédito;Marketplace;20,12;10,06;10,06;0,5
103531;2025-02-03;C2227;11;22;1;702,36;0,1;477,6;PIX;Online;632,12;477,6;154,52;0,2444
103532;2025-10-09;C2162;1;1;2;693,38;0,0;443,76;Boleto;Marketplace;1386,76;887,52;499,24;0,36
103533;2025-01-16;C1721;12;21;1;1576,63;0,05;1072,11;PIX;Online;1497,8;1072,11;425,69;0,2842
103534;2025-07-05;C2433;9;20;4;242,44;0,1;152,74;Boleto;Marketplace;872,78;610,96;261,82;0,3
103535;2025-05-22;C0347;9;21;5;480,76;0,05;302,88;PIX;Marketplace;2283,61;1514,4;769,21;0,3368
103536;2026-05-02;C1405;13;2;1;83,26;0,0;48,29;Cartão de crédito;Marketplace;83,26;48,29;34,97;0,42
103537;2025-10-05;C1254;5;4;1;862,26;0,0;560,47;PIX;Online;862,26;560,47;301,79;0,35
103538;2025-11-17;C0482;1;27;3;798,12;0,05;510,8;Cartão de débito;Marketplace;2274,64;1532,4;742,24;0,3263
103539;2026-06-11;C2483;2;11;1;363,87;0,2;243,79;Cartão de crédito;Online;291,1;243,79;47,31;0,1625
103540;2025-01-14;C1906;3;21;2;95,68;0,0;43,06;PIX;Marketplace;191,36;86,12;105,24;0,55
103541;2026-02-19;C0307;3;4;2;39,15;0,15;17,62;PIX;Marketplace;66,55;35,24;31,31;0,4705
103542;2025-10-23;C0712;15;22;2;4564,11;0,1;3560,01;Cartão de débito;Marketplace;8215,4;7120,02;1095,38;0,1333
103543;2025-06-03;C2220;11;13;1;741,23;0,0;504,04;Boleto;Marketplace;741,23;504,04;237,19;0,32
103544;2026-05-19;C2351;16;18;5;162,35;0,0;89,29;Boleto;Marketplace;811,75;446,45;365,3;0,45
103545;2025-10-08;C1870;16;10;4;336,18;0,1;184,9;Cartão de débito;Online;1210,25;739,6;470,65;0,3889
103546;2026-04-25;C0154;6;19;2;154,35;0,05;77,17;Cartão de crédito;Marketplace;293,26;154,34;138,92;0,4737
103547;2025-04-29;C1707;17;16;1;310,49;0,05;186,29;Boleto;Online;294,97;186,29;108,68;0,3684
103548;2026-06-01;C0988;17;6;1;503,59;0,05;302,15;Cartão de débito;Marketplace;478,41;302,15;176,26;0,3684
103549;2025-08-06;C2115;8;21;3;268,76;0,1;147,82;Cartão de débito;Online;725,65;443,46;282,19;0,3889
103550;2026-05-10;C1198;8;25;2;264,53;0,1;145,49;Cartão de crédito;Online;476,15;290,98;185,17;0,3889
103551;2025-05-04;C0603;8;24;1;117,97;0,15;64,88;Cartão de crédito;Online;100,27;64,88;35,39;0,3529
103552;2025-06-19;C1664;7;2;1;878,69;0,0;544,79;Boleto;Marketplace;878,69;544,79;333,9;0,38
103553;2025-06-01;C2217;14;13;1;5686,98;0,1;4094,63;Cartão de débito;Marketplace;5118,28;4094,63;1023,65;0,2
103554;2025-03-06;C1679;3;18;1;80,64;0,1;36,29;Cartão de crédito;Online;72,58;36,29;36,29;0,5
103555;2025-07-13;C1935;14;26;1;5149,54;0,05;3707,67;Boleto;Online;4892,06;3707,67;1184,39;0,2421
103556;2026-05-15;C2131;1;1;2;669,41;0,05;428,42;Boleto;Marketplace;1271,88;856,84;415,04;0,3263
103557;2025-06-18;C0150;1;11;1;888,46;0,1;568,61;Cartão de débito;Marketplace;799,61;568,61;231,0;0,2889
103558;2025-10-05;C2433;6;1;1;189,05;0,05;94,53;PIX;Marketplace;179,6;94,53;85,07;0,4737
103559;2025-06-30;C1679;10;14;1;352,78;0,1;183,45;PIX;Marketplace;317,5;183,45;134,05;0,4222
103560;2025-11-21;C1809;16;16;1;335,45;0,05;184,5;Cartão de crédito;Online;318,68;184,5;134,18;0,421
103561;2025-04-16;C1830;6;15;5;104,29;0,05;52,15;Cartão de crédito;Online;495,38;260,75;234,63;0,4736
103562;2025-11-11;C1368;5;2;2;954,8;0,0;620,62;Cartão de débito;Marketplace;1909,6;1241,24;668,36;0,35
103563;2025-03-01;C0888;1;16;1;820,23;0,1;524,95;PIX;Online;738,21;524,95;213,26;0,2889
103564;2026-03-30;C0913;11;11;1;1378,86;0,1;937,62;Boleto;Marketplace;1240,97;937,62;303,35;0,2444
103565;2026-01-26;C0931;12;3;1;1478,82;0,0;1005,6;Cartão de débito;Marketplace;1478,82;1005,6;473,22;0,32
103566;2026-02-14;C1961;3;23;1;30,01;0,1;13,5;Boleto;Online;27,01;13,5;13,51;0,5002
103567;2026-01-02;C0860;12;23;1;2363,47;0,05;1607,16;Cartão de débito;Online;2245,3;1607,16;638,14;0,2842
103568;2026-03-21;C0945;8;15;1;136,73;0,0;75,2;Boleto;Online;136,73;75,2;61,53;0,45
103569;2025-08-25;C1907;6;5;1;207,3;0,15;103,65;Boleto;Online;176,2;103,65;72,55;0,4117
103570;2025-12-12;C2375;7;21;1;176,51;0,1;109,44;Boleto;Online;158,86;109,44;49,42;0,3111
103571;2025-11-16;C0584;14;23;2;3378,44;0,15;2432,48;Boleto;Online;5743,35;4864,96;878,39;0,1529
103572;2025-07-22;C0783;2;3;1;1202,08;0,1;805,39;Cartão de débito;Marketplace;1081,87;805,39;276,48;0,2556
103573;2026-02-13;C0338;11;3;1;1433,07;0,15;974,49;Cartão de crédito;Marketplace;1218,11;974,49;243,62;0,2
103574;2025-08-13;C1802;3;3;1;61,9;0,1;27,86;PIX;Online;55,71;27,86;27,85;0,4999
103575;2026-03-08;C2341;8;3;2;198,88;0,15;109,38;Boleto;Marketplace;338,1;218,76;119,34;0,353
103576;2026-01-01;C1259;11;15;1;1731,2;0,0;1177,22;Boleto;Online;1731,2;1177,22;553,98;0,32
103577;2025-06-11;C1783;3;3;1;45,86;0,1;20,64;Boleto;Online;41,27;20,64;20,63;0,4999
103578;2026-06-19;C2169;10;18;1;145,34;0,1;75,58;Cartão de débito;Online;130,81;75,58;55,23;0,4222
103579;2026-04-13;C2488;1;23;1;941,4;0,1;602,5;Cartão de débito;Online;847,26;602,5;244,76;0,2889
103580;2025-01-24;C0975;11;12;1;1350,18;0,05;918,12;Boleto;Marketplace;1282,67;918,12;364,55;0,2842
103581;2025-03-24;C0123;11;1;1;418,69;0,05;284,71;Boleto;Online;397,76;284,71;113,05;0,2842
103582;2026-04-14;C0915;16;6;5;347,11;0,05;190,91;Boleto;Online;1648,77;954,55;694,22;0,4211
103583;2026-01-02;C0365;13;24;3;80,41;0,05;46,64;PIX;Online;229,17;139,92;89,25;0,3894
103584;2026-01-26;C0692;8;20;1;151,56;0,05;83,36;Cartão de débito;Marketplace;143,98;83,36;60,62;0,421
103585;2025-07-30;C2347;9;16;2;319,02;0,05;200,98;PIX;Marketplace;606,14;401,96;204,18;0,3369
103586;2025-07-25;C2279;14;2;2;3621,35;0,1;2607,37;PIX;Marketplace;6518,43;5214,74;1303,69;0,2
103587;2025-07-23;C0306;11;11;1;1221,68;0,0;830,74;Cartão de débito;Online;1221,68;830,74;390,94;0,32
103588;2025-05-30;C1916;14;14;4;3830,59;0,05;2758,02;Cartão de débito;Marketplace;14556,24;11032,08;3524,16;0,2421
103589;2026-04-18;C0840;16;1;2;513,41;0,0;282,38;Cartão de débito;Marketplace;1026,82;564,76;462,06;0,45
103590;2026-04-08;C1098;6;14;2;169,68;0,0;84,84;Boleto;Online;339,36;169,68;169,68;0,5
103591;2025-05-07;C0137;17;20;2;311,65;0,05;186,99;Cartão de crédito;Marketplace;592,13;373,98;218,15;0,3684
103592;2025-06-07;C1694;5;4;1;1123,97;0,05;730,58;Cartão de débito;Marketplace;1067,77;730,58;337,19;0,3158
103593;2026-01-01;C1488;6;2;2;105,88;0,05;52,94;Cartão de crédito;Online;201,17;105,88;95,29;0,4737
103594;2026-05-23;C0397;5;21;3;492,64;0,15;320,22;PIX;Online;1256,23;960,66;295,57;0,2353
103595;2025-10-20;C1434;14;2;2;5351,13;0,1;3852,81;Boleto;Marketplace;9632,03;7705,62;1926,41;0,2
103596;2026-05-21;C0875;2;4;2;1460,66;0,05;978,64;Cartão de crédito;Marketplace;2775,25;1957,28;817,97;0,2947
103597;2026-05-29;C2346;13;19;1;219,34;0,05;127,22;Cartão de débito;Marketplace;208,37;127,22;81,15;0,3895
103598;2026-04-06;C1813;9;9;1;373,76;0,1;235,47;Cartão de débito;Marketplace;336,38;235,47;100,91;0,3
103599;2025-09-09;C1082;2;10;1;1007,79;0,05;675,22;Cartão de débito;Online;957,4;675,22;282,18;0,2947
103600;2025-06-11;C1325;16;12;1;219,87;0,05;120,93;Boleto;Marketplace;208,88;120,93;87,95;0,4211
103601;2025-06-19;C1087;16;15;4;249,09;0,15;137,0;PIX;Marketplace;846,91;548,0;298,91;0,3529
103602;2025-07-01;C0460;4;11;1;704,25;0,05;492,97;Cartão de débito;Marketplace;669,04;492,97;176,07;0,2632
103603;2025-01-06;C2135;15;2;1;1838,31;0,15;1433,88;PIX;Marketplace;1562,56;1433,88;128,68;0,0824
103604;2025-01-01;C1228;10;16;2;98,75;0,05;51,35;Boleto;Marketplace;187,62;102,7;84,92;0,4526
103605;2026-03-17;C2388;3;19;1;79,33;0,0;35,7;Cartão de débito;Online;79,33;35,7;43,63;0,55
103606;2025-12-13;C0182;17;14;5;266,42;0,05;159,85;Boleto;Marketplace;1265,5;799,25;466,25;0,3684
103607;2026-02-23;C2060;11;3;2;1523,06;0,1;1035,68;Cartão de crédito;Online;2741,51;2071,36;670,15;0,2444
103608;2025-05-06;C1286;9;18;1;226,37;0,0;142,61;Boleto;Marketplace;226,37;142,61;83,76;0,37
103609;2025-04-13;C0916;14;26;1;3604,79;0,0;2595,45;Cartão de débito;Marketplace;3604,79;2595,45;1009,34;0,28
103610;2025-07-17;C2125;8;19;1;298,13;0,15;163,97;Cartão de débito;Marketplace;253,41;163,97;89,44;0,3529
103611;2026-04-22;C0388;11;11;4;548,23;0,05;372,8;Boleto;Online;2083,27;1491,2;592,07;0,2842
103612;2025-04-29;C0777;9;11;3;420,23;0,1;264,74;PIX;Marketplace;1134,62;794,22;340,4;0,3
103613;2025-04-08;C2430;17;25;1;750,09;0,05;450,05;Cartão de crédito;Marketplace;712,59;450,05;262,54;0,3684
103614;2025-03-20;C1979;8;18;1;82,52;0,0;45,39;Cartão de débito;Online;82,52;45,39;37,13;0,45
103615;2025-01-18;C2009;11;19;3;1523,19;0,1;1035,77;Cartão de débito;Online;4112,61;3107,31;1005,3;0,2444
103616;2025-05-24;C0305;5;18;2;479,45;0,05;311,64;Cartão de crédito;Marketplace;910,96;623,28;287,68;0,3158
103617;2025-02-23;C0874;12;17;1;1917,2;0,15;1303,7;Boleto;Marketplace;1629,62;1303,7;325,92;0,2
103618;2025-12-24;C1579;6;20;1;139,79;0,05;69,89;Boleto;Online;132,8;69,89;62,91;0,4737
103619;2025-07-05;C1698;15;3;2;3962,63;0,1;3090,85;Cartão de débito;Online;7132,73;6181,7;951,03;0,1333
103620;2026-01-15;C0301;16;8;1;345,19;0,0;189,85;Cartão de crédito;Marketplace;345,19;189,85;155,34;0,45
103621;2025-03-06;C2221;12;14;1;918,59;0,1;624,64;Cartão de débito;Online;826,73;624,64;202,09;0,2444
103622;2025-03-02;C0746;5;4;1;783,72;0,1;509,42;Boleto;Online;705,35;509,42;195,93;0,2778
103623;2026-03-16;C0618;12;10;1;2123,28;0,1;1443,83;Boleto;Online;1910,95;1443,83;467,12;0,2444
103624;2026-02-01;C0442;14;6;2;3915,96;0,05;2819,49;PIX;Online;7440,32;5638,98;1801,34;0,2421
103625;2025-06-17;C0365;11;22;1;1607,26;0,1;1092,94;Boleto;Online;1446,53;1092,94;353,59;0,2444
103626;2025-05-06;C1659;6;13;2;205,19;0,15;102,59;Cartão de crédito;Marketplace;348,82;205,18;143,64;0,4118
103627;2026-02-21;C0175;2;17;3;1126,84;0,1;754,98;Cartão de crédito;Marketplace;3042,47;2264,94;777,53;0,2556
103628;2025-08-30;C1119;12;15;1;1286,23;0,0;874,64;Cartão de crédito;Marketplace;1286,23;874,64;411,59;0,32
103629;2025-12-07;C2055;14;25;1;5396,94;0,1;3885,8;PIX;Marketplace;4857,25;3885,8;971,45;0,2
103630;2026-03-19;C2434;16;27;2;442,13;0,1;243,17;PIX;Online;795,83;486,34;309,49;0,3889
103631;2025-09-22;C0581;8;14;2;140,32;0,0;77,18;Cartão de crédito;Marketplace;280,64;154,36;126,28;0,45
103632;2026-04-11;C1815;11;14;3;686,63;0,1;466,91;PIX;Marketplace;1853,9;1400,73;453,17;0,2444
103633;2026-02-04;C2478;16;11;1;400,29;0,0;220,16;Cartão de crédito;Marketplace;400,29;220,16;180,13;0,45
103634;2026-05-23;C0570;9;6;1;422,41;0,0;266,12;Boleto;Marketplace;422,41;266,12;156,29;0,37
103635;2025-05-18;C1587;14;19;1;5323,23;0,2;3832,73;Cartão de crédito;Marketplace;4258,58;3832,73;425,85;0,1
103636;2025-05-21;C2213;16;7;1;103,94;0,0;57,17;Cartão de débito;Marketplace;103,94;57,17;46,77;0,45
103637;2026-02-27;C1979;16;24;2;162,47;0,05;89,36;Boleto;Marketplace;308,69;178,72;129,97;0,421
103638;2025-02-15;C0648;9;18;1;294,68;0,15;185,65;Cartão de débito;Online;250,48;185,65;64,83;0,2588
103639;2025-11-27;C0607;13;10;1;483,63;0,0;280,51;Boleto;Online;483,63;280,51;203,12;0,42
103640;2026-06-18;C1315;14;7;2;4328,68;0,1;3116,65;Boleto;Online;7791,62;6233,3;1558,32;0,2
103641;2025-07-04;C0443;3;18;1;87,94;0,0;39,57;Cartão de crédito;Marketplace;87,94;39,57;48,37;0,55
103642;2025-12-05;C0816;1;16;2;431,89;0,0;276,41;PIX;Marketplace;863,78;552,82;310,96;0,36
103643;2025-12-04;C0942;14;1;1;3022,95;0,0;2176,52;Cartão de crédito;Online;3022,95;2176,52;846,43;0,28
103644;2025-05-31;C2371;15;1;1;2032,57;0,1;1585,4;Cartão de crédito;Marketplace;1829,31;1585,4;243,91;0,1333
103645;2025-10-15;C0127;15;9;3;3152,99;0,1;2459,33;Cartão de débito;Marketplace;8513,07;7377,99;1135,08;0,1333
103646;2026-04-22;C1974;5;6;2;743,99;0,1;483,59;Cartão de crédito;Online;1339,18;967,18;372,0;0,2778
103647;2025-04-28;C1750;17;17;4;203,09;0,0;121,85;Cartão de crédito;Online;812,36;487,4;324,96;0,4
103648;2025-02-13;C2322;14;2;1;5515,3;0,0;3971,02;PIX;Marketplace;5515,3;3971,02;1544,28;0,28
103649;2026-03-22;C0890;6;6;2;122,32;0,05;61,16;PIX;Online;232,41;122,32;110,09;0,4737
103650;2025-08-07;C1231;10;1;1;384,11;0,0;199,74;Boleto;Online;384,11;199,74;184,37;0,48
103651;2025-11-15;C1211;4;10;2;756,52;0,0;529,56;Cartão de crédito;Online;1513,04;1059,12;453,92;0,3
103652;2026-06-24;C2282;3;5;2;64,28;0,0;28,93;PIX;Marketplace;128,56;57,86;70,7;0,5499
103653;2025-08-24;C2270;11;24;2;698,7;0,2;475,12;Cartão de crédito;Marketplace;1117,92;950,24;167,68;0,15
103654;2026-02-11;C1937;3;13;1;93,21;0,1;41,94;Cartão de débito;Marketplace;83,89;41,94;41,95;0,5001
103655;2025-11-25;C2051;9;3;1;467,02;0,0;294,22;Boleto;Marketplace;467,02;294,22;172,8;0,37
103656;2025-03-15;C0882;5;23;2;590,03;0,05;383,52;Cartão de crédito;Marketplace;1121,06;767,04;354,02;0,3158
103657;2026-02-10;C0526;13;6;1;355,03;0,05;205,92;Cartão de crédito;Marketplace;337,28;205,92;131,36;0,3895
103658;2025-08-14;C0016;2;19;2;402,23;0,1;269,49;PIX;Marketplace;724,01;538,98;185,03;0,2556
103659;2025-05-26;C2421;11;15;2;1356,0;0,15;922,08;Boleto;Marketplace;2305,2;1844,16;461,04;0,2
103660;2025-07-29;C0875;2;8;1;1244,62;0,15;833,9;Cartão de crédito;Marketplace;1057,93;833,9;224,03;0,2118
103661;2025-08-21;C0996;1;24;3;849,84;0,15;543,9;Boleto;Marketplace;2167,09;1631,7;535,39;0,2471
103662;2025-04-05;C0104;14;6;2;5112,09;0,1;3680,7;Cartão de débito;Marketplace;9201,76;7361,4;1840,36;0,2
103663;2026-05-24;C1493;9;13;2;380,51;0,05;239,72;Boleto;Online;722,97;479,44;243,53;0,3368
103664;2026-06-21;C2075;6;11;1;236,52;0,05;118,26;Cartão de débito;Online;224,69;118,26;106,43;0,4737
103665;2025-06-07;C2045;11;5;2;747,76;0,05;508,48;Cartão de débito;Marketplace;1420,74;1016,96;403,78;0,2842
103666;2025-02-16;C0863;9;7;1;196,89;0,0;124,04;PIX;Marketplace;196,89;124,04;72,85;0,37
103667;2026-03-26;C0057;12;6;1;1072,13;0,0;729,05;Cartão de débito;Marketplace;1072,13;729,05;343,08;0,32
103668;2025-11-14;C1884;3;25;1;88,68;0,0;39,91;Cartão de crédito;Online;88,68;39,91;48,77;0,55
103669;2026-01-30;C1684;16;26;3;591,01;0,05;325,06;Cartão de crédito;Marketplace;1684,38;975,18;709,2;0,421
103670;2025-05-23;C0664;16;24;3;374,81;0,0;206,15;Cartão de débito;Online;1124,43;618,45;505,98;0,45
103671;2026-05-31;C1702;5;22;3;737,18;0,05;479,17;PIX;Marketplace;2100,96;1437,51;663,45;0,3158
103672;2026-03-13;C1071;13;26;2;170,51;0,0;98,9;PIX;Marketplace;341,02;197,8;143,22;0,42
103673;2025-06-20;C0151;10;11;3;208,28;0,2;108,31;PIX;Marketplace;499,87;324,93;174,94;0,35
103674;2025-04-07;C0745;1;10;1;757,4;0,0;484,74;PIX;Online;757,4;484,74;272,66;0,36
103675;2026-06-18;C1267;17;18;5;658,84;0,05;395,3;PIX;Online;3129,49;1976,5;1152,99;0,3684
103676;2025-01-30;C1593;17;17;2;427,38;0,1;256,43;Cartão de crédito;Marketplace;769,28;512,86;256,42;0,3333
103677;2026-01-21;C1034;1;2;2;670,32;0,0;429,0;PIX;Marketplace;1340,64;858,0;482,64;0,36
103678;2026-01-17;C2346;11;17;4;667,07;0,1;453,61;Cartão de débito;Online;2401,45;1814,44;587,01;0,2444
103679;2026-02-24;C0793;5;24;3;593,88;0,05;386,02;Boleto;Marketplace;1692,56;1158,06;534,5;0,3158
103680;2026-03-14;C2129;3;15;1;59,05;0,05;26,57;Boleto;Online;56,1;26,57;29,53;0,5264
103681;2025-11-13;C0366;5;15;1;1198,42;0,0;778,97;Cartão de débito;Online;1198,42;778,97;419,45;0,35
103682;2025-07-03;C1771;9;7;2;530,38;0,0;334,14;Cartão de crédito;Marketplace;1060,76;668,28;392,48;0,37
103683;2025-04-28;C1489;16;5;3;116,58;0,0;64,12;Cartão de crédito;Marketplace;349,74;192,36;157,38;0,45
103684;2026-06-23;C0001;9;16;1;208,05;0,0;131,07;Boleto;Online;208,05;131,07;76,98;0,37
103685;2025-09-25;C2397;15;9;2;1348,12;0,15;1051,53;Boleto;Online;2291,8;2103,06;188,74;0,0824
103686;2025-09-14;C1886;16;22;2;109,27;0,1;60,1;Cartão de crédito;Marketplace;196,69;120,2;76,49;0,3889
103687;2025-08-18;C2173;8;12;2;85,89;0,05;47,24;Boleto;Marketplace;163,19;94,48;68,71;0,421
103688;2026-02-01;C1852;1;8;1;325,6;0,1;208,38;Cartão de crédito;Online;293,04;208,38;84,66;0,2889
103689;2026-04-15;C0743;5;15;1;423,72;0,0;275,42;Boleto;Marketplace;423,72;275,42;148,3;0,35
103690;2025-10-01;C1488;7;4;2;501,73;0,1;311,07;PIX;Marketplace;903,11;622,14;280,97;0,3111
103691;2025-07-20;C0643;3;8;2;59,11;0,0;26,6;PIX;Marketplace;118,22;53,2;65,02;0,55
103692;2026-04-23;C2045;17;2;1;665,86;0,1;399,52;Cartão de crédito;Marketplace;599,27;399,52;199,75;0,3333
103693;2025-12-15;C1665;6;14;1;187,57;0,15;93,78;Boleto;Online;159,43;93,78;65,65;0,4118
103694;2026-06-21;C1406;12;9;2;1553,71;0,15;1056,52;Boleto;Marketplace;2641,31;2113,04;528,27;0,2
103695;2025-08-06;C0797;9;17;5;317,15;0,0;199,8;Cartão de crédito;Online;1585,75;999,0;586,75;0,37
103696;2025-07-25;C0616;16;22;1;519,83;0,1;285,91;PIX;Marketplace;467,85;285,91;181,94;0,3889
103697;2025-12-09;C2123;2;16;1;1176,77;0,05;788,44;PIX;Marketplace;1117,93;788,44;329,49;0,2947
103698;2025-12-24;C1449;15;25;3;4236,59;0,0;3304,54;PIX;Marketplace;12709,77;9913,62;2796,15;0,22
103699;2025-05-13;C1038;12;24;1;1356,18;0,05;922,2;Cartão de crédito;Marketplace;1288,37;922,2;366,17;0,2842
103700;2026-02-12;C1290;6;26;3;178,34;0,0;89,17;Cartão de débito;Marketplace;535,02;267,51;267,51;0,5
103701;2025-10-14;C2270;11;9;3;452,06;0,2;307,4;Cartão de crédito;Marketplace;1084,94;922,2;162,74;0,15
103702;2026-06-29;C0885;1;12;1;673,57;0,15;431,08;Cartão de débito;Online;572,53;431,08;141,45;0,2471
103703;2025-09-11;C1668;17;11;2;312,06;0,1;187,24;PIX;Online;561,71;374,48;187,23;0,3333
103704;2025-08-15;C1879;8;19;1;292,87;0,15;161,08;PIX;Online;248,94;161,08;87,86;0,3529
103705;2025-08-12;C0724;16;10;3;453,26;0,1;249,29;Cartão de crédito;Online;1223,8;747,87;475,93;0,3889
103706;2026-02-22;C1479;13;12;1;445,13;0,05;258,18;Boleto;Online;422,87;258,18;164,69;0,3895
103707;2025-10-26;C1617;5;22;1;847,72;0,0;551,02;Boleto;Marketplace;847,72;551,02;296,7;0,35
103708;2025-09-11;C0895;12;23;3;2412,96;0,15;1640,81;Boleto;Marketplace;6153,05;4922,43;1230,62;0,2
103709;2025-12-10;C2436;17;12;1;137,58;0,2;82,55;PIX;Online;110,06;82,55;27,51;0,25
103710;2025-04-01;C0087;12;22;1;1580,62;0,0;1074,82;Cartão de crédito;Marketplace;1580,62;1074,82;505,8;0,32
103711;2026-02-06;C1225;17;17;4;283,66;0,15;170,2;Boleto;Online;964,44;680,8;283,64;0,2941
103712;2025-07-21;C0967;6;16;3;54,35;0,0;27,18;Cartão de débito;Marketplace;163,05;81,54;81,51;0,4999
103713;2026-01-16;C1105;3;10;2;57,84;0,05;26,03;Cartão de crédito;Marketplace;109,9;52,06;57,84;0,5263
103714;2026-02-24;C0130;7;9;1;500,51;0,1;310,32;Boleto;Marketplace;450,46;310,32;140,14;0,3111
103715;2026-04-27;C0248;10;13;1;283,68;0,15;147,51;Cartão de crédito;Online;241,13;147,51;93,62;0,3883
103716;2025-09-02;C1635;7;18;4;797,02;0,05;494,15;Cartão de débito;Marketplace;3028,68;1976,6;1052,08;0,3474
103717;2025-09-17;C1491;3;14;2;67,06;0,2;30,18;Cartão de crédito;Online;107,3;60,36;46,94;0,4375
103718;2026-05-26;C1685;1;21;4;612,13;0,0;391,76;Cartão de crédito;Marketplace;2448,52;1567,04;881,48;0,36
103719;2025-02-15;C1657;15;27;3;2453,46;0,15;1913,7;Boleto;Marketplace;6256,32;5741,1;515,22;0,0824
103720;2026-05-23;C0147;12;14;4;1649,88;0,1;1121,92;PIX;Marketplace;5939,57;4487,68;1451,89;0,2444
103721;2025-10-03;C2099;6;9;4;211,11;0,0;105,56;PIX;Marketplace;844,44;422,24;422,2;0,5
103722;2026-03-20;C1346;5;6;2;890,1;0,0;578,57;PIX;Online;1780,2;1157,14;623,06;0,35
103723;2025-07-09;C2106;8;25;1;82,18;0,0;45,2;Cartão de débito;Marketplace;82,18;45,2;36,98;0,45
103724;2025-09-09;C0339;2;7;1;1180,26;0,0;790,77;PIX;Marketplace;1180,26;790,77;389,49;0,33
103725;2025-02-12;C2257;2;1;2;965,67;0,0;647,0;Cartão de débito;Online;1931,34;1294,0;637,34;0,33
103726;2025-07-10;C0138;5;21;1;1087,46;0,05;706,85;PIX;Online;1033,09;706,85;326,24;0,3158
103727;2025-02-25;C0509;10;3;2;130,87;0,1;68,05;Cartão de crédito;Online;235,57;136,1;99,47;0,4223
103728;2026-01-26;C0803;16;24;1;579,7;0,1;318,84;Cartão de débito;Marketplace;521,73;318,84;202,89;0,3889
103729;2025-12-28;C1085;16;7;4;589,24;0,0;324,08;Cartão de crédito;Marketplace;2356,96;1296,32;1060,64;0,45
103730;2025-03-03;C0738;2;8;2;510,6;0,0;342,1;Cartão de débito;Marketplace;1021,2;684,2;337,0;0,33
103731;2025-04-06;C2288;5;18;4;526,36;0,0;342,13;Cartão de débito;Online;2105,44;1368,52;736,92;0,35
103732;2025-02-09;C1575;13;6;4;133,05;0,15;77,17;Cartão de crédito;Online;452,37;308,68;143,69;0,3176
103733;2025-02-27;C1420;1;9;1;501,52;0,05;320,97;PIX;Marketplace;476,44;320,97;155,47;0,3263
103734;2026-04-03;C0838;8;16;2;195,6;0,1;107,58;PIX;Marketplace;352,08;215,16;136,92;0,3889
103735;2026-06-23;C0430;1;18;1;359,25;0,0;229,92;Cartão de débito;Online;359,25;229,92;129,33;0,36
103736;2025-10-09;C0539;10;10;2;357,78;0,0;186,05;Cartão de débito;Marketplace;715,56;372,1;343,46;0,48
103737;2026-04-24;C1716;11;19;2;1653,51;0,1;1124,39;PIX;Marketplace;2976,32;2248,78;727,54;0,2444
103738;2025-09-07;C0220;12;1;4;923,08;0,05;627,69;PIX;Marketplace;3507,7;2510,76;996,94;0,2842
103739;2026-05-29;C1858;2;27;1;1094,01;0,0;732,99;PIX;Marketplace;1094,01;732,99;361,02;0,33
103740;2025-11-30;C0125;17;2;1;195,36;0,0;117,22;PIX;Online;195,36;117,22;78,14;0,4
103741;2025-12-07;C0110;1;15;1;895,47;0,05;573,1;PIX;Marketplace;850,7;573,1;277,6;0,3263
103742;2026-01-13;C1363;5;4;1;277,8;0,0;180,57;Cartão de débito;Online;277,8;180,57;97,23;0,35
103743;2026-03-26;C1351;3;17;1;81,41;0,05;36,63;Boleto;Marketplace;77,34;36,63;40,71;0,5264
103744;2025-07-04;C1516;11;9;1;1532,86;0,0;1042,34;Boleto;Online;1532,86;1042,34;490,52;0,32
103745;2025-09-12;C1977;9;11;2;415,53;0,0;261,78;PIX;Marketplace;831,06;523,56;307,5;0,37
103746;2025-10-19;C2243;11;25;3;1310,71;0,1;891,28;PIX;Online;3538,92;2673,84;865,08;0,2444
103747;2026-03-13;C0544;10;14;1;260,36;0,1;135,39;Boleto;Online;234,32;135,39;98,93;0,4222
103748;2025-12-04;C1492;13;24;2;224,27;0,0;130,08;Boleto;Marketplace;448,54;260,16;188,38;0,42
103749;2025-09-27;C0086;3;4;1;29,91;0,0;13,46;Cartão de débito;Marketplace;29,91;13,46;16,45;0,55
103750;2026-05-10;C1628;13;27;1;418,21;0,15;242,56;Não informado;Online;355,48;242,56;112,92;0,3177
103751;2025-10-10;C0423;5;11;1;1128,89;0,1;733,78;PIX;Marketplace;1016,0;733,78;282,22;0,2778
103752;2025-12-11;C2277;11;10;1;863,66;0,05;587,29;PIX;Marketplace;820,48;587,29;233,19;0,2842
103753;2025-05-06;C1737;7;23;5;867,23;0,1;537,68;PIX;Marketplace;3902,54;2688,4;1214,14;0,3111
103754;2026-03-01;C2085;10;4;1;342,52;0,1;178,11;Cartão de crédito;Marketplace;308,27;178,11;130,16;0,4222
103755;2025-01-31;C2060;15;19;1;3870,16;0,0;3018,72;Boleto;Online;3870,16;3018,72;851,44;0,22
103756;2025-12-04;C1932;11;21;2;1625,53;0,0;1105,36;Boleto;Online;3251,06;2210,72;1040,34;0,32
103757;2026-02-05;C2278;1;14;1;332,36;0,15;212,71;Cartão de débito;Online;282,51;212,71;69,8;0,2471
103758;2025-02-06;C2145;10;9;2;388,33;0,05;201,93;PIX;Online;737,83;403,86;333,97;0,4526
103759;2025-02-04;C1510;15;19;1;4049,89;0,0;3158,91;Cartão de crédito;Online;4049,89;3158,91;890,98;0,22
103760;2025-07-29;C0710;11;7;1;1049,44;0,0;713,62;Cartão de débito;Online;1049,44;713,62;335,82;0,32
103761;2026-03-20;C0996;5;14;1;242,56;0,15;157,66;Cartão de débito;Marketplace;206,18;157,66;48,52;0,2353
103762;2025-06-23;C0258;6;6;2;172,99;0,05;86,5;Boleto;Online;328,68;173,0;155,68;0,4737
103763;2026-04-09;C1771;10;27;1;319,27;0,0;166,02;Cartão de débito;Online;319,27;166,02;153,25;0,48
103764;2025-11-03;C2100;1;4;2;429,92;0,0;275,15;Boleto;Marketplace;859,84;550,3;309,54;0,36
103765;2026-05-08;C1140;9;26;1;511,76;0,0;322,41;PIX;Marketplace;511,76;322,41;189,35;0,37
103766;2025-06-20;C2028;5;7;2;634,09;0,0;412,16;PIX;Online;1268,18;824,32;443,86;0,35
103767;2026-03-31;C1239;8;9;1;204,63;0,0;112,55;Boleto;Online;204,63;112,55;92,08;0,45
103768;2025-09-21;C1573;9;7;3;224,27;0,1;141,29;PIX;Online;605,53;423,87;181,66;0,3
103769;2025-12-01;C1353;15;23;3;2613,5;0,1;2038,53;PIX;Online;7056,45;6115,59;940,86;0,1333
103770;2026-01-23;C2390;13;22;2;435,69;0,15;252,7;Não informado;Marketplace;740,67;505,4;235,27;0,3176
103771;2026-02-04;C1714;16;8;2;503,91;0,0;277,15;Cartão de débito;Online;1007,82;554,3;453,52;0,45
103772;2025-09-06;C0559;13;11;1;315,28;0,0;182,86;Cartão de débito;Marketplace;315,28;182,86;132,42;0,42
103773;2025-08-24;C1991;5;20;2;973,54;0,0;632,8;Cartão de crédito;Online;1947,08;1265,6;681,48;0,35
103774;2026-02-28;C2015;6;10;3;191,37;0,2;95,69;Boleto;Online;459,29;287,07;172,22;0,375
103775;2025-09-29;C1351;12;10;1;1393,08;0,1;947,29;Boleto;Marketplace;1253,77;947,29;306,48;0,2444
103776;2026-04-17;C2058;11;15;1;1483,2;0,0;1008,58;PIX;Online;1483,2;1008,58;474,62;0,32
103777;2026-02-10;C1962;13;7;2;189,68;0,0;110,01;PIX;Online;379,36;220,02;159,34;0,42
103778;2025-08-18;C0679;10;2;1;197,65;0,0;102,78;PIX;Online;197,65;102,78;94,87;0,48
103779;2025-09-17;C0728;2;14;1;614,8;0,0;411,92;Boleto;Marketplace;614,8;411,92;202,88;0,33
103780;2026-04-12;C0409;2;19;3;421,61;0,0;282,48;Cartão de crédito;Marketplace;1264,83;847,44;417,39;0,33
103781;2025-12-15;C1675;14;13;1;2854,49;0,0;2055,23;PIX;Online;2854,49;2055,23;799,26;0,28
103782;2025-09-27;C0769;15;9;3;4331,82;0,1;3378,82;Boleto;Marketplace;11695,91;10136,46;1559,45;0,1333
103783;2025-07-29;C0763;10;11;3;294,92;0,1;153,36;PIX;Online;796,28;460,08;336,2;0,4222
103784;2025-07-29;C2245;5;1;1;602,21;0,15;391,44;Cartão de crédito;Marketplace;511,88;391,44;120,44;0,2353
103785;2025-02-09;C1490;12;15;1;1785,65;0,05;1214,24;Boleto;Marketplace;1696,37;1214,24;482,13;0,2842
103786;2026-01-06;C2452;10;21;1;351,12;0,05;182,58;Cartão de débito;Marketplace;333,56;182,58;150,98;0,4526
103787;2025-04-08;C0464;10;9;3;148,98;0,15;77,47;Cartão de débito;Online;379,9;232,41;147,49;0,3882
103788;2025-01-07;C1983;9;8;1;550,49;0,1;346,81;Cartão de débito;Online;495,44;346,81;148,63;0,3
103789;2025-03-20;C0045;10;18;2;129,01;0,15;67,09;Cartão de crédito;Marketplace;219,32;134,18;85,14;0,3882
103790;2025-10-22;C1390;3;6;3;36,09;0,05;16,24;Boleto;Online;102,86;48,72;54,14;0,5263
103791;2025-02-14;C1161;13;5;1;336,03;0,05;194,9;Cartão de crédito;Online;319,23;194,9;124,33;0,3895
103792;2026-03-12;C1685;10;23;1;353,89;0,0;184,02;Boleto;Online;353,89;184,02;169,87;0,48
103793;2025-12-31;C1392;10;25;1;213,93;0,0;111,24;PIX;Marketplace;213,93;111,24;102,69;0,48
103794;2025-06-03;C1725;4;5;1;777,69;0,0;544,38;Boleto;Marketplace;777,69;544,38;233,31;0,3
103795;2025-05-28;C1863;12;15;2;902,92;0,0;613,99;Boleto;Marketplace;1805,84;1227,98;577,86;0,32
103796;2026-03-13;C2372;12;19;1;1532,25;0,0;1041,93;Cartão de débito;Online;1532,25;1041,93;490,32;0,32
103797;2025-04-04;C1570;6;24;1;187,63;0,0;93,81;Cartão de débito;Marketplace;187,63;93,81;93,82;0,5
103798;2025-08-24;C0948;5;6;1;1065,04;0,0;692,28;PIX;Online;1065,04;692,28;372,76;0,35
103799;2025-12-05;C1938;10;23;3;366,84;0,05;190,76;Cartão de débito;Online;1045,49;572,28;473,21;0,4526
103800;2025-08-21;C0132;6;2;1;85,33;0,1;42,66;PIX;Marketplace;76,8;42,66;34,14;0,4445
103801;2025-01-26;C0585;17;3;2;313,21;0,15;187,93;Cartão de crédito;Marketplace;532,46;375,86;156,6;0,2941
103802;2026-06-01;C0135;9;23;2;167,29;0,1;105,39;PIX;Marketplace;301,12;210,78;90,34;0,3
103803;2025-09-11;C0919;11;10;5;724,93;0,0;492,95;Boleto;Marketplace;3624,65;2464,75;1159,9;0,32
103804;2025-07-18;C1907;9;13;2;145,41;0,05;91,61;PIX;Online;276,28;183,22;93,06;0,3368
103805;2025-09-27;C0956;16;18;1;324,49;0,1;178,47;Cartão de crédito;Marketplace;292,04;178,47;113,57;0,3889
103806;2025-10-04;C1806;14;21;1;5366,2;0,0;3863,66;Cartão de débito;Online;5366,2;3863,66;1502,54;0,28
103807;2026-04-27;C0380;5;20;1;1040,57;0,05;676,37;Cartão de crédito;Marketplace;988,54;676,37;312,17;0,3158
103808;2026-04-01;C1536;16;1;1;402,15;0,05;221,18;Cartão de débito;Online;382,04;221,18;160,86;0,4211
103809;2025-03-12;C0235;14;12;2;5023,88;0,15;3617,19;Cartão de crédito;Marketplace;8540,6;7234,38;1306,22;0,1529
103810;2025-09-11;C0302;5;6;1;411,88;0,15;267,72;Boleto;Online;350,1;267,72;82,38;0,2353
103811;2025-09-21;C1229;6;3;1;120,08;0,1;60,04;PIX;Marketplace;108,07;60,04;48,03;0,4444
103812;2025-12-09;C2339;13;14;1;433,19;0,05;251,25;Boleto;Marketplace;411,53;251,25;160,28;0,3895
103813;2025-01-07;C2362;11;13;1;687,88;0,0;467,76;PIX;Marketplace;687,88;467,76;220,12;0,32
103814;2025-07-06;C1844;13;26;1;357,89;0,0;207,58;Cartão de débito;Marketplace;357,89;207,58;150,31;0,42
103815;2025-05-05;C2299;15;8;1;4442,96;0,0;3465,51;Cartão de crédito;Online;4442,96;3465,51;977,45;0,22
103816;2025-01-04;C2407;10;26;2;268,66;0,1;139,7;Cartão de crédito;Marketplace;483,59;279,4;204,19;0,4222
103817;2025-02-20;C0805;12;24;5;1599,27;0,05;1087,5;Cartão de crédito;Marketplace;7596,53;5437,5;2159,03;0,2842
103818;2026-04-18;C1905;6;19;3;220,23;0,1;110,11;PIX;Marketplace;594,62;330,33;264,29;0,4445
103819;2026-01-30;C2075;13;10;1;482,72;0,0;279,98;Boleto;Marketplace;482,72;279,98;202,74;0,42
103820;2026-03-21;C0116;9;7;4;335,81;0,1;211,56;PIX;Marketplace;1208,92;846,24;362,68;0,3
103821;2025-06-21;C0612;17;8;1;705,72;0,15;423,43;Cartão de débito;Marketplace;599,86;423,43;176,43;0,2941
103822;2025-09-03;C2331;16;1;4;431,45;0,1;237,3;Cartão de débito;Marketplace;1553,22;949,2;604,02;0,3889
103823;2025-02-19;C2032;12;22;1;1463,95;0,1;995,49;Boleto;Marketplace;1317,56;995,49;322,07;0,2444
103824;2026-01-07;C2218;5;1;1;330,72;0,0;214,97;Boleto;Marketplace;330,72;214,97;115,75;0,35
103825;2026-04-06;C1156;6;7;1;171,44;0,05;85,72;PIX;Marketplace;162,87;85,72;77,15;0,4737
103826;2025-08-29;C1528;5;8;1;778,69;0,05;506,15;Cartão de débito;Marketplace;739,76;506,15;233,61;0,3158
103827;2025-02-06;C0329;13;16;2;105,86;0,05;61,4;Boleto;Online;201,13;122,8;78,33;0,3894
103828;2026-01-26;C2011;13;12;1;117,4;0,05;68,09;Cartão de débito;Online;111,53;68,09;43,44;0,3895
103829;2025-09-02;C0154;11;17;1;522,08;0,1;355,01;Cartão de débito;Online;469,87;355,01;114,86;0,2445
103830;2026-02-07;C2173;4;17;1;2095,68;0,1;1466,98;PIX;Online;1886,11;1466,98;419,13;0,2222
103831;2025-12-04;C1358;1;7;1;782,68;0,0;500,92;PIX;Marketplace;782,68;500,92;281,76;0,36
103832;2026-05-07;C2066;2;12;1;482,87;0,0;323,52;Cartão de débito;Marketplace;482,87;323,52;159,35;0,33
103833;2025-05-06;C1852;11;18;1;1957,69;0,1;1331,23;Cartão de débito;Online;1761,92;1331,23;430,69;0,2444
103834;2026-04-17;C2092;3;5;1;92,45;0,0;41,6;PIX;Marketplace;92,45;41,6;50,85;0,55
103835;2025-02-26;C1296;11;1;1;1171,77;0,1;796,8;Boleto;Online;1054,59;796,8;257,79;0,2444
103836;2025-11-04;C0835;3;6;1;30,04;0,0;13,52;PIX;Online;30,04;13,52;16,52;0,5499
103837;2025-09-11;C2060;11;17;4;522,39;0,1;355,23;PIX;Online;1880,6;1420,92;459,68;0,2444
103838;2026-04-16;C0647;13;22;1;194,1;0,0;112,58;Cartão de débito;Marketplace;194,1;112,58;81,52;0,42
103839;2026-04-07;C1444;11;23;5;698,33;0,1;474,86;Cartão de débito;Online;3142,48;2374,3;768,18;0,2445
103840;2026-01-22;C1887;10;10;4;338,11;0,05;175,82;Cartão de crédito;Marketplace;1284,82;703,28;581,54;0,4526
103841;2025-08-22;C2373;2;11;2;590,73;0,1;395,79;Cartão de crédito;Online;1063,31;791,58;271,73;0,2556
103842;2025-05-30;C1994;9;23;2;404,64;0,0;254,92;PIX;Marketplace;809,28;509,84;299,44;0,37
103843;2025-04-28;C0006;13;13;1;300,32;0,0;174,19;Boleto;Online;300,32;174,19;126,13;0,42
103844;2025-06-09;C2402;5;23;1;648,3;0,2;421,39;PIX;Online;518,64;421,39;97,25;0,1875
103845;2025-04-02;C1331;17;25;2;126,31;0,0;75,79;PIX;Marketplace;252,62;151,58;101,04;0,4
103846;2025-04-05;C1688;12;20;1;2379,44;0,1;1618,02;Cartão de débito;Marketplace;2141,5;1618,02;523,48;0,2444
103847;2025-11-28;C1163;4;8;1;825,33;0,15;577,73;Cartão de débito;Marketplace;701,53;577,73;123,8;0,1765
103848;2026-02-03;C0695;2;17;1;562,45;0,0;376,84;Cartão de crédito;Marketplace;562,45;376,84;185,61;0,33
103849;2025-10-30;C0939;1;22;1;568,12;0,0;363,6;PIX;Marketplace;568,12;363,6;204,52;0,36
103850;2025-02-20;C0208;8;12;1;255,14;0,0;140,33;Cartão de crédito;Online;255,14;140,33;114,81;0,45
103851;2026-01-02;C0444;3;3;1;46,98;0,0;21,14;Cartão de crédito;Online;46,98;21,14;25,84;0,55
103852;2025-06-24;C0678;14;19;1;2873,43;0,0;2068,87;Boleto;Online;2873,43;2068,87;804,56;0,28
103853;2026-03-23;C1037;4;10;2;671,79;0,1;470,25;PIX;Online;1209,22;940,5;268,72;0,2222
103854;2025-08-12;C0808;5;18;1;559,66;0,1;363,78;PIX;Online;503,69;363,78;139,91;0,2778
103855;2026-03-18;C1309;4;14;2;1378,49;0,1;964,94;PIX;Marketplace;2481,28;1929,88;551,4;0,2222
103856;2025-03-02;C1349;7;24;1;752,25;0,05;466,39;Cartão de crédito;Online;714,64;466,39;248,25;0,3474
103857;2025-10-17;C0656;17;8;2;737,34;0,0;442,4;PIX;Online;1474,68;884,8;589,88;0,4
103858;2025-01-08;C0345;9;21;1;366,35;0,05;230,8;Boleto;Online;348,03;230,8;117,23;0,3368
103859;2025-10-19;C0690;17;27;1;207,69;0,15;124,61;Cartão de débito;Online;176,54;124,61;51,93;0,2942
103860;2026-04-07;C1237;17;9;3;206,5;0,1;123,9;PIX;Marketplace;557,55;371,7;185,85;0,3333
103861;2026-05-31;C2104;10;6;4;205,12;0,05;106,66;Cartão de crédito;Online;779,46;426,64;352,82;0,4526
103862;2025-07-11;C2458;3;14;1;72,97;0,05;32,84;PIX;Online;69,32;32,84;36,48;0,5263
103863;2025-11-16;C1119;10;10;2;264,55;0,2;137,57;Cartão de débito;Online;423,28;275,14;148,14;0,35
103864;2025-01-27;C0390;17;18;1;143,15;0,0;85,89;Cartão de débito;Online;143,15;85,89;57,26;0,4
103865;2026-02-17;C2186;11;24;2;1819,54;0,0;1237,29;PIX;Online;3639,08;2474,58;1164,5;0,32
103866;2025-06-01;C1032;13;19;1;475,92;0,05;276,03;Cartão de débito;Online;452,12;276,03;176,09;0,3895
103867;2025-05-23;C1283;14;16;1;5422,62;0,1;3904,29;Cartão de débito;Online;4880,36;3904,29;976,07;0,2
103868;2026-03-28;C0162;10;4;3;231,71;0,0;120,49;Cartão de débito;Online;695,13;361,47;333,66;0,48
103869;2026-03-13;C1619;8;21;3;146,52;0,2;80,59;Boleto;Marketplace;351,65;241,77;109,88;0,3125
103870;2025-03-18;C0163;13;27;1;221,98;0,1;128,75;Cartão de crédito;Online;199,78;128,75;71,03;0,3555
103871;2025-08-12;C0147;1;21;3;559,26;0,0;357,93;Boleto;Online;1677,78;1073,79;603,99;0,36
103872;2026-04-19;C0564;9;19;1;207,77;0,0;130,9;Boleto;Online;207,77;130,9;76,87;0,37
103873;2026-05-13;C1780;7;5;2;865,13;0,1;536,38;PIX;Online;1557,23;1072,76;484,47;0,3111
103874;2025-04-16;C2259;1;20;1;949,53;0,05;607,7;Cartão de débito;Online;902,05;607,7;294,35;0,3263
103875;2026-03-13;C2114;3;11;1;90,77;0,1;40,85;PIX;Online;81,69;40,85;40,84;0,4999
103876;2025-12-27;C1871;1;7;2;461,69;0,05;295,48;PIX;Online;877,21;590,96;286,25;0,3263
103877;2025-03-24;C1747;15;3;2;3372,68;0,1;2630,69;Cartão de débito;Marketplace;6070,82;5261,38;809,44;0,1333
103878;2025-11-16;C1916;1;3;2;542,33;0,1;347,09;Cartão de crédito;Marketplace;976,19;694,18;282,01;0,2889
103879;2026-01-19;C0026;8;6;2;201,35;0,1;110,74;PIX;Marketplace;362,43;221,48;140,95;0,3889
103880;2025-12-21;C1869;5;18;1;616,15;0,2;400,5;Cartão de crédito;Online;492,92;400,5;92,42;0,1875
103881;2025-11-30;C2371;14;13;1;4638,11;0,1;3339,44;PIX;Marketplace;4174,3;3339,44;834,86;0,2
103882;2025-06-25;C0668;2;23;3;978,37;0,0;655,51;Cartão de débito;Online;2935,11;1966,53;968,58;0,33
103883;2025-03-10;C1438;4;21;1;1663,67;0,0;1164,57;PIX;Online;1663,67;1164,57;499,1;0,3
103884;2025-01-27;C2444;17;5;1;316,04;0,0;189,62;Boleto;Online;316,04;189,62;126,42;0,4
103885;2025-12-31;C2480;16;16;1;526,75;0,1;289,71;Cartão de crédito;Marketplace;474,08;289,71;184,37;0,3889
103886;2026-05-24;C0584;1;21;1;482,57;0,05;308,84;Boleto;Marketplace;458,44;308,84;149,6;0,3263
103887;2025-07-23;C0707;12;9;1;2185,97;0,0;1486,46;Cartão de crédito;Marketplace;2185,97;1486,46;699,51;0,32
103888;2026-06-23;C2336;15;14;2;2413,22;0,15;1882,31;Boleto;Marketplace;4102,47;3764,62;337,85;0,0824
103889;2025-05-03;C0290;13;12;3;265,32;0,0;153,89;Boleto;Online;795,96;461,67;334,29;0,42
103890;2025-08-11;C0289;8;5;1;213,39;0,2;117,36;Cartão de crédito;Online;170,71;117,36;53,35;0,3125
103891;2026-02-17;C0664;6;4;4;60,77;0,05;30,39;PIX;Marketplace;230,93;121,56;109,37;0,4736
103892;2025-01-28;C0963;14;26;3;4363,91;0,05;3142,02;Cartão de débito;Marketplace;12437,14;9426,06;3011,08;0,2421
103893;2026-01-17;C0380;9;9;2;560,49;0,0;353,11;Cartão de débito;Marketplace;1120,98;706,22;414,76;0,37
103894;2025-09-16;C0098;15;16;1;2790,96;0,0;2176,95;Boleto;Online;2790,96;2176,95;614,01;0,22
103895;2026-04-27;C2183;10;4;1;333,61;0,0;173,48;Cartão de crédito;Marketplace;333,61;173,48;160,13;0,48
103896;2025-01-12;C0859;8;3;2;291,78;0,0;160,48;PIX;Marketplace;583,56;320,96;262,6;0,45
103897;2025-08-07;C0840;2;15;1;412,14;0,0;276,13;Cartão de crédito;Online;412,14;276,13;136,01;0,33
103898;2025-10-29;C1619;14;23;1;2541,95;0,0;1830,2;Cartão de crédito;Online;2541,95;1830,2;711,75;0,28
103899;2026-01-11;C1368;4;11;4;1410,43;0,0;987,3;Boleto;Online;5641,72;3949,2;1692,52;0,3
103900;2025-08-26;C2445;13;21;4;257,77;0,15;149,51;Boleto;Online;876,42;598,04;278,38;0,3176
103901;2026-05-16;C1548;15;4;2;1307,02;0,05;1019,48;Boleto;Marketplace;2483,34;2038,96;444,38;0,1789
103902;2026-03-10;C1951;8;23;2;281,92;0,15;155,06;Boleto;Marketplace;479,26;310,12;169,14;0,3529
103903;2025-05-12;C0873;15;5;2;1336,1;0,2;1042,16;Boleto;Online;2137,76;2084,32;53,44;0,025
103904;2025-10-12;C2076;12;12;1;769,9;0,05;523,53;PIX;Marketplace;731,4;523,53;207,87;0,2842
103905;2026-05-29;C1679;4;1;4;2116,98;0,0;1481,89;Boleto;Online;8467,92;5927,56;2540,36;0,3
103906;2025-04-27;C2206;2;12;2;1106,99;0,05;741,68;Não informado;Marketplace;2103,28;1483,36;619,92;0,2947
103907;2025-09-11;C0439;12;10;1;1572,03;0,0;1068,98;Cartão de débito;Online;1572,03;1068,98;503,05;0,32
103908;2025-09-02;C1603;4;27;2;565,94;0,15;396,16;PIX;Online;962,1;792,32;169,78;0,1765
103909;2025-07-07;C1836;1;2;1;694,48;0,0;444,47;Cartão de débito;Marketplace;694,48;444,47;250,01;0,36
103910;2026-04-13;C0035;10;3;1;97,45;0,05;50,67;Cartão de crédito;Marketplace;92,58;50,67;41,91;0,4527
103911;2026-04-15;C2290;5;15;2;385,91;0,1;250,84;PIX;Marketplace;694,64;501,68;192,96;0,2778
103912;2025-08-13;C1310;4;25;1;2373,94;0,1;1661,76;Boleto;Marketplace;2136,55;1661,76;474,79;0,2222
103913;2026-05-31;C2153;3;24;1;84,2;0,15;37,89;Cartão de débito;Online;71,57;37,89;33,68;0,4706
103914;2025-02-09;C1866;12;16;2;1922,45;0,0;1307,27;Cartão de crédito;Marketplace;3844,9;2614,54;1230,36;0,32
103915;2025-03-11;C0512;8;25;2;144,91;0,0;79,7;PIX;Marketplace;289,82;159,4;130,42;0,45
103916;2025-10-14;C0389;14;6;4;2580,45;0,1;1857,92;Boleto;Marketplace;9289,62;7431,68;1857,94;0,2
103917;2025-03-25;C2138;8;2;1;289,23;0,0;159,08;Cartão de débito;Marketplace;289,23;159,08;130,15;0,45
103918;2026-05-25;C0243;9;19;2;390,22;0,05;245,84;Cartão de crédito;Online;741,42;491,68;249,74;0,3368
103919;2026-05-30;C1898;17;10;1;109,65;0,0;65,79;Boleto;Online;109,65;65,79;43,86;0,4
103920;2025-10-28;C0919;9;6;2;133,99;0,0;84,41;Boleto;Marketplace;267,98;168,82;99,16;0,37
103921;2026-05-10;C1051;6;23;2;212,17;0,0;106,08;Cartão de crédito;Marketplace;424,34;212,16;212,18;0,5
103922;2026-06-10;C0415;1;1;3;609,62;0,05;390,16;Cartão de débito;Marketplace;1737,42;1170,48;566,94;0,3263
103923;2025-06-14;C1162;16;8;1;241,25;0,05;132,69;Cartão de débito;Online;229,19;132,69;96,5;0,421
103924;2026-06-08;C1745;15;19;2;2153,65;0,0;1679,85;PIX;Marketplace;4307,3;3359,7;947,6;0,22
103925;2026-01-16;C0397;16;7;1;162,35;0,05;89,29;Cartão de crédito;Marketplace;154,23;89,29;64,94;0,4211
103926;2025-01-23;C1007;12;23;1;2326,35;0,05;1581,92;Não informado;Marketplace;2210,03;1581,92;628,11;0,2842
103927;2026-04-26;C1213;16;21;1;506,26;0,2;278,44;PIX;Online;405,01;278,44;126,57;0,3125
103928;2025-05-22;C1292;16;8;1;424,7;0,0;233,59;Cartão de crédito;Marketplace;424,7;233,59;191,11;0,45
103929;2025-04-22;C0273;2;3;1;1294,96;0,15;867,62;Cartão de débito;Online;1100,72;867,62;233,1;0,2118
103930;2025-01-12;C2003;16;23;1;468,5;0,1;257,68;Cartão de crédito;Online;421,65;257,68;163,97;0,3889
103931;2025-05-12;C0724;11;3;1;1479,83;0,0;1006,28;Boleto;Marketplace;1479,83;1006,28;473,55;0,32
103932;2026-01-10;C0820;1;2;2;768,84;0,0;492,06;Cartão de crédito;Online;1537,68;984,12;553,56;0,36
103933;2025-04-22;C1281;10;6;2;278,78;0,1;144,97;PIX;Online;501,8;289,94;211,86;0,4222
103934;2025-03-29;C2188;10;25;1;344,65;0,0;179,22;PIX;Online;344,65;179,22;165,43;0,48
103935;2026-06-27;C0522;16;8;2;412,43;0,0;226,84;PIX;Marketplace;824,86;453,68;371,18;0,45
103936;2025-07-07;C0785;12;5;1;1325,21;0,05;901,14;PIX;Online;1258,95;901,14;357,81;0,2842
103937;2025-12-08;C0703;5;22;1;230,26;0,0;149,67;Boleto;Marketplace;230,26;149,67;80,59;0,35
103938;2026-05-25;C2083;12;27;1;1935,03;0,15;1315,82;Boleto;Online;1644,78;1315,82;328,96;0,2
103939;2025-09-23;C1208;11;21;3;973,01;0,0;661,65;Boleto;Marketplace;2919,03;1984,95;934,08;0,32
103940;2026-05-10;C1037;8;16;1;280,14;0,05;154,08;Cartão de débito;Online;266,13;154,08;112,05;0,421
103941;2026-03-14;C1157;9;12;3;143,43;0,0;90,36;Cartão de débito;Marketplace;430,29;271,08;159,21;0,37
103942;2026-03-21;C0516;9;15;4;442,37;0,05;278,69;Cartão de débito;Marketplace;1681,01;1114,76;566,25;0,3369
103943;2025-08-22;C2304;3;22;1;72,13;0,0;32,46;Boleto;Online;72,13;32,46;39,67;0,55
103944;2025-05-24;C0497;17;24;1;692,51;0,0;415,51;PIX;Marketplace;692,51;415,51;277,0;0,4
103945;2025-07-22;C2471;11;12;1;548,13;0,05;372,73;Cartão de débito;Online;520,72;372,73;147,99;0,2842
103946;2026-04-25;C0128;2;15;1;429,15;0,2;287,53;Cartão de crédito;Marketplace;343,32;287,53;55,79;0,1625
103947;2025-07-26;C0510;9;15;2;491,45;0,0;309,61;Cartão de crédito;Online;982,9;619,22;363,68;0,37
103948;2025-09-10;C2448;9;18;1;374,96;0,15;236,22;Boleto;Marketplace;318,72;236,22;82,5;0,2588
103949;2025-09-06;C1751;13;16;1;437,49;0,05;253,74;Boleto;Marketplace;415,62;253,74;161,88;0,3895
103950;2025-11-10;C2477;4;15;2;2291,7;0,1;1604,19;Boleto;Online;4125,06;3208,38;916,68;0,2222
103951;2026-04-05;C0791;7;14;2;519,76;0,15;322,25;Cartão de débito;Marketplace;883,59;644,5;239,09;0,2706
103952;2026-06-26;C0937;17;26;1;201,55;0,1;120,93;Cartão de débito;Online;181,4;120,93;60,47;0,3334
103953;2026-02-08;C0530;5;27;1;302,36;0,05;196,53;PIX;Online;287,24;196,53;90,71;0,3158
103954;2025-02-11;C1140;2;8;2;736,8;0,1;493,66;Cartão de crédito;Online;1326,24;987,32;338,92;0,2555
103955;2025-08-25;C2068;16;26;1;161,38;0,0;88,76;Cartão de débito;Online;161,38;88,76;72,62;0,45
103956;2025-02-08;C1954;7;12;2;368,97;0,1;228,76;PIX;Online;664,15;457,52;206,63;0,3111
103957;2025-05-19;C1812;6;22;2;229,98;0,05;114,99;PIX;Online;436,96;229,98;206,98;0,4737
103958;2025-08-04;C1304;5;27;2;417,02;0,1;271,06;Boleto;Online;750,64;542,12;208,52;0,2778
103959;2026-03-28;C2131;13;12;4;335,32;0,1;194,49;Cartão de débito;Online;1207,15;777,96;429,19;0,3555
103960;2025-05-03;C0169;11;4;1;1006,97;0,05;684,74;Cartão de débito;Online;956,62;684,74;271,88;0,2842
103961;2025-07-18;C1030;2;12;4;1121,14;0,05;751,16;Boleto;Marketplace;4260,33;3004,64;1255,69;0,2947
103962;2026-05-24;C0280;5;26;1;556,47;0,0;361,71;PIX;Online;556,47;361,71;194,76;0,35
103963;2025-07-19;C0269;14;12;2;3276,93;0,1;2359,39;PIX;Online;5898,47;4718,78;1179,69;0,2
103964;2025-08-03;C0955;8;8;1;267,0;0,15;146,85;Cartão de débito;Marketplace;226,95;146,85;80,1;0,3529
103965;2025-10-09;C0351;5;4;2;717,19;0,0;466,17;Cartão de débito;Marketplace;1434,38;932,34;502,04;0,35
103966;2025-01-28;C2153;11;7;1;1270,58;0,0;863,99;Cartão de crédito;Marketplace;1270,58;863,99;406,59;0,32
103967;2025-06-26;C0113;13;24;2;343,87;0,0;199,44;Cartão de crédito;Marketplace;687,74;398,88;288,86;0,42
103968;2025-07-04;C1005;11;2;2;1429,09;0,0;971,78;Cartão de crédito;Online;2858,18;1943,56;914,62;0,32
103969;2025-08-03;C0309;1;7;3;867,48;0,15;555,19;Boleto;Marketplace;2212,07;1665,57;546,5;0,2471
103970;2026-04-17;C1478;17;23;1;534,74;0,0;320,84;Cartão de crédito;Online;534,74;320,84;213,9;0,4
103971;2025-01-04;C2479;10;24;1;101,45;0,0;52,75;PIX;Online;101,45;52,75;48,7;0,48
103972;2025-01-25;C0193;1;3;1;737,69;0,05;472,12;PIX;Marketplace;700,81;472,12;228,69;0,3263
103973;2025-12-15;C2217;4;12;1;2481,78;0,05;1737,25;Cartão de crédito;Marketplace;2357,69;1737,25;620,44;0,2632
103974;2025-02-14;C1216;4;5;2;2317,46;0,0;1622,22;Boleto;Marketplace;4634,92;3244,44;1390,48;0,3
103975;2026-02-07;C0525;9;8;1;360,82;0,2;227,32;Cartão de crédito;Marketplace;288,66;227,32;61,34;0,2125
103976;2025-02-10;C1264;13;16;2;465,92;0,1;270,23;PIX;Online;838,66;540,46;298,2;0,3556
103977;2026-02-15;C0599;2;23;1;1345,93;0,0;901,77;PIX;Online;1345,93;901,77;444,16;0,33
103978;2025-04-20;C1744;9;20;2;562,3;0,1;354,25;Boleto;Marketplace;1012,14;708,5;303,64;0,3
103979;2026-03-29;C2278;12;2;3;1707,54;0,15;1161,13;PIX;Marketplace;4354,23;3483,39;870,84;0,2
103980;2025-10-05;C0309;3;22;4;26,88;0,05;12,1;Boleto;Marketplace;102,14;48,4;53,74;0,5261
103981;2026-03-16;C1187;13;3;4;291,68;0,1;169,17;Boleto;Marketplace;1050,05;676,68;373,37;0,3556
103982;2026-04-11;C1937;5;23;1;1167,02;0,0;758,56;Cartão de crédito;Marketplace;1167,02;758,56;408,46;0,35
103983;2025-12-31;C2448;2;5;1;434,02;0,15;290,79;Boleto;Online;368,92;290,79;78,13;0,2118
103984;2026-03-27;C0012;2;20;1;853,09;0,05;571,57;PIX;Online;810,44;571,57;238,87;0,2947
103985;2026-04-03;C1529;6;21;1;165,98;0,2;82,99;Cartão de débito;Online;132,78;82,99;49,79;0,375
103986;2025-06-12;C1924;1;8;4;974,73;0,1;623,83;Cartão de débito;Marketplace;3509,03;2495,32;1013,71;0,2889
103987;2026-05-11;C0757;16;26;5;177,15;0,0;97,43;PIX;Marketplace;885,75;487,15;398,6;0,45
103988;2025-12-24;C2405;6;24;1;96,83;0,1;48,41;Não informado;Marketplace;87,15;48,41;38,74;0,4445
103989;2025-01-21;C0029;16;10;2;492,24;0,15;270,73;Boleto;Online;836,81;541,46;295,35;0,3529
103990;2025-02-17;C0842;10;27;1;368,6;0,0;191,67;Cartão de débito;Marketplace;368,6;191,67;176,93;0,48
103991;2025-07-13;C0513;4;13;2;1146,35;0,1;802,44;PIX;Marketplace;2063,43;1604,88;458,55;0,2222
103992;2025-01-29;C2042;3;16;3;54,1;0,0;24,35;Boleto;Online;162,3;73,05;89,25;0,5499
103993;2025-09-03;C1014;2;16;3;289,23;0,0;193,78;Cartão de crédito;Marketplace;867,69;581,34;286,35;0,33
103994;2025-10-18;C0807;9;3;1;330,09;0,1;207,96;Boleto;Online;297,08;207,96;89,12;0,3
103995;2026-04-15;C1789;6;17;1;65,87;0,05;32,94;Boleto;Marketplace;62,58;32,94;29,64;0,4736
103996;2025-11-29;C1045;14;8;4;5416,69;0,05;3900,02;Cartão de débito;Marketplace;20583,42;15600,08;4983,34;0,2421
103997;2025-11-11;C0275;8;5;1;187,59;0,05;103,17;Cartão de crédito;Marketplace;178,21;103,17;75,04;0,4211
103998;2026-05-31;C2051;17;14;1;392,79;0,1;235,67;Cartão de débito;Online;353,51;235,67;117,84;0,3333
103999;2025-05-20;C0840;7;22;2;582,18;0,05;360,95;Cartão de débito;Online;1106,14;721,9;384,24;0,3474
104000;2025-01-25;C0059;4;18;1;2144,4;0,0;1501,08;Cartão de crédito;Marketplace;2144,4;1501,08;643,32;0,3
104001;2026-06-08;C1060;2;22;4;688,88;0,05;461,55;Boleto;Online;2617,74;1846,2;771,54;0,2947
104002;2025-09-30;C0453;11;20;2;1143,46;0,1;777,55;Cartão de crédito;Marketplace;2058,23;1555,1;503,13;0,2444
104003;2026-03-04;C2245;4;8;2;961,35;0,0;672,94;Boleto;Marketplace;1922,7;1345,88;576,82;0,3
104004;2026-03-27;C1642;11;25;1;1659,06;0,1;1128,16;Boleto;Marketplace;1493,15;1128,16;364,99;0,2444
104005;2026-03-20;C1577;8;11;1;135,38;0,2;74,46;PIX;Online;108,3;74,46;33,84;0,3125
104006;2026-05-28;C1401;14;10;3;2988,87;0,05;2151,99;PIX;Online;8518,28;6455,97;2062,31;0,2421
104007;2026-05-18;C1490;15;17;1;3292,91;0,05;2568,47;Cartão de débito;Marketplace;3128,26;2568,47;559,79;0,1789
104008;2026-04-25;C1477;13;2;1;195,87;0,0;113,6;Cartão de crédito;Marketplace;195,87;113,6;82,27;0,42
104009;2026-03-01;C2488;12;14;1;2188,36;0,05;1488,08;Cartão de débito;Marketplace;2078,94;1488,08;590,86;0,2842
104010;2025-02-05;C0253;2;2;1;848,69;0,0;568,62;Cartão de débito;Online;848,69;568,62;280,07;0,33
104011;2025-06-16;C0360;1;21;1;338,93;0,0;216,92;Cartão de débito;Online;338,93;216,92;122,01;0,36
104012;2025-01-21;C0324;1;16;1;378,43;0,15;242,2;Cartão de crédito;Marketplace;321,67;242,2;79,47;0,2471
104013;2025-09-15;C2056;11;15;1;949,02;0,05;645,33;Cartão de débito;Marketplace;901,57;645,33;256,24;0,2842
104014;2025-06-07;C2333;11;2;1;949,76;0,0;645,84;Boleto;Marketplace;949,76;645,84;303,92;0,32
104015;2026-04-11;C2144;11;12;1;516,57;0,05;351,27;Cartão de débito;Marketplace;490,74;351,27;139,47;0,2842
104016;2025-09-05;C1345;15;7;1;2589,67;0,05;2019,94;Boleto;Online;2460,19;2019,94;440,25;0,1789
104017;2025-12-30;C2201;5;13;1;450,34;0,05;292,72;Cartão de débito;Marketplace;427,82;292,72;135,1;0,3158
104018;2025-02-17;C0503;16;4;2;474,99;0,2;261,24;Boleto;Online;759,98;522,48;237,5;0,3125
104019;2026-03-11;C2469;2;24;1;838,16;0,1;561,57;Cartão de débito;Marketplace;754,34;561,57;192,77;0,2555
104020;2025-05-21;C1768;9;12;1;293,71;0,0;185,04;Boleto;Online;293,71;185,04;108,67;0,37
104021;2026-05-08;C2313;10;19;2;273,98;0,2;142,47;Cartão de crédito;Online;438,37;284,94;153,43;0,35
104022;2025-03-20;C2486;8;10;2;229,53;0,2;126,24;Cartão de débito;Online;367,25;252,48;114,77;0,3125
104023;2026-04-11;C0651;5;22;1;328,61;0,1;213,6;PIX;Online;295,75;213,6;82,15;0,2778
104024;2025-10-08;C1442;12;27;2;1388,84;0,1;944,41;PIX;Marketplace;2499,91;1888,82;611,09;0,2444
104025;2025-06-04;C0147;7;3;1;402,44;0,05;249,51;Cartão de débito;Online;382,32;249,51;132,81;0,3474
104026;2025-02-07;C2138;11;18;1;701,78;0,0;477,21;PIX;Online;701,78;477,21;224,57;0,32
104027;2025-10-11;C0060;15;7;1;3572,82;0,0;2786,8;PIX;Online;3572,82;2786,8;786,02;0,22
104028;2025-06-13;C0252;2;4;1;603,85;0,0;404,58;PIX;Online;603,85;404,58;199,27;0,33
104029;2025-10-14;C1512;8;1;1;290,05;0,1;159,53;Cartão de débito;Online;261,04;159,53;101,51;0,3889
104030;2025-02-25;C2394;6;25;2;226,39;0,1;113,19;Cartão de crédito;Online;407,5;226,38;181,12;0,4445
104031;2025-10-04;C0017;2;7;1;1234,67;0,0;827,23;Cartão de crédito;Marketplace;1234,67;827,23;407,44;0,33
104032;2025-04-09;C2283;8;5;1;229,09;0,1;126,0;Cartão de débito;Marketplace;206,18;126,0;80,18;0,3889
104033;2025-08-14;C2006;8;19;1;155,49;0,05;85,52;Boleto;Online;147,72;85,52;62,2;0,4211
104034;2026-01-01;C1949;3;8;4;47,0;0,0;21,15;PIX;Marketplace;188,0;84,6;103,4;0,55
104035;2025-07-04;C1596;17;5;1;174,03;0,15;104,42;Cartão de débito;Online;147,93;104,42;43,51;0,2941
104036;2025-07-03;C1896;2;15;2;1290,34;0,2;864,53;Cartão de crédito;Online;2064,54;1729,06;335,48;0,1625
104037;2025-09-18;C0912;5;17;2;769,39;0,05;500,1;PIX;Online;1461,84;1000,2;461,64;0,3158
104038;2026-04-03;C1939;9;19;1;458,33;0,1;288,75;Cartão de débito;Online;412,5;288,75;123,75;0,3
104039;2026-04-06;C0459;1;15;2;376,75;0,2;241,12;Cartão de débito;Marketplace;602,8;482,24;120,56;0,2
104040;2026-04-19;C0359;4;1;4;2104,08;0,0;1472,86;Cartão de crédito;Marketplace;8416,32;5891,44;2524,88;0,3
104041;2025-07-01;C0138;7;1;3;679,65;0,15;421,38;PIX;Online;1733,11;1264,14;468,97;0,2706
104042;2025-01-04;C1131;12;23;3;1041,26;0,0;708,06;Boleto;Marketplace;3123,78;2124,18;999,6;0,32
104043;2025-09-15;C0862;9;22;3;479,4;0,05;302,02;Boleto;Online;1366,29;906,06;460,23;0,3368
104044;2025-05-31;C0641;2;3;2;1475,72;0,1;988,73;Cartão de crédito;Marketplace;2656,3;1977,46;678,84;0,2556
104045;2025-06-19;C1809;13;25;1;290,09;0,0;168,25;Cartão de crédito;Marketplace;290,09;168,25;121,84;0,42
104046;2026-05-09;C0436;4;4;1;2332,0;0,0;1632,4;PIX;Online;2332,0;1632,4;699,6;0,3
104047;2025-01-15;C0179;12;23;2;2319,12;0,1;1577,0;Cartão de débito;Marketplace;4174,42;3154,0;1020,42;0,2444
104048;2026-03-11;C1950;6;15;4;226,94;0,0;113,47;Boleto;Online;907,76;453,88;453,88;0,5
104049;2025-06-19;C2265;8;5;2;292,06;0,1;160,63;PIX;Marketplace;525,71;321,26;204,45;0,3889
104050;2025-08-10;C0903;10;3;1;171,85;0,05;89,36;Boleto;Marketplace;163,26;89,36;73,9;0,4527
104051;2025-12-09;C1216;15;25;2;3939,39;0,0;3072,72;PIX;Marketplace;7878,78;6145,44;1733,34;0,22
104052;2025-11-18;C0279;5;1;3;714,67;0,0;464,54;Boleto;Marketplace;2144,01;1393,62;750,39;0,35
104053;2026-01-03;C2320;16;2;1;389,96;0,0;214,48;Cartão de crédito;Online;389,96;214,48;175,48;0,45
104054;2025-08-13;C1834;1;20;2;407,41;0,05;260,74;PIX;Marketplace;774,08;521,48;252,6;0,3263
104055;2025-04-01;C0036;13;10;2;157,28;0,15;91,22;Cartão de crédito;Marketplace;267,38;182,44;84,94;0,3177
104056;2025-12-28;C1966;4;23;3;1767,8;0,1;1237,46;Boleto;Online;4773,06;3712,38;1060,68;0,2222
104057;2026-05-12;C1625;1;2;1;491,11;0,0;314,31;PIX;Online;491,11;314,31;176,8;0,36
104058;2025-07-09;C1933;12;18;1;839,46;0,1;570,83;Cartão de débito;Online;755,51;570,83;184,68;0,2444
104059;2025-01-17;C0821;17;14;1;630,05;0,0;378,03;Cartão de débito;Online;630,05;378,03;252,02;0,4
104060;2026-01-14;C0135;7;6;1;891,94;0,1;553,0;Boleto;Online;802,75;553,0;249,75;0,3111
104061;2025-01-27;C1888;2;22;3;1096,09;0,1;734,38;PIX;Online;2959,44;2203,14;756,3;0,2556
104062;2026-04-25;C2206;12;4;4;1886,62;0,1;1282,9;Boleto;Marketplace;6791,83;5131,6;1660,23;0,2444
104063;2025-01-25;C0207;3;6;4;55,06;0,0;24,78;Boleto;Marketplace;220,24;99,12;121,12;0,5499
104064;2026-01-22;C2489;16;14;1;381,0;0,05;209,55;Cartão de crédito;Marketplace;361,95;209,55;152,4;0,4211
104065;2026-06-15;C1674;5;1;1;1078,8;0,1;701,22;Cartão de crédito;Marketplace;970,92;701,22;269,7;0,2778
104066;2025-07-05;C1369;4;22;2;1354,35;0,05;948,04;Cartão de débito;Marketplace;2573,26;1896,08;677,18;0,2632
104067;2025-05-30;C0864;16;1;3;489,03;0,0;268,97;Cartão de débito;Marketplace;1467,09;806,91;660,18;0,45
104068;2025-11-08;C1692;1;24;4;874,03;0,1;559,38;Boleto;Online;3146,51;2237,52;908,99;0,2889
104069;2026-04-24;C0725;2;3;1;1089,97;0,0;730,28;PIX;Marketplace;1089,97;730,28;359,69;0,33
104070;2026-02-12;C0432;10;7;1;112,04;0,2;58,26;Boleto;Online;89,63;58,26;31,37;0,35
104071;2026-01-23;C2103;12;4;1;1603,88;0,05;1090,64;Boleto;Online;1523,69;1090,64;433,05;0,2842
104072;2025-09-14;C2475;2;5;3;568,53;0,0;380,92;PIX;Online;1705,59;1142,76;562,83;0,33
104073;2026-03-14;C1328;6;16;1;67,34;0,1;33,67;Cartão de crédito;Online;60,61;33,67;26,94;0,4445
104074;2025-04-14;C2231;1;1;1;319,36;0,05;204,39;Cartão de débito;Marketplace;303,39;204,39;99,0;0,3263
104075;2026-03-07;C2399;8;23;1;109,75;0,1;60,36;Boleto;Marketplace;98,78;60,36;38,42;0,3889
104076;2025-01-03;C0373;1;22;2;913,66;0,0;584,74;Cartão de crédito;Online;1827,32;1169,48;657,84;0,36
104077;2025-08-09;C0393;16;3;1;283,53;0,0;155,94;Cartão de débito;Online;283,53;155,94;127,59;0,45
104078;2026-01-08;C0623;17;27;1;749,73;0,0;449,84;Boleto;Online;749,73;449,84;299,89;0,4
104079;2025-10-26;C0020;15;11;2;1709,73;0,0;1333,59;Cartão de débito;Online;3419,46;2667,18;752,28;0,22
104080;2026-03-13;C1983;17;15;1;683,62;0,0;410,17;Cartão de crédito;Online;683,62;410,17;273,45;0,4
104081;2026-04-13;C1991;17;21;2;379,2;0,05;227,52;Cartão de crédito;Online;720,48;455,04;265,44;0,3684
104082;2025-04-18;C2384;14;25;2;5131,36;0,0;3694,58;Boleto;Marketplace;10262,72;7389,16;2873,56;0,28
104083;2025-06-28;C1205;5;23;3;729,6;0,0;474,24;Boleto;Online;2188,8;1422,72;766,08;0,35
104084;2025-03-16;C1281;11;8;1;1188,5;0,05;808,18;Cartão de crédito;Marketplace;1129,08;808,18;320,9;0,2842
104085;2026-04-09;C0045;12;11;1;953,14;0,2;648,14;PIX;Online;762,51;648,14;114,37;0,15
104086;2025-09-01;C2129;12;23;1;2265,23;0,15;1540,36;PIX;Online;1925,45;1540,36;385,09;0,2
104087;2025-07-29;C0688;7;15;1;649,55;0,0;402,72;Cartão de débito;Online;649,55;402,72;246,83;0,38
104088;2025-03-19;C2238;2;24;1;1104,05;0,1;739,71;Boleto;Marketplace;993,64;739,71;253,93;0,2556
104089;2026-01-05;C0605;7;5;2;182,2;0,0;112,96;Cartão de crédito;Online;364,4;225,92;138,48;0,38
104090;2026-04-24;C2311;10;1;1;172,84;0,05;89,88;Cartão de débito;Online;164,2;89,88;74,32;0,4526
104091;2026-05-21;C0109;16;9;1;478,73;0,05;263,3;Cartão de crédito;Online;454,79;263,3;191,49;0,4211
104092;2026-04-25;C2200;10;24;1;123,42;0,05;64,18;PIX;Online;117,25;64,18;53,07;0,4526
104093;2025-07-13;C2078;4;25;1;1013,18;0,0;709,23;Cartão de débito;Online;1013,18;709,23;303,95;0,3
104094;2025-06-25;C0168;7;22;2;374,15;0,05;231,97;PIX;Online;710,88;463,94;246,94;0,3474
104095;2025-10-17;C0049;14;16;1;3190,85;0,1;2297,41;Cartão de crédito;Online;2871,76;2297,41;574,35;0,2
104096;2025-01-29;C1833;4;9;1;1139,46;0,05;797,62;PIX;Online;1082,49;797,62;284,87;0,2632
104097;2026-02-27;C2005;9;16;1;231,69;0,05;145,96;Boleto;Marketplace;220,11;145,96;74,15;0,3369
104098;2025-02-20;C0029;8;3;2;239,74;0,2;131,86;Boleto;Marketplace;383,58;263,72;119,86;0,3125
104099;2025-10-29;C0166;2;21;1;887,42;0,0;594,57;Cartão de crédito;Online;887,42;594,57;292,85;0,33
104100;2025-06-17;C1810;8;5;1;221,07;0,2;121,59;Cartão de débito;Online;176,86;121,59;55,27;0,3125
104101;2025-05-01;C2242;14;19;3;2956,53;0,05;2128,7;Cartão de débito;Online;8426,11;6386,1;2040,01;0,2421
104102;2025-09-19;C0114;5;26;1;395,45;0,05;257,04;Cartão de crédito;Online;375,68;257,04;118,64;0,3158
104103;2025-01-31;C0733;11;14;1;1041,97;0,0;708,54;Boleto;Marketplace;1041,97;708,54;333,43;0,32
104104;2025-03-21;C0364;8;15;1;227,02;0,0;124,86;Boleto;Marketplace;227,02;124,86;102,16;0,45
104105;2026-02-20;C0800;6;22;2;67,91;0,15;33,95;PIX;Online;115,45;67,9;47,55;0,4119
104106;2025-01-26;C1262;3;5;2;63,44;0,0;28,55;Cartão de crédito;Online;126,88;57,1;69,78;0,55
104107;2025-04-13;C1124;17;22;3;334,69;0,05;200,81;Boleto;Marketplace;953,87;602,43;351,44;0,3684
104108;2026-03-03;C0292;3;20;2;47,07;0,0;21,18;Cartão de crédito;Online;94,14;42,36;51,78;0,55
104109;2025-02-09;C2328;8;10;1;100,8;0,05;55,44;Cartão de crédito;Marketplace;95,76;55,44;40,32;0,4211
104110;2025-02-11;C0529;3;16;3;73,24;0,05;32,96;PIX;Online;208,73;98,88;109,85;0,5263
104111;2026-04-08;C2068;9;10;3;331,41;0,1;208,79;Cartão de débito;Online;894,81;626,37;268,44;0,3
104112;2025-12-28;C2409;12;12;2;1028,66;0,0;699,49;Boleto;Online;2057,32;1398,98;658,34;0,32
104113;2026-05-30;C2044;11;7;1;1133,73;0,0;770,94;Cartão de débito;Online;1133,73;770,94;362,79;0,32
104114;2026-04-29;C0066;4;27;1;2302,28;0,0;1611,6;Cartão de débito;Marketplace;2302,28;1611,6;690,68;0,3
104115;2025-07-20;C2484;10;13;2;178,67;0,05;92,91;PIX;Marketplace;339,47;185,82;153,65;0,4526
104116;2026-04-11;C1018;13;20;2;177,66;0,1;103,04;PIX;Online;319,79;206,08;113,71;0,3556
104117;2025-03-21;C2266;1;24;2;591,42;0,05;378,51;Cartão de débito;Marketplace;1123,7;757,02;366,68;0,3263
104118;2025-12-08;C0925;1;20;3;899,82;0,15;575,88;Cartão de débito;Online;2294,54;1727,64;566,9;0,2471
104119;2026-02-25;C1738;17;16;1;289,12;0,0;173,47;Cartão de débito;Online;289,12;173,47;115,65;0,4
104120;2026-02-12;C0804;11;2;1;1502,46;0,0;1021,67;Cartão de débito;Marketplace;1502,46;1021,67;480,79;0,32
104121;2026-06-25;C2280;7;25;1;815,17;0,0;505,41;Cartão de crédito;Marketplace;815,17;505,41;309,76;0,38
104122;2025-09-30;C1491;2;3;1;1145,75;0,1;767,65;PIX;Online;1031,18;767,65;263,53;0,2556
104123;2025-10-25;C0604;2;12;1;381,57;0,0;255,65;PIX;Marketplace;381,57;255,65;125,92;0,33
104124;2026-05-05;C1184;4;13;1;2125,9;0,1;1488,13;PIX;Online;1913,31;1488,13;425,18;0,2222
104125;2026-01-23;C0974;9;7;1;551,63;0,0;347,53;Cartão de crédito;Online;551,63;347,53;204,1;0,37
104126;2025-10-07;C2012;10;20;2;135,56;0,0;70,49;PIX;Online;271,12;140,98;130,14;0,48
104127;2026-03-29;C0711;6;3;1;195,69;0,0;97,84;Boleto;Marketplace;195,69;97,84;97,85;0,5
104128;2026-01-04;C0983;17;8;3;142,81;0,0;85,69;PIX;Marketplace;428,43;257,07;171,36;0,4
104129;2026-06-26;C0903;15;14;3;2920,43;0,05;2277,94;Cartão de débito;Online;8323,23;6833,82;1489,41;0,1789
104130;2026-04-22;C2285;4;19;1;1148,56;0,0;803,99;Cartão de crédito;Online;1148,56;803,99;344,57;0,3
104131;2025-09-15;C1657;13;17;4;459,72;0,0;266,64;Boleto;Online;1838,88;1066,56;772,32;0,42
104132;2025-07-30;C0195;9;3;5;425,13;0,15;267,83;Boleto;Online;1806,8;1339,15;467,65;0,2588
104133;2026-03-07;C2419;10;7;1;312,13;0,05;162,31;Boleto;Online;296,52;162,31;134,21;0,4526
104134;2025-11-13;C2487;3;22;1;84,96;0,1;38,23;Cartão de crédito;Marketplace;76,46;38,23;38,23;0,5
104135;2026-01-31;C1386;12;25;1;839,55;0,1;570,89;Cartão de crédito;Marketplace;755,6;570,89;184,71;0,2445
104136;2025-04-15;C0441;14;23;3;3614,47;0,0;2602,42;Cartão de crédito;Marketplace;10843,41;7807,26;3036,15;0,28
104137;2025-01-02;C1042;12;24;2;1037,04;0,2;705,19;Boleto;Online;1659,26;1410,38;248,88;0,15
104138;2025-04-26;C0708;13;1;1;244,27;0,0;141,68;PIX;Online;244,27;141,68;102,59;0,42
104139;2025-02-07;C1893;11;27;2;1620,58;0,1;1101,99;Boleto;Marketplace;2917,04;2203,98;713,06;0,2444
104140;2025-02-03;C0253;7;16;2;364,44;0,0;225,95;Cartão de débito;Marketplace;728,88;451,9;276,98;0,38
104141;2025-01-15;C1949;16;13;1;344,17;0,0;189,29;Boleto;Online;344,17;189,29;154,88;0,45
104142;2026-01-13;C0695;11;7;1;1882,57;0,0;1280,15;PIX;Marketplace;1882,57;1280,15;602,42;0,32
104143;2026-04-27;C1790;4;4;1;2007,04;0,05;1404,93;Cartão de débito;Online;1906,69;1404,93;501,76;0,2632
104144;2025-12-15;C1288;14;7;1;4511,74;0,1;3248,45;Cartão de débito;Marketplace;4060,57;3248,45;812,12;0,2
104145;2026-03-21;C0065;3;15;1;77,59;0,0;34,92;Cartão de débito;Marketplace;77,59;34,92;42,67;0,5499
104146;2025-11-21;C0019;17;11;2;672,12;0,0;403,27;Cartão de débito;Marketplace;1344,24;806,54;537,7;0,4
104147;2025-01-27;C0547;10;7;1;325,6;0,1;169,31;Boleto;Marketplace;293,04;169,31;123,73;0,4222
104148;2026-03-06;C0867;14;20;1;4867,8;0,15;3504,82;Cartão de crédito;Marketplace;4137,63;3504,82;632,81;0,1529
104149;2025-03-25;C0703;4;20;1;677,21;0,0;474,05;Cartão de débito;Online;677,21;474,05;203,16;0,3
104150;2025-11-15;C1171;16;18;3;363,2;0,15;199,76;PIX;Marketplace;926,16;599,28;326,88;0,3529
104151;2025-03-04;C2056;9;10;1;497,37;0,1;313,34;Boleto;Marketplace;447,63;313,34;134,29;0,3
104152;2025-12-11;C0646;1;25;3;748,64;0,05;479,13;PIX;Online;2133,62;1437,39;696,23;0,3263
104153;2026-03-04;C1485;3;17;2;45,82;0,15;20,62;PIX;Marketplace;77,89;41,24;36,65;0,4705
104154;2025-12-05;C0312;13;1;1;476,13;0,15;276,16;PIX;Marketplace;404,71;276,16;128,55;0,3176
104155;2025-02-22;C0338;3;24;2;84,43;0,1;37,99;Boleto;Online;151,97;75,98;75,99;0,5
104156;2026-03-15;C1343;2;17;3;511,28;0,1;342,56;PIX;Online;1380,46;1027,68;352,78;0,2556
104157;2025-03-03;C0918;13;26;2;222,56;0,0;129,08;Cartão de crédito;Marketplace;445,12;258,16;186,96;0,42
104158;2025-12-17;C2337;15;2;2;4765,38;0,0;3717,0;PIX;Marketplace;9530,76;7434,0;2096,76;0,22
104159;2025-08-15;C2226;4;7;1;1914,33;0,0;1340,03;Boleto;Marketplace;1914,33;1340,03;574,3;0,3
104160;2025-12-08;C0660;1;1;2;592,06;0,0;378,92;Boleto;Online;1184,12;757,84;426,28;0,36
104161;2025-10-05;C0244;14;5;1;2992,58;0,05;2154,66;Cartão de débito;Marketplace;2842,95;2154,66;688,29;0,2421
104162;2025-03-20;C0283;10;25;1;239,42;0,05;124,5;Cartão de débito;Online;227,45;124,5;102,95;0,4526
104163;2025-12-24;C2471;16;9;3;194,3;0,0;106,87;Cartão de crédito;Marketplace;582,9;320,61;262,29;0,45
104164;2025-03-09;C1971;17;5;1;719,02;0,05;431,41;Cartão de débito;Online;683,07;431,41;251,66;0,3684
104165;2026-06-01;C1531;12;5;1;856,31;0,1;582,29;Boleto;Marketplace;770,68;582,29;188,39;0,2444
104166;2025-07-05;C0066;12;17;2;2352,45;0,0;1599,67;Cartão de crédito;Online;4704,9;3199,34;1505,56;0,32
104167;2025-02-02;C2378;15;1;1;2662,02;0,1;2076,38;Boleto;Marketplace;2395,82;2076,38;319,44;0,1333
104168;2026-04-20;C1864;3;25;1;53,28;0,1;23,98;Boleto;Marketplace;47,95;23,98;23,97;0,4999
104169;2025-12-23;C1224;11;9;1;1817,0;0,0;1235,56;Cartão de crédito;Marketplace;1817,0;1235,56;581,44;0,32
104170;2025-07-26;C1468;2;11;2;1152,4;0,0;772,11;Cartão de débito;Marketplace;2304,8;1544,22;760,58;0,33
104171;2025-11-19;C1522;5;1;1;1022,59;0,05;664,68;Cartão de débito;Online;971,46;664,68;306,78;0,3158
104172;2025-07-13;C0337;1;6;1;775,1;0,2;496,06;PIX;Marketplace;620,08;496,06;124,02;0,2
104173;2026-04-21;C0094;14;22;1;3376,4;0,05;2431,01;Boleto;Online;3207,58;2431,01;776,57;0,2421
104174;2026-03-27;C1153;16;1;2;259,91;0,2;142,95;PIX;Marketplace;415,86;285,9;129,96;0,3125
104175;2026-05-04;C1790;6;2;1;236,51;0,15;118,25;PIX;Online;201,03;118,25;82,78;0,4118
104176;2025-05-20;C1857;2;5;2;1294,1;0,05;867,05;Cartão de crédito;Online;2458,79;1734,1;724,69;0,2947
104177;2025-02-24;C1790;9;15;2;516,03;0,15;325,1;Cartão de débito;Online;877,25;650,2;227,05;0,2588
104178;2025-08-23;C1480;7;8;1;304,68;0,05;188,9;Cartão de débito;Marketplace;289,45;188,9;100,55;0,3474
104179;2025-09-28;C2174;7;12;5;569,5;0,15;353,09;PIX;Marketplace;2420,38;1765,45;654,93;0,2706
104180;2026-01-29;C1368;15;12;2;1268,88;0,1;989,73;PIX;Marketplace;2283,98;1979,46;304,52;0,1333
104181;2025-10-28;C1223;16;27;1;483,73;0,0;266,05;Cartão de crédito;Online;483,73;266,05;217,68;0,45
104182;2025-03-16;C1518;2;1;1;1341,28;0,2;898,66;Boleto;Marketplace;1073,02;898,66;174,36;0,1625
104183;2025-12-05;C1048;11;12;1;414,94;0,0;282,16;Boleto;Marketplace;414,94;282,16;132,78;0,32
104184;2025-02-16;C0512;11;11;3;882,02;0,05;599,77;Cartão de débito;Marketplace;2513,76;1799,31;714,45;0,2842
104185;2025-05-27;C1408;8;21;3;243,44;0,15;133,89;Cartão de crédito;Online;620,77;401,67;219,1;0,3529
104186;2025-03-20;C1891;9;17;1;461,32;0,1;290,63;Cartão de débito;Marketplace;415,19;290,63;124,56;0,3
104187;2025-02-13;C1017;10;26;1;111,28;0,1;57,87;Boleto;Online;100,15;57,87;42,28;0,4222
104188;2026-01-30;C1099;15;15;1;2294,45;0,0;1789,67;PIX;Online;2294,45;1789,67;504,78;0,22
104189;2025-07-26;C0515;6;9;2;200,89;0,05;100,44;PIX;Online;381,69;200,88;180,81;0,4737
104190;2025-02-23;C1733;11;19;3;1026,02;0,15;697,69;PIX;Marketplace;2616,35;2093,07;523,28;0,2
104191;2025-04-23;C1332;3;2;1;53,27;0,05;23,97;Boleto;Marketplace;50,61;23,97;26,64;0,5264
104192;2025-09-03;C1723;12;3;4;1130,17;0,0;768,52;Cartão de crédito;Marketplace;4520,68;3074,08;1446,6;0,32
104193;2025-11-18;C0490;11;5;2;586,51;0,15;398,83;Cartão de débito;Marketplace;997,07;797,66;199,41;0,2
104194;2025-07-12;C0768;10;9;1;370,02;0,15;192,41;Cartão de débito;Marketplace;314,52;192,41;122,11;0,3882
104195;2026-02-18;C0276;16;21;2;140,76;0,0;77,42;Boleto;Marketplace;281,52;154,84;126,68;0,45
104196;2026-02-02;C2375;9;4;1;266,0;0,05;167,58;Boleto;Online;252,7;167,58;85,12;0,3368
104197;2026-03-12;C0920;15;16;1;1648,15;0,1;1285,56;Cartão de débito;Marketplace;1483,34;1285,56;197,78;0,1333
104198;2025-07-04;C1424;7;18;3;698,83;0,05;433,27;Cartão de débito;Online;1991,67;1299,81;691,86;0,3474
104199;2025-05-18;C1978;17;26;1;510,49;0,1;306,29;Cartão de crédito;Marketplace;459,44;306,29;153,15;0,3333
104200;2025-07-28;C0443;16;2;2;145,24;0,1;79,88;Cartão de débito;Marketplace;261,43;159,76;101,67;0,3889
104201;2026-06-21;C1487;14;2;2;3291,78;0,05;2370,08;Cartão de débito;Online;6254,38;4740,16;1514,22;0,2421
104202;2025-01-13;C1693;5;1;1;617,18;0,0;401,17;PIX;Marketplace;617,18;401,17;216,01;0,35
104203;2026-01-18;C1604;3;9;2;43,15;0,1;19,42;PIX;Online;77,67;38,84;38,83;0,4999
104204;2025-11-02;C0035;14;1;3;4984,77;0,0;3589,03;Cartão de débito;Marketplace;14954,31;10767,09;4187,22;0,28
104205;2025-01-19;C0893;5;21;2;508,54;0,05;330,55;Boleto;Marketplace;966,23;661,1;305,13;0,3158
104206;2025-07-31;C1331;16;27;1;462,31;0,1;254,27;Boleto;Online;416,08;254,27;161,81;0,3889
104207;2026-06-12;C0620;17;26;1;269,98;0,2;161,99;Boleto;Marketplace;215,98;161,99;53,99;0,25
104208;2026-02-27;C0569;6;3;2;162,44;0,0;81,22;Cartão de crédito;Online;324,88;162,44;162,44;0,5
104209;2025-06-17;C2059;17;26;2;426,64;0,1;255,98;Cartão de débito;Marketplace;767,95;511,96;255,99;0,3333
104210;2026-01-30;C1611;10;6;1;288,3;0,15;149,92;Boleto;Online;245,06;149,92;95,14;0,3882
104211;2025-03-17;C1009;6;9;1;240,33;0,0;120,17;PIX;Marketplace;240,33;120,17;120,16;0,5
104212;2025-07-17;C0824;14;24;4;4219,67;0,0;3038,16;PIX;Online;16878,68;12152,64;4726,04;0,28
104213;2026-05-18;C1480;1;1;1;743,06;0,0;475,56;Cartão de crédito;Online;743,06;475,56;267,5;0,36
104214;2025-09-14;C1405;13;10;1;369,49;0,2;214,3;Boleto;Marketplace;295,59;214,3;81,29;0,275
104215;2025-12-17;C0195;17;11;3;679,83;0,1;407,9;PIX;Marketplace;1835,54;1223,7;611,84;0,3333
104216;2026-04-11;C2276;6;4;1;207,94;0,0;103,97;Boleto;Marketplace;207,94;103,97;103,97;0,5
104217;2025-10-18;C1197;13;24;2;333,53;0,05;193,45;Cartão de débito;Online;633,71;386,9;246,81;0,3895
104218;2025-03-17;C1344;14;2;1;4554,85;0,05;3279,49;PIX;Online;4327,11;3279,49;1047,62;0,2421
104219;2026-02-14;C0348;1;15;1;546,43;0,05;349,72;Cartão de débito;Online;519,11;349,72;169,39;0,3263
104220;2026-02-01;C0445;13;21;3;355,32;0,1;206,09;Cartão de crédito;Online;959,36;618,27;341,09;0,3555
104221;2025-09-27;C2378;9;27;2;211,06;0,15;132,97;PIX;Marketplace;358,8;265,94;92,86;0,2588
104222;2026-05-07;C1677;3;13;3;26,15;0,15;11,77;Boleto;Marketplace;66,68;35,31;31,37;0,4705
104223;2025-01-17;C0140;4;15;2;1665,24;0,0;1165,67;PIX;Marketplace;3330,48;2331,34;999,14;0,3
104224;2026-06-12;C0769;3;1;1;36,66;0,1;16,5;PIX;Online;32,99;16,5;16,49;0,4998
104225;2025-01-16;C0480;16;25;2;242,39;0,0;133,31;Cartão de crédito;Marketplace;484,78;266,62;218,16;0,45
104226;2025-04-19;C2302;16;21;2;435,68;0,05;239,62;Boleto;Online;827,79;479,24;348,55;0,4211
104227;2025-05-20;C0003;3;5;2;22,33;0,15;10,05;Cartão de débito;Online;37,96;20,1;17,86;0,4705
104228;2025-06-11;C0047;15;17;2;3311,36;0,05;2582,86;Boleto;Online;6291,58;5165,72;1125,86;0,1789
104229;2025-06-17;C0072;3;16;1;55,5;0,0;24,98;Cartão de débito;Marketplace;55,5;24,98;30,52;0,5499
104230;2026-03-07;C1979;11;21;1;1424,96;0,05;968,97;Cartão de crédito;Marketplace;1353,71;968,97;384,74;0,2842
104231;2025-11-30;C2009;16;12;3;519,5;0,1;285,73;Boleto;Marketplace;1402,65;857,19;545,46;0,3889
104232;2025-02-04;C1302;8;5;1;260,11;0,0;143,06;Cartão de crédito;Marketplace;260,11;143,06;117,05;0,45
104233;2025-01-06;C2419;2;2;4;1493,21;0,0;1000,45;Boleto;Online;5972,84;4001,8;1971,04;0,33
104234;2025-12-29;C2120;12;24;4;1471,76;0,0;1000,8;PIX;Online;5887,04;4003,2;1883,84;0,32
104235;2025-05-20;C2416;17;18;3;395,7;0,15;237,42;PIX;Marketplace;1009,03;712,26;296,77;0,2941
104236;2026-06-05;C0200;8;6;2;203,98;0,05;112,19;Cartão de crédito;Online;387,56;224,38;163,18;0,421
104237;2026-01-31;C0501;9;1;3;412,03;0,05;259,58;Cartão de crédito;Online;1174,29;778,74;395,55;0,3368
104238;2025-03-14;C2376;14;25;2;5881,62;0,15;4234,77;Cartão de débito;Marketplace;9998,75;8469,54;1529,21;0,1529
104239;2026-02-06;C1807;2;1;3;1136,37;0,1;761,37;Boleto;Marketplace;3068,2;2284,11;784,09;0,2556
104240;2026-02-16;C2345;1;13;1;701,62;0,2;449,04;PIX;Online;561,3;449,04;112,26;0,2
104241;2025-04-20;C2353;5;19;1;1146,32;0,05;745,11;Cartão de débito;Online;1089,0;745,11;343,89;0,3158
104242;2025-07-25;C0055;17;3;1;188,1;0,1;112,86;PIX;Online;169,29;112,86;56,43;0,3333
104243;2025-03-11;C0425;11;23;1;1844,79;0,1;1254,46;PIX;Marketplace;1660,31;1254,46;405,85;0,2444
104244;2025-10-28;C0681;14;10;2;3489,4;0,1;2512,37;Boleto;Online;6280,92;5024,74;1256,18;0,2
104245;2025-05-23;C1012;1;25;2;796,8;0,1;509,95;Boleto;Marketplace;1434,24;1019,9;414,34;0,2889
104246;2026-02-01;C0678;12;27;3;1642,46;0,15;1116,87;Cartão de crédito;Online;4188,27;3350,61;837,66;0,2
104247;2025-01-18;C0871;9;23;2;512,69;0,05;322,99;Boleto;Marketplace;974,11;645,98;328,13;0,3369
104248;2025-07-19;C0088;9;24;1;365,06;0,05;229,99;Cartão de débito;Marketplace;346,81;229,99;116,82;0,3368
104249;2025-07-04;C1577;14;26;2;3348,25;0,0;2410,74;Boleto;Online;6696,5;4821,48;1875,02;0,28
104250;2025-11-13;C2291;11;27;1;921,13;0,0;626,37;Cartão de crédito;Online;921,13;626,37;294,76;0,32
104251;2026-06-06;C1700;8;27;1;176,3;0,05;96,97;Boleto;Marketplace;167,48;96,97;70,51;0,421
104252;2025-05-20;C2289;15;5;2;1539,09;0,0;1200,49;Cartão de crédito;Online;3078,18;2400,98;677,2;0,22
104253;2026-03-31;C1310;6;7;3;103,96;0,05;51,98;Cartão de débito;Online;296,29;155,94;140,35;0,4737
104254;2025-08-03;C1711;14;8;1;4032,67;0,05;2903,52;Cartão de débito;Marketplace;3831,04;2903,52;927,52;0,2421
104255;2025-06-29;C1549;8;23;1;245,14;0,05;134,83;Boleto;Marketplace;232,88;134,83;98,05;0,421
104256;2026-05-04;C1060;10;10;2;110,32;0,1;57,37;Cartão de débito;Marketplace;198,58;114,74;83,84;0,4222
104257;2025-07-01;C1456;11;14;1;880,72;0,1;598,89;Cartão de débito;Marketplace;792,65;598,89;193,76;0,2444
104258;2026-03-06;C2473;13;9;2;100,38;0,0;58,22;PIX;Online;200,76;116,44;84,32;0,42
104259;2025-04-25;C1289;17;5;2;433,43;0,0;260,06;PIX;Online;866,86;520,12;346,74;0,4
104260;2026-04-16;C1753;4;3;1;1340,92;0,2;938,64;PIX;Online;1072,74;938,64;134,1;0,125
104261;2026-06-29;C0038;10;23;4;254,27;0,05;132,22;Cartão de crédito;Online;966,23;528,88;437,35;0,4526
104262;2026-03-21;C1326;2;9;2;471,85;0,05;316,14;Boleto;Online;896,52;632,28;264,24;0,2947
104263;2025-11-03;C1410;1;4;1;781,71;0,15;500,29;Cartão de débito;Online;664,45;500,29;164,16;0,2471
104264;2026-01-04;C0567;9;19;1;274,09;0,0;172,68;PIX;Marketplace;274,09;172,68;101,41;0,37
104265;2026-06-28;C0547;8;3;1;197,79;0,0;108,78;Cartão de débito;Online;197,79;108,78;89,01;0,45
104266;2025-05-29;C1901;2;14;1;387,63;0,05;259,71;Boleto;Online;368,25;259,71;108,54;0,2947
104267;2026-01-22;C2376;6;2;4;241,72;0,0;120,86;Cartão de débito;Online;966,88;483,44;483,44;0,5
104268;2025-01-26;C0857;8;17;2;155,8;0,2;85,69;Boleto;Online;249,28;171,38;77,9;0,3125
104269;2026-06-24;C0394;10;22;2;357,7;0,15;186,0;Cartão de débito;Online;608,09;372,0;236,09;0,3882
104270;2025-04-03;C0720;2;4;4;1127,12;0,0;755,17;Cartão de crédito;Marketplace;4508,48;3020,68;1487,8;0,33
104271;2025-12-23;C0986;7;9;2;338,03;0,1;209,58;PIX;Marketplace;608,45;419,16;189,29;0,3111
104272;2026-01-12;C1140;4;13;1;1578,31;0,0;1104,82;Cartão de débito;Online;1578,31;1104,82;473,49;0,3
104273;2025-01-04;C0210;2;23;3;683,95;0,0;458,25;Cartão de débito;Online;2051,85;1374,75;677,1;0,33
104274;2026-05-02;C0782;10;6;1;176,88;0,1;91,98;Boleto;Marketplace;159,19;91,98;67,21;0,4222
104275;2026-03-30;C0411;11;2;1;1669,13;0,05;1135,01;Cartão de débito;Online;1585,67;1135,01;450,66;0,2842
104276;2025-06-01;C1502;5;2;1;617,83;0,15;401,59;PIX;Marketplace;525,16;401,59;123,57;0,2353
104277;2025-08-04;C1221;9;27;1;144,26;0,1;90,88;Cartão de débito;Online;129,83;90,88;38,95;0,3
104278;2025-06-24;C1481;14;3;1;3119,83;0,05;2246,28;PIX;Marketplace;2963,84;2246,28;717,56;0,2421
104279;2025-08-07;C1610;3;13;1;51,73;0,0;23,28;PIX;Marketplace;51,73;23,28;28,45;0,55
104280;2025-04-16;C1922;12;9;1;1409,44;0,15;958,42;Cartão de crédito;Online;1198,02;958,42;239,6;0,2
104281;2026-02-19;C1277;5;22;2;715,57;0,1;465,12;Boleto;Marketplace;1288,03;930,24;357,79;0,2778
104282;2025-04-03;C1775;15;21;3;1958,17;0,15;1527,37;Cartão de débito;Online;4993,33;4582,11;411,22;0,0824
104283;2025-04-08;C0251;1;5;2;782,77;0,05;500,97;Boleto;Marketplace;1487,26;1001,94;485,32;0,3263
104284;2025-05-28;C2147;7;6;1;777,81;0,0;482,24;Cartão de crédito;Marketplace;777,81;482,24;295,57;0,38
104285;2026-01-23;C0624;3;27;1;65,99;0,0;29,7;Cartão de crédito;Online;65,99;29,7;36,29;0,5499
104286;2025-11-16;C2159;6;4;1;57,28;0,1;28,64;Boleto;Online;51,55;28,64;22,91;0,4444
104287;2025-07-07;C1596;12;3;3;1233,15;0,05;838,54;Cartão de crédito;Marketplace;3514,48;2515,62;998,86;0,2842
104288;2025-12-10;C0817;2;27;1;1042,75;0,0;698,64;Boleto;Online;1042,75;698,64;344,11;0,33
104289;2025-10-12;C0298;9;13;4;319,88;0,1;201,52;PIX;Marketplace;1151,57;806,08;345,49;0,3
104290;2025-08-15;C0605;8;24;3;174,73;0,0;96,1;PIX;Online;524,19;288,3;235,89;0,45
104291;2026-06-22;C2344;5;27;1;466,08;0,0;302,95;Cartão de crédito;Marketplace;466,08;302,95;163,13;0,35
104292;2025-03-11;C0063;15;15;2;4023,8;0,1;3138,56;Cartão de crédito;Online;7242,84;6277,12;965,72;0,1333
104293;2025-01-27;C1418;1;2;2;824,32;0,1;527,56;Boleto;Online;1483,78;1055,12;428,66;0,2889
104294;2025-12-14;C0959;2;17;4;1071,32;0,1;717,78;Cartão de crédito;Marketplace;3856,75;2871,12;985,63;0,2556
104295;2025-11-21;C1462;3;22;1;84,83;0,0;38,17;Cartão de débito;Marketplace;84,83;38,17;46,66;0,55
104296;2025-06-10;C0024;7;13;3;284,93;0,2;176,66;Cartão de crédito;Marketplace;683,83;529,98;153,85;0,225
104297;2025-02-18;C2085;7;8;2;899,56;0,05;557,73;Boleto;Marketplace;1709,16;1115,46;593,7;0,3474
104298;2025-05-04;C0647;14;11;1;4005,39;0,0;2883,88;PIX;Online;4005,39;2883,88;1121,51;0,28
104299;2025-08-22;C0557;8;7;1;281,97;0,0;155,08;PIX;Online;281,97;155,08;126,89;0,45
104300;2025-09-10;C0692;12;16;1;2035,36;0,0;1384,04;Boleto;Online;2035,36;1384,04;651,32;0,32
104301;2025-08-24;C2072;1;14;4;506,98;0,1;324,47;Cartão de débito;Marketplace;1825,13;1297,88;527,25;0,2889
104302;2025-12-30;C1053;16;27;1;392,02;0,0;215,61;PIX;Online;392,02;215,61;176,41;0,45
104303;2025-08-19;C0108;5;6;1;840,57;0,1;546,37;Boleto;Online;756,51;546,37;210,14;0,2778
104304;2025-02-17;C2111;13;4;1;88,55;0,2;51,36;PIX;Marketplace;70,84;51,36;19,48;0,275
104305;2025-12-09;C2395;17;23;1;320,47;0,05;192,28;Boleto;Marketplace;304,45;192,28;112,17;0,3684
104306;2025-04-18;C0244;7;17;2;512,48;0,0;317,74;Cartão de débito;Online;1024,96;635,48;389,48;0,38
104307;2026-04-28;C0512;15;26;1;2005,7;0,1;1564,45;Cartão de débito;Marketplace;1805,13;1564,45;240,68;0,1333
104308;2026-02-08;C2163;11;9;2;1206,6;0,0;820,49;Boleto;Marketplace;2413,2;1640,98;772,22;0,32
104309;2025-08-02;C1962;8;20;1;141,19;0,05;77,65;Cartão de crédito;Marketplace;134,13;77,65;56,48;0,4211
104310;2025-08-13;C1613;13;22;1;104,38;0,0;60,54;Boleto;Marketplace;104,38;60,54;43,84;0,42
104311;2025-06-01;C0028;17;9;2;480,26;0,0;288,16;Cartão de débito;Online;960,52;576,32;384,2;0,4
104312;2025-05-16;C2186;11;6;2;1337,01;0,0;909,17;Cartão de débito;Online;2674,02;1818,34;855,68;0,32
104313;2025-04-30;C1648;11;10;1;1033,48;0,1;702,77;Boleto;Marketplace;930,13;702,77;227,36;0,2444
104314;2025-05-16;C1764;11;11;1;863,47;0,05;587,16;Cartão de débito;Online;820,3;587,16;233,14;0,2842
104315;2025-07-21;C1640;10;16;1;102,24;0,0;53,16;Cartão de crédito;Online;102,24;53,16;49,08;0,48
104316;2025-09-07;C1997;4;9;1;1035,26;0,1;724,68;Cartão de débito;Online;931,73;724,68;207,05;0,2222
104317;2025-08-03;C1466;14;20;1;3783,43;0,1;2724,07;Cartão de crédito;Marketplace;3405,09;2724,07;681,02;0,2
104318;2025-07-05;C2458;5;6;3;1036,68;0,15;673,84;Cartão de crédito;Online;2643,53;2021,52;622,01;0,2353
104319;2025-09-18;C2468;15;10;1;3879,23;0,05;3025,8;PIX;Marketplace;3685,27;3025,8;659,47;0,1789
104320;2026-04-06;C1898;5;11;1;960,85;0,2;624,55;Boleto;Marketplace;768,68;624,55;144,13;0,1875
104321;2025-11-14;C1494;15;12;3;2557,44;0,15;1994,8;Boleto;Marketplace;6521,47;5984,4;537,07;0,0824
104322;2026-01-30;C0386;1;14;2;321,92;0,0;206,03;PIX;Online;643,84;412,06;231,78;0,36
104323;2026-04-27;C0843;4;1;3;1302,93;0,15;912,05;Cartão de crédito;Online;3322,47;2736,15;586,32;0,1765
104324;2025-01-21;C1202;6;10;3;191,15;0,05;95,58;Boleto;Marketplace;544,78;286,74;258,04;0,4737
104325;2025-02-02;C1941;5;14;3;1111,91;0,1;722,74;Boleto;Marketplace;3002,16;2168,22;833,94;0,2778
104326;2026-03-11;C2361;15;24;2;2548,82;0,05;1988,08;Cartão de débito;Marketplace;4842,76;3976,16;866,6;0,1789
104327;2025-11-12;C0288;1;25;1;484,58;0,15;310,13;Boleto;Marketplace;411,89;310,13;101,76;0,2471
104328;2025-05-29;C1578;17;27;1;433,94;0,0;260,36;Cartão de crédito;Online;433,94;260,36;173,58;0,4
104329;2025-06-20;C2010;17;9;2;536,65;0,1;321,99;PIX;Online;965,97;643,98;321,99;0,3333
104330;2025-03-07;C1657;2;21;1;912,29;0,0;611,23;PIX;Marketplace;912,29;611,23;301,06;0,33
104331;2025-07-17;C1906;11;23;2;498,74;0,1;339,14;Boleto;Marketplace;897,73;678,28;219,45;0,2444
104332;2025-05-07;C2170;5;26;1;765,49;0,2;497,57;Boleto;Online;612,39;497,57;114,82;0,1875
104333;2025-09-19;C1046;10;1;1;375,03;0,0;195,02;PIX;Online;375,03;195,02;180,01;0,48
104334;2025-03-02;C1114;14;18;1;4055,97;0,05;2920,3;Cartão de débito;Online;3853,17;2920,3;932,87;0,2421
104335;2026-03-09;C1280;12;7;4;772,63;0,1;525,39;Boleto;Online;2781,47;2101,56;679,91;0,2444
104336;2026-06-21;C0661;10;10;1;259,78;0,1;135,09;PIX;Online;233,8;135,09;98,71;0,4222
104337;2025-07-31;C1096;3;27;1;67,1;0,05;30,19;Cartão de débito;Marketplace;63,74;30,19;33,55;0,5264
104338;2026-05-07;C0799;17;10;3;385,51;0,1;231,31;PIX;Marketplace;1040,88;693,93;346,95;0,3333
104339;2026-06-05;C1891;11;1;3;1523,59;0,15;1036,04;Cartão de débito;Marketplace;3885,15;3108,12;777,03;0,2
104340;2025-03-03;C1322;15;15;1;3347,88;0,1;2611,35;Cartão de crédito;Marketplace;3013,09;2611,35;401,74;0,1333
104341;2026-04-16;C0494;8;4;2;122,91;0,05;67,6;Cartão de crédito;Marketplace;233,53;135,2;98,33;0,4211
104342;2025-08-18;C0083;9;20;1;582,25;0,0;366,82;Cartão de crédito;Online;582,25;366,82;215,43;0,37
104343;2025-05-04;C0824;9;17;3;316,32;0,05;199,28;Boleto;Marketplace;901,51;597,84;303,67;0,3368
104344;2026-05-07;C0003;13;12;1;496,06;0,15;287,71;Boleto;Online;421,65;287,71;133,94;0,3177
104345;2026-03-17;C0873;3;22;2;46,06;0,05;20,73;PIX;Online;87,51;41,46;46,05;0,5262
104346;2025-06-11;C2333;3;23;2;93,34;0,1;42,0;Cartão de crédito;Marketplace;168,01;84,0;84,01;0,5
104347;2026-04-18;C1629;10;25;1;356,67;0,1;185,47;Cartão de crédito;Online;321,0;185,47;135,53;0,4222
104348;2025-11-16;C1010;11;5;4;1034,03;0,2;703,14;Cartão de crédito;Marketplace;3308,9;2812,56;496,34;0,15
104349;2025-11-13;C1725;6;11;1;146,5;0,0;73,25;PIX;Marketplace;146,5;73,25;73,25;0,5
104350;2026-06-09;C0646;3;7;5;23,58;0,0;10,61;Cartão de crédito;Marketplace;117,9;53,05;64,85;0,55
104351;2025-11-24;C1438;17;19;1;669,2;0,05;401,52;Cartão de débito;Marketplace;635,74;401,52;234,22;0,3684
104352;2026-04-28;C0928;14;14;1;2972,73;0,1;2140,37;Cartão de crédito;Marketplace;2675,46;2140,37;535,09;0,2
104353;2026-03-26;C1784;16;10;1;261,49;0,1;143,82;Cartão de débito;Online;235,34;143,82;91,52;0,3889
104354;2025-06-10;C0467;2;5;2;764,84;0,05;512,44;PIX;Online;1453,2;1024,88;428,32;0,2947
104355;2026-05-28;C1780;7;15;3;499,77;0,1;309,86;Cartão de crédito;Online;1349,38;929,58;419,8;0,3111
104356;2025-02-02;C1364;6;4;1;87,36;0,0;43,68;Boleto;Marketplace;87,36;43,68;43,68;0,5
104357;2026-01-01;C1361;9;8;3;184,02;0,0;115,93;Cartão de crédito;Marketplace;552,06;347,79;204,27;0,37
104358;2025-12-23;C1497;14;24;5;2529,4;0,2;1821,17;PIX;Online;10117,6;9105,85;1011,75;0,1
104359;2026-06-29;C2019;16;4;3;233,47;0,0;128,41;Cartão de débito;Marketplace;700,41;385,23;315,18;0,45
104360;2025-06-27;C1303;10;5;2;270,94;0,15;140,89;PIX;Marketplace;460,6;281,78;178,82;0,3882
104361;2025-02-05;C1569;14;15;2;3671,54;0,0;2643,51;Cartão de crédito;Marketplace;7343,08;5287,02;2056,06;0,28
104362;2026-01-07;C0310;3;16;3;36,06;0,15;16,23;PIX;Online;91,95;48,69;43,26;0,4705
104363;2025-06-26;C1861;15;22;3;2068,47;0,15;1613,41;PIX;Online;5274,6;4840,23;434,37;0,0824
104364;2026-05-20;C1734;15;2;2;1447,99;0,15;1129,43;Cartão de crédito;Marketplace;2461,58;2258,86;202,72;0,0824
104365;2026-01-21;C0316;2;2;1;1423,14;0,1;953,5;PIX;Online;1280,83;953,5;327,33;0,2556
104366;2025-05-25;C0523;13;4;3;412,16;0,15;239,05;Boleto;Online;1051,01;717,15;333,86;0,3177
104367;2025-04-08;C0010;6;12;1;155,61;0,0;77,81;Boleto;Online;155,61;77,81;77,8;0,5
104368;2025-02-14;C2276;2;25;2;1459,3;0,0;977,73;PIX;Online;2918,6;1955,46;963,14;0,33
104369;2026-02-16;C2111;13;26;1;396,71;0,1;230,09;Cartão de crédito;Online;357,04;230,09;126,95;0,3556
104370;2026-06-12;C2220;4;3;3;1716,05;0,0;1201,23;Cartão de crédito;Online;5148,15;3603,69;1544,46;0,3
104371;2025-01-17;C0789;2;11;1;1140,5;0,0;764,13;Cartão de crédito;Online;1140,5;764,13;376,37;0,33
104372;2026-01-21;C0907;4;14;1;1783,15;0,1;1248,2;Boleto;Online;1604,84;1248,2;356,64;0,2222
104373;2025-04-19;C0967;7;12;5;222,91;0,1;138,2;PIX;Marketplace;1003,1;691,0;312,1;0,3111
104374;2025-05-21;C0308;14;2;1;5846,03;0,0;4209,14;Boleto;Marketplace;5846,03;4209,14;1636,89;0,28
104375;2025-05-28;C2072;2;15;1;1132,07;0,1;758,49;Cartão de débito;Marketplace;1018,86;758,49;260,37;0,2556
104376;2025-02-22;C1873;7;13;3;350,61;0,05;217,38;PIX;Marketplace;999,24;652,14;347,1;0,3474
104377;2025-06-26;C1593;15;5;1;3314,9;0,0;2585,62;Cartão de crédito;Marketplace;3314,9;2585,62;729,28;0,22
104378;2026-01-14;C1710;10;8;4;193,26;0,1;100,5;Boleto;Marketplace;695,74;402,0;293,74;0,4222
104379;2026-05-18;C2099;11;12;2;737,73;0,0;501,66;PIX;Online;1475,46;1003,32;472,14;0,32
104380;2025-08-29;C2054;9;8;2;481,82;0,0;303,55;Boleto;Marketplace;963,64;607,1;356,54;0,37
104381;2025-02-10;C2165;11;12;1;1801,02;0,1;1224,69;PIX;Online;1620,92;1224,69;396,23;0,2444
104382;2025-05-11;C0927;13;1;1;498,39;0,2;289,07;Boleto;Marketplace;398,71;289,07;109,64;0,275
104383;2025-04-07;C0764;2;12;1;1365,75;0,1;915,05;PIX;Marketplace;1229,18;915,05;314,13;0,2556
104384;2025-09-15;C1314;8;21;1;106,09;0,1;58,35;PIX;Online;95,48;58,35;37,13;0,3889
104385;2025-11-16;C0149;1;16;1;558,3;0,1;357,31;Cartão de débito;Marketplace;502,47;357,31;145,16;0,2889
104386;2026-06-28;C1446;6;24;2;235,58;0,0;117,79;Cartão de crédito;Marketplace;471,16;235,58;235,58;0,5
104387;2026-01-17;C1561;16;7;2;188,89;0,1;103,89;Boleto;Online;340,0;207,78;132,22;0,3889
104388;2026-03-23;C0669;3;22;1;53,15;0,0;23,92;Cartão de débito;Marketplace;53,15;23,92;29,23;0,55
104389;2025-08-25;C1042;4;21;1;911,72;0,1;638,2;PIX;Marketplace;820,55;638,2;182,35;0,2222
104390;2025-02-03;C0660;8;18;3;252,35;0,1;138,79;Cartão de crédito;Online;681,34;416,37;264,97;0,3889
104391;2026-05-25;C0331;3;6;2;22,14;0,0;9,96;PIX;Online;44,28;19,92;24,36;0,5501
104392;2026-01-31;C2341;13;14;1;271,03;0,1;157,2;Cartão de débito;Marketplace;243,93;157,2;86,73;0,3556
104393;2025-10-16;C1011;17;5;2;121,46;0,0;72,88;Cartão de crédito;Marketplace;242,92;145,76;97,16;0,4
104394;2026-04-25;C2348;10;17;2;364,3;0,05;189,44;PIX;Marketplace;692,17;378,88;313,29;0,4526
104395;2025-05-20;C0212;8;11;2;101,47;0,1;55,81;PIX;Online;182,65;111,62;71,03;0,3889
104396;2026-06-06;C1026;1;20;1;627,79;0,05;401,79;Cartão de crédito;Online;596,4;401,79;194,61;0,3263
104397;2026-04-26;C1949;3;23;2;80,23;0,1;36,1;PIX;Online;144,41;72,2;72,21;0,5
104398;2025-11-29;C0868;13;16;2;475,29;0,0;275,67;Cartão de débito;Marketplace;950,58;551,34;399,24;0,42
104399;2026-05-04;C1848;8;25;2;180,32;0,0;99,18;PIX;Online;360,64;198,36;162,28;0,45
104400;2025-04-20;C2135;7;6;1;408,21;0,0;253,09;PIX;Marketplace;408,21;253,09;155,12;0,38
104401;2025-08-21;C1551;12;21;1;1114,53;0,1;757,88;Boleto;Marketplace;1003,08;757,88;245,2;0,2444
104402;2025-01-17;C1169;7;12;1;825,16;0,1;511,6;Cartão de débito;Marketplace;742,64;511,6;231,04;0,3111
104403;2025-11-15;C1832;6;21;2;61,2;0,05;30,6;Cartão de débito;Online;116,28;61,2;55,08;0,4737
104404;2025-12-15;C0989;6;10;1;177,79;0,0;88,89;PIX;Marketplace;177,79;88,89;88,9;0,5
104405;2026-03-06;C1943;15;25;2;2159,24;0,1;1684,21;Boleto;Online;3886,63;3368,42;518,21;0,1333
104406;2026-06-14;C1780;6;5;1;132,85;0,15;66,42;PIX;Marketplace;112,92;66,42;46,5;0,4118
104407;2025-05-19;C0265;4;24;1;1620,55;0,1;1134,38;Cartão de débito;Marketplace;1458,5;1134,38;324,12;0,2222
104408;2025-03-31;C1151;12;18;1;1589,79;0,05;1081,06;Boleto;Online;1510,3;1081,06;429,24;0,2842
104409;2026-01-24;C1447;6;17;1;241,99;0,15;121,0;Boleto;Online;205,69;121,0;84,69;0,4117
104410;2025-06-07;C0554;8;26;1;201,03;0,1;110,57;Cartão de crédito;Online;180,93;110,57;70,36;0,3889
104411;2025-07-02;C2067;2;20;3;1084,76;0,05;726,79;Cartão de débito;Marketplace;3091,57;2180,37;911,2;0,2947
104412;2025-11-26;C2001;15;12;1;2360,78;0,0;1841,41;Cartão de crédito;Marketplace;2360,78;1841,41;519,37;0,22
104413;2025-04-11;C0058;3;3;2;20,63;0,1;9,28;PIX;Marketplace;37,13;18,56;18,57;0,5001
104414;2025-10-07;C0642;7;3;2;512,83;0,1;317,95;PIX;Marketplace;923,09;635,9;287,19;0,3111
104415;2025-12-24;C0527;10;11;2;341,16;0,0;177,4;PIX;Online;682,32;354,8;327,52;0,48
104416;2025-05-08;C2402;3;3;1;79,44;0,0;35,75;Cartão de débito;Marketplace;79,44;35,75;43,69;0,55
104417;2025-08-29;C1342;5;25;1;632,02;0,05;410,81;Boleto;Marketplace;600,42;410,81;189,61;0,3158
104418;2025-08-06;C1027;3;22;3;82,96;0,0;37,33;PIX;Marketplace;248,88;111,99;136,89;0,55
104419;2025-02-19;C0848;4;12;2;518,15;0,1;362,7;Boleto;Online;932,67;725,4;207,27;0,2222
104420;2025-01-02;C1927;2;3;3;343,77;0,15;230,33;Cartão de débito;Online;876,61;690,99;185,62;0,2117
104421;2025-03-29;C2362;10;20;2;234,04;0,0;121,7;Boleto;Marketplace;468,08;243,4;224,68;0,48
104422;2025-10-07;C1944;8;19;1;265,83;0,15;146,21;Boleto;Online;225,96;146,21;79,75;0,3529
104423;2025-10-24;C0944;7;5;1;467,4;0,1;289,79;Cartão de crédito;Online;420,66;289,79;130,87;0,3111
104424;2025-12-23;C0808;13;15;1;495,35;0,15;287,3;Cartão de débito;Marketplace;421,05;287,3;133,75;0,3177
104425;2026-06-29;C1825;4;10;2;2278,91;0,05;1595,24;Cartão de crédito;Marketplace;4329,93;3190,48;1139,45;0,2632
104426;2025-02-26;C2045;15;6;1;3754,29;0,1;2928,35;Boleto;Marketplace;3378,86;2928,35;450,51;0,1333
104427;2026-03-02;C0295;2;21;1;723,6;0,0;484,81;Cartão de débito;Marketplace;723,6;484,81;238,79;0,33
104428;2025-04-20;C2348;1;10;1;902,44;0,15;577,56;Boleto;Marketplace;767,07;577,56;189,51;0,2471
104429;2025-08-17;C2377;2;3;3;297,81;0,0;199,53;PIX;Marketplace;893,43;598,59;294,84;0,33
104430;2025-08-11;C0068;16;21;1;296,93;0,05;163,31;Cartão de crédito;Online;282,08;163,31;118,77;0,4211
104431;2025-03-21;C1593;11;1;1;1112,53;0,05;756,52;Cartão de crédito;Marketplace;1056,9;756,52;300,38;0,2842
104432;2025-04-21;C0371;6;4;1;180,81;0,1;90,41;Cartão de débito;Marketplace;162,73;90,41;72,32;0,4444
104433;2026-03-02;C1495;1;24;4;637,91;0,1;408,26;PIX;Marketplace;2296,48;1633,04;663,44;0,2889
104434;2026-04-17;C1921;3;12;2;46,77;0,0;21,05;Cartão de crédito;Marketplace;93,54;42,1;51,44;0,5499
104435;2025-07-06;C2408;15;8;3;2536,72;0,1;1978,64;PIX;Marketplace;6849,14;5935,92;913,22;0,1333
104436;2026-05-05;C0039;7;4;1;245,47;0,0;152,19;Cartão de crédito;Online;245,47;152,19;93,28;0,38
104437;2026-02-05;C2087;13;26;2;277,81;0,0;161,13;Cartão de débito;Online;555,62;322,26;233,36;0,42
104438;2026-03-21;C2233;1;17;3;500,99;0,05;320,63;Cartão de crédito;Online;1427,82;961,89;465,93;0,3263
104439;2026-06-23;C1090;15;1;1;3501,62;0,05;2731,26;PIX;Marketplace;3326,54;2731,26;595,28;0,1789
104440;2026-04-30;C1785;15;7;2;4628,77;0,0;3610,44;Cartão de débito;Online;9257,54;7220,88;2036,66;0,22
104441;2026-01-13;C1481;1;17;3;783,56;0,0;501,48;Cartão de crédito;Marketplace;2350,68;1504,44;846,24;0,36
104442;2025-01-06;C0620;5;24;2;746,94;0,15;485,51;Cartão de débito;Online;1269,8;971,02;298,78;0,2353
104443;2025-05-28;C2225;11;15;3;1243,45;0,05;845,55;Cartão de débito;Marketplace;3543,83;2536,65;1007,18;0,2842
104444;2025-11-04;C1985;10;1;4;211,37;0,1;109,91;Boleto;Marketplace;760,93;439,64;321,29;0,4222
104445;2025-10-11;C1475;10;9;1;225,55;0,0;117,29;Cartão de débito;Online;225,55;117,29;108,26;0,48
104446;2025-05-06;C2256;14;13;4;5040,91;0,0;3629,46;Cartão de crédito;Marketplace;20163,64;14517,84;5645,8;0,28
104447;2026-02-17;C1272;4;1;3;2383,93;0,1;1668,75;PIX;Online;6436,61;5006,25;1430,36;0,2222
104448;2025-11-24;C2170;14;13;1;2505,28;0,15;1803,8;Boleto;Marketplace;2129,49;1803,8;325,69;0,1529
104449;2025-09-24;C1039;8;13;1;97,46;0,0;53,6;Boleto;Marketplace;97,46;53,6;43,86;0,45
104450;2026-01-29;C1212;5;5;1;530,49;0,15;344,82;PIX;Marketplace;450,92;344,82;106,1;0,2353
104451;2025-10-11;C2352;3;12;1;38,31;0,2;17,24;Cartão de débito;Online;30,65;17,24;13,41;0,4375
104452;2025-06-24;C2057;10;24;1;375,96;0,0;195,5;Cartão de débito;Marketplace;375,96;195,5;180,46;0,48
104453;2025-07-31;C2251;9;10;3;359,39;0,0;226,42;Cartão de crédito;Marketplace;1078,17;679,26;398,91;0,37
104454;2025-04-29;C2459;7;16;1;389,62;0,1;241,56;Boleto;Online;350,66;241,56;109,1;0,3111
104455;2025-01-28;C1959;10;7;3;285,31;0,05;148,36;Cartão de crédito;Marketplace;813,13;445,08;368,05;0,4526
104456;2026-05-14;C1847;11;12;1;1952,39;0,05;1327,63;PIX;Online;1854,77;1327,63;527,14;0,2842
104457;2026-03-26;C1221;15;15;1;3882,78;0,05;3028,57;Cartão de débito;Marketplace;3688,64;3028,57;660,07;0,1789
104458;2026-06-24;C1434;6;7;1;211,25;0,05;105,62;PIX;Marketplace;200,69;105,62;95,07;0,4737
104459;2025-04-30;C1003;3;16;1;70,54;0,05;31,74;Não informado;Marketplace;67,01;31,74;35,27;0,5263
104460;2026-03-22;C0996;15;16;3;2280,53;0,0;1778,81;Boleto;Marketplace;6841,59;5336,43;1505,16;0,22
104461;2025-10-12;C0971;8;9;1;114,72;0,0;63,1;PIX;Marketplace;114,72;63,1;51,62;0,45
104462;2026-01-14;C1571;3;7;3;25,82;0,15;11,62;Cartão de crédito;Marketplace;65,84;34,86;30,98;0,4705
104463;2026-01-18;C2019;4;5;2;1837,63;0,1;1286,34;Cartão de débito;Online;3307,73;2572,68;735,05;0,2222
104464;2025-01-30;C0245;12;1;1;722,13;0,0;491,05;Cartão de crédito;Marketplace;722,13;491,05;231,08;0,32
104465;2026-01-24;C1320;1;12;2;499,07;0,0;319,4;Cartão de crédito;Online;998,14;638,8;359,34;0,36
104466;2025-11-07;C0758;2;17;1;407,11;0,1;272,76;Cartão de crédito;Online;366,4;272,76;93,64;0,2556
104467;2025-08-28;C1012;5;4;4;1110,27;0,1;721,68;Boleto;Marketplace;3996,97;2886,72;1110,25;0,2778
104468;2025-07-27;C1524;1;7;3;436,32;0,1;279,24;Boleto;Marketplace;1178,06;837,72;340,34;0,2889
104469;2026-02-10;C0641;14;20;1;5055,83;0,0;3640,2;Cartão de crédito;Marketplace;5055,83;3640,2;1415,63;0,28
104470;2025-11-30;C1928;8;21;1;269,1;0,0;148,01;Boleto;Online;269,1;148,01;121,09;0,45
104471;2026-03-12;C1014;3;12;1;94,56;0,05;42,55;Cartão de débito;Marketplace;89,83;42,55;47,28;0,5263
104472;2026-02-26;C0112;16;9;2;428,67;0,2;235,77;PIX;Marketplace;685,87;471,54;214,33;0,3125
104473;2025-02-26;C1198;14;21;1;3773,3;0,0;2716,78;Cartão de débito;Marketplace;3773,3;2716,78;1056,52;0,28
104474;2025-01-28;C0335;7;24;1;481,08;0,0;298,27;Cartão de débito;Marketplace;481,08;298,27;182,81;0,38
104475;2025-06-01;C1838;11;26;1;953,01;0,05;648,05;PIX;Marketplace;905,36;648,05;257,31;0,2842
104476;2025-12-26;C1743;15;23;1;1270,75;0,05;991,19;Boleto;Online;1207,21;991,19;216,02;0,1789
104477;2025-11-20;C2268;2;13;1;1349,09;0,1;903,89;Boleto;Online;1214,18;903,89;310,29;0,2556
104478;2026-05-28;C1246;6;23;1;115,87;0,0;57,94;Cartão de crédito;Marketplace;115,87;57,94;57,93;0,5
104479;2026-02-06;C1388;5;23;2;677,22;0,05;440,19;PIX;Online;1286,72;880,38;406,34;0,3158
104480;2025-01-25;C1431;3;7;1;35,19;0,0;15,84;Boleto;Marketplace;35,19;15,84;19,35;0,5499
104481;2025-03-08;C0527;7;13;1;388,18;0,05;240,67;Boleto;Online;368,77;240,67;128,1;0,3474
104482;2026-05-11;C2133;7;27;4;318,3;0,05;197,35;Cartão de débito;Online;1209,54;789,4;420,14;0,3474
104483;2025-06-24;C1271;9;26;1;347,1;0,05;218,67;Boleto;Online;329,74;218,67;111,07;0,3368
104484;2026-06-26;C1524;12;14;1;760,01;0,05;516,81;Cartão de débito;Marketplace;722,01;516,81;205,2;0,2842
104485;2025-05-07;C1735;6;10;1;89,79;0,05;44,9;Boleto;Online;85,3;44,9;40,4;0,4736
104486;2026-05-02;C1970;16;25;1;567,02;0,05;311,86;Cartão de débito;Marketplace;538,67;311,86;226,81;0,4211
104487;2025-04-13;C0013;9;25;1;477,62;0,1;300,9;Boleto;Online;429,86;300,9;128,96;0,3
104488;2025-01-13;C1203;11;1;1;925,14;0,1;629,1;Cartão de crédito;Online;832,63;629,1;203,53;0,2444
104489;2025-11-30;C2166;4;6;1;922,46;0,05;645,72;PIX;Marketplace;876,34;645,72;230,62;0,2632
104490;2025-02-17;C2157;13;22;1;201,01;0,0;116,59;PIX;Online;201,01;116,59;84,42;0,42
104491;2025-03-02;C1913;11;5;2;1898,11;0,0;1290,71;Cartão de crédito;Marketplace;3796,22;2581,42;1214,8;0,32
104492;2025-01-15;C2143;16;8;2;314,06;0,1;172,73;Cartão de crédito;Marketplace;565,31;345,46;219,85;0,3889
104493;2026-01-27;C1789;11;16;1;1436,65;0,0;976,92;Boleto;Marketplace;1436,65;976,92;459,73;0,32
104494;2025-02-13;C0170;12;11;3;1261,4;0,05;857,75;Cartão de débito;Online;3594,99;2573,25;1021,74;0,2842
104495;2025-01-24;C1664;8;3;3;205,55;0,1;113,05;Boleto;Marketplace;554,99;339,15;215,84;0,3889
104496;2025-09-05;C1361;9;3;1;287,18;0,1;180,92;Cartão de crédito;Online;258,46;180,92;77,54;0,3
104497;2025-08-05;C2304;16;24;1;246,44;0,0;135,54;PIX;Marketplace;246,44;135,54;110,9;0,45
104498;2026-06-07;C0399;4;15;1;1547,96;0,0;1083,57;Cartão de crédito;Marketplace;1547,96;1083,57;464,39;0,3
104499;2025-09-24;C1115;7;27;2;803,98;0,1;498,47;Boleto;Marketplace;1447,16;996,94;450,22;0,3111
104500;2025-02-06;C0167;1;21;2;481,89;0,0;308,41;Cartão de crédito;Marketplace;963,78;616,82;346,96;0,36
104501;2026-05-23;C0679;10;12;3;113,44;0,0;58,99;Boleto;Online;340,32;176,97;163,35;0,48
104502;2025-02-22;C2313;3;17;2;95,62;0,0;43,03;Cartão de crédito;Online;191,24;86,06;105,18;0,55
104503;2026-02-21;C2185;16;5;3;151,32;0,15;83,23;PIX;Marketplace;385,87;249,69;136,18;0,3529
104504;2025-07-04;C2251;17;10;1;138,25;0,05;82,95;Não informado;Marketplace;131,34;82,95;48,39;0,3684
104505;2025-06-07;C1515;16;5;1;155,85;0,15;85,72;Boleto;Online;132,47;85,72;46,75;0,3529
104506;2026-03-28;C1649;13;24;2;270,02;0,0;156,61;PIX;Marketplace;540,04;313,22;226,82;0,42
104507;2026-05-16;C1148;9;3;1;386,58;0,1;243,55;Boleto;Online;347,92;243,55;104,37;0,3
104508;2025-08-26;C0904;3;2;1;46,95;0,05;21,13;Cartão de crédito;Marketplace;44,6;21,13;23,47;0,5262
104509;2026-01-27;C0338;7;19;1;831,17;0,0;515,33;Boleto;Marketplace;831,17;515,33;315,84;0,38
104510;2025-09-29;C1076;12;6;2;1365,96;0,05;928,85;PIX;Online;2595,32;1857,7;737,62;0,2842
104511;2025-10-20;C1512;10;22;1;291,16;0,1;151,4;Cartão de crédito;Online;262,04;151,4;110,64;0,4222
104512;2025-02-15;C1042;3;26;2;58,81;0,05;26,46;Cartão de débito;Online;111,74;52,92;58,82;0,5264
104513;2025-09-10;C2434;3;24;1;46,02;0,0;20,71;Boleto;Marketplace;46,02;20,71;25,31;0,55
104514;2026-05-13;C1153;14;4;2;2923,73;0,05;2105,09;PIX;Online;5555,09;4210,18;1344,91;0,2421
104515;2026-03-22;C0508;7;15;1;293,46;0,0;181,95;PIX;Marketplace;293,46;181,95;111,51;0,38
104516;2025-07-22;C0588;15;19;3;2720,97;0,0;2122,36;Cartão de débito;Marketplace;8162,91;6367,08;1795,83;0,22
104517;2026-01-04;C1412;17;16;1;106,23;0,1;63,74;Cartão de débito;Marketplace;95,61;63,74;31,87;0,3333
104518;2026-05-08;C1390;13;3;1;248,82;0,05;144,32;Cartão de crédito;Marketplace;236,38;144,32;92,06;0,3895
104519;2025-06-26;C0055;6;23;1;144,16;0,0;72,08;Cartão de débito;Marketplace;144,16;72,08;72,08;0,5
104520;2025-07-08;C0868;12;5;1;2385,34;0,1;1622,03;Cartão de débito;Marketplace;2146,81;1622,03;524,78;0,2444
104521;2025-06-12;C1849;8;25;1;114,02;0,05;62,71;Boleto;Marketplace;108,32;62,71;45,61;0,4211
104522;2025-10-26;C1780;3;9;3;46,86;0,05;21,09;Cartão de crédito;Marketplace;133,55;63,27;70,28;0,5262
104523;2026-04-03;C1876;16;12;2;391,78;0,0;215,48;PIX;Marketplace;783,56;430,96;352,6;0,45
104524;2025-03-16;C0825;5;24;1;546,58;0,15;355,28;Boleto;Marketplace;464,59;355,28;109,31;0,2353
104525;2025-09-24;C2473;6;5;4;50,92;0,1;25,46;Boleto;Marketplace;183,31;101,84;81,47;0,4444
104526;2026-05-29;C0858;3;8;2;22,54;0,0;10,14;Cartão de débito;Online;45,08;20,28;24,8;0,5501
104527;2026-04-06;C2445;8;23;1;133,53;0,0;73,44;Cartão de débito;Online;133,53;73,44;60,09;0,45
104528;2025-04-15;C1307;5;8;2;864,75;0,15;562,09;Cartão de crédito;Online;1470,08;1124,18;345,9;0,2353
104529;2026-02-17;C1146;16;18;1;105,67;0,0;58,12;Cartão de crédito;Online;105,67;58,12;47,55;0,45
104530;2026-05-28;C2165;1;15;3;816,32;0,1;522,44;Cartão de débito;Online;2204,06;1567,32;636,74;0,2889
104531;2025-12-29;C1131;17;17;2;567,71;0,0;340,63;Cartão de crédito;Marketplace;1135,42;681,26;454,16;0,4
104532;2025-09-09;C1066;8;19;3;269,26;0,05;148,09;Cartão de crédito;Marketplace;767,39;444,27;323,12;0,4211
104533;2025-01-13;C2049;10;15;1;138,67;0,1;72,11;Cartão de crédito;Marketplace;124,8;72,11;52,69;0,4222
104534;2025-02-08;C0579;16;18;1;594,43;0,0;326,94;PIX;Marketplace;594,43;326,94;267,49;0,45
104535;2025-05-29;C1380;13;18;1;408,36;0,2;236,85;Boleto;Online;326,69;236,85;89,84;0,275
104536;2025-12-12;C0177;1;6;4;387,76;0,0;248,17;Cartão de crédito;Online;1551,04;992,68;558,36;0,36
104537;2026-05-07;C2384;4;21;1;1803,22;0,05;1262,25;Cartão de crédito;Online;1713,06;1262,25;450,81;0,2632
104538;2025-12-29;C0754;8;15;3;172,98;0,05;95,14;Cartão de crédito;Online;492,99;285,42;207,57;0,421
104539;2025-04-06;C1603;10;8;2;339,05;0,15;176,31;PIX;Online;576,38;352,62;223,76;0,3882
104540;2025-08-20;C1930;3;25;5;24,31;0,1;10,94;Cartão de crédito;Marketplace;109,4;54,7;54,7;0,5
104541;2025-01-19;C0799;5;26;2;802,77;0,2;521,8;Cartão de crédito;Marketplace;1284,43;1043,6;240,83;0,1875
104542;2025-07-01;C1630;16;3;2;341,19;0,1;187,65;PIX;Marketplace;614,14;375,3;238,84;0,3889
104543;2026-06-10;C1337;9;13;3;335,46;0,05;211,34;Cartão de débito;Online;956,06;634,02;322,04;0,3368
104544;2025-06-22;C1892;1;24;1;382,04;0,0;244,51;Cartão de débito;Online;382,04;244,51;137,53;0,36
104545;2025-05-19;C2355;7;10;1;659,25;0,2;408,74;PIX;Online;527,4;408,74;118,66;0,225
104546;2025-10-31;C2428;17;6;2;573,18;0,05;343,91;Boleto;Marketplace;1089,04;687,82;401,22;0,3684
104547;2025-08-29;C0350;9;7;1;312,87;0,0;197,11;PIX;Marketplace;312,87;197,11;115,76;0,37
104548;2025-02-28;C1948;12;1;3;2196,08;0,05;1493,33;PIX;Marketplace;6258,83;4479,99;1778,84;0,2842
104549;2026-02-14;C1684;5;27;5;1035,84;0,0;673,3;PIX;Marketplace;5179,2;3366,5;1812,7;0,35
104550;2025-01-18;C1148;11;17;3;937,89;0,0;637,77;PIX;Online;2813,67;1913,31;900,36;0,32
104551;2026-05-27;C1904;14;23;4;4659,75;0,0;3355,02;Cartão de crédito;Marketplace;18639,0;13420,08;5218,92;0,28
104552;2025-04-08;C0319;13;21;2;401,67;0,2;232,97;Cartão de crédito;Marketplace;642,67;465,94;176,73;0,275
104553;2025-08-03;C0969;5;12;1;957,36;0,1;622,28;Boleto;Marketplace;861,62;622,28;239,34;0,2778
104554;2025-04-29;C0200;14;7;1;3919,97;0,0;2822,38;Cartão de débito;Online;3919,97;2822,38;1097,59;0,28
104555;2025-07-10;C0030;4;22;3;1369,56;0,2;958,69;Boleto;Online;3286,94;2876,07;410,87;0,125
104556;2025-03-21;C1589;5;27;2;330,45;0,05;214,79;Cartão de débito;Online;627,85;429,58;198,27;0,3158
104557;2026-01-24;C0388;17;23;1;732,9;0,2;439,74;Cartão de crédito;Online;586,32;439,74;146,58;0,25
104558;2026-05-02;C0352;15;6;2;1484,3;0,1;1157,75;PIX;Marketplace;2671,74;2315,5;356,24;0,1333
104559;2025-02-17;C1370;2;15;2;1004,65;0,1;673,12;Cartão de crédito;Online;1808,37;1346,24;462,13;0,2556
104560;2025-01-06;C1363;14;3;1;4043,42;0,1;2911,26;PIX;Online;3639,08;2911,26;727,82;0,2
104561;2025-08-20;C1495;10;5;2;107,85;0,1;56,08;PIX;Online;194,13;112,16;81,97;0,4222
104562;2025-04-23;C0983;2;22;2;285,16;0,1;191,06;Boleto;Marketplace;513,29;382,12;131,17;0,2555
104563;2025-02-25;C1626;17;6;1;619,74;0,0;371,84;Cartão de débito;Online;619,74;371,84;247,9;0,4
104564;2026-04-02;C1804;11;11;1;529,85;0,0;360,3;PIX;Marketplace;529,85;360,3;169,55;0,32
104565;2026-05-26;C1381;15;14;1;1514,02;0,05;1180,94;Boleto;Marketplace;1438,32;1180,94;257,38;0,1789
104566;2026-02-08;C0500;7;7;1;498,44;0,15;309,03;Cartão de crédito;Marketplace;423,67;309,03;114,64;0,2706
104567;2025-04-12;C1956;1;19;4;522,07;0,2;334,12;Cartão de crédito;Marketplace;1670,62;1336,48;334,14;0,2
104568;2025-09-27;C0476;7;15;1;676,29;0,05;419,3;PIX;Marketplace;642,48;419,3;223,18;0,3474
104569;2025-08-11;C0305;3;1;3;94,82;0,05;42,67;Boleto;Marketplace;270,24;128,01;142,23;0,5263
104570;2025-01-01;C1679;15;10;1;2284,71;0,15;1782,07;Cartão de crédito;Marketplace;1942,0;1782,07;159,93;0,0824
104571;2025-01-06;C0787;8;22;1;276,41;0,1;152,03;Cartão de crédito;Marketplace;248,77;152,03;96,74;0,3889
104572;2025-04-02;C1891;16;11;1;152,13;0,1;83,67;Cartão de crédito;Online;136,92;83,67;53,25;0,3889
104573;2026-04-08;C0874;13;9;1;439,98;0,1;255,19;Cartão de crédito;Marketplace;395,98;255,19;140,79;0,3555
104574;2025-01-31;C1002;7;27;4;502,6;0,05;311,61;Boleto;Marketplace;1909,88;1246,44;663,44;0,3474
104575;2025-02-01;C0261;14;1;2;4829,96;0,15;3477,57;PIX;Marketplace;8210,93;6955,14;1255,79;0,1529
104576;2026-02-13;C0235;13;18;2;446,72;0,05;259,1;PIX;Online;848,77;518,2;330,57;0,3895
104577;2026-03-08;C1148;17;14;1;633,61;0,0;380,17;Cartão de crédito;Online;633,61;380,17;253,44;0,4
104578;2026-04-30;C1299;2;18;3;1073,6;0,15;719,31;PIX;Online;2737,68;2157,93;579,75;0,2118
104579;2025-08-23;C0256;13;18;2;455,71;0,15;264,31;Cartão de crédito;Online;774,71;528,62;246,09;0,3177
104580;2026-06-08;C1072;10;7;1;151,78;0,1;78,93;PIX;Online;136,6;78,93;57,67;0,4222
104581;2025-06-02;C0976;4;18;1;1878,89;0,05;1315,22;Cartão de crédito;Marketplace;1784,95;1315,22;469,73;0,2632
104582;2026-03-11;C1054;9;2;1;485,4;0,0;305,8;PIX;Marketplace;485,4;305,8;179,6;0,37
104583;2026-03-17;C0139;14;8;2;4759,51;0,0;3426,85;Cartão de débito;Marketplace;9519,02;6853,7;2665,32;0,28
104584;2025-08-18;C1191;17;3;2;619,98;0,1;371,99;Cartão de crédito;Online;1115,96;743,98;371,98;0,3333
104585;2025-02-16;C1981;8;10;1;206,85;0,1;113,77;Boleto;Marketplace;186,16;113,77;72,39;0,3889
104586;2025-04-25;C2284;12;16;3;1648,4;0,2;1120,91;Cartão de crédito;Marketplace;3956,16;3362,73;593,43;0,15
104587;2025-10-18;C2001;2;21;1;872,89;0,0;584,84;Cartão de débito;Marketplace;872,89;584,84;288,05;0,33
104588;2025-09-12;C1770;8;2;2;185,12;0,0;101,82;PIX;Online;370,24;203,64;166,6;0,45
104589;2025-09-05;C0314;11;10;2;1746,77;0,05;1187,8;Cartão de crédito;Marketplace;3318,86;2375,6;943,26;0,2842
104590;2025-08-08;C1941;14;10;1;5691,78;0,0;4098,08;Boleto;Marketplace;5691,78;4098,08;1593,7;0,28
104591;2025-01-19;C1469;2;14;1;276,56;0,1;185,3;PIX;Online;248,9;185,3;63,6;0,2555
104592;2026-05-10;C2337;11;1;1;507,87;0,0;345,35;Cartão de débito;Marketplace;507,87;345,35;162,52;0,32
104593;2026-06-02;C0204;16;7;1;202,74;0,15;111,51;Cartão de débito;Marketplace;172,33;111,51;60,82;0,3529
104594;2026-03-13;C0389;15;22;1;2385,32;0,0;1860,55;Boleto;Online;2385,32;1860,55;524,77;0,22
104595;2026-06-10;C0107;8;3;1;197,2;0,1;108,46;Cartão de crédito;Marketplace;177,48;108,46;69,02;0,3889
104596;2025-07-26;C0365;6;8;2;80,02;0,1;40,01;Boleto;Marketplace;144,04;80,02;64,02;0,4445
104597;2025-06-02;C0657;13;20;1;481,34;0,0;279,18;Boleto;Marketplace;481,34;279,18;202,16;0,42
104598;2025-12-21;C0010;13;15;3;377,55;0,0;218,98;Boleto;Online;1132,65;656,94;475,71;0,42
104599;2025-06-29;C1887;10;23;2;386,55;0,0;201,01;PIX;Online;773,1;402,02;371,08;0,48
104600;2026-05-22;C0773;8;21;1;149,42;0,05;82,18;Boleto;Marketplace;141,95;82,18;59,77;0,4211
104601;2025-04-14;C1268;7;11;2;158,9;0,0;98,52;Boleto;Online;317,8;197,04;120,76;0,38
104602;2025-09-25;C0459;8;21;1;191,8;0,0;105,49;PIX;Online;191,8;105,49;86,31;0,45
104603;2025-02-21;C1349;4;22;5;771,88;0,2;540,32;PIX;Online;3087,52;2701,6;385,92;0,125
104604;2026-01-08;C1471;14;17;2;5087,17;0,05;3662,76;Cartão de débito;Marketplace;9665,62;7325,52;2340,1;0,2421
104605;2025-07-06;C2002;9;5;1;400,79;0,05;252,5;Cartão de crédito;Marketplace;380,75;252,5;128,25;0,3368
104606;2025-05-11;C2388;15;14;1;1957,41;0,0;1526,78;Cartão de crédito;Online;1957,41;1526,78;430,63;0,22
104607;2025-02-21;C0438;5;4;1;528,17;0,05;343,31;Cartão de crédito;Online;501,76;343,31;158,45;0,3158
104608;2026-02-19;C2363;2;6;1;906,59;0,1;607,42;Cartão de crédito;Online;815,93;607,42;208,51;0,2555
104609;2025-05-23;C0517;5;13;1;1056,1;0,15;686,46;Boleto;Online;897,68;686,46;211,22;0,2353
104610;2025-11-26;C1944;6;12;1;203,63;0,1;101,81;PIX;Online;183,27;101,81;81,46;0,4445
104611;2025-09-12;C1967;17;25;1;468,75;0,05;281,25;Cartão de débito;Marketplace;445,31;281,25;164,06;0,3684
104612;2025-05-07;C0923;7;1;4;233,7;0,1;144,89;Cartão de débito;Online;841,32;579,56;261,76;0,3111
104613;2025-02-25;C2113;16;25;1;597,76;0,05;328,77;Cartão de crédito;Marketplace;567,87;328,77;239,1;0,421
104614;2025-08-26;C0306;17;21;4;689,72;0,0;413,83;Cartão de débito;Online;2758,88;1655,32;1103,56;0,4
104615;2026-03-31;C1140;5;5;5;637,67;0,1;414,49;Cartão de crédito;Online;2869,52;2072,45;797,07;0,2778
104616;2025-08-02;C1825;1;24;1;475,15;0,0;304,1;PIX;Marketplace;475,15;304,1;171,05;0,36
104617;2025-11-12;C0128;4;26;1;1476,56;0,2;1033,59;PIX;Online;1181,25;1033,59;147,66;0,125
104618;2025-11-26;C2080;11;13;1;1766,49;0,15;1201,21;Cartão de crédito;Online;1501,52;1201,21;300,31;0,2
104619;2025-01-29;C2275;6;9;3;162,93;0,1;81,47;PIX;Online;439,91;244,41;195,5;0,4444
104620;2025-10-15;C2016;13;10;1;489,62;0,1;283,98;Boleto;Marketplace;440,66;283,98;156,68;0,3556
104621;2026-04-21;C0288;1;10;5;598,32;0,0;382,92;Cartão de débito;Online;2991,6;1914,6;1077,0;0,36
104622;2026-04-02;C0067;12;11;1;1448,97;0,15;985,3;Boleto;Online;1231,62;985,3;246,32;0,2
104623;2025-04-03;C0410;1;21;2;990,84;0,1;634,14;Cartão de crédito;Online;1783,51;1268,28;515,23;0,2889
104624;2025-12-12;C0903;4;8;1;989,81;0,0;692,87;Cartão de débito;Marketplace;989,81;692,87;296,94;0,3
104625;2025-08-24;C1998;12;4;1;838,91;0,05;570,46;Cartão de débito;Marketplace;796,96;570,46;226,5;0,2842
104626;2025-01-29;C1697;5;11;1;738,45;0,0;479,99;Cartão de crédito;Marketplace;738,45;479,99;258,46;0,35
104627;2026-06-14;C0531;11;24;1;630,21;0,0;428,54;PIX;Marketplace;630,21;428,54;201,67;0,32
104628;2025-05-11;C1223;9;18;1;249,61;0,05;157,25;PIX;Marketplace;237,13;157,25;79,88;0,3369
104629;2026-03-11;C1346;12;10;3;1735,96;0,1;1180,45;Cartão de débito;Marketplace;4687,09;3541,35;1145,74;0,2444
104630;2025-05-03;C0530;3;1;1;56,02;0,0;25,21;Cartão de crédito;Marketplace;56,02;25,21;30,81;0,55
104631;2025-01-24;C0960;8;13;1;294,57;0,0;162,01;Cartão de crédito;Marketplace;294,57;162,01;132,56;0,45
104632;2025-10-12;C1319;2;1;1;1439,33;0,05;964,35;Cartão de crédito;Marketplace;1367,36;964,35;403,01;0,2947
104633;2025-10-29;C0760;2;3;1;643,24;0,0;430,97;PIX;Online;643,24;430,97;212,27;0,33
104634;2025-11-30;C1720;11;22;1;1979,1;0,0;1345,79;Cartão de débito;Online;1979,1;1345,79;633,31;0,32
104635;2026-02-08;C2042;17;5;2;520,99;0,05;312,59;Cartão de crédito;Online;989,88;625,18;364,7;0,3684
104636;2025-08-18;C1055;15;15;3;1313,75;0,15;1024,73;Cartão de crédito;Marketplace;3350,06;3074,19;275,87;0,0823
104637;2025-01-20;C2339;8;2;1;136,07;0,1;74,84;PIX;Marketplace;122,46;74,84;47,62;0,3889
104638;2025-09-21;C0023;6;11;4;52,71;0,15;26,36;Cartão de crédito;Marketplace;179,21;105,44;73,77;0,4116
104639;2025-09-18;C1470;10;23;1;227,83;0,05;118,47;PIX;Marketplace;216,44;118,47;97,97;0,4526
104640;2025-06-24;C1480;11;12;1;851,29;0,15;578,88;Cartão de débito;Marketplace;723,6;578,88;144,72;0,2
104641;2026-03-12;C0552;16;23;1;311,03;0,0;171,07;Cartão de crédito;Marketplace;311,03;171,07;139,96;0,45
104642;2025-03-23;C0366;4;8;5;724,21;0,1;506,95;Boleto;Marketplace;3258,94;2534,75;724,19;0,2222
104643;2026-01-17;C0246;7;7;2;238,13;0,05;147,64;Cartão de crédito;Marketplace;452,45;295,28;157,17;0,3474
104644;2025-04-22;C1386;1;19;4;607,43;0,1;388,76;Boleto;Marketplace;2186,75;1555,04;631,71;0,2889
104645;2026-03-20;C1125;15;1;1;4215,81;0,15;3288,33;Boleto;Online;3583,44;3288,33;295,11;0,0824
104646;2025-02-10;C0937;17;12;2;209,42;0,0;125,65;Boleto;Marketplace;418,84;251,3;167,54;0,4
104647;2025-03-01;C0665;8;9;1;291,95;0,0;160,57;PIX;Marketplace;291,95;160,57;131,38;0,45
104648;2026-01-24;C2432;2;9;1;706,84;0,15;473,58;Cartão de débito;Marketplace;600,81;473,58;127,23;0,2118
104649;2025-03-28;C2222;9;19;1;364,07;0,1;229,36;Cartão de débito;Marketplace;327,66;229,36;98,3;0,3
104650;2025-10-06;C1143;13;21;2;472,09;0,05;273,81;Cartão de débito;Marketplace;896,97;547,62;349,35;0,3895
104651;2025-04-05;C1091;4;12;3;1098,67;0,05;769,07;PIX;Online;3131,21;2307,21;824,0;0,2632
104652;2025-11-13;C1575;14;20;1;5162,59;0,05;3717,06;Cartão de débito;Online;4904,46;3717,06;1187,4;0,2421
104653;2026-05-31;C2025;9;5;2;429,13;0,05;270,35;Boleto;Marketplace;815,35;540,7;274,65;0,3368
104654;2026-03-05;C1044;8;9;3;183,4;0,0;100,87;Cartão de crédito;Marketplace;550,2;302,61;247,59;0,45
104655;2025-10-08;C0607;1;25;1;694,03;0,15;444,18;Cartão de crédito;Marketplace;589,93;444,18;145,75;0,2471
104656;2026-04-03;C1256;13;21;1;418,83;0,05;242,92;Boleto;Online;397,89;242,92;154,97;0,3895
104657;2025-05-04;C2464;15;16;1;2459,12;0,05;1918,11;Cartão de débito;Marketplace;2336,16;1918,11;418,05;0,1789
104658;2025-04-26;C1837;5;26;1;779,37;0,1;506,59;PIX;Marketplace;701,43;506,59;194,84;0,2778
104659;2025-11-23;C2356;3;2;1;70,27;0,1;31,62;Cartão de débito;Marketplace;63,24;31,62;31,62;0,5
104660;2025-02-17;C1242;8;17;3;252,72;0,05;139,0;Cartão de crédito;Marketplace;720,25;417,0;303,25;0,421
104661;2025-12-30;C1845;12;18;3;1542,53;0,15;1048,92;PIX;Online;3933,45;3146,76;786,69;0,2
104662;2026-01-04;C1510;15;3;4;2024,19;0,0;1578,87;PIX;Marketplace;8096,76;6315,48;1781,28;0,22
104663;2025-05-16;C1517;4;16;1;1759,86;0,05;1231,9;PIX;Marketplace;1671,87;1231,9;439,97;0,2632
104664;2025-12-11;C1940;4;2;1;2166,89;0,1;1516,82;Cartão de débito;Online;1950,2;1516,82;433,38;0,2222
104665;2025-10-06;C0753;4;12;1;2309,36;0,0;1616,55;PIX;Online;2309,36;1616,55;692,81;0,3
104666;2026-04-06;C0658;14;3;1;5068,06;0,0;3649,0;Cartão de débito;Marketplace;5068,06;3649,0;1419,06;0,28
104667;2025-12-01;C2079;16;13;3;348,99;0,15;191,94;PIX;Online;889,92;575,82;314,1;0,353
104668;2026-02-17;C0094;10;13;1;376,04;0,1;195,54;Cartão de crédito;Online;338,44;195,54;142,9;0,4222
104669;2026-03-22;C1255;3;7;1;33,8;0,15;15,21;PIX;Online;28,73;15,21;13,52;0,4706
104670;2025-02-17;C0232;11;8;4;1365,05;0,05;928,23;Boleto;Marketplace;5187,19;3712,92;1474,27;0,2842
104671;2026-05-05;C2031;1;18;3;626,92;0,05;401,23;PIX;Marketplace;1786,72;1203,69;583,03;0,3263
104672;2026-03-07;C1180;17;23;2;145,24;0,0;87,14;Boleto;Marketplace;290,48;174,28;116,2;0,4
104673;2026-04-28;C0712;14;20;1;3115,76;0,0;2243,35;Cartão de crédito;Marketplace;3115,76;2243,35;872,41;0,28
104674;2026-05-03;C2172;10;11;1;279,96;0,0;145,58;Boleto;Online;279,96;145,58;134,38;0,48
104675;2026-06-21;C0260;14;27;1;5139,75;0,1;3700,62;Cartão de crédito;Online;4625,78;3700,62;925,16;0,2
104676;2026-05-07;C1228;5;21;1;1031,2;0,05;670,28;Cartão de débito;Marketplace;979,64;670,28;309,36;0,3158
104677;2025-04-11;C2262;9;3;1;454,42;0,1;286,28;PIX;Online;408,98;286,28;122,7;0,3
104678;2025-06-28;C2345;17;5;3;394,37;0,0;236,62;Cartão de crédito;Online;1183,11;709,86;473,25;0,4
104679;2026-04-19;C2456;13;12;3;190,53;0,15;110,51;PIX;Online;485,85;331,53;154,32;0,3176
104680;2025-05-29;C0113;15;1;3;4305,6;0,05;3358,37;Cartão de crédito;Marketplace;12270,96;10075,11;2195,85;0,1789
104681;2026-03-19;C1773;16;6;2;226,9;0,0;124,8;Cartão de débito;Online;453,8;249,6;204,2;0,45
104682;2026-01-01;C1176;8;5;3;196,58;0,0;108,12;Boleto;Marketplace;589,74;324,36;265,38;0,45
104683;2025-11-10;C2253;1;26;2;527,15;0,1;337,38;Cartão de débito;Marketplace;948,87;674,76;274,11;0,2889
104684;2025-05-20;C0325;8;20;5;206,6;0,1;113,63;Cartão de débito;Marketplace;929,7;568,15;361,55;0,3889
104685;2025-12-04;C1444;12;18;1;1464,13;0,1;995,61;PIX;Marketplace;1317,72;995,61;322,11;0,2444
104686;2025-09-09;C1909;6;4;1;240,83;0,1;120,42;Boleto;Online;216,75;120,42;96,33;0,4444
104687;2026-06-24;C2333;6;24;3;222,12;0,0;111,06;Boleto;Marketplace;666,36;333,18;333,18;0,5
104688;2026-06-03;C1998;7;7;1;523,4;0,05;324,51;Cartão de crédito;Online;497,23;324,51;172,72;0,3474
104689;2025-01-19;C1815;9;7;1;538,55;0,1;339,29;Boleto;Marketplace;484,7;339,29;145,41;0,3
104690;2025-07-07;C1154;4;14;1;1133,49;0,0;793,44;Cartão de crédito;Online;1133,49;793,44;340,05;0,3
104691;2025-10-20;C0083;14;22;1;4965,28;0,0;3575,0;Cartão de crédito;Online;4965,28;3575,0;1390,28;0,28
104692;2025-10-14;C1022;13;24;2;184,37;0,0;106,93;Boleto;Marketplace;368,74;213,86;154,88;0,42
104693;2026-06-26;C0409;3;10;1;51,65;0,1;23,24;Cartão de crédito;Online;46,48;23,24;23,24;0,5
104694;2026-01-14;C0857;5;8;3;861,72;0,0;560,12;PIX;Marketplace;2585,16;1680,36;904,8;0,35
104695;2026-02-10;C1815;11;5;3;1927,03;0,0;1310,38;Boleto;Online;5781,09;3931,14;1849,95;0,32
104696;2025-03-09;C1889;12;25;1;1043,0;0,15;709,24;PIX;Marketplace;886,55;709,24;177,31;0,2
104697;2026-05-27;C0956;14;21;1;5803,02;0,1;4178,17;Boleto;Online;5222,72;4178,17;1044,55;0,2
104698;2025-08-07;C0967;3;11;3;58,49;0,1;26,32;Cartão de crédito;Online;157,92;78,96;78,96;0,5
104699;2025-10-24;C2318;17;13;1;209,54;0,1;125,72;Cartão de débito;Online;188,59;125,72;62,87;0,3334
104700;2025-01-16;C0001;2;16;1;510,9;0,05;342,3;Boleto;Marketplace;485,35;342,3;143,05;0,2947
104701;2025-06-25;C1283;12;10;3;2456,53;0,0;1670,44;Cartão de crédito;Marketplace;7369,59;5011,32;2358,27;0,32
104702;2025-03-27;C0263;8;22;3;236,47;0,0;130,06;Cartão de crédito;Marketplace;709,41;390,18;319,23;0,45
104703;2025-02-23;C0340;4;21;3;1992,72;0,15;1394,9;Cartão de crédito;Marketplace;5081,44;4184,7;896,74;0,1765
104704;2025-03-01;C0619;10;21;1;272,14;0,0;141,51;PIX;Marketplace;272,14;141,51;130,63;0,48
104705;2026-03-24;C1709;8;27;1;152,01;0,15;83,61;PIX;Marketplace;129,21;83,61;45,6;0,3529
104706;2025-11-21;C1935;13;6;1;431,7;0,0;250,39;Boleto;Marketplace;431,7;250,39;181,31;0,42
104707;2026-02-01;C2420;12;2;3;1893,26;0,1;1287,42;Cartão de crédito;Marketplace;5111,8;3862,26;1249,54;0,2444
104708;2025-09-22;C0434;4;8;2;818,72;0,1;573,1;Cartão de crédito;Marketplace;1473,7;1146,2;327,5;0,2222
104709;2026-01-27;C0228;17;12;1;489,44;0,15;293,66;Boleto;Marketplace;416,02;293,66;122,36;0,2941
104710;2026-05-17;C0173;11;20;2;1042,39;0,1;708,83;PIX;Online;1876,3;1417,66;458,64;0,2444
104711;2025-10-05;C1187;2;1;1;623,75;0,2;417,91;Cartão de débito;Marketplace;499,0;417,91;81,09;0,1625
104712;2026-02-19;C2023;13;21;2;87,89;0,05;50,98;PIX;Online;166,99;101,96;65,03;0,3894
104713;2025-12-03;C0508;15;4;1;3676,33;0,1;2867,54;Cartão de débito;Marketplace;3308,7;2867,54;441,16;0,1333
104714;2025-09-16;C1820;6;1;1;78,6;0,0;39,3;Cartão de crédito;Marketplace;78,6;39,3;39,3;0,5
104715;2025-01-06;C1824;13;3;4;356,98;0,0;207,05;Cartão de crédito;Online;1427,92;828,2;599,72;0,42
104716;2025-03-21;C1085;10;14;1;195,18;0,05;101,49;Cartão de débito;Marketplace;185,42;101,49;83,93;0,4526
104717;2026-02-25;C0430;16;25;2;256,44;0,0;141,04;Cartão de crédito;Marketplace;512,88;282,08;230,8;0,45
104718;2025-01-30;C2025;12;25;1;844,59;0,1;574,32;PIX;Online;760,13;574,32;185,81;0,2444
104719;2025-01-06;C1839;14;6;3;4437,59;0,0;3195,06;PIX;Marketplace;13312,77;9585,18;3727,59;0,28
104720;2026-03-24;C0421;3;22;1;54,23;0,05;24,4;Cartão de crédito;Marketplace;51,52;24,4;27,12;0,5264
104721;2026-05-15;C0538;10;27;2;273,32;0,0;142,13;Cartão de débito;Online;546,64;284,26;262,38;0,48
104722;2025-05-01;C1061;9;18;1;576,33;0,05;363,09;Cartão de crédito;Marketplace;547,51;363,09;184,42;0,3368
104723;2026-04-09;C0724;7;23;2;616,62;0,05;382,3;Boleto;Marketplace;1171,58;764,6;406,98;0,3474
104724;2025-02-25;C2146;2;11;2;377,82;0,1;253,14;PIX;Marketplace;680,08;506,28;173,8;0,2556
104725;2026-04-22;C1602;9;13;2;526,74;0,2;331,85;Cartão de crédito;Online;842,78;663,7;179,08;0,2125
104726;2025-06-19;C1402;7;23;2;748,2;0,0;463,88;Boleto;Online;1496,4;927,76;568,64;0,38
104727;2025-02-09;C0610;14;19;1;5383,31;0,0;3875,98;Boleto;Online;5383,31;3875,98;1507,33;0,28
104728;2026-02-12;C0987;12;10;1;1107,67;0,05;753,22;PIX;Online;1052,29;753,22;299,07;0,2842
104729;2025-05-07;C1604;4;21;1;1257,57;0,0;880,3;Boleto;Online;1257,57;880,3;377,27;0,3
104730;2025-12-22;C2219;16;20;3;561,85;0,1;309,02;Cartão de crédito;Online;1517,0;927,06;589,94;0,3889
104731;2025-09-07;C1539;11;11;1;700,81;0,0;476,55;Cartão de débito;Online;700,81;476,55;224,26;0,32
104732;2025-10-10;C1473;4;26;1;1599,16;0,15;1119,41;Boleto;Marketplace;1359,29;1119,41;239,88;0,1765
104733;2026-03-26;C2291;14;3;3;4120,8;0,0;2966,98;Boleto;Online;12362,4;8900,94;3461,46;0,28
104734;2025-10-22;C0481;5;2;2;1182,24;0,1;768,46;Boleto;Marketplace;2128,03;1536,92;591,11;0,2778
104735;2026-06-12;C1177;9;21;5;584,48;0,0;368,22;Cartão de débito;Online;2922,4;1841,1;1081,3;0,37
104736;2025-10-11;C1764;14;3;1;4955,47;0,0;3567,94;Boleto;Online;4955,47;3567,94;1387,53;0,28
104737;2025-02-09;C1573;8;17;1;269,68;0,1;148,32;PIX;Online;242,71;148,32;94,39;0,3889
104738;2025-10-17;C1915;9;10;3;589,21;0,1;371,2;Cartão de débito;Online;1590,87;1113,6;477,27;0,3
104739;2026-04-27;C0061;2;24;1;1068,57;0,05;715,94;Boleto;Marketplace;1015,14;715,94;299,2;0,2947
104740;2026-01-13;C0466;2;11;5;255,48;0,15;171,17;PIX;Online;1085,79;855,85;229,94;0,2118
104741;2025-12-02;C2011;17;9;1;437,54;0,15;262,52;Cartão de crédito;Marketplace;371,91;262,52;109,39;0,2941
104742;2026-05-12;C1260;7;10;1;269,94;0,0;167,36;Cartão de crédito;Marketplace;269,94;167,36;102,58;0,38
104743;2025-12-19;C1290;7;13;1;159,86;0,1;99,11;PIX;Online;143,87;99,11;44,76;0,3111
104744;2026-01-14;C0230;4;19;1;1158,95;0,0;811,26;Cartão de crédito;Marketplace;1158,95;811,26;347,69;0,3
104745;2026-05-01;C1416;6;7;1;122,29;0,0;61,15;Cartão de crédito;Marketplace;122,29;61,15;61,14;0,5
104746;2026-06-10;C0101;15;18;1;1370,35;0,0;1068,87;Cartão de crédito;Online;1370,35;1068,87;301,48;0,22
104747;2025-09-22;C0171;8;10;4;241,69;0,05;132,93;Boleto;Online;918,42;531,72;386,7;0,421
104748;2025-06-07;C1937;5;20;1;824,97;0,1;536,23;PIX;Marketplace;742,47;536,23;206,24;0,2778
104749;2026-06-08;C1907;1;18;3;442,15;0,05;282,98;PIX;Online;1260,13;848,94;411,19;0,3263
104750;2025-02-19;C1538;5;22;4;566,97;0,0;368,53;Cartão de crédito;Marketplace;2267,88;1474,12;793,76;0,35
104751;2025-06-02;C1236;15;23;3;4390,62;0,0;3424,68;PIX;Online;13171,86;10274,04;2897,82;0,22
104752;2025-11-17;C2193;13;2;5;109,2;0,0;63,34;Boleto;Marketplace;546,0;316,7;229,3;0,42
104753;2026-03-18;C1219;5;23;1;627,52;0,1;407,89;Cartão de crédito;Marketplace;564,77;407,89;156,88;0,2778
104754;2025-10-14;C1528;4;11;4;1603,85;0,0;1122,69;PIX;Online;6415,4;4490,76;1924,64;0,3
104755;2026-01-26;C0954;9;25;2;565,96;0,0;356,55;Boleto;Marketplace;1131,92;713,1;418,82;0,37
104756;2025-09-03;C0190;1;27;1;305,48;0,0;195,51;Cartão de débito;Online;305,48;195,51;109,97;0,36
104757;2026-06-15;C2152;1;20;2;467,52;0,1;299,21;Cartão de crédito;Online;841,54;598,42;243,12;0,2889
104758;2025-01-28;C0629;4;6;1;1017,01;0,0;711,91;Cartão de débito;Marketplace;1017,01;711,91;305,1;0,3
104759;2026-03-16;C2110;16;18;1;120,05;0,05;66,03;Boleto;Online;114,05;66,03;48,02;0,421
104760;2026-04-21;C1289;7;2;1;529,68;0,05;328,4;Cartão de débito;Marketplace;503,2;328,4;174,8;0,3474
104761;2025-01-30;C1462;6;11;1;249,11;0,0;124,56;Cartão de débito;Online;249,11;124,56;124,55;0,5
104762;2025-02-14;C2312;5;12;1;293,37;0,1;190,69;Cartão de débito;Marketplace;264,03;190,69;73,34;0,2778
104763;2026-05-27;C0207;3;21;2;57,34;0,0;25,8;Boleto;Online;114,68;51,6;63,08;0,5501
104764;2025-01-04;C2308;17;27;1;537,73;0,1;322,64;Boleto;Online;483,96;322,64;161,32;0,3333
104765;2026-04-17;C2161;16;3;4;442,8;0,05;243,54;Cartão de crédito;Marketplace;1682,64;974,16;708,48;0,4211
104766;2025-01-12;C0057;16;22;1;542,11;0,05;298,16;Cartão de crédito;Online;515,0;298,16;216,84;0,421
104767;2025-02-18;C1277;8;14;2;115,95;0,0;63,77;PIX;Marketplace;231,9;127,54;104,36;0,45
104768;2026-05-31;C0096;4;7;1;2052,48;0,1;1436,74;Cartão de débito;Online;1847,23;1436,74;410,49;0,2222
104769;2025-04-14;C2498;9;23;2;596,83;0,05;376,0;Cartão de crédito;Online;1133,98;752,0;381,98;0,3368
104770;2026-06-28;C0869;12;15;1;2004,78;0,1;1363,25;PIX;Marketplace;1804,3;1363,25;441,05;0,2444
104771;2026-04-12;C2257;6;16;2;238,82;0,1;119,41;Cartão de débito;Online;429,88;238,82;191,06;0,4444
104772;2026-03-03;C1304;2;1;1;1397,42;0,05;936,27;Cartão de débito;Marketplace;1327,55;936,27;391,28;0,2947
104773;2025-07-07;C0410;12;26;1;1905,94;0,05;1296,04;Boleto;Marketplace;1810,64;1296,04;514,6;0,2842
104774;2025-11-01;C0230;10;17;1;284,79;0,15;148,09;PIX;Online;242,07;148,09;93,98;0,3882
104775;2026-06-28;C2043;14;25;2;2530,15;0,1;1821,71;Cartão de débito;Marketplace;4554,27;3643,42;910,85;0,2
104776;2026-03-26;C0438;1;9;1;814,47;0,15;521,26;Boleto;Online;692,3;521,26;171,04;0,2471
104777;2025-03-24;C1367;9;3;2;273,62;0,05;172,38;Cartão de crédito;Online;519,88;344,76;175,12;0,3368
104778;2025-07-25;C0319;3;27;1;33,37;0,2;15,02;Boleto;Marketplace;26,7;15,02;11,68;0,4375
104779;2025-05-21;C1107;16;16;1;401,14;0,2;220,63;Cartão de débito;Online;320,91;220,63;100,28;0,3125
104780;2026-05-24;C2231;17;15;1;258,22;0,1;154,93;Boleto;Marketplace;232,4;154,93;77,47;0,3333
104781;2025-05-19;C0132;10;25;1;343,97;0,15;178,86;PIX;Marketplace;292,37;178,86;113,51;0,3882
104782;2025-01-14;C0471;2;20;1;811,28;0,05;543,56;Cartão de débito;Online;770,72;543,56;227,16;0,2947
104783;2026-06-08;C1297;8;10;3;155,45;0,0;85,5;PIX;Online;466,35;256,5;209,85;0,45
104784;2025-12-09;C2303;2;24;2;752,38;0,0;504,09;Cartão de crédito;Marketplace;1504,76;1008,18;496,58;0,33
104785;2025-05-19;C1721;7;26;1;353,48;0,05;219,16;Cartão de crédito;Marketplace;335,81;219,16;116,65;0,3474
104786;2025-04-17;C0933;2;5;1;797,87;0,15;534,57;Boleto;Online;678,19;534,57;143,62;0,2118
104787;2025-05-19;C0832;1;20;3;766,49;0,1;490,55;Cartão de débito;Online;2069,52;1471,65;597,87;0,2889
104788;2025-09-16;C1734;11;2;2;1583,43;0,0;1076,73;Boleto;Online;3166,86;2153,46;1013,4;0,32
104789;2025-08-21;C1477;12;11;1;1595,03;0,1;1084,62;PIX;Online;1435,53;1084,62;350,91;0,2444
104790;2025-03-23;C1251;8;17;3;207,52;0,05;114,14;Cartão de débito;Marketplace;591,43;342,42;249,01;0,421
104791;2026-02-13;C0129;14;2;1;2770,02;0,1;1994,41;PIX;Marketplace;2493,02;1994,41;498,61;0,2
104792;2026-03-21;C0310;12;19;1;2109,74;0,05;1434,62;Cartão de crédito;Online;2004,25;1434,62;569,63;0,2842
104793;2026-03-17;C1607;17;6;1;566,2;0,15;339,72;PIX;Marketplace;481,27;339,72;141,55;0,2941
104794;2025-02-09;C0224;1;20;1;919,56;0,15;588,52;Cartão de débito;Marketplace;781,63;588,52;193,11;0,2471
104795;2025-06-10;C0018;9;18;3;271,1;0,1;170,79;PIX;Marketplace;731,97;512,37;219,6;0,3
104796;2025-02-27;C2045;5;20;2;398,3;0,0;258,9;PIX;Marketplace;796,6;517,8;278,8;0,35
104797;2025-02-16;C1833;17;4;1;472,55;0,1;283,53;Cartão de crédito;Online;425,3;283,53;141,77;0,3333
104798;2025-04-06;C0875;8;15;2;135,62;0,1;74,59;Cartão de crédito;Online;244,12;149,18;94,94;0,3889
104799;2025-10-04;C0722;10;22;1;226,68;0,05;117,87;PIX;Online;215,35;117,87;97,48;0,4527
104800;2025-11-10;C1696;9;15;1;560,45;0,1;353,08;Cartão de crédito;Marketplace;504,4;353,08;151,32;0,3
104801;2025-10-19;C2045;5;19;3;871,91;0,0;566,74;Boleto;Online;2615,73;1700,22;915,51;0,35
104802;2026-06-05;C1532;7;27;2;807,91;0,0;500,9;Boleto;Marketplace;1615,82;1001,8;614,02;0,38
104803;2026-05-21;C1297;11;1;2;1582,04;0,0;1075,79;Cartão de crédito;Marketplace;3164,08;2151,58;1012,5;0,32
104804;2025-06-17;C2169;4;5;2;2181,05;0,0;1526,74;Cartão de crédito;Online;4362,1;3053,48;1308,62;0,3
104805;2025-10-08;C0947;16;18;1;429,43;0,1;236,19;Boleto;Marketplace;386,49;236,19;150,3;0,3889
104806;2025-10-29;C1177;2;12;1;1219,63;0,2;817,15;PIX;Marketplace;975,7;817,15;158,55;0,1625
104807;2026-06-22;C1756;3;1;4;93,21;0,1;41,94;PIX;Online;335,56;167,76;167,8;0,5001
104808;2026-04-29;C1862;9;1;1;425,42;0,1;268,01;PIX;Marketplace;382,88;268,01;114,87;0,3
104809;2026-06-07;C0865;13;26;2;204,24;0,05;118,46;Boleto;Marketplace;388,06;236,92;151,14;0,3895
104810;2025-01-23;C0132;15;24;2;2769,17;0,0;2159,95;Cartão de débito;Online;5538,34;4319,9;1218,44;0,22
104811;2026-01-24;C1064;15;15;1;1514,71;0,0;1181,47;PIX;Marketplace;1514,71;1181,47;333,24;0,22
104812;2025-07-04;C1165;12;15;1;828,59;0,0;563,44;Boleto;Online;828,59;563,44;265,15;0,32
104813;2026-06-26;C1070;11;20;1;1485,67;0,05;1010,26;PIX;Online;1411,39;1010,26;401,13;0,2842
104814;2025-08-17;C1175;13;25;1;191,4;0,0;111,01;Cartão de crédito;Online;191,4;111,01;80,39;0,42
104815;2025-08-10;C0292;10;3;4;156,59;0,0;81,43;PIX;Online;626,36;325,72;300,64;0,48
104816;2026-04-06;C2212;4;10;2;1811,64;0,0;1268,15;Cartão de crédito;Marketplace;3623,28;2536,3;1086,98;0,3
104817;2025-05-07;C0640;5;19;1;273,32;0,0;177,66;Cartão de débito;Marketplace;273,32;177,66;95,66;0,35
104818;2025-06-05;C0388;9;16;4;365,22;0,0;230,09;Boleto;Online;1460,88;920,36;540,52;0,37
104819;2026-04-12;C0213;3;26;1;49,59;0,0;22,32;PIX;Online;49,59;22,32;27,27;0,5499
104820;2025-05-14;C1577;16;16;2;192,75;0,05;106,01;Cartão de débito;Online;366,22;212,02;154,2;0,4211
104821;2025-12-09;C1856;10;9;1;386,49;0,05;200,97;Cartão de crédito;Marketplace;367,17;200,97;166,2;0,4527
104822;2025-02-11;C1972;8;3;1;299,72;0,1;164,85;Cartão de débito;Marketplace;269,75;164,85;104,9;0,3889
104823;2026-05-26;C2027;6;23;2;82,62;0,2;41,31;Boleto;Online;132,19;82,62;49,57;0,375
104824;2025-04-22;C2127;16;14;1;238,56;0,0;131,21;Cartão de débito;Marketplace;238,56;131,21;107,35;0,45
104825;2025-06-07;C2160;3;26;1;84,69;0,1;38,11;Cartão de crédito;Marketplace;76,22;38,11;38,11;0,5
104826;2025-04-18;C1294;11;6;2;1323,66;0,0;900,09;Boleto;Marketplace;2647,32;1800,18;847,14;0,32
104827;2026-01-05;C1358;17;3;2;235,15;0,0;141,09;Boleto;Online;470,3;282,18;188,12;0,4
104828;2025-08-07;C1224;15;19;3;2317,87;0,05;1807,94;Boleto;Online;6605,93;5423,82;1182,11;0,1789
104829;2026-01-24;C1478;3;22;2;31,4;0,1;14,13;Cartão de crédito;Online;56,52;28,26;28,26;0,5
104830;2026-05-26;C2165;7;15;1;647,18;0,1;401,25;Boleto;Online;582,46;401,25;181,21;0,3111
104831;2025-12-26;C0495;14;3;2;5798,04;0,0;4174,59;Cartão de crédito;Marketplace;11596,08;8349,18;3246,9;0,28
104832;2025-04-08;C0012;5;20;1;415,77;0,05;270,25;Cartão de débito;Online;394,98;270,25;124,73;0,3158
104833;2025-06-21;C2040;3;24;1;87,4;0,05;39,33;Cartão de débito;Marketplace;83,03;39,33;43,7;0,5263
104834;2026-05-03;C1300;6;24;1;65,34;0,15;32,67;PIX;Online;55,54;32,67;22,87;0,4118
104835;2025-05-18;C0108;8;8;1;178,13;0,0;97,97;PIX;Marketplace;178,13;97,97;80,16;0,45
104836;2025-10-02;C0472;2;10;2;955,61;0,1;640,26;Boleto;Online;1720,1;1280,52;439,58;0,2556
104837;2025-07-27;C2265;2;21;1;1457,32;0,15;976,4;Cartão de débito;Marketplace;1238,72;976,4;262,32;0,2118
104838;2025-03-18;C1454;3;2;1;93,88;0,1;42,25;PIX;Online;84,49;42,25;42,24;0,4999
104839;2025-03-02;C1313;3;19;2;91,66;0,0;41,25;Cartão de crédito;Online;183,32;82,5;100,82;0,55
104840;2025-04-02;C2177;5;15;1;330,58;0,0;214,88;Cartão de crédito;Marketplace;330,58;214,88;115,7;0,35
104841;2026-01-18;C1697;2;22;1;1389,78;0,1;931,15;Boleto;Marketplace;1250,8;931,15;319,65;0,2556
104842;2025-01-10;C0378;16;16;2;127,3;0,0;70,02;Cartão de crédito;Online;254,6;140,04;114,56;0,45
104843;2025-07-09;C1607;14;6;2;3697,58;0,05;2662,26;Boleto;Marketplace;7025,4;5324,52;1700,88;0,2421
104844;2026-02-09;C1486;10;12;2;362,37;0,1;188,43;Boleto;Marketplace;652,27;376,86;275,41;0,4222
104845;2025-03-27;C0241;9;26;1;327,95;0,0;206,61;Cartão de débito;Online;327,95;206,61;121,34;0,37
104846;2025-02-25;C1217;1;8;3;598,36;0,1;382,95;PIX;Marketplace;1615,57;1148,85;466,72;0,2889
104847;2026-03-05;C0401;14;27;3;5827,71;0,0;4195,95;Boleto;Online;17483,13;12587,85;4895,28;0,28
104848;2025-11-26;C0835;14;7;2;5558,11;0,0;4001,84;Cartão de crédito;Marketplace;11116,22;8003,68;3112,54;0,28
104849;2025-03-13;C1712;6;22;1;90,48;0,15;45,24;Boleto;Online;76,91;45,24;31,67;0,4118
104850;2025-02-27;C1962;11;8;1;1747,57;0,05;1188,35;Boleto;Online;1660,19;1188,35;471,84;0,2842
104851;2026-03-20;C1883;1;8;1;703,33;0,0;450,13;Boleto;Marketplace;703,33;450,13;253,2;0,36
104852;2026-03-18;C0831;3;25;1;66,02;0,0;29,71;Cartão de crédito;Marketplace;66,02;29,71;36,31;0,55
104853;2026-04-18;C1111;12;18;2;2189,32;0,15;1488,74;Cartão de débito;Online;3721,84;2977,48;744,36;0,2
104854;2026-05-17;C2217;6;12;1;192,43;0,05;96,22;Cartão de débito;Marketplace;182,81;96,22;86,59;0,4737
104855;2026-04-12;C1427;5;13;2;1186,21;0,1;771,04;Boleto;Online;2135,18;1542,08;593,1;0,2778
104856;2025-09-17;C2058;3;4;1;75,68;0,0;34,06;Cartão de crédito;Marketplace;75,68;34,06;41,62;0,5499
104857;2025-11-29;C1055;15;26;1;2331,8;0,2;1818,8;Cartão de crédito;Online;1865,44;1818,8;46,64;0,025
104858;2026-01-29;C1853;5;27;3;926,82;0,0;602,43;PIX;Marketplace;2780,46;1807,29;973,17;0,35
104859;2026-06-19;C0271;3;24;1;62,86;0,15;28,29;PIX;Marketplace;53,43;28,29;25,14;0,4705
104860;2025-05-02;C0983;9;12;1;321,67;0,0;202,65;PIX;Online;321,67;202,65;119,02;0,37
104861;2025-04-19;C1531;5;13;3;608,31;0,0;395,4;Cartão de crédito;Online;1824,93;1186,2;638,73;0,35
104862;2025-03-06;C1494;17;20;1;608,99;0,1;365,39;Cartão de crédito;Online;548,09;365,39;182,7;0,3333
104863;2026-03-27;C2434;2;7;1;790,26;0,0;529,47;PIX;Online;790,26;529,47;260,79;0,33
104864;2025-03-08;C1346;11;18;1;1616,94;0,1;1099,52;Boleto;Online;1455,25;1099,52;355,73;0,2444
104865;2025-06-14;C1778;15;7;2;3139,62;0,0;2448,9;Boleto;Online;6279,24;4897,8;1381,44;0,22
104866;2026-06-20;C0298;10;19;3;346,43;0,0;180,14;Boleto;Marketplace;1039,29;540,42;498,87;0,48
104867;2025-04-09;C0422;16;7;1;333,3;0,0;183,32;PIX;Online;333,3;183,32;149,98;0,45
104868;2026-02-24;C1921;14;9;1;5891,75;0,0;4242,06;PIX;Online;5891,75;4242,06;1649,69;0,28
104869;2025-01-12;C1045;2;12;2;849,52;0,1;569,18;PIX;Marketplace;1529,14;1138,36;390,78;0,2556
104870;2025-10-19;C0028;7;19;1;194,04;0,0;120,3;Não informado;Online;194,04;120,3;73,74;0,38
104871;2025-12-22;C2415;3;14;2;54,82;0,1;24,67;PIX;Marketplace;98,68;49,34;49,34;0,5
104872;2026-03-06;C1082;3;27;2;28,04;0,0;12,62;PIX;Online;56,08;25,24;30,84;0,5499
104873;2026-01-07;C0309;7;22;2;178,42;0,0;110,62;Boleto;Online;356,84;221,24;135,6;0,38
104874;2025-09-26;C0549;5;21;5;643,07;0,1;418,0;Boleto;Online;2893,82;2090,0;803,82;0,2778
104875;2025-11-10;C0678;4;1;1;844,61;0,1;591,23;PIX;Marketplace;760,15;591,23;168,92;0,2222
104876;2025-07-23;C1140;2;9;1;1234,8;0,0;827,32;Cartão de crédito;Online;1234,8;827,32;407,48;0,33
104877;2025-11-17;C1389;17;14;1;521,41;0,1;312,85;PIX;Online;469,27;312,85;156,42;0,3333
104878;2026-01-07;C1510;5;23;3;448,42;0,15;291,47;Boleto;Marketplace;1143,47;874,41;269,06;0,2353
104879;2026-06-01;C0884;14;24;2;3347,75;0,05;2410,38;PIX;Online;6360,72;4820,76;1539,96;0,2421
104880;2025-05-31;C1142;1;23;1;789,07;0,0;505,0;PIX;Marketplace;789,07;505,0;284,07;0,36
104881;2025-11-30;C1791;10;5;1;82,08;0,0;42,68;PIX;Online;82,08;42,68;39,4;0,48
104882;2026-03-07;C1061;14;9;3;3639,94;0,0;2620,76;Cartão de crédito;Marketplace;10919,82;7862,28;3057,54;0,28
104883;2025-06-24;C1199;6;9;1;221,58;0,05;110,79;Boleto;Online;210,5;110,79;99,71;0,4737
104884;2025-12-22;C2137;11;1;1;687,52;0,0;467,51;Boleto;Online;687,52;467,51;220,01;0,32
104885;2025-06-11;C1480;10;20;3;384,56;0,1;199,97;Cartão de crédito;Online;1038,31;599,91;438,4;0,4222
104886;2025-12-27;C2206;11;4;1;1482,3;0,05;1007,96;Cartão de débito;Online;1408,18;1007,96;400,22;0,2842
104887;2026-04-17;C1529;10;18;3;100,33;0,05;52,17;Boleto;Online;285,94;156,51;129,43;0,4526
104888;2025-11-04;C0391;5;25;3;1074,41;0,15;698,37;Boleto;Marketplace;2739,75;2095,11;644,64;0,2353
104889;2026-06-06;C1727;16;25;1;343,78;0,0;189,08;Boleto;Online;343,78;189,08;154,7;0,45
104890;2025-02-01;C1364;6;13;1;86,86;0,15;43,43;Cartão de crédito;Online;73,83;43,43;30,4;0,4118
104891;2025-08-17;C1599;13;15;3;218,64;0,1;126,81;Cartão de débito;Marketplace;590,33;380,43;209,9;0,3556
104892;2025-10-04;C1181;16;20;1;179,27;0,0;98,6;Cartão de débito;Online;179,27;98,6;80,67;0,45
104893;2025-01-13;C2219;13;4;4;355,86;0,1;206,4;Boleto;Marketplace;1281,1;825,6;455,5;0,3556
104894;2025-05-15;C2409;2;9;2;1167,25;0,0;782,06;Cartão de crédito;Marketplace;2334,5;1564,12;770,38;0,33
104895;2026-01-21;C0182;15;3;3;2730,09;0,05;2129,47;Cartão de débito;Marketplace;7780,76;6388,41;1392,35;0,1789
104896;2025-03-18;C0152;4;9;4;1816,05;0,05;1271,23;Cartão de débito;Online;6900,99;5084,92;1816,07;0,2632
104897;2026-01-26;C0597;15;26;4;3065,19;0,1;2390,85;PIX;Online;11034,68;9563,4;1471,28;0,1333
104898;2026-06-04;C1529;8;11;2;254,9;0,0;140,2;Cartão de débito;Marketplace;509,8;280,4;229,4;0,45
104899;2025-01-13;C1476;5;4;1;533,05;0,2;346,48;Boleto;Online;426,44;346,48;79,96;0,1875
104900;2025-02-05;C2381;4;10;1;1100,17;0,0;770,12;Cartão de débito;Online;1100,17;770,12;330,05;0,3
104901;2026-06-16;C1572;6;26;2;155,06;0,0;77,53;Boleto;Online;310,12;155,06;155,06;0,5
104902;2025-06-28;C0837;9;2;2;132,32;0,1;83,36;Cartão de crédito;Marketplace;238,18;166,72;71,46;0,3
104903;2025-10-21;C1070;6;17;2;104,4;0,1;52,2;Cartão de débito;Online;187,92;104,4;83,52;0,4444
104904;2025-06-27;C1768;5;17;3;913,96;0,05;594,07;Boleto;Online;2604,79;1782,21;822,58;0,3158
104905;2025-03-16;C2406;1;6;1;945,56;0,0;605,16;Cartão de débito;Marketplace;945,56;605,16;340,4;0,36
104906;2025-02-17;C2422;1;4;5;699,0;0,05;447,36;Boleto;Marketplace;3320,25;2236,8;1083,45;0,3263
104907;2025-05-01;C2275;7;22;1;719,43;0,0;446,05;Boleto;Marketplace;719,43;446,05;273,38;0,38
104908;2025-06-20;C2451;3;8;1;96,29;0,15;43,33;Cartão de crédito;Online;81,85;43,33;38,52;0,4706
104909;2026-01-01;C1806;16;14;1;103,69;0,0;57,03;Cartão de débito;Online;103,69;57,03;46,66;0,45
104910;2025-03-15;C2005;13;6;1;268,06;0,1;155,47;Cartão de débito;Online;241,25;155,47;85,78;0,3556
104911;2026-05-21;C1290;13;13;1;311,59;0,15;180,72;PIX;Online;264,85;180,72;84,13;0,3177
104912;2026-03-01;C0896;14;18;1;3415,99;0,05;2459,51;Boleto;Online;3245,19;2459,51;785,68;0,2421
104913;2025-04-02;C2267;16;5;3;151,46;0,05;83,3;Cartão de crédito;Online;431,66;249,9;181,76;0,4211
104914;2025-03-13;C1883;14;19;2;5436,19;0,1;3914,06;Cartão de débito;Marketplace;9785,14;7828,12;1957,02;0,2
104915;2025-06-09;C0799;7;25;1;163,5;0,0;101,37;Cartão de crédito;Online;163,5;101,37;62,13;0,38
104916;2025-04-04;C2445;14;16;1;2761,62;0,15;1988,37;Boleto;Marketplace;2347,38;1988,37;359,01;0,1529
104917;2025-08-30;C1651;15;17;1;2861,7;0,0;2232,13;Cartão de débito;Online;2861,7;2232,13;629,57;0,22
104918;2026-01-09;C0199;9;2;2;394,28;0,05;248,4;Cartão de débito;Marketplace;749,13;496,8;252,33;0,3368
104919;2025-09-04;C0848;1;24;1;378,42;0,05;242,19;Boleto;Online;359,5;242,19;117,31;0,3263
104920;2025-03-11;C0147;4;8;1;2167,07;0,0;1516,95;Boleto;Online;2167,07;1516,95;650,12;0,3
104921;2026-01-07;C0306;12;5;3;2405,7;0,0;1635,88;Cartão de débito;Online;7217,1;4907,64;2309,46;0,32
104922;2026-03-30;C0832;16;27;1;532,4;0,05;292,82;Cartão de débito;Marketplace;505,78;292,82;212,96;0,4211
104923;2026-05-05;C1268;14;3;1;5448,67;0,0;3923,04;Boleto;Marketplace;5448,67;3923,04;1525,63;0,28
104924;2025-09-02;C0969;4;14;2;944,59;0,05;661,21;PIX;Marketplace;1794,72;1322,42;472,3;0,2632
104925;2025-07-25;C0907;2;26;2;985,05;0,15;659,98;Cartão de crédito;Online;1674,58;1319,96;354,62;0,2118
104926;2025-04-15;C1606;9;19;1;301,05;0,05;189,66;PIX;Marketplace;286,0;189,66;96,34;0,3369
104927;2025-09-04;C0497;6;22;1;122,54;0,2;61,27;Cartão de crédito;Online;98,03;61,27;36,76;0,375
104928;2026-01-15;C1478;2;6;1;1094,4;0,1;733,25;Boleto;Marketplace;984,96;733,25;251,71;0,2556
104929;2025-03-02;C0401;7;26;1;722,08;0,15;447,69;Cartão de débito;Online;613,77;447,69;166,08;0,2706
104930;2025-01-03;C0389;7;13;1;411,04;0,1;254,84;Cartão de crédito;Marketplace;369,94;254,84;115,1;0,3111
104931;2025-04-25;C1994;14;8;2;2613,2;0,2;1881,5;Cartão de débito;Marketplace;4181,12;3763,0;418,12;0,1
104932;2026-04-30;C1452;3;20;3;42,45;0,0;19,1;Cartão de débito;Online;127,35;57,3;70,05;0,5501
104933;2025-10-18;C0804;6;13;2;184,77;0,0;92,39;Boleto;Online;369,54;184,78;184,76;0,5
104934;2025-05-26;C0015;14;17;1;5894,42;0,05;4243,98;Cartão de crédito;Online;5599,7;4243,98;1355,72;0,2421
104935;2026-01-28;C1391;1;19;1;641,52;0,1;410,57;PIX;Marketplace;577,37;410,57;166,8;0,2889
104936;2026-04-26;C0472;13;6;2;324,46;0,05;188,19;PIX;Online;616,47;376,38;240,09;0,3895
104937;2025-10-31;C1489;15;11;2;2420,52;0,2;1888,01;Cartão de crédito;Online;3872,83;3776,02;96,81;0,025
104938;2026-03-13;C2387;14;2;1;4146,65;0,2;2985,59;PIX;Online;3317,32;2985,59;331,73;0,1
104939;2025-05-23;C2431;3;22;1;53,03;0,0;23,86;Cartão de crédito;Online;53,03;23,86;29,17;0,5501
104940;2025-11-28;C0233;2;14;2;395,53;0,1;265,01;PIX;Marketplace;711,95;530,02;181,93;0,2555
104941;2025-06-04;C0812;12;11;1;1491,44;0,0;1014,18;Boleto;Online;1491,44;1014,18;477,26;0,32
104942;2025-06-27;C1487;7;14;1;392,25;0,15;243,19;Cartão de crédito;Online;333,41;243,19;90,22;0,2706
104943;2025-04-06;C1844;2;12;1;1492,44;0,05;999,93;PIX;Marketplace;1417,82;999,93;417,89;0,2947
104944;2026-05-19;C1516;15;25;1;1126,32;0,05;878,53;Cartão de crédito;Marketplace;1070,0;878,53;191,47;0,1789
104945;2025-06-18;C2268;2;4;1;484,91;0,0;324,89;Boleto;Online;484,91;324,89;160,02;0,33
104946;2025-06-17;C2397;14;8;1;4813,36;0,05;3465,62;Cartão de débito;Online;4572,69;3465,62;1107,07;0,2421
104947;2025-10-19;C1583;16;17;1;304,4;0,15;167,42;Boleto;Marketplace;258,74;167,42;91,32;0,3529
104948;2025-12-31;C1567;3;15;1;91,92;0,05;41,36;Cartão de crédito;Online;87,32;41,36;45,96;0,5263
104949;2025-09-11;C2350;9;26;2;194,52;0,05;122,55;Cartão de débito;Marketplace;369,59;245,1;124,49;0,3368
104950;2025-01-09;C0591;17;8;1;540,05;0,1;324,03;PIX;Online;486,04;324,03;162,01;0,3333
104951;2025-06-06;C1321;6;14;2;78,19;0,0;39,09;Boleto;Marketplace;156,38;78,18;78,2;0,5001
104952;2025-05-06;C2306;17;24;2;470,37;0,1;282,22;Cartão de débito;Online;846,67;564,44;282,23;0,3333
104953;2025-07-19;C0062;4;1;4;1477,97;0,15;1034,58;Cartão de débito;Online;5025,1;4138,32;886,78;0,1765
104954;2026-06-24;C1186;1;25;1;816,34;0,1;522,46;Boleto;Online;734,71;522,46;212,25;0,2889
104955;2025-05-06;C0072;15;12;1;4378,39;0,15;3415,14;Boleto;Online;3721,63;3415,14;306,49;0,0824
104956;2026-05-12;C1202;11;21;4;1615,22;0,0;1098,35;PIX;Online;6460,88;4393,4;2067,48;0,32
104957;2025-04-30;C1268;10;23;1;225,47;0,05;117,24;PIX;Online;214,2;117,24;96,96;0,4527
104958;2025-11-22;C1527;17;25;1;397,23;0,0;238,34;Cartão de débito;Marketplace;397,23;238,34;158,89;0,4
104959;2026-02-23;C0929;7;16;1;506,9;0,0;314,28;Cartão de débito;Marketplace;506,9;314,28;192,62;0,38
104960;2025-07-15;C0323;12;20;2;2478,93;0,0;1685,67;PIX;Online;4957,86;3371,34;1586,52;0,32
104961;2025-03-06;C0957;2;9;1;276,32;0,05;185,13;Cartão de débito;Online;262,5;185,13;77,37;0,2947
104962;2026-03-31;C1576;6;1;3;159,46;0,1;79,73;Boleto;Online;430,54;239,19;191,35;0,4444
104963;2025-03-30;C2389;11;16;1;1667,9;0,0;1134,17;Cartão de débito;Online;1667,9;1134,17;533,73;0,32
104964;2025-09-04;C1809;10;13;1;291,71;0,05;151,69;Cartão de crédito;Online;277,12;151,69;125,43;0,4526
104965;2025-03-19;C2153;5;15;5;392,78;0,0;255,31;Boleto;Online;1963,9;1276,55;687,35;0,35
104966;2025-05-27;C1696;10;25;1;114,77;0,2;59,68;Boleto;Online;91,82;59,68;32,14;0,35
104967;2026-04-01;C0840;14;4;1;4385,37;0,15;3157,47;Cartão de débito;Marketplace;3727,56;3157,47;570,09;0,1529
104968;2025-05-04;C1150;9;2;3;275,34;0,0;173,46;PIX;Marketplace;826,02;520,38;305,64;0,37
104969;2025-03-07;C0401;5;24;2;711,86;0,0;462,71;Boleto;Marketplace;1423,72;925,42;498,3;0,35
104970;2026-04-30;C0078;1;7;1;907,72;0,05;580,94;PIX;Online;862,33;580,94;281,39;0,3263
104971;2025-02-16;C0511;5;1;1;867,9;0,05;564,13;Cartão de crédito;Marketplace;824,5;564,13;260,37;0,3158
104972;2026-03-20;C0041;11;22;1;1948,77;0,15;1325,16;PIX;Online;1656,45;1325,16;331,29;0,2
104973;2025-02-08;C0532;6;24;1;239,6;0,1;119,8;Cartão de débito;Marketplace;215,64;119,8;95,84;0,4444
104974;2026-04-24;C0841;15;22;1;2510,13;0,15;1957,9;Boleto;Online;2133,61;1957,9;175,71;0,0824
104975;2025-07-26;C0321;10;19;1;142,45;0,0;74,07;Cartão de débito;Marketplace;142,45;74,07;68,38;0,48
104976;2025-06-05;C2415;13;6;2;298,44;0,2;173,1;PIX;Online;477,5;346,2;131,3;0,275
104977;2025-01-04;C2149;1;3;2;460,9;0,05;294,98;Cartão de crédito;Marketplace;875,71;589,96;285,75;0,3263
104978;2026-05-17;C1690;9;13;1;208,76;0,05;131,52;Boleto;Online;198,32;131,52;66,8;0,3368
104979;2025-08-28;C1946;5;17;2;1088,05;0,0;707,23;Cartão de crédito;Online;2176,1;1414,46;761,64;0,35
104980;2025-12-20;C0851;11;13;2;696,65;0,1;473,72;Cartão de débito;Online;1253,97;947,44;306,53;0,2444
104981;2025-04-01;C0820;7;5;1;197,59;0,0;122,51;Cartão de débito;Marketplace;197,59;122,51;75,08;0,38
104982;2026-04-30;C2135;15;6;1;1053,36;0,05;821,62;Cartão de crédito;Marketplace;1000,69;821,62;179,07;0,1789
104983;2026-02-28;C1028;7;26;1;203,22;0,0;126,0;Cartão de débito;Online;203,22;126,0;77,22;0,38
104984;2026-05-08;C2200;10;25;1;249,95;0,1;129,97;Cartão de débito;Marketplace;224,96;129,97;94,99;0,4223
104985;2025-03-01;C2279;1;22;3;975,88;0,1;624,56;Boleto;Online;2634,88;1873,68;761,2;0,2889
104986;2026-03-12;C2344;2;4;1;991,96;0,0;664,61;Boleto;Online;991,96;664,61;327,35;0,33
104987;2025-06-28;C0176;1;2;1;742,64;0,1;475,29;Cartão de crédito;Online;668,38;475,29;193,09;0,2889
104988;2026-03-19;C0653;4;17;1;603,97;0,1;422,78;Cartão de crédito;Online;543,57;422,78;120,79;0,2222
104989;2026-01-30;C2013;2;19;1;355,82;0,1;238,4;Cartão de débito;Online;320,24;238,4;81,84;0,2556
104990;2025-10-29;C1793;2;11;1;1480,66;0,15;992,04;Cartão de débito;Marketplace;1258,56;992,04;266,52;0,2118
104991;2025-10-19;C2247;13;23;1;291,59;0,05;169,12;Boleto;Marketplace;277,01;169,12;107,89;0,3895
104992;2026-05-07;C0907;15;2;3;1519,74;0,05;1185,4;Cartão de crédito;Marketplace;4331,26;3556,2;775,06;0,1789
104993;2025-12-06;C0272;5;12;2;607,64;0,05;394,97;Cartão de crédito;Marketplace;1154,52;789,94;364,58;0,3158
104994;2026-05-01;C1196;11;3;1;1060,62;0,05;721,22;Cartão de débito;Marketplace;1007,59;721,22;286,37;0,2842
104995;2025-09-07;C1011;16;4;1;517,15;0,05;284,43;Cartão de crédito;Marketplace;491,29;284,43;206,86;0,4211
104996;2025-08-15;C1404;11;9;1;1170,66;0,05;796,05;PIX;Online;1112,13;796,05;316,08;0,2842
104997;2025-12-14;C2069;2;22;1;342,14;0,2;229,23;Cartão de débito;Marketplace;273,71;229,23;44,48;0,1625
104998;2025-11-16;C2218;9;7;3;553,91;0,0;348,96;Boleto;Online;1661,73;1046,88;614,85;0,37
104999;2025-05-14;C1101;9;20;1;122,09;0,05;76,92;Boleto;Online;115,99;76,92;39,07;0,3368
105000;2025-05-04;C1964;13;12;3;152,68;0,0;88,55;Cartão de crédito;Marketplace;458,04;265,65;192,39;0,42
105001;2025-01-04;C0960;17;12;1;387,72;0,1;232,63;PIX;Online;348,95;232,63;116,32;0,3333
105002;2026-06-05;C0127;1;24;1;643,59;0,0;411,9;Boleto;Online;643,59;411,9;231,69;0,36
105003;2026-01-20;C1306;6;4;1;74,02;0,05;37,01;Cartão de crédito;Marketplace;70,32;37,01;33,31;0,4737
105004;2026-05-23;C2058;14;5;1;5267,46;0,1;3792,57;Cartão de débito;Marketplace;4740,71;3792,57;948,14;0,2
105005;2025-06-20;C1930;12;11;2;1758,5;0,0;1195,78;Cartão de crédito;Marketplace;3517,0;2391,56;1125,44;0,32
105006;2026-04-05;C1493;11;23;1;1159,65;0,05;788,56;Cartão de débito;Online;1101,67;788,56;313,11;0,2842
105007;2026-05-23;C0014;14;10;2;3880,03;0,15;2793,62;PIX;Marketplace;6596,05;5587,24;1008,81;0,1529
105008;2026-06-20;C1163;5;26;1;772,24;0,0;501,96;Boleto;Marketplace;772,24;501,96;270,28;0,35
105009;2026-02-22;C0274;17;20;2;235,58;0,0;141,35;Boleto;Online;471,16;282,7;188,46;0,4
105010;2025-10-28;C1196;7;12;2;432,45;0,05;268,12;Cartão de crédito;Online;821,66;536,24;285,42;0,3474
105011;2025-08-07;C0943;9;7;2;550,12;0,1;346,58;Boleto;Marketplace;990,22;693,16;297,06;0,3
105012;2025-12-07;C1483;3;23;1;82,82;0,05;37,27;PIX;Online;78,68;37,27;41,41;0,5263
105013;2025-01-22;C1527;10;27;1;358,74;0,05;186,54;PIX;Marketplace;340,8;186,54;154,26;0,4526
105014;2026-01-22;C0206;16;27;1;490,7;0,15;269,88;Cartão de crédito;Marketplace;417,1;269,88;147,22;0,353
105015;2026-06-14;C2278;4;23;1;715,96;0,1;501,17;Boleto;Online;644,36;501,17;143,19;0,2222
105016;2026-06-24;C1823;9;20;1;170,54;0,1;107,44;Cartão de crédito;Online;153,49;107,44;46,05;0,3
105017;2025-02-27;C0675;3;26;1;79,39;0,1;35,73;PIX;Marketplace;71,45;35,73;35,72;0,4999
105018;2025-03-13;C0669;5;21;1;397,3;0,2;258,25;PIX;Marketplace;317,84;258,25;59,59;0,1875
105019;2025-02-01;C0168;3;4;1;47,41;0,05;21,33;Boleto;Online;45,04;21,33;23,71;0,5264
105020;2025-02-28;C1563;1;9;2;958,81;0,0;613,64;Cartão de débito;Marketplace;1917,62;1227,28;690,34;0,36
105021;2026-01-15;C0448;15;20;4;1210,42;0,0;944,13;Boleto;Marketplace;4841,68;3776,52;1065,16;0,22
105022;2026-01-24;C1994;8;3;2;257,0;0,1;141,35;Cartão de débito;Online;462,6;282,7;179,9;0,3889
105023;2025-10-05;C2464;13;2;1;171,61;0,0;99,53;Boleto;Marketplace;171,61;99,53;72,08;0,42
105024;2026-04-08;C2387;4;7;5;2118,12;0,0;1482,68;PIX;Marketplace;10590,6;7413,4;3177,2;0,3
105025;2025-01-25;C0669;2;6;1;1030,72;0,1;690,58;Cartão de débito;Online;927,65;690,58;237,07;0,2556
105026;2026-04-03;C1654;16;20;2;577,98;0,0;317,89;Boleto;Marketplace;1155,96;635,78;520,18;0,45
105027;2026-06-18;C1747;2;7;3;1005,42;0,05;673,63;Cartão de crédito;Marketplace;2865,45;2020,89;844,56;0,2947
105028;2026-03-11;C0951;6;8;2;65,74;0,2;32,87;Cartão de débito;Marketplace;105,18;65,74;39,44;0,375
105029;2025-10-20;C2499;12;25;1;1206,61;0,0;820,49;PIX;Online;1206,61;820,49;386,12;0,32
105030;2025-02-24;C1855;3;18;1;44,01;0,0;19,8;Boleto;Marketplace;44,01;19,8;24,21;0,5501
105031;2025-03-04;C2465;15;13;1;2840,27;0,1;2215,41;Boleto;Marketplace;2556,24;2215,41;340,83;0,1333
105032;2026-04-13;C1301;12;8;5;2269,75;0,0;1543,43;PIX;Marketplace;11348,75;7717,15;3631,6;0,32
105033;2025-09-02;C1839;14;26;1;5935,54;0,15;4273,59;Cartão de débito;Marketplace;5045,21;4273,59;771,62;0,1529
105034;2026-06-20;C2451;10;13;2;116,85;0,15;60,76;PIX;Marketplace;198,64;121,52;77,12;0,3882
105035;2026-04-16;C0002;8;23;3;183,33;0,0;100,83;Cartão de débito;Online;549,99;302,49;247,5;0,45
105036;2026-02-08;C1851;4;17;3;2360,66;0,2;1652,46;PIX;Marketplace;5665,58;4957,38;708,2;0,125
105037;2025-04-05;C1963;1;2;2;346,93;0,05;222,04;Boleto;Marketplace;659,17;444,08;215,09;0,3263
105038;2026-02-26;C0287;6;13;1;96,49;0,0;48,24;Boleto;Online;96,49;48,24;48,25;0,5001
105039;2025-09-05;C0043;17;18;4;199,69;0,1;119,81;PIX;Marketplace;718,88;479,24;239,64;0,3334
105040;2025-01-28;C2499;9;16;1;310,32;0,1;195,5;Boleto;Marketplace;279,29;195,5;83,79;0,3
105041;2025-11-17;C0922;14;5;1;3441,58;0,2;2477,94;PIX;Marketplace;2753,26;2477,94;275,32;0,1
105042;2025-04-16;C0541;9;13;1;343,24;0,0;216,24;Cartão de crédito;Online;343,24;216,24;127,0;0,37
105043;2026-06-28;C1023;7;26;3;838,42;0,0;519,82;Cartão de crédito;Online;2515,26;1559,46;955,8;0,38
105044;2025-12-30;C1009;14;15;3;3624,71;0,0;2609,79;Boleto;Marketplace;10874,13;7829,37;3044,76;0,28
105045;2025-02-10;C0158;10;23;4;272,36;0,15;141,63;Cartão de crédito;Marketplace;926,02;566,52;359,5;0,3882
105046;2025-11-04;C0060;13;10;4;454,78;0,0;263,77;Boleto;Marketplace;1819,12;1055,08;764,04;0,42
105047;2025-10-01;C0596;6;19;1;153,45;0,2;76,72;Cartão de débito;Marketplace;122,76;76,72;46,04;0,375
105048;2025-07-22;C0990;3;27;1;86,32;0,05;38,84;PIX;Online;82,0;38,84;43,16;0,5263
105049;2025-04-06;C2259;14;20;1;5287,83;0,05;3807,24;Cartão de crédito;Marketplace;5023,44;3807,24;1216,2;0,2421
105050;2026-01-08;C0218;7;19;2;361,01;0,0;223,83;PIX;Online;722,02;447,66;274,36;0,38
105051;2025-09-09;C0740;8;16;2;161,09;0,0;88,6;Boleto;Marketplace;322,18;177,2;144,98;0,45
105052;2025-10-16;C1760;11;11;2;603,96;0,1;410,69;Cartão de débito;Marketplace;1087,13;821,38;265,75;0,2445
105053;2026-04-11;C0711;10;7;1;176,87;0,0;91,97;Cartão de débito;Online;176,87;91,97;84,9;0,48
105054;2025-08-04;C1368;9;16;5;283,03;0,1;178,31;Cartão de débito;Marketplace;1273,64;891,55;382,09;0,3
105055;2025-05-09;C2183;10;26;2;215,31;0,1;111,96;Boleto;Online;387,56;223,92;163,64;0,4222
105056;2026-06-03;C1163;1;19;4;618,23;0,0;395,67;Cartão de débito;Marketplace;2472,92;1582,68;890,24;0,36
105057;2026-04-20;C1120;12;26;2;1605,38;0,1;1091,66;PIX;Online;2889,68;2183,32;706,36;0,2444
105058;2025-02-23;C1417;2;21;2;644,08;0,0;431,53;PIX;Online;1288,16;863,06;425,1;0,33
105059;2025-03-02;C1645;13;8;2;357,99;0,1;207,63;Cartão de crédito;Marketplace;644,38;415,26;229,12;0,3556
105060;2025-08-12;C1801;3;8;1;39,07;0,0;17,58;PIX;Marketplace;39,07;17,58;21,49;0,55
105061;2025-11-13;C0934;16;27;4;397,97;0,0;218,88;Cartão de débito;Online;1591,88;875,52;716,36;0,45
105062;2025-09-18;C0070;4;1;1;2479,65;0,1;1735,75;Cartão de débito;Online;2231,68;1735,75;495,93;0,2222
105063;2025-02-18;C1935;11;10;2;788,7;0,15;536,32;Cartão de débito;Online;1340,79;1072,64;268,15;0,2
105064;2025-09-03;C1113;12;24;2;2074,43;0,0;1410,61;Cartão de débito;Marketplace;4148,86;2821,22;1327,64;0,32
105065;2025-01-26;C1356;13;15;2;402,97;0,05;233,72;Boleto;Online;765,64;467,44;298,2;0,3895
105066;2025-11-05;C2487;6;25;1;126,91;0,0;63,45;Cartão de débito;Online;126,91;63,45;63,46;0,5
105067;2025-10-24;C0851;1;13;1;704,85;0,05;451,1;PIX;Marketplace;669,61;451,1;218,51;0,3263
105068;2026-06-28;C0766;3;14;2;62,35;0,15;28,06;PIX;Marketplace;106,0;56,12;49,88;0,4706
105069;2026-06-06;C0993;7;19;2;538,82;0,0;334,07;Boleto;Marketplace;1077,64;668,14;409,5;0,38
105070;2025-10-27;C1656;6;27;2;177,01;0,1;88,5;Boleto;Marketplace;318,62;177,0;141,62;0,4445
105071;2026-03-06;C0645;4;25;2;1857,83;0,05;1300,48;Cartão de crédito;Online;3529,88;2600,96;928,92;0,2632
105072;2026-04-04;C0408;7;15;4;755,42;0,05;468,36;Boleto;Marketplace;2870,6;1873,44;997,16;0,3474
105073;2025-02-02;C0542;12;18;1;1314,52;0,2;893,87;Cartão de crédito;Marketplace;1051,62;893,87;157,75;0,15
105074;2025-02-18;C1896;16;20;5;204,08;0,0;112,24;PIX;Marketplace;1020,4;561,2;459,2;0,45
105075;2026-05-22;C0779;8;22;2;89,12;0,0;49,02;PIX;Marketplace;178,24;98,04;80,2;0,45
105076;2026-05-05;C0965;14;13;2;4509,55;0,0;3246,88;Cartão de crédito;Online;9019,1;6493,76;2525,34;0,28
105077;2025-07-05;C0238;15;24;2;4029,26;0,05;3142,82;Cartão de crédito;Marketplace;7655,59;6285,64;1369,95;0,1789
105078;2025-05-09;C1776;2;2;1;1048,28;0,2;702,35;Boleto;Marketplace;838,62;702,35;136,27;0,1625
105079;2025-03-09;C0120;8;25;1;206,09;0,0;113,35;PIX;Marketplace;206,09;113,35;92,74;0,45
105080;2025-05-19;C0103;11;4;1;570,23;0,1;387,76;Cartão de débito;Online;513,21;387,76;125,45;0,2444
105081;2025-03-19;C1583;14;19;1;5530,28;0,0;3981,8;PIX;Online;5530,28;3981,8;1548,48;0,28
105082;2025-03-02;C2017;12;20;1;2153,21;0,05;1464,18;PIX;Online;2045,55;1464,18;581,37;0,2842
105083;2026-01-22;C0100;12;5;3;967,06;0,15;657,6;Cartão de crédito;Marketplace;2466,0;1972,8;493,2;0,2
105084;2025-05-24;C0870;8;1;1;298,08;0,05;163,94;PIX;Marketplace;283,18;163,94;119,24;0,4211
105085;2025-04-29;C0157;8;25;1;253,96;0,0;139,68;Cartão de débito;Marketplace;253,96;139,68;114,28;0,45
105086;2026-06-26;C2178;3;13;3;33,16;0,0;14,92;Cartão de crédito;Online;99,48;44,76;54,72;0,5501
105087;2026-04-16;C0660;12;17;3;745,76;0,1;507,12;Cartão de crédito;Online;2013,55;1521,36;492,19;0,2444
105088;2026-04-13;C0250;17;3;2;637,18;0,0;382,31;Boleto;Marketplace;1274,36;764,62;509,74;0,4
105089;2026-04-11;C1494;11;1;1;434,06;0,0;295,16;Cartão de débito;Marketplace;434,06;295,16;138,9;0,32
105090;2025-11-24;C2413;3;7;2;93,71;0,1;42,17;Cartão de crédito;Online;168,68;84,34;84,34;0,5
105091;2026-05-10;C2168;5;24;1;916,23;0,05;595,55;Cartão de débito;Online;870,42;595,55;274,87;0,3158
105092;2025-10-23;C1294;14;26;3;3177,59;0,15;2287,86;PIX;Online;8102,85;6863,58;1239,27;0,1529
105093;2026-04-20;C0133;14;25;1;3038,7;0,2;2187,86;PIX;Marketplace;2430,96;2187,86;243,1;0,1
105094;2026-04-03;C1423;2;22;1;1136,13;0,1;761,21;PIX;Online;1022,52;761,21;261,31;0,2556
105095;2025-08-04;C2167;10;27;1;105,81;0,05;55,02;Cartão de débito;Online;100,52;55,02;45,5;0,4526
105096;2025-07-17;C1430;12;24;1;861,52;0,1;585,83;Boleto;Online;775,37;585,83;189,54;0,2445
105097;2025-01-30;C2229;1;16;2;337,05;0,15;215,71;Cartão de crédito;Marketplace;572,98;431,42;141,56;0,2471
105098;2025-04-20;C0682;15;21;2;3008,47;0,0;2346,61;Cartão de débito;Online;6016,94;4693,22;1323,72;0,22
105099;2025-11-23;C1903;16;25;4;163,44;0,0;89,89;Cartão de crédito;Marketplace;653,76;359,56;294,2;0,45
105100;2025-04-19;C0004;6;14;2;230,0;0,2;115,0;Boleto;Marketplace;368,0;230,0;138,0;0,375
105101;2025-08-27;C1506;10;17;1;186,82;0,15;97,15;Cartão de débito;Marketplace;158,8;97,15;61,65;0,3882
105102;2025-03-16;C0052;17;2;1;104,6;0,05;62,76;Boleto;Marketplace;99,37;62,76;36,61;0,3684
105103;2025-11-11;C0414;10;7;1;363,64;0,0;189,09;PIX;Marketplace;363,64;189,09;174,55;0,48
105104;2025-07-16;C1912;4;25;1;871,46;0,0;610,02;Boleto;Marketplace;871,46;610,02;261,44;0,3
105105;2026-05-09;C0906;8;3;2;205,96;0,0;113,28;Boleto;Online;411,92;226,56;185,36;0,45
105106;2025-06-14;C1021;1;16;2;817,72;0,0;523,34;Cartão de crédito;Marketplace;1635,44;1046,68;588,76;0,36
105107;2026-03-27;C0315;12;7;1;2492,07;0,0;1694,61;Boleto;Online;2492,07;1694,61;797,46;0,32
105108;2025-08-17;C0238;13;10;2;284,82;0,05;165,2;Boleto;Online;541,16;330,4;210,76;0,3895
105109;2026-01-06;C2493;15;5;4;2378,28;0,1;1855,06;Cartão de débito;Marketplace;8561,81;7420,24;1141,57;0,1333
105110;2026-02-07;C0515;15;14;4;4952,28;0,1;3862,78;Cartão de crédito;Marketplace;17828,21;15451,12;2377,09;0,1333
105111;2026-06-06;C0357;7;11;1;671,69;0,05;416,45;Cartão de débito;Online;638,11;416,45;221,66;0,3474
105112;2025-12-26;C0344;12;16;2;1087,84;0,15;739,73;Cartão de débito;Marketplace;1849,33;1479,46;369,87;0,2
105113;2025-11-26;C1783;1;17;1;784,67;0,15;502,19;Boleto;Online;666,97;502,19;164,78;0,2471
105114;2026-05-14;C0594;9;2;1;456,62;0,0;287,67;Boleto;Marketplace;456,62;287,67;168,95;0,37
105115;2025-04-07;C2199;13;2;1;201,9;0,0;117,1;PIX;Marketplace;201,9;117,1;84,8;0,42
105116;2025-05-14;C2469;9;1;2;187,23;0,05;117,95;PIX;Marketplace;355,74;235,9;119,84;0,3369
105117;2025-06-26;C2391;14;13;3;2864,87;0,1;2062,71;Cartão de crédito;Marketplace;7735,15;6188,13;1547,02;0,2
105118;2025-09-29;C2156;11;23;2;1004,2;0,05;682,86;Cartão de débito;Online;1907,98;1365,72;542,26;0,2842
105119;2025-12-12;C2135;7;13;1;652,8;0,2;404,74;Boleto;Marketplace;522,24;404,74;117,5;0,225
105120;2025-08-17;C1090;16;1;1;498,73;0,1;274,3;PIX;Marketplace;448,86;274,3;174,56;0,3889
105121;2026-03-12;C1398;3;20;2;87,98;0,0;39,59;Boleto;Marketplace;175,96;79,18;96,78;0,55
105122;2026-02-27;C2428;17;8;1;433,66;0,0;260,2;Cartão de débito;Marketplace;433,66;260,2;173,46;0,4
105123;2025-11-01;C1343;13;27;1;270,8;0,1;157,06;PIX;Online;243,72;157,06;86,66;0,3556
105124;2025-12-29;C1801;14;11;1;3663,84;0,05;2637,96;Boleto;Marketplace;3480,65;2637,96;842,69;0,2421
105125;2025-11-16;C2191;10;14;1;175,4;0,0;91,21;Cartão de débito;Online;175,4;91,21;84,19;0,48
105126;2026-04-13;C1785;7;15;1;551,83;0,0;342,13;PIX;Online;551,83;342,13;209,7;0,38
105127;2025-09-20;C1485;13;13;1;426,97;0,1;247,64;Cartão de crédito;Marketplace;384,27;247,64;136,63;0,3556
105128;2025-07-13;C1494;14;21;3;3582,26;0,05;2579,23;PIX;Marketplace;10209,44;7737,69;2471,75;0,2421
105129;2025-04-20;C1074;10;8;1;286,31;0,05;148,88;Cartão de crédito;Online;271,99;148,88;123,11;0,4526
105130;2026-04-19;C0911;9;3;2;437,02;0,15;275,32;Cartão de débito;Online;742,93;550,64;192,29;0,2588
105131;2026-06-17;C1026;4;14;1;2466,49;0,1;1726,54;Cartão de crédito;Online;2219,84;1726,54;493,3;0,2222
105132;2026-05-02;C0301;3;8;1;55,4;0,05;24,93;PIX;Marketplace;52,63;24,93;27,7;0,5263
105133;2025-12-13;C0798;6;8;3;170,31;0,1;85,16;Boleto;Marketplace;459,84;255,48;204,36;0,4444
105134;2026-05-15;C2335;2;26;3;565,51;0,15;378,89;Cartão de débito;Online;1442,05;1136,67;305,38;0,2118
105135;2025-06-20;C2320;7;8;2;796,66;0,0;493,93;Boleto;Marketplace;1593,32;987,86;605,46;0,38
105136;2025-02-03;C0634;9;10;2;237,65;0,05;149,72;Cartão de débito;Marketplace;451,54;299,44;152,1;0,3368
105137;2026-04-09;C0531;4;20;1;2357,6;0,0;1650,32;PIX;Marketplace;2357,6;1650,32;707,28;0,3
105138;2026-02-28;C0180;7;13;5;565,82;0,05;350,81;Cartão de crédito;Online;2687,65;1754,05;933,6;0,3474
105139;2026-06-08;C0056;6;23;1;99,49;0,0;49,74;Boleto;Online;99,49;49,74;49,75;0,5001
105140;2026-06-21;C1963;16;3;2;492,99;0,1;271,14;Cartão de débito;Online;887,38;542,28;345,1;0,3889
105141;2025-01-11;C1861;5;4;1;1185,05;0,05;770,28;Boleto;Online;1125,8;770,28;355,52;0,3158
105142;2025-07-29;C2418;7;8;1;858,57;0,05;532,31;PIX;Marketplace;815,64;532,31;283,33;0,3474
105143;2025-12-23;C0278;15;26;4;4968,54;0,0;3875,46;Cartão de débito;Marketplace;19874,16;15501,84;4372,32;0,22
105144;2025-06-20;C2435;13;13;1;425,03;0,0;246,52;Boleto;Online;425,03;246,52;178,51;0,42
105145;2025-09-01;C1255;4;13;2;1906,98;0,05;1334,89;Boleto;Marketplace;3623,26;2669,78;953,48;0,2632
105146;2025-12-26;C2495;4;1;1;1718,75;0,1;1203,12;Cartão de débito;Online;1546,88;1203,12;343,76;0,2222
105147;2026-01-07;C2149;11;9;1;1128,86;0,2;767,62;Cartão de débito;Marketplace;903,09;767,62;135,47;0,15
105148;2025-08-09;C2113;16;14;3;148,72;0,05;81,8;Cartão de crédito;Marketplace;423,85;245,4;178,45;0,421
105149;2026-05-15;C1498;4;2;1;1896,4;0,0;1327,48;Cartão de crédito;Marketplace;1896,4;1327,48;568,92;0,3
105150;2025-11-01;C0265;12;24;1;1719,34;0,1;1169,15;Cartão de crédito;Online;1547,41;1169,15;378,26;0,2444
105151;2026-06-05;C0393;3;19;1;88,06;0,15;39,63;Cartão de crédito;Online;74,85;39,63;35,22;0,4705
105152;2025-06-15;C2103;8;1;1;252,3;0,0;138,77;Boleto;Marketplace;252,3;138,77;113,53;0,45
105153;2025-02-13;C0181;2;4;2;467,89;0,0;313,49;Boleto;Marketplace;935,78;626,98;308,8;0,33
105154;2026-05-21;C0760;14;14;5;5398,82;0,05;3887,15;Cartão de crédito;Marketplace;25644,39;19435,75;6208,64;0,2421
105155;2025-01-22;C0330;3;4;2;59,82;0,15;26,92;PIX;Marketplace;101,69;53,84;47,85;0,4705
105156;2025-05-31;C0528;4;4;1;2488,92;0,15;1742,24;PIX;Marketplace;2115,58;1742,24;373,34;0,1765
105157;2025-01-26;C2242;6;26;1;213,59;0,1;106,8;Cartão de crédito;Marketplace;192,23;106,8;85,43;0,4444
105158;2025-05-11;C0865;17;6;1;206,64;0,1;123,98;PIX;Marketplace;185,98;123,98;62,0;0,3334
105159;2025-01-05;C0555;12;11;4;1320,92;0,05;898,23;Boleto;Marketplace;5019,5;3592,92;1426,58;0,2842
105160;2025-11-12;C1104;13;22;2;101,26;0,15;58,73;Boleto;Marketplace;172,14;117,46;54,68;0,3176
105161;2025-10-22;C2182;7;11;1;366,63;0,05;227,31;Cartão de débito;Marketplace;348,3;227,31;120,99;0,3474
105162;2025-05-16;C2198;3;22;2;95,58;0,0;43,01;Cartão de crédito;Online;191,16;86,02;105,14;0,55
105163;2025-09-13;C1094;10;19;2;178,37;0,1;92,75;Cartão de crédito;Marketplace;321,07;185,5;135,57;0,4222
105164;2025-02-16;C0631;13;12;1;86,47;0,1;50,15;Boleto;Marketplace;77,82;50,15;27,67;0,3556
105165;2025-09-13;C0880;3;4;5;86,09;0,2;38,74;Cartão de débito;Marketplace;344,36;193,7;150,66;0,4375
105166;2025-12-19;C1841;16;9;1;278,61;0,0;153,24;Boleto;Marketplace;278,61;153,24;125,37;0,45
105167;2026-01-04;C0101;16;9;2;313,1;0,05;172,21;Boleto;Online;594,89;344,42;250,47;0,421
105168;2025-11-14;C2090;16;24;1;212,08;0,0;116,64;PIX;Marketplace;212,08;116,64;95,44;0,45
105169;2026-02-19;C1086;2;7;1;561,66;0,0;376,31;PIX;Online;561,66;376,31;185,35;0,33
105170;2026-06-05;C1173;2;21;1;257,57;0,1;172,57;PIX;Marketplace;231,81;172,57;59,24;0,2556
105171;2025-12-03;C1580;12;7;1;1052,49;0,0;715,69;PIX;Online;1052,49;715,69;336,8;0,32
105172;2026-06-20;C0428;15;3;2;3593,33;0,0;2802,8;Boleto;Marketplace;7186,66;5605,6;1581,06;0,22
105173;2025-11-30;C2310;11;8;1;685,06;0,05;465,84;Cartão de débito;Online;650,81;465,84;184,97;0,2842
105174;2025-10-23;C0314;13;25;2;338,11;0,1;196,1;Cartão de crédito;Online;608,6;392,2;216,4;0,3556
105175;2025-01-06;C0443;6;25;2;125,49;0,1;62,74;PIX;Online;225,88;125,48;100,4;0,4445
105176;2025-02-22;C1082;16;9;1;586,05;0,15;322,33;PIX;Online;498,14;322,33;175,81;0,3529
105177;2025-04-12;C1058;3;17;1;53,25;0,1;23,96;PIX;Online;47,92;23,96;23,96;0,5
105178;2026-05-07;C1600;9;21;2;368,05;0,05;231,87;Boleto;Online;699,3;463,74;235,56;0,3369
105179;2025-04-03;C2157;16;1;2;502,59;0,05;276,42;PIX;Online;954,92;552,84;402,08;0,4211
105180;2025-07-13;C0333;9;1;2;318,84;0,0;200,87;Cartão de crédito;Marketplace;637,68;401,74;235,94;0,37
105181;2025-01-29;C1316;12;26;1;816,62;0,2;555,3;PIX;Marketplace;653,3;555,3;98,0;0,15
105182;2025-11-03;C0255;8;4;1;218,21;0,1;120,02;PIX;Marketplace;196,39;120,02;76,37;0,3889
105183;2026-03-29;C1735;11;8;2;998,93;0,15;679,27;Cartão de débito;Marketplace;1698,18;1358,54;339,64;0,2
105184;2025-04-03;C0931;6;23;1;153,69;0,05;76,84;Cartão de crédito;Online;146,01;76,84;69,17;0,4737
105185;2025-11-11;C0447;11;16;1;777,51;0,1;528,71;PIX;Online;699,76;528,71;171,05;0,2444
105186;2025-06-30;C1515;5;6;2;255,79;0,1;166,26;PIX;Marketplace;460,42;332,52;127,9;0,2778
105187;2025-03-21;C0417;8;25;2;298,64;0,1;164,25;PIX;Online;537,55;328,5;209,05;0,3889
105188;2025-04-16;C1160;4;18;2;1528,65;0,05;1070,06;Boleto;Online;2904,44;2140,12;764,32;0,2632
105189;2025-07-30;C0409;13;18;1;346,26;0,2;200,83;Cartão de crédito;Online;277,01;200,83;76,18;0,275
105190;2025-01-03;C1985;16;23;1;515,21;0,0;283,37;PIX;Marketplace;515,21;283,37;231,84;0,45
105191;2025-07-05;C1538;14;20;4;3228,21;0,1;2324,31;PIX;Online;11621,56;9297,24;2324,32;0,2
105192;2025-07-03;C2427;16;22;3;431,98;0,05;237,59;Cartão de débito;Marketplace;1231,14;712,77;518,37;0,421
105193;2025-04-07;C1475;13;3;2;447,86;0,0;259,76;Cartão de débito;Marketplace;895,72;519,52;376,2;0,42
105194;2026-05-02;C0536;17;15;2;567,98;0,15;340,79;Cartão de crédito;Marketplace;965,57;681,58;283,99;0,2941
105195;2026-01-08;C0695;9;27;1;424,08;0,1;267,17;Cartão de débito;Marketplace;381,67;267,17;114,5;0,3
105196;2026-04-27;C0630;9;1;3;243,11;0,15;153,16;PIX;Online;619,93;459,48;160,45;0,2588
105197;2026-02-20;C0315;12;26;4;2488,14;0,1;1691,94;PIX;Marketplace;8957,3;6767,76;2189,54;0,2444
105198;2025-05-19;C1939;6;11;1;176,91;0,0;88,45;Boleto;Online;176,91;88,45;88,46;0,5
105199;2026-03-05;C2304;11;5;2;1968,33;0,1;1338,46;PIX;Marketplace;3542,99;2676,92;866,07;0,2444
105200;2026-02-16;C0983;11;4;1;1344,11;0,0;913,99;Cartão de débito;Marketplace;1344,11;913,99;430,12;0,32
105201;2026-03-26;C1217;5;11;1;589,55;0,05;383,21;PIX;Marketplace;560,07;383,21;176,86;0,3158
105202;2025-08-02;C0830;8;1;3;80,73;0,1;44,4;Cartão de débito;Marketplace;217,97;133,2;84,77;0,3889
105203;2025-01-01;C2368;16;15;2;105,02;0,0;57,76;Cartão de crédito;Online;210,04;115,52;94,52;0,45
105204;2025-11-19;C0064;3;22;1;74,35;0,05;33,46;PIX;Online;70,63;33,46;37,17;0,5263
105205;2025-11-27;C2191;16;22;4;533,76;0,05;293,57;Cartão de débito;Online;2028,29;1174,28;854,01;0,421
105206;2025-06-23;C1186;5;20;1;452,06;0,0;293,84;Cartão de débito;Online;452,06;293,84;158,22;0,35
105207;2025-02-08;C1760;17;1;3;428,53;0,1;257,12;Cartão de débito;Marketplace;1157,03;771,36;385,67;0,3333
105208;2025-12-15;C2424;1;6;1;770,16;0,1;492,9;Cartão de débito;Online;693,14;492,9;200,24;0,2889
105209;2026-02-12;C0446;13;2;1;140,65;0,0;81,58;Cartão de crédito;Marketplace;140,65;81,58;59,07;0,42
105210;2025-05-15;C1178;14;1;4;3542,81;0,0;2550,82;Cartão de débito;Online;14171,24;10203,28;3967,96;0,28
105211;2025-09-03;C0092;9;11;1;451,85;0,1;284,67;Cartão de crédito;Online;406,66;284,67;121,99;0,3
105212;2025-07-15;C0531;17;14;1;756,77;0,0;454,06;Cartão de débito;Marketplace;756,77;454,06;302,71;0,4
105213;2025-12-07;C0252;1;21;2;885,32;0,05;566,6;Cartão de débito;Marketplace;1682,11;1133,2;548,91;0,3263
105214;2025-06-15;C2475;1;17;1;566,44;0,1;362,52;Boleto;Online;509,8;362,52;147,28;0,2889
105215;2026-06-16;C1126;2;11;1;860,24;0,05;576,36;Boleto;Marketplace;817,23;576,36;240,87;0,2947
105216;2025-08-09;C1540;11;26;1;840,11;0,05;571,27;Boleto;Online;798,1;571,27;226,83;0,2842
105217;2026-02-06;C1008;12;17;3;1127,47;0,0;766,68;Cartão de débito;Online;3382,41;2300,04;1082,37;0,32
105218;2026-03-10;C1925;4;1;3;827,73;0,0;579,41;Cartão de débito;Marketplace;2483,19;1738,23;744,96;0,3
105219;2025-05-30;C1194;7;17;1;598,66;0,05;371,17;Boleto;Marketplace;568,73;371,17;197,56;0,3474
105220;2025-07-06;C1232;5;2;1;702,45;0,0;456,59;Cartão de débito;Online;702,45;456,59;245,86;0,35
105221;2025-07-10;C0658;7;1;4;790,61;0,0;490,18;Cartão de crédito;Online;3162,44;1960,72;1201,72;0,38
105222;2025-11-30;C0724;6;26;2;93,49;0,1;46,74;Boleto;Online;168,28;93,48;74,8;0,4445
105223;2025-01-29;C2380;8;11;3;144,08;0,2;79,24;Cartão de crédito;Marketplace;345,79;237,72;108,07;0,3125
105224;2025-03-18;C0704;9;18;1;563,73;0,0;355,15;PIX;Marketplace;563,73;355,15;208,58;0,37
105225;2026-03-30;C0108;16;12;1;512,07;0,05;281,64;Cartão de débito;Marketplace;486,47;281,64;204,83;0,4211
105226;2025-10-14;C1700;12;23;3;1949,45;0,1;1325,63;Cartão de débito;Marketplace;5263,52;3976,89;1286,63;0,2444
105227;2025-04-26;C1444;2;22;4;1323,83;0,05;886,97;Cartão de débito;Online;5030,55;3547,88;1482,67;0,2947
105228;2026-04-03;C2083;6;19;2;166,5;0,1;83,25;Cartão de crédito;Marketplace;299,7;166,5;133,2;0,4444
105229;2025-02-03;C2373;1;15;2;487,58;0,05;312,05;PIX;Online;926,4;624,1;302,3;0,3263
105230;2025-07-09;C1415;6;1;3;145,4;0,0;72,7;Cartão de débito;Online;436,2;218,1;218,1;0,5
105231;2026-05-09;C0019;14;2;2;5558,92;0,0;4002,42;PIX;Marketplace;11117,84;8004,84;3113,0;0,28
105232;2026-04-13;C1168;16;1;1;415,05;0,05;228,28;Cartão de crédito;Marketplace;394,3;228,28;166,02;0,421
105233;2026-01-11;C1560;1;20;3;328,94;0,1;210,52;Cartão de débito;Online;888,14;631,56;256,58;0,2889
105234;2025-01-01;C0708;3;22;1;30,42;0,1;13,69;PIX;Online;27,38;13,69;13,69;0,5
105235;2025-03-05;C1508;17;19;1;387,34;0,1;232,4;Cartão de débito;Marketplace;348,61;232,4;116,21;0,3334
105236;2026-04-02;C1724;10;12;3;242,37;0,1;126,03;PIX;Online;654,4;378,09;276,31;0,4222
105237;2026-02-16;C1238;4;16;1;996,71;0,05;697,7;Cartão de débito;Marketplace;946,87;697,7;249,17;0,2632
105238;2025-07-23;C0639;4;1;1;1140,34;0,15;798,24;Cartão de débito;Online;969,29;798,24;171,05;0,1765
105239;2025-03-10;C1209;10;14;5;175,48;0,0;91,25;Cartão de débito;Marketplace;877,4;456,25;421,15;0,48
105240;2025-12-20;C0612;15;8;3;3845,04;0,0;2999,13;Cartão de crédito;Online;11535,12;8997,39;2537,73;0,22
105241;2026-02-26;C2186;4;1;1;2320,7;0,1;1624,49;PIX;Online;2088,63;1624,49;464,14;0,2222
105242;2025-07-10;C0670;15;20;5;1653,73;0,15;1289,91;PIX;Marketplace;7028,35;6449,55;578,8;0,0824
105243;2026-03-25;C2249;9;14;1;328,74;0,1;207,11;Boleto;Marketplace;295,87;207,11;88,76;0,3
105244;2025-06-17;C2074;9;25;1;569,5;0,0;358,79;Cartão de crédito;Marketplace;569,5;358,79;210,71;0,37
105245;2025-03-23;C0163;6;6;2;196,63;0,0;98,31;PIX;Online;393,26;196,62;196,64;0,5
105246;2026-02-06;C2483;11;1;2;1907,91;0,0;1297,38;Não informado;Marketplace;3815,82;2594,76;1221,06;0,32
105247;2025-01-27;C1145;14;4;1;2743,52;0,0;1975,33;Cartão de crédito;Marketplace;2743,52;1975,33;768,19;0,28
105248;2025-07-16;C0293;7;24;2;754,2;0,15;467,6;Cartão de crédito;Marketplace;1282,14;935,2;346,94;0,2706
105249;2025-01-17;C1697;5;19;1;1088,18;0,0;707,32;Cartão de crédito;Marketplace;1088,18;707,32;380,86;0,35
105250;2025-10-09;C0848;12;26;1;2141,29;0,05;1456,08;Cartão de débito;Online;2034,23;1456,08;578,15;0,2842
105251;2026-06-19;C2104;11;26;1;906,4;0,05;616,35;Boleto;Marketplace;861,08;616,35;244,73;0,2842
105252;2025-04-29;C1095;11;19;1;1235,82;0,0;840,36;PIX;Marketplace;1235,82;840,36;395,46;0,32
105253;2025-12-26;C0494;14;11;1;2960,57;0,05;2131,61;Cartão de débito;Online;2812,54;2131,61;680,93;0,2421
105254;2025-08-24;C2212;4;8;1;709,44;0,0;496,61;Cartão de crédito;Marketplace;709,44;496,61;212,83;0,3
105255;2026-04-28;C0395;7;16;1;713,55;0,1;442,4;Cartão de crédito;Online;642,19;442,4;199,79;0,3111
105256;2025-04-18;C1728;16;21;4;105,21;0,0;57,87;Boleto;Online;420,84;231,48;189,36;0,45
105257;2025-12-23;C0883;4;17;1;1897,53;0,05;1328,27;Cartão de crédito;Online;1802,65;1328,27;474,38;0,2632
105258;2025-01-08;C1797;13;6;1;388,14;0,05;225,12;PIX;Online;368,73;225,12;143,61;0,3895
105259;2025-01-21;C2248;9;7;1;465,22;0,0;293,09;Boleto;Online;465,22;293,09;172,13;0,37
105260;2025-08-24;C0962;4;12;1;698,27;0,0;488,79;Cartão de débito;Online;698,27;488,79;209,48;0,3
105261;2025-10-03;C0242;17;8;1;516,56;0,1;309,94;Cartão de débito;Marketplace;464,9;309,94;154,96;0,3333
105262;2025-05-19;C0757;17;1;1;413,23;0,15;247,94;Cartão de crédito;Marketplace;351,25;247,94;103,31;0,2941
105263;2025-06-03;C1458;2;27;1;489,65;0,1;328,07;Cartão de crédito;Online;440,68;328,07;112,61;0,2555
105264;2026-03-13;C1068;16;21;2;339,6;0,05;186,78;Boleto;Marketplace;645,24;373,56;271,68;0,4211
105265;2025-10-13;C2248;10;4;1;106,56;0,0;55,41;Cartão de débito;Online;106,56;55,41;51,15;0,48
105266;2025-06-01;C1111;3;17;1;78,87;0,05;35,49;Cartão de débito;Marketplace;74,93;35,49;39,44;0,5264
105267;2026-04-15;C2080;3;18;1;59,45;0,05;26,75;PIX;Online;56,48;26,75;29,73;0,5264
105268;2025-08-17;C1469;6;23;1;188,92;0,15;94,46;Cartão de crédito;Marketplace;160,58;94,46;66,12;0,4118
105269;2025-07-02;C0225;3;20;2;73,75;0,1;33,19;Cartão de crédito;Marketplace;132,75;66,38;66,37;0,5
105270;2025-01-17;C0338;7;22;1;880,95;0,0;546,19;PIX;Online;880,95;546,19;334,76;0,38
105271;2026-01-26;C1644;13;2;1;366,43;0,15;212,53;Boleto;Online;311,47;212,53;98,94;0,3177
105272;2025-01-21;C2272;15;1;1;3693,63;0,1;2881,03;Cartão de débito;Marketplace;3324,27;2881,03;443,24;0,1333
105273;2026-05-11;C0887;16;5;2;110,32;0,05;60,68;Cartão de débito;Online;209,61;121,36;88,25;0,421
105274;2025-02-15;C1603;11;2;1;1047,04;0,2;711,99;Cartão de crédito;Marketplace;837,63;711,99;125,64;0,15
105275;2025-01-21;C2156;11;11;2;1437,77;0,0;977,68;Cartão de crédito;Online;2875,54;1955,36;920,18;0,32
105276;2026-03-03;C0766;12;9;1;1945,31;0,05;1322,81;Cartão de crédito;Marketplace;1848,04;1322,81;525,23;0,2842
105277;2026-03-18;C1209;11;6;1;524,53;0,05;356,68;Cartão de crédito;Online;498,3;356,68;141,62;0,2842
105278;2025-08-05;C1712;2;24;1;310,22;0,0;207,85;Cartão de crédito;Marketplace;310,22;207,85;102,37;0,33
105279;2025-04-05;C2381;16;6;1;415,17;0,0;228,34;Cartão de débito;Marketplace;415,17;228,34;186,83;0,45
105280;2026-06-19;C1080;8;19;2;132,14;0,1;72,68;Boleto;Marketplace;237,85;145,36;92,49;0,3889
105281;2025-04-06;C0488;2;26;2;794,32;0,0;532,19;Cartão de crédito;Marketplace;1588,64;1064,38;524,26;0,33
105282;2026-05-21;C1389;5;10;2;399,08;0,15;259,4;Boleto;Marketplace;678,44;518,8;159,64;0,2353
105283;2025-07-01;C1320;13;20;1;306,12;0,1;177,55;Cartão de crédito;Online;275,51;177,55;97,96;0,3556
105284;2025-08-07;C1739;12;15;1;1699,39;0,05;1155,59;Boleto;Marketplace;1614,42;1155,59;458,83;0,2842
105285;2025-07-28;C1332;11;14;4;1821,77;0,0;1238,8;Boleto;Marketplace;7287,08;4955,2;2331,88;0,32
105286;2025-05-20;C2034;5;13;1;304,65;0,0;198,02;Cartão de crédito;Online;304,65;198,02;106,63;0,35
105287;2026-05-20;C2211;5;3;1;202,13;0,0;131,38;Cartão de débito;Online;202,13;131,38;70,75;0,35
105288;2025-06-05;C0981;6;26;1;69,37;0,1;34,69;Cartão de crédito;Marketplace;62,43;34,69;27,74;0,4443
105289;2026-05-16;C2131;11;20;1;1674,92;0,0;1138,95;Boleto;Online;1674,92;1138,95;535,97;0,32
105290;2026-05-26;C1624;14;16;1;3430,51;0,05;2469,97;Cartão de débito;Marketplace;3258,98;2469,97;789,01;0,2421
105291;2025-03-18;C1779;16;25;4;170,66;0,1;93,86;Boleto;Online;614,38;375,44;238,94;0,3889
105292;2025-04-18;C0077;10;11;1;329,77;0,1;171,48;Cartão de débito;Marketplace;296,79;171,48;125,31;0,4222
105293;2025-07-04;C2144;14;1;2;5479,99;0,05;3945,59;PIX;Online;10411,98;7891,18;2520,8;0,2421
105294;2026-06-28;C2408;15;16;1;3163,72;0,1;2467,7;Cartão de débito;Online;2847,35;2467,7;379,65;0,1333
105295;2025-10-09;C1443;3;11;1;68,52;0,0;30,83;Cartão de débito;Online;68,52;30,83;37,69;0,5501
105296;2026-03-28;C1682;9;5;1;426,72;0,0;268,83;Cartão de débito;Marketplace;426,72;268,83;157,89;0,37
105297;2026-01-22;C0152;1;25;2;891,99;0,05;570,87;PIX;Online;1694,78;1141,74;553,04;0,3263
105298;2025-11-10;C1814;3;23;1;37,29;0,05;16,78;PIX;Online;35,43;16,78;18,65;0,5264
105299;2025-01-14;C0650;14;13;1;4577,74;0,1;3295,97;PIX;Online;4119,97;3295,97;824,0;0,2
105300;2025-10-30;C1637;5;22;2;858,48;0,0;558,01;Cartão de débito;Online;1716,96;1116,02;600,94;0,35
105301;2026-05-19;C1652;10;2;2;342,59;0,15;178,15;Cartão de crédito;Online;582,4;356,3;226,1;0,3882
105302;2026-01-23;C1750;14;9;3;4269,86;0,1;3074,3;Cartão de débito;Marketplace;11528,62;9222,9;2305,72;0,2
105303;2026-01-14;C1727;13;13;1;134,93;0,05;78,26;PIX;Marketplace;128,18;78,26;49,92;0,3895
105304;2025-11-04;C1207;12;12;2;731,97;0,0;497,74;Boleto;Online;1463,94;995,48;468,46;0,32
105305;2025-07-23;C1040;6;4;1;239,69;0,05;119,84;Cartão de crédito;Online;227,71;119,84;107,87;0,4737
105306;2025-10-29;C2487;2;21;1;1495,54;0,0;1002,01;Boleto;Marketplace;1495,54;1002,01;493,53;0,33
105307;2025-07-07;C2277;1;14;2;456,05;0,0;291,87;Cartão de débito;Online;912,1;583,74;328,36;0,36
105308;2025-01-18;C1910;8;11;3;255,54;0,0;140,55;PIX;Marketplace;766,62;421,65;344,97;0,45
105309;2026-03-12;C0094;6;3;1;62,42;0,1;31,21;Cartão de débito;Online;56,18;31,21;24,97;0,4445
105310;2025-11-23;C0289;2;3;1;909,77;0,1;609,55;PIX;Marketplace;818,79;609,55;209,24;0,2555
105311;2025-03-31;C2081;2;8;1;1223,42;0,05;819,69;PIX;Marketplace;1162,25;819,69;342,56;0,2947
105312;2025-05-29;C1434;9;9;1;505,33;0,0;318,36;Cartão de débito;Online;505,33;318,36;186,97;0,37
105313;2025-12-31;C0244;5;2;2;1002,53;0,05;651,64;Boleto;Marketplace;1904,81;1303,28;601,53;0,3158
105314;2025-12-09;C0003;4;10;1;1141,7;0,2;799,19;Boleto;Marketplace;913,36;799,19;114,17;0,125
105315;2025-08-14;C1608;12;19;3;1076,16;0,2;731,79;PIX;Online;2582,78;2195,37;387,41;0,15
105316;2026-04-29;C1151;2;27;1;695,36;0,1;465,89;Boleto;Online;625,82;465,89;159,93;0,2556
105317;2025-11-20;C1789;13;4;1;107,04;0,0;62,08;Cartão de débito;Marketplace;107,04;62,08;44,96;0,42
105318;2026-03-03;C1236;1;21;1;352,64;0,05;225,69;Boleto;Marketplace;335,01;225,69;109,32;0,3263
105319;2026-05-01;C0832;8;20;1;165,1;0,0;90,81;Cartão de crédito;Online;165,1;90,81;74,29;0,45
105320;2025-09-19;C0353;8;11;2;147,45;0,15;81,1;Cartão de crédito;Online;250,66;162,2;88,46;0,3529
105321;2026-02-27;C2093;4;7;2;2309,85;0,1;1616,89;Boleto;Online;4157,73;3233,78;923,95;0,2222
105322;2026-06-17;C1022;3;17;2;97,14;0,05;43,71;Boleto;Marketplace;184,57;87,42;97,15;0,5264
105323;2025-01-01;C0550;2;8;1;1423,62;0,05;953,83;PIX;Marketplace;1352,44;953,83;398,61;0,2947
105324;2025-07-17;C1851;17;13;1;714,65;0,1;428,79;Cartão de débito;Marketplace;643,18;428,79;214,39;0,3333
105325;2026-03-18;C1401;11;17;1;756,4;0,1;514,35;PIX;Marketplace;680,76;514,35;166,41;0,2444
105326;2026-04-11;C1515;7;26;2;405,79;0,1;251,59;Cartão de débito;Marketplace;730,42;503,18;227,24;0,3111
105327;2025-09-10;C2479;6;20;1;174,03;0,0;87,02;PIX;Online;174,03;87,02;87,01;0,5
105328;2025-02-20;C2370;7;16;1;175,22;0,0;108,64;Boleto;Marketplace;175,22;108,64;66,58;0,38
105329;2026-06-01;C0823;11;26;2;1965,5;0,1;1336,54;Cartão de crédito;Marketplace;3537,9;2673,08;864,82;0,2444
105330;2025-06-18;C1828;16;10;1;528,81;0,05;290,85;Cartão de débito;Marketplace;502,37;290,85;211,52;0,421
105331;2025-12-28;C2121;15;16;1;3605,75;0,1;2812,49;Cartão de débito;Online;3245,18;2812,49;432,69;0,1333
105332;2026-04-23;C0984;13;24;1;210,51;0,15;122,1;PIX;Online;178,93;122,1;56,83;0,3176
105333;2025-09-23;C2194;13;9;2;206,65;0,05;119,86;Boleto;Online;392,64;239,72;152,92;0,3895
105334;2026-02-15;C0817;3;24;3;87,26;0,15;39,27;Boleto;Online;222,51;117,81;104,7;0,4705
105335;2026-03-26;C1907;9;23;1;288,46;0,05;181,73;Boleto;Online;274,04;181,73;92,31;0,3368
105336;2026-02-21;C0503;4;17;3;1307,31;0,0;915,12;Cartão de débito;Marketplace;3921,93;2745,36;1176,57;0,3
105337;2025-03-29;C0961;8;6;2;238,95;0,0;131,42;Cartão de crédito;Online;477,9;262,84;215,06;0,45
105338;2025-05-01;C1630;15;2;1;4468,53;0,1;3485,45;Cartão de débito;Marketplace;4021,68;3485,45;536,23;0,1333
105339;2026-06-20;C2365;16;20;2;315,79;0,15;173,68;Cartão de débito;Online;536,84;347,36;189,48;0,353
105340;2025-05-22;C0738;6;24;1;163,9;0,1;81,95;Cartão de débito;Marketplace;147,51;81,95;65,56;0,4444
105341;2026-02-19;C2262;8;8;1;89,33;0,1;49,13;Boleto;Marketplace;80,4;49,13;31,27;0,3889
105342;2025-10-02;C2126;15;10;2;2437,23;0,1;1901,04;Boleto;Marketplace;4387,01;3802,08;584,93;0,1333
105343;2025-07-16;C1293;7;26;5;598,24;0,0;370,91;Cartão de débito;Marketplace;2991,2;1854,55;1136,65;0,38
105344;2025-08-17;C1809;15;6;1;2364,47;0,0;1844,29;Boleto;Online;2364,47;1844,29;520,18;0,22
105345;2025-12-21;C1289;15;19;1;1742,76;0,0;1359,35;Cartão de crédito;Marketplace;1742,76;1359,35;383,41;0,22
105346;2026-04-01;C0378;15;26;2;4871,8;0,05;3800,0;Boleto;Marketplace;9256,42;7600,0;1656,42;0,1789
105347;2026-03-14;C2482;8;22;1;271,51;0,0;149,33;Boleto;Marketplace;271,51;149,33;122,18;0,45
105348;2025-09-07;C2268;4;15;1;1300,5;0,0;910,35;PIX;Online;1300,5;910,35;390,15;0,3
105349;2026-01-05;C1003;1;24;1;942,78;0,1;603,38;Cartão de crédito;Online;848,5;603,38;245,12;0,2889
105350;2025-06-14;C1382;17;4;4;588,68;0,05;353,21;Cartão de crédito;Marketplace;2236,98;1412,84;824,14;0,3684
105351;2026-04-05;C1931;11;26;1;552,47;0,1;375,68;PIX;Marketplace;497,22;375,68;121,54;0,2444
105352;2026-01-14;C2261;13;22;1;97,27;0,15;56,42;Cartão de débito;Marketplace;82,68;56,42;26,26;0,3176
105353;2026-01-15;C1591;9;17;3;534,83;0,1;336,94;Cartão de débito;Marketplace;1444,04;1010,82;433,22;0,3
105354;2026-03-20;C0964;6;14;1;220,34;0,0;110,17;PIX;Marketplace;220,34;110,17;110,17;0,5
105355;2025-04-30;C0125;6;18;2;236,17;0,0;118,08;Boleto;Marketplace;472,34;236,16;236,18;0,5
105356;2025-05-23;C0112;5;18;1;909,7;0,0;591,31;PIX;Online;909,7;591,31;318,39;0,35
105357;2025-03-20;C0367;13;23;2;153,47;0,05;89,01;PIX;Online;291,59;178,02;113,57;0,3895
105358;2026-05-10;C2218;10;23;3;99,12;0,05;51,54;Boleto;Online;282,49;154,62;127,87;0,4527
105359;2025-04-07;C0567;17;12;4;250,87;0,0;150,52;Cartão de débito;Online;1003,48;602,08;401,4;0,4
105360;2026-01-13;C0011;17;15;2;765,44;0,1;459,26;PIX;Marketplace;1377,79;918,52;459,27;0,3333
105361;2026-03-13;C0323;8;3;1;297,28;0,0;163,5;Boleto;Online;297,28;163,5;133,78;0,45
105362;2025-02-09;C1272;1;10;2;898,45;0,0;575,01;PIX;Marketplace;1796,9;1150,02;646,88;0,36
105363;2025-01-18;C0325;6;16;3;203,76;0,0;101,88;Cartão de débito;Online;611,28;305,64;305,64;0,5
105364;2025-01-01;C1466;10;8;1;142,73;0,0;74,22;Cartão de crédito;Marketplace;142,73;74,22;68,51;0,48
105365;2025-12-07;C0533;2;1;2;1198,22;0,05;802,81;Cartão de crédito;Marketplace;2276,62;1605,62;671,0;0,2947
105366;2025-03-10;C0963;12;10;1;818,37;0,1;556,49;Cartão de débito;Online;736,53;556,49;180,04;0,2444
105367;2025-11-06;C2221;11;12;2;1657,88;0,0;1127,36;Cartão de crédito;Online;3315,76;2254,72;1061,04;0,32
105368;2026-06-17;C0056;10;27;1;106,28;0,15;55,27;Cartão de débito;Marketplace;90,34;55,27;35,07;0,3882
105369;2026-01-30;C1196;14;23;1;3547,85;0,1;2554,45;PIX;Marketplace;3193,06;2554,45;638,61;0,2
105370;2025-05-10;C0241;5;8;1;783,39;0,0;509,2;PIX;Online;783,39;509,2;274,19;0,35
105371;2025-07-26;C0119;4;2;1;858,13;0,1;600,69;Cartão de débito;Marketplace;772,32;600,69;171,63;0,2222
105372;2025-11-04;C2441;14;21;1;3426,55;0,0;2467,12;PIX;Marketplace;3426,55;2467,12;959,43;0,28
105373;2025-04-10;C1657;11;11;2;736,51;0,1;500,83;PIX;Marketplace;1325,72;1001,66;324,06;0,2444
105374;2025-04-13;C0330;9;12;3;391,56;0,05;246,68;Cartão de crédito;Online;1115,95;740,04;375,91;0,3369
105375;2026-06-10;C2373;1;17;1;577,51;0,1;369,61;Boleto;Online;519,76;369,61;150,15;0,2889
105376;2025-06-08;C0297;11;9;5;1862,19;0,0;1266,29;Boleto;Online;9310,95;6331,45;2979,5;0,32
105377;2025-07-13;C2483;2;22;1;987,39;0,0;661,55;Cartão de débito;Marketplace;987,39;661,55;325,84;0,33
105378;2026-05-11;C2106;4;13;2;1717,48;0,1;1202,24;Cartão de crédito;Online;3091,46;2404,48;686,98;0,2222
105379;2025-01-25;C0878;8;11;1;125,35;0,0;68,94;PIX;Marketplace;125,35;68,94;56,41;0,45
105380;2026-06-16;C1454;9;25;1;149,54;0,0;94,21;Cartão de crédito;Online;149,54;94,21;55,33;0,37
105381;2025-01-23;C2427;2;26;1;1067,29;0,15;715,08;PIX;Online;907,2;715,08;192,12;0,2118
105382;2025-04-14;C0995;15;11;2;3837,94;0,0;2993,59;Cartão de crédito;Online;7675,88;5987,18;1688,7;0,22
105383;2026-06-12;C1466;2;4;1;1071,46;0,1;717,88;Cartão de débito;Online;964,31;717,88;246,43;0,2556
105384;2026-06-03;C0425;2;10;1;1156,42;0,0;774,8;Cartão de débito;Marketplace;1156,42;774,8;381,62;0,33
105385;2025-09-12;C2344;4;19;1;1146,38;0,05;802,47;PIX;Marketplace;1089,06;802,47;286,59;0,2632
105386;2025-06-09;C2311;17;11;1;142,87;0,15;85,72;Cartão de débito;Online;121,44;85,72;35,72;0,2941
105387;2025-12-08;C0597;17;8;2;175,51;0,1;105,31;Cartão de crédito;Online;315,92;210,62;105,3;0,3333
105388;2026-06-12;C0960;9;20;1;480,06;0,0;302,44;PIX;Online;480,06;302,44;177,62;0,37
105389;2025-03-20;C0540;10;21;1;341,7;0,05;177,68;PIX;Online;324,61;177,68;146,93;0,4526
105390;2025-01-02;C0316;12;21;1;1977,29;0,0;1344,56;Cartão de crédito;Online;1977,29;1344,56;632,73;0,32
105391;2026-04-11;C2375;10;20;3;187,92;0,05;97,72;Boleto;Online;535,57;293,16;242,41;0,4526
105392;2025-08-15;C2247;7;20;2;749,11;0,2;464,45;PIX;Online;1198,58;928,9;269,68;0,225
105393;2025-09-04;C1259;9;9;1;547,65;0,0;345,02;Cartão de crédito;Marketplace;547,65;345,02;202,63;0,37
105394;2025-02-27;C1286;2;1;5;890,55;0,2;596,67;Cartão de crédito;Marketplace;3562,2;2983,35;578,85;0,1625
105395;2025-01-08;C1108;11;5;1;1425,72;0,05;969,49;Boleto;Online;1354,43;969,49;384,94;0,2842
105396;2026-04-02;C2015;4;24;1;552,56;0,05;386,79;Boleto;Marketplace;524,93;386,79;138,14;0,2632
105397;2025-02-21;C1527;17;1;2;741,45;0,15;444,87;Boleto;Online;1260,47;889,74;370,73;0,2941
105398;2025-12-14;C1377;11;22;1;899,18;0,05;611,44;PIX;Online;854,22;611,44;242,78;0,2842
105399;2025-09-20;C1011;10;23;2;124,98;0,0;64,99;Cartão de débito;Marketplace;249,96;129,98;119,98;0,48
105400;2025-09-28;C2149;13;13;1;350,11;0,0;203,06;Cartão de crédito;Online;350,11;203,06;147,05;0,42
105401;2025-06-08;C0312;14;10;2;4106,35;0,0;2956,57;Cartão de crédito;Online;8212,7;5913,14;2299,56;0,28
105402;2025-05-30;C0135;2;4;1;669,51;0,05;448,57;Cartão de crédito;Online;636,03;448,57;187,46;0,2947
105403;2025-10-25;C1487;17;15;4;704,35;0,0;422,61;Cartão de débito;Online;2817,4;1690,44;1126,96;0,4
105404;2025-03-03;C0568;5;8;1;265,34;0,0;172,47;Cartão de crédito;Online;265,34;172,47;92,87;0,35
105405;2025-10-16;C1738;15;5;1;2229,72;0,0;1739,18;Boleto;Marketplace;2229,72;1739,18;490,54;0,22
105406;2025-01-29;C1521;6;18;1;231,67;0,0;115,83;Boleto;Marketplace;231,67;115,83;115,84;0,5
105407;2025-05-10;C1751;14;7;1;3570,21;0,05;2570,55;Boleto;Marketplace;3391,7;2570,55;821,15;0,2421
105408;2025-12-26;C1651;7;19;2;477,03;0,1;295,76;Cartão de crédito;Online;858,65;591,52;267,13;0,3111
105409;2025-01-16;C1835;11;20;2;1658,02;0,1;1127,45;Boleto;Online;2984,44;2254,9;729,54;0,2444
105410;2026-02-17;C0779;3;11;1;52,87;0,0;23,79;Boleto;Online;52,87;23,79;29,08;0,55
105411;2025-10-17;C2045;17;3;1;560,71;0,1;336,43;Cartão de débito;Online;504,64;336,43;168,21;0,3333
105412;2025-04-08;C0271;12;27;1;2218,05;0,1;1508,27;Cartão de crédito;Marketplace;1996,24;1508,27;487,97;0,2444
105413;2025-05-12;C1513;13;21;4;384,49;0,0;223,0;Cartão de débito;Online;1537,96;892,0;645,96;0,42
105414;2025-11-08;C0952;15;19;1;2625,13;0,2;2047,6;Boleto;Marketplace;2100,1;2047,6;52,5;0,025
105415;2025-11-11;C1260;8;17;3;170,93;0,05;94,01;Cartão de crédito;Online;487,15;282,03;205,12;0,4211
105416;2025-12-05;C0279;6;25;2;73,54;0,05;36,77;Cartão de débito;Online;139,73;73,54;66,19;0,4737
105417;2025-07-21;C2027;12;9;1;1864,93;0,15;1268,15;Boleto;Online;1585,19;1268,15;317,04;0,2
105418;2026-02-16;C1235;7;27;1;452,41;0,0;280,49;PIX;Marketplace;452,41;280,49;171,92;0,38
105419;2025-10-20;C1542;6;22;2;220,14;0,05;110,07;PIX;Marketplace;418,27;220,14;198,13;0,4737
105420;2025-12-21;C0106;8;25;1;85,07;0,1;46,79;Cartão de crédito;Online;76,56;46,79;29,77;0,3888
105421;2026-06-26;C1058;8;1;2;141,4;0,0;77,77;Boleto;Marketplace;282,8;155,54;127,26;0,45
105422;2025-09-19;C0697;6;27;1;237,44;0,05;118,72;Cartão de débito;Marketplace;225,57;118,72;106,85;0,4737
105423;2026-03-15;C0214;16;1;1;369,37;0,05;203,15;Boleto;Online;350,9;203,15;147,75;0,4211
105424;2026-06-21;C0312;17;21;1;468,26;0,1;280,96;Boleto;Online;421,43;280,96;140,47;0,3333
105425;2026-04-02;C1900;9;1;1;320,46;0,2;201,89;PIX;Marketplace;256,37;201,89;54,48;0,2125
105426;2026-04-19;C0963;13;8;2;181,79;0,1;105,44;Cartão de crédito;Marketplace;327,22;210,88;116,34;0,3555
105427;2026-05-23;C1340;10;10;3;118,69;0,0;61,72;PIX;Marketplace;356,07;185,16;170,91;0,48
105428;2026-03-25;C2447;4;7;1;2114,31;0,1;1480,02;Cartão de crédito;Marketplace;1902,88;1480,02;422,86;0,2222
105429;2025-02-26;C1265;3;26;2;49,86;0,2;22,44;Cartão de crédito;Online;79,78;44,88;34,9;0,4375
105430;2025-07-20;C0426;8;24;2;137,68;0,0;75,72;PIX;Online;275,36;151,44;123,92;0,45
105431;2025-07-07;C2354;17;18;2;350,16;0,05;210,1;PIX;Online;665,3;420,2;245,1;0,3684
105432;2026-01-10;C1401;11;27;2;1864,17;0,0;1267,64;Cartão de crédito;Marketplace;3728,34;2535,28;1193,06;0,32
105433;2025-10-23;C2179;8;20;1;150,56;0,15;82,81;PIX;Online;127,98;82,81;45,17;0,3529
105434;2025-08-10;C1794;2;18;1;881,61;0,0;590,68;Cartão de crédito;Online;881,61;590,68;290,93;0,33
105435;2025-02-22;C1128;13;20;1;255,72;0,15;148,32;Cartão de crédito;Marketplace;217,36;148,32;69,04;0,3176
105436;2026-01-21;C1395;7;14;1;196,28;0,1;121,69;Cartão de crédito;Marketplace;176,65;121,69;54,96;0,3111
105437;2026-04-18;C1718;6;25;1;132,24;0,2;66,12;Cartão de débito;Marketplace;105,79;66,12;39,67;0,375
105438;2025-02-26;C2350;12;12;1;989,43;0,0;672,81;PIX;Marketplace;989,43;672,81;316,62;0,32
105439;2025-07-03;C0243;5;11;1;201,07;0,1;130,7;Boleto;Marketplace;180,96;130,7;50,26;0,2777
105440;2025-12-10;C2216;17;23;1;290,77;0,05;174,46;Boleto;Marketplace;276,23;174,46;101,77;0,3684
105441;2025-03-15;C0424;2;14;3;284,07;0,0;190,33;Cartão de débito;Online;852,21;570,99;281,22;0,33
105442;2026-05-19;C1655;16;2;2;248,74;0,15;136,81;Cartão de débito;Online;422,86;273,62;149,24;0,3529
105443;2025-04-09;C1486;7;8;1;872,43;0,05;540,91;Boleto;Marketplace;828,81;540,91;287,9;0,3474
105444;2026-02-22;C0113;7;16;1;472,81;0,0;293,14;Cartão de débito;Marketplace;472,81;293,14;179,67;0,38
105445;2025-07-03;C0135;7;19;1;185,01;0,0;114,71;Cartão de crédito;Marketplace;185,01;114,71;70,3;0,38
105446;2025-06-22;C0680;3;7;1;57,34;0,1;25,8;PIX;Online;51,61;25,8;25,81;0,5001
105447;2026-05-14;C1201;16;17;1;463,81;0,0;255,1;Boleto;Marketplace;463,81;255,1;208,71;0,45
105448;2026-04-07;C0875;6;8;3;202,6;0,05;101,3;Cartão de crédito;Online;577,41;303,9;273,51;0,4737
105449;2025-02-03;C1434;5;23;1;1134,25;0,0;737,26;Cartão de débito;Marketplace;1134,25;737,26;396,99;0,35
105450;2025-06-01;C0862;7;22;1;401,57;0,0;248,97;Cartão de crédito;Marketplace;401,57;248,97;152,6;0,38
105451;2025-07-11;C1082;1;16;1;776,88;0,05;497,2;Boleto;Online;738,04;497,2;240,84;0,3263
105452;2025-04-23;C0694;2;10;1;745,02;0,1;499,16;PIX;Online;670,52;499,16;171,36;0,2556
105453;2025-09-11;C0805;3;8;2;65,66;0,0;29,55;PIX;Marketplace;131,32;59,1;72,22;0,55
105454;2026-01-30;C0143;15;18;1;3677,57;0,0;2868,5;Boleto;Marketplace;3677,57;2868,5;809,07;0,22
105455;2025-10-28;C0339;2;23;2;305,62;0,1;204,77;Boleto;Marketplace;550,12;409,54;140,58;0,2555
105456;2025-06-20;C1698;12;23;1;2281,69;0,0;1551,55;PIX;Marketplace;2281,69;1551,55;730,14;0,32
105457;2025-09-01;C1848;7;14;3;885,27;0,0;548,87;PIX;Marketplace;2655,81;1646,61;1009,2;0,38
105458;2025-01-10;C1205;16;19;1;548,6;0,05;301,73;Cartão de crédito;Online;521,17;301,73;219,44;0,4211
105459;2025-11-24;C1610;16;20;2;187,97;0,0;103,38;Boleto;Online;375,94;206,76;169,18;0,45
105460;2025-03-20;C2013;17;21;1;179,84;0,0;107,9;Cartão de débito;Marketplace;179,84;107,9;71,94;0,4
105461;2025-03-21;C1661;7;18;2;858,1;0,1;532,02;Cartão de débito;Marketplace;1544,58;1064,04;480,54;0,3111
105462;2025-09-21;C0290;1;20;2;531,24;0,15;339,99;Cartão de crédito;Marketplace;903,11;679,98;223,13;0,2471
105463;2026-01-19;C1985;16;15;1;434,94;0,15;239,22;Cartão de débito;Marketplace;369,7;239,22;130,48;0,3529
105464;2025-01-15;C2047;10;6;2;149,21;0,2;77,59;Cartão de crédito;Online;238,74;155,18;83,56;0,35
105465;2026-04-29;C2095;5;27;1;1050,28;0,0;682,68;Cartão de débito;Marketplace;1050,28;682,68;367,6;0,35
105466;2026-06-19;C1663;10;26;1;245,65;0,05;127,74;Boleto;Marketplace;233,37;127,74;105,63;0,4526
105467;2025-12-10;C0978;10;17;1;95,83;0,1;49,83;PIX;Online;86,25;49,83;36,42;0,4223
105468;2026-02-23;C0065;5;13;1;1073,72;0,1;697,92;Cartão de crédito;Online;966,35;697,92;268,43;0,2778
105469;2026-04-09;C0357;1;17;1;777,55;0,0;497,63;PIX;Marketplace;777,55;497,63;279,92;0,36
105470;2026-05-26;C2330;7;2;1;281,57;0,0;174,57;PIX;Marketplace;281,57;174,57;107,0;0,38
105471;2025-06-11;C2043;2;5;3;1176,78;0,0;788,44;Cartão de débito;Marketplace;3530,34;2365,32;1165,02;0,33
105472;2025-08-08;C0579;6;22;2;55,96;0,05;27,98;Cartão de crédito;Marketplace;106,32;55,96;50,36;0,4737
105473;2025-04-18;C1706;6;22;4;182,96;0,0;91,48;Cartão de crédito;Online;731,84;365,92;365,92;0,5
105474;2025-01-20;C0852;2;16;1;1153,97;0,05;773,16;PIX;Marketplace;1096,27;773,16;323,11;0,2947
105475;2025-07-10;C1983;13;5;1;188,78;0,05;109,49;Cartão de débito;Marketplace;179,34;109,49;69,85;0,3895
105476;2025-07-09;C0605;7;18;1;386,53;0,0;239,65;PIX;Online;386,53;239,65;146,88;0,38
105477;2026-02-06;C2370;17;25;1;711,63;0,05;426,98;PIX;Marketplace;676,05;426,98;249,07;0,3684
105478;2025-03-29;C1617;17;19;1;591,62;0,1;354,97;Boleto;Online;532,46;354,97;177,49;0,3333
105479;2025-06-27;C1214;16;5;3;491,63;0,15;270,4;Cartão de débito;Marketplace;1253,66;811,2;442,46;0,3529
105480;2025-01-05;C1397;10;12;3;183,59;0,0;95,47;Boleto;Marketplace;550,77;286,41;264,36;0,48
105481;2026-05-06;C0270;9;18;4;164,88;0,0;103,87;Cartão de crédito;Marketplace;659,52;415,48;244,04;0,37
105482;2025-07-17;C2349;13;20;1;378,13;0,05;219,32;PIX;Marketplace;359,22;219,32;139,9;0,3895
105483;2026-02-25;C0891;12;10;1;1951,11;0,15;1326,75;Não informado;Marketplace;1658,44;1326,75;331,69;0,2
105484;2026-03-07;C1478;3;19;1;69,49;0,1;31,27;Boleto;Marketplace;62,54;31,27;31,27;0,5
105485;2026-02-20;C0252;3;6;2;31,03;0,05;13,96;PIX;Online;58,96;27,92;31,04;0,5265
105486;2025-08-29;C1845;9;14;2;474,22;0,0;298,76;PIX;Online;948,44;597,52;350,92;0,37
105487;2025-04-17;C1713;9;17;1;214,82;0,05;135,34;PIX;Marketplace;204,08;135,34;68,74;0,3368
105488;2025-07-05;C0595;13;3;1;158,09;0,0;91,69;Cartão de crédito;Marketplace;158,09;91,69;66,4;0,42
105489;2026-06-10;C0380;5;26;2;1073,88;0,1;698,02;Cartão de débito;Marketplace;1932,98;1396,04;536,94;0,2778
105490;2025-07-28;C0426;3;12;1;28,07;0,1;12,63;PIX;Online;25,26;12,63;12,63;0,5
105491;2025-01-16;C2074;4;26;2;970,3;0,05;679,21;PIX;Marketplace;1843,57;1358,42;485,15;0,2632
105492;2025-11-27;C0359;5;23;4;517,83;0,05;336,59;PIX;Online;1967,75;1346,36;621,39;0,3158
105493;2026-03-27;C0319;15;20;2;4854,61;0,2;3786,6;Cartão de débito;Online;7767,38;7573,2;194,18;0,025
105494;2025-09-25;C1828;11;23;2;1522,52;0,15;1035,31;Cartão de débito;Online;2588,28;2070,62;517,66;0,2
105495;2025-11-06;C0442;4;18;1;1320,33;0,05;924,23;Cartão de débito;Online;1254,31;924,23;330,08;0,2632
105496;2025-05-17;C2334;16;10;4;395,93;0,1;217,76;Cartão de crédito;Online;1425,35;871,04;554,31;0,3889
105497;2025-11-07;C1420;6;14;1;184,86;0,05;92,43;Cartão de crédito;Online;175,62;92,43;83,19;0,4737
105498;2025-06-30;C1513;10;6;4;271,02;0,0;140,93;Não informado;Online;1084,08;563,72;520,36;0,48
105499;2025-12-13;C0409;10;8;1;374,61;0,2;194,8;Cartão de débito;Marketplace;299,69;194,8;104,89;0,35
105500;2025-10-25;C1582;3;10;1;28,04;0,1;12,62;PIX;Online;25,24;12,62;12,62;0,5
105501;2026-04-09;C0082;1;5;1;767,73;0,1;491,35;Boleto;Marketplace;690,96;491,35;199,61;0,2889
105502;2025-05-11;C2041;15;4;2;2935,53;0,05;2289,71;PIX;Online;5577,51;4579,42;998,09;0,1789
105503;2025-06-28;C0443;15;6;1;3114,59;0,1;2429,38;Cartão de crédito;Marketplace;2803,13;2429,38;373,75;0,1333
105504;2025-05-24;C2434;3;16;1;98,88;0,15;44,5;Cartão de crédito;Marketplace;84,05;44,5;39,55;0,4706
105505;2025-07-20;C0267;7;25;2;883,3;0,1;547,65;Boleto;Marketplace;1589,94;1095,3;494,64;0,3111
105506;2025-09-22;C2013;16;8;4;107,14;0,1;58,93;Cartão de débito;Marketplace;385,7;235,72;149,98;0,3889
105507;2025-09-10;C0495;11;16;1;935,8;0,1;636,34;Boleto;Online;842,22;636,34;205,88;0,2444
105508;2025-04-25;C1209;10;16;2;253,28;0,1;131,71;Cartão de crédito;Online;455,9;263,42;192,48;0,4222
105509;2025-05-09;C1551;3;27;1;42,51;0,05;19,13;Cartão de crédito;Marketplace;40,38;19,13;21,25;0,5263
105510;2025-09-22;C0531;15;15;1;3640,31;0,0;2839,44;Boleto;Online;3640,31;2839,44;800,87;0,22
105511;2025-02-27;C0894;10;4;1;286,82;0,0;149,15;Cartão de débito;Online;286,82;149,15;137,67;0,48
105512;2025-08-04;C0609;17;23;2;794,2;0,05;476,52;PIX;Online;1508,98;953,04;555,94;0,3684
105513;2026-01-09;C2372;11;25;1;1370,36;0,15;931,84;Boleto;Online;1164,81;931,84;232,97;0,2
105514;2026-01-06;C2097;6;18;4;190,72;0,1;95,36;Não informado;Marketplace;686,59;381,44;305,15;0,4444
105515;2025-08-21;C1998;2;9;2;495,19;0,05;331,78;Boleto;Online;940,86;663,56;277,3;0,2947
105516;2026-04-18;C0475;15;3;4;2748,88;0,15;2144,13;PIX;Marketplace;9346,19;8576,52;769,67;0,0824
105517;2025-07-19;C2481;11;14;1;990,88;0,0;673,8;PIX;Online;990,88;673,8;317,08;0,32
105518;2026-02-27;C0965;2;25;2;326,42;0,05;218,7;Cartão de débito;Marketplace;620,2;437,4;182,8;0,2947
105519;2025-10-11;C0498;4;7;1;908,75;0,1;636,12;PIX;Online;817,88;636,12;181,76;0,2222
105520;2025-11-16;C2319;15;15;2;2053,23;0,15;1601,52;PIX;Marketplace;3490,49;3203,04;287,45;0,0824
105521;2026-02-16;C1895;12;13;3;964,66;0,15;655,97;PIX;Marketplace;2459,88;1967,91;491,97;0,2
105522;2025-02-03;C1267;2;14;1;1222,52;0,0;819,09;Boleto;Marketplace;1222,52;819,09;403,43;0,33
105523;2025-07-25;C1509;14;27;1;4116,59;0,05;2963,94;Cartão de débito;Online;3910,76;2963,94;946,82;0,2421
105524;2026-03-29;C2337;3;3;3;59,08;0,0;26,59;Cartão de crédito;Online;177,24;79,77;97,47;0,5499
105525;2025-12-29;C0404;16;27;2;241,47;0,05;132,81;Cartão de débito;Marketplace;458,79;265,62;193,17;0,421
105526;2025-04-16;C1486;10;19;2;167,02;0,1;86,85;Boleto;Online;300,64;173,7;126,94;0,4222
105527;2025-06-06;C2309;6;10;1;60,53;0,0;30,27;Cartão de crédito;Online;60,53;30,27;30,26;0,4999
105528;2025-01-05;C0735;14;1;2;3745,64;0,0;2696,86;Cartão de crédito;Marketplace;7491,28;5393,72;2097,56;0,28
105529;2025-09-20;C1826;3;15;1;65,78;0,1;29,6;PIX;Online;59,2;29,6;29,6;0,5
105530;2026-05-09;C2065;1;17;1;732,62;0,0;468,88;PIX;Marketplace;732,62;468,88;263,74;0,36
105531;2025-11-17;C1544;9;20;4;255,94;0,0;161,24;Cartão de débito;Online;1023,76;644,96;378,8;0,37
105532;2025-09-09;C2286;5;2;1;507,54;0,1;329,9;PIX;Online;456,79;329,9;126,89;0,2778
105533;2025-08-01;C1192;12;6;2;2125,57;0,05;1445,39;Cartão de crédito;Online;4038,58;2890,78;1147,8;0,2842
105534;2025-05-01;C1730;12;16;2;1430,06;0,1;972,44;PIX;Online;2574,11;1944,88;629,23;0,2444
105535;2026-01-10;C2319;5;8;1;1195,36;0,15;776,98;Boleto;Marketplace;1016,06;776,98;239,08;0,2353
105536;2025-07-28;C1167;5;21;2;851,41;0,15;553,42;Cartão de crédito;Marketplace;1447,4;1106,84;340,56;0,2353
105537;2025-06-05;C0410;17;20;2;471,92;0,0;283,15;Cartão de crédito;Marketplace;943,84;566,3;377,54;0,4
105538;2025-06-18;C0901;5;3;1;1128,61;0,05;733,6;Cartão de crédito;Online;1072,18;733,6;338,58;0,3158
105539;2025-03-04;C0632;14;5;4;3324,38;0,05;2393,55;Boleto;Marketplace;12632,64;9574,2;3058,44;0,2421
105540;2025-05-24;C1458;14;15;1;5589,63;0,0;4024,53;Boleto;Marketplace;5589,63;4024,53;1565,1;0,28
105541;2025-03-07;C0285;2;4;2;1102,0;0,0;738,34;Boleto;Online;2204,0;1476,68;727,32;0,33
105542;2026-02-05;C1020;6;6;2;163,11;0,05;81,56;Cartão de crédito;Online;309,91;163,12;146,79;0,4737
105543;2026-05-30;C1075;1;17;4;400,72;0,0;256,46;PIX;Online;1602,88;1025,84;577,04;0,36
105544;2025-11-25;C0042;2;23;2;1001,88;0,0;671,26;PIX;Marketplace;2003,76;1342,52;661,24;0,33
105545;2026-06-18;C1542;13;3;2;338,24;0,0;196,18;Cartão de crédito;Online;676,48;392,36;284,12;0,42
105546;2026-05-08;C0928;16;20;1;559,84;0,0;307,91;PIX;Online;559,84;307,91;251,93;0,45
105547;2025-02-23;C0730;9;7;2;396,71;0,05;249,93;Cartão de débito;Online;753,75;499,86;253,89;0,3368
105548;2025-12-20;C1357;11;8;2;443,55;0,0;301,61;PIX;Marketplace;887,1;603,22;283,88;0,32
105549;2025-11-12;C2256;9;25;3;355,82;0,0;224,17;PIX;Online;1067,46;672,51;394,95;0,37
105550;2025-04-18;C2251;11;14;3;1145,98;0,2;779,27;Cartão de débito;Online;2750,35;2337,81;412,54;0,15
105551;2026-04-08;C1869;17;4;1;528,61;0,0;317,17;PIX;Online;528,61;317,17;211,44;0,4
105552;2025-01-27;C0856;15;11;1;3764,55;0,0;2936,35;Cartão de débito;Marketplace;3764,55;2936,35;828,2;0,22
105553;2026-06-05;C0277;13;7;1;143,08;0,1;82,99;Boleto;Online;128,77;82,99;45,78;0,3555
105554;2026-04-04;C1339;4;2;5;2269,24;0,0;1588,47;Cartão de débito;Marketplace;11346,2;7942,35;3403,85;0,3
105555;2025-02-27;C2023;12;3;2;1467,43;0,15;997,85;Cartão de débito;Online;2494,63;1995,7;498,93;0,2
105556;2025-07-05;C0649;14;27;1;4134,36;0,05;2976,74;Cartão de débito;Online;3927,64;2976,74;950,9;0,2421
105557;2026-05-16;C1171;7;6;1;223,99;0,0;138,87;PIX;Marketplace;223,99;138,87;85,12;0,38
105558;2026-01-12;C1630;7;24;4;448,32;0,0;277,96;PIX;Online;1793,28;1111,84;681,44;0,38
105559;2025-11-01;C0308;9;4;2;359,26;0,15;226,33;Boleto;Marketplace;610,74;452,66;158,08;0,2588
105560;2026-04-08;C2276;5;2;3;1179,08;0,0;766,4;PIX;Marketplace;3537,24;2299,2;1238,04;0,35
105561;2025-11-16;C2039;10;10;1;266,74;0,15;138,7;Boleto;Marketplace;226,73;138,7;88,03;0,3883
105562;2025-11-26;C0482;14;11;2;5515,5;0,15;3971,16;Boleto;Marketplace;9376,35;7942,32;1434,03;0,1529
105563;2025-10-14;C1381;10;10;1;199,7;0,1;103,84;Cartão de débito;Marketplace;179,73;103,84;75,89;0,4222
105564;2026-05-31;C1870;10;20;1;359,23;0,05;186,8;Boleto;Marketplace;341,27;186,8;154,47;0,4526
105565;2025-02-18;C1227;12;3;2;1433,02;0,0;974,45;Boleto;Online;2866,04;1948,9;917,14;0,32
105566;2025-07-07;C2067;6;18;1;193,21;0,0;96,61;Boleto;Marketplace;193,21;96,61;96,6;0,5
105567;2025-06-16;C0114;14;8;2;3052,66;0,0;2197,92;Cartão de débito;Online;6105,32;4395,84;1709,48;0,28
105568;2025-06-28;C2380;14;27;3;5024,85;0,0;3617,89;Boleto;Online;15074,55;10853,67;4220,88;0,28
105569;2026-01-23;C0998;8;6;1;238,17;0,15;130,99;Boleto;Marketplace;202,44;130,99;71,45;0,3529
105570;2025-04-04;C1291;8;10;2;108,94;0,05;59,92;PIX;Marketplace;206,99;119,84;87,15;0,421
105571;2025-11-17;C0916;1;9;3;992,94;0,0;635,48;PIX;Online;2978,82;1906,44;1072,38;0,36
105572;2025-12-22;C0913;10;7;4;375,12;0,1;195,06;PIX;Online;1350,43;780,24;570,19;0,4222
105573;2026-04-30;C1318;13;11;1;496,4;0,05;287,91;Cartão de crédito;Online;471,58;287,91;183,67;0,3895
105574;2025-11-06;C2356;8;6;1;248,55;0,0;136,7;Boleto;Online;248,55;136,7;111,85;0,45
105575;2026-03-10;C0105;5;11;2;810,16;0,0;526,6;PIX;Online;1620,32;1053,2;567,12;0,35
105576;2025-11-26;C2479;9;3;2;424,85;0,0;267,66;Boleto;Marketplace;849,7;535,32;314,38;0,37
105577;2025-01-29;C1484;12;16;2;1360,64;0,05;925,24;PIX;Marketplace;2585,22;1850,48;734,74;0,2842
105578;2025-06-22;C0365;2;9;1;624,61;0,0;418,49;PIX;Online;624,61;418,49;206,12;0,33
105579;2025-07-11;C2234;6;12;2;239,85;0,0;119,92;Cartão de crédito;Marketplace;479,7;239,84;239,86;0,5
105580;2025-06-28;C1329;3;10;1;76,49;0,0;34,42;Cartão de crédito;Online;76,49;34,42;42,07;0,55
105581;2026-04-14;C1515;5;27;3;959,13;0,2;623,43;Boleto;Marketplace;2301,91;1870,29;431,62;0,1875
105582;2026-02-16;C0380;14;23;3;3983,18;0,0;2867,89;PIX;Online;11949,54;8603,67;3345,87;0,28
105583;2025-09-26;C2280;7;4;1;785,87;0,0;487,24;PIX;Marketplace;785,87;487,24;298,63;0,38
105584;2026-05-12;C1897;7;18;2;669,88;0,05;415,33;Cartão de débito;Marketplace;1272,77;830,66;442,11;0,3474
105585;2026-01-19;C1592;17;26;2;569,97;0,0;341,98;Boleto;Online;1139,94;683,96;455,98;0,4
105586;2025-07-02;C2038;6;5;1;53,89;0,0;26,95;PIX;Online;53,89;26,95;26,94;0,4999
105587;2025-01-28;C1061;13;12;1;326,27;0,1;189,24;Cartão de crédito;Marketplace;293,64;189,24;104,4;0,3555
105588;2025-07-30;C1069;8;3;2;273,78;0,05;150,58;Boleto;Online;520,18;301,16;219,02;0,421
105589;2026-05-04;C1469;5;12;2;711,92;0,1;462,75;Cartão de crédito;Online;1281,46;925,5;355,96;0,2778
105590;2026-06-26;C2040;8;3;3;104,86;0,05;57,67;Cartão de crédito;Online;298,85;173,01;125,84;0,4211
105591;2025-08-28;C1939;1;23;2;914,19;0,15;585,08;Cartão de débito;Online;1554,12;1170,16;383,96;0,2471
105592;2025-08-29;C0682;2;14;1;1036,87;0,05;694,7;Boleto;Online;985,03;694,7;290,33;0,2947
105593;2026-05-17;C2062;13;1;1;332,71;0,0;192,97;Boleto;Online;332,71;192,97;139,74;0,42
105594;2025-03-12;C0787;6;27;2;84,43;0,1;42,22;Cartão de débito;Online;151,97;84,44;67,53;0,4444
105595;2025-11-09;C1155;12;10;1;1885,86;0,1;1282,38;Cartão de crédito;Marketplace;1697,27;1282,38;414,89;0,2444
105596;2025-04-11;C1702;6;22;3;167,23;0,05;83,61;Cartão de crédito;Marketplace;476,61;250,83;225,78;0,4737
105597;2025-12-15;C2422;13;24;1;375,39;0,15;217,73;PIX;Online;319,08;217,73;101,35;0,3176
105598;2025-10-09;C0400;13;4;1;376,73;0,05;218,5;Cartão de débito;Online;357,89;218,5;139,39;0,3895
105599;2026-05-22;C2017;1;11;2;446,73;0,0;285,91;PIX;Marketplace;893,46;571,82;321,64;0,36
105600;2025-12-07;C0373;7;9;1;317,22;0,15;196,68;Cartão de crédito;Online;269,64;196,68;72,96;0,2706
105601;2026-05-28;C0669;10;10;2;95,0;0,1;49,4;Cartão de débito;Marketplace;171,0;98,8;72,2;0,4222
105602;2026-01-12;C1179;10;25;1;106,03;0,05;55,14;Cartão de crédito;Online;100,73;55,14;45,59;0,4526
105603;2025-06-18;C0179;10;16;1;382,4;0,1;198,85;Cartão de crédito;Marketplace;344,16;198,85;145,31;0,4222
105604;2026-03-20;C1166;16;23;2;418,07;0,1;229,94;Boleto;Online;752,53;459,88;292,65;0,3889
105605;2025-04-30;C1005;13;8;3;219,73;0,1;127,44;Cartão de crédito;Online;593,27;382,32;210,95;0,3556
105606;2025-09-20;C2482;2;27;1;1398,84;0,2;937,22;PIX;Online;1119,07;937,22;181,85;0,1625
105607;2025-03-26;C2158;13;16;1;475,01;0,15;275,51;PIX;Marketplace;403,76;275,51;128,25;0,3176
105608;2026-03-26;C0577;2;4;1;832,74;0,0;557,94;Cartão de crédito;Marketplace;832,74;557,94;274,8;0,33
105609;2025-09-14;C1256;8;15;5;229,36;0,05;126,15;Boleto;Online;1089,46;630,75;458,71;0,421
105610;2025-01-02;C1077;2;6;3;656,95;0,15;440,16;PIX;Marketplace;1675,22;1320,48;354,74;0,2118
105611;2026-01-07;C1987;10;10;1;101,83;0,0;52,95;Cartão de débito;Marketplace;101,83;52,95;48,88;0,48
105612;2026-06-08;C2093;13;10;1;414,83;0,0;240,6;Cartão de crédito;Online;414,83;240,6;174,23;0,42
105613;2025-09-14;C0976;14;18;5;4164,81;0,05;2998,66;Cartão de crédito;Online;19782,85;14993,3;4789,55;0,2421
105614;2025-08-18;C1790;17;16;2;532,22;0,05;319,33;Cartão de débito;Online;1011,22;638,66;372,56;0,3684
105615;2026-05-12;C1982;8;25;3;109,15;0,1;60,03;Cartão de crédito;Marketplace;294,71;180,09;114,62;0,3889
105616;2025-06-05;C0669;2;4;1;455,21;0,0;304,99;Cartão de crédito;Online;455,21;304,99;150,22;0,33
105617;2025-08-04;C1127;6;24;2;87,21;0,05;43,6;Cartão de débito;Marketplace;165,7;87,2;78,5;0,4737
105618;2025-02-14;C1821;13;23;1;108,91;0,05;63,17;Boleto;Online;103,46;63,17;40,29;0,3894
105619;2026-03-16;C0968;12;13;1;1772,37;0,15;1205,21;Boleto;Marketplace;1506,51;1205,21;301,3;0,2
105620;2025-08-20;C1528;5;9;1;1192,23;0,05;774,95;Cartão de débito;Marketplace;1132,62;774,95;357,67;0,3158
105621;2025-12-31;C2237;11;5;3;1656,92;0,2;1126,71;Cartão de débito;Online;3976,61;3380,13;596,48;0,15
105622;2025-10-15;C1514;6;15;3;195,45;0,05;97,72;Cartão de crédito;Online;557,03;293,16;263,87;0,4737
105623;2025-10-04;C0743;17;13;2;447,84;0,15;268,7;Cartão de débito;Marketplace;761,33;537,4;223,93;0,2941
105624;2025-01-03;C1687;13;1;1;164,2;0,15;95,24;PIX;Marketplace;139,57;95,24;44,33;0,3176
105625;2025-11-13;C0801;5;8;1;763,84;0,05;496,5;Boleto;Online;725,65;496,5;229,15;0,3158
105626;2025-10-04;C0207;14;23;3;5550,91;0,1;3996,66;Cartão de débito;Marketplace;14987,46;11989,98;2997,48;0,2
105627;2025-10-11;C0803;13;11;3;487,88;0,1;282,97;Cartão de crédito;Online;1317,28;848,91;468,37;0,3556
105628;2025-08-19;C0458;3;5;1;37,72;0,0;16,97;Cartão de crédito;Marketplace;37,72;16,97;20,75;0,5501
105629;2025-11-10;C1043;7;26;1;329,34;0,05;204,19;Boleto;Online;312,87;204,19;108,68;0,3474
105630;2025-03-27;C0685;13;12;1;340,16;0,05;197,29;Boleto;Online;323,15;197,29;125,86;0,3895
105631;2025-05-31;C1243;12;27;3;1724,02;0,05;1172,33;Cartão de débito;Marketplace;4913,46;3516,99;1396,47;0,2842
105632;2025-10-15;C1192;7;25;2;419,96;0,2;260,38;Boleto;Online;671,94;520,76;151,18;0,225
105633;2025-05-27;C2214;11;25;1;544,04;0,1;369,95;Boleto;Marketplace;489,64;369,95;119,69;0,2444
105634;2026-03-13;C1662;17;13;1;739,89;0,15;443,93;Cartão de crédito;Online;628,91;443,93;184,98;0,2941
105635;2025-10-10;C1216;11;20;4;1602,28;0,05;1089,55;Cartão de crédito;Online;6088,66;4358,2;1730,46;0,2842
105636;2025-08-16;C0399;13;19;1;222,59;0,05;129,1;Cartão de crédito;Online;211,46;129,1;82,36;0,3895
105637;2025-08-09;C1581;14;6;3;5126,4;0,0;3691,01;Cartão de débito;Marketplace;15379,2;11073,03;4306,17;0,28
105638;2025-10-04;C1848;1;21;4;871,93;0,0;558,04;PIX;Marketplace;3487,72;2232,16;1255,56;0,36
105639;2025-03-18;C1591;6;24;1;59,49;0,0;29,75;Cartão de crédito;Online;59,49;29,75;29,74;0,4999
105640;2026-02-21;C0794;5;27;5;674,58;0,0;438,48;Cartão de crédito;Online;3372,9;2192,4;1180,5;0,35
105641;2026-06-18;C0129;13;19;2;166,34;0,1;96,48;Cartão de crédito;Online;299,41;192,96;106,45;0,3555
105642;2025-06-06;C0953;16;25;1;281,46;0,05;154,8;PIX;Online;267,39;154,8;112,59;0,4211
105643;2025-06-13;C0625;11;22;2;921,61;0,1;626,69;Boleto;Marketplace;1658,9;1253,38;405,52;0,2445
105644;2026-05-22;C1541;2;6;1;346,09;0,1;231,88;PIX;Marketplace;311,48;231,88;79,6;0,2556
105645;2025-07-31;C1577;12;6;1;1339,0;0,1;910,52;Cartão de débito;Online;1205,1;910,52;294,58;0,2444
105646;2025-06-13;C1048;3;18;1;56,15;0,05;25,27;Cartão de débito;Marketplace;53,34;25,27;28,07;0,5262
105647;2026-02-04;C0303;8;16;1;221,68;0,05;121,92;PIX;Marketplace;210,6;121,92;88,68;0,4211
105648;2025-05-27;C1206;7;7;2;278,02;0,0;172,37;Boleto;Marketplace;556,04;344,74;211,3;0,38
105649;2026-01-11;C1184;13;5;2;303,61;0,05;176,09;Boleto;Online;576,86;352,18;224,68;0,3895
105650;2025-02-10;C0775;16;17;1;475,37;0,05;261,45;Cartão de débito;Online;451,6;261,45;190,15;0,4211
105651;2026-03-15;C0191;17;12;1;366,05;0,0;219,63;PIX;Online;366,05;219,63;146,42;0,4
105652;2025-04-09;C1303;15;15;1;1734,24;0,0;1352,71;Cartão de crédito;Marketplace;1734,24;1352,71;381,53;0,22
105653;2026-04-22;C0250;5;9;2;615,89;0,05;400,33;Cartão de débito;Marketplace;1170,19;800,66;369,53;0,3158
105654;2026-01-14;C1443;6;2;5;178,98;0,15;89,49;PIX;Marketplace;760,66;447,45;313,21;0,4118
105655;2026-04-05;C1529;2;4;2;811,19;0,05;543,5;Boleto;Marketplace;1541,26;1087,0;454,26;0,2947
105656;2025-12-24;C1198;13;11;4;345,46;0,1;200,37;PIX;Online;1243,66;801,48;442,18;0,3555
105657;2026-06-27;C0687;16;12;2;263,31;0,05;144,82;Boleto;Marketplace;500,29;289,64;210,65;0,4211
105658;2026-04-09;C2141;12;17;3;2273,2;0,15;1545,78;Cartão de débito;Marketplace;5796,66;4637,34;1159,32;0,2
105659;2025-02-28;C2096;1;20;1;670,96;0,05;429,41;Boleto;Marketplace;637,41;429,41;208,0;0,3263
105660;2025-04-21;C0441;11;14;3;1832,36;0,15;1246,0;Cartão de débito;Marketplace;4672,52;3738,0;934,52;0,2
105661;2026-05-09;C0291;10;18;2;285,6;0,1;148,51;Boleto;Marketplace;514,08;297,02;217,06;0,4222
105662;2025-08-10;C1799;7;18;3;165,2;0,0;102,42;PIX;Marketplace;495,6;307,26;188,34;0,38
105663;2025-11-22;C0303;5;25;3;759,49;0,05;493,67;Cartão de crédito;Marketplace;2164,55;1481,01;683,54;0,3158
105664;2025-07-05;C0171;5;14;2;445,69;0,0;289,7;Cartão de crédito;Online;891,38;579,4;311,98;0,35
105665;2025-11-16;C1669;9;17;1;583,27;0,1;367,46;Cartão de débito;Marketplace;524,94;367,46;157,48;0,3
105666;2025-02-28;C0866;15;20;1;2312,43;0,2;1803,7;Cartão de débito;Online;1849,94;1803,7;46,24;0,025
105667;2025-09-30;C0164;6;23;1;68,28;0,0;34,14;Cartão de crédito;Online;68,28;34,14;34,14;0,5
105668;2025-01-29;C1884;8;12;1;138,19;0,1;76,0;Cartão de crédito;Marketplace;124,37;76,0;48,37;0,3889
105669;2025-08-28;C1949;8;22;1;220,13;0,2;121,07;Cartão de débito;Marketplace;176,1;121,07;55,03;0,3125
105670;2025-06-23;C2009;11;26;1;1882,36;0,0;1280,0;Boleto;Marketplace;1882,36;1280,0;602,36;0,32
105671;2025-10-27;C0212;8;9;1;231,59;0,0;127,37;Cartão de débito;Online;231,59;127,37;104,22;0,45
105672;2026-02-12;C1562;11;8;2;514,16;0,0;349,63;Cartão de crédito;Marketplace;1028,32;699,26;329,06;0,32
105673;2026-04-10;C0168;1;26;1;343,65;0,0;219,94;Cartão de débito;Online;343,65;219,94;123,71;0,36
105674;2025-04-30;C0694;13;7;2;315,03;0,0;182,72;Cartão de crédito;Marketplace;630,06;365,44;264,62;0,42
105675;2025-02-06;C0500;17;13;4;682,56;0,1;409,54;Cartão de crédito;Marketplace;2457,22;1638,16;819,06;0,3333
105676;2025-10-03;C2409;5;2;1;982,9;0,15;638,88;Boleto;Online;835,46;638,88;196,58;0,2353
105677;2025-04-23;C1154;12;4;2;842,84;0,1;573,13;Boleto;Online;1517,11;1146,26;370,85;0,2444
105678;2025-06-03;C0622;7;18;1;575,56;0,0;356,85;PIX;Marketplace;575,56;356,85;218,71;0,38
105679;2026-03-20;C1828;17;26;1;144,04;0,15;86,42;Cartão de débito;Marketplace;122,43;86,42;36,01;0,2941
105680;2025-11-05;C2438;2;21;1;658,55;0,2;441,23;PIX;Online;526,84;441,23;85,61;0,1625
105681;2026-06-15;C0582;15;9;3;4335,32;0,0;3381,55;Cartão de crédito;Marketplace;13005,96;10144,65;2861,31;0,22
105682;2025-12-20;C1347;3;16;1;90,41;0,0;40,68;Cartão de débito;Marketplace;90,41;40,68;49,73;0,55
105683;2025-09-08;C1536;5;10;1;315,37;0,05;204,99;PIX;Marketplace;299,6;204,99;94,61;0,3158
105684;2025-05-08;C0796;8;21;1;114,01;0,05;62,71;Cartão de débito;Online;108,31;62,71;45,6;0,421
105685;2025-08-29;C0434;14;1;2;3953,62;0,05;2846,61;Boleto;Marketplace;7511,88;5693,22;1818,66;0,2421
105686;2026-06-15;C0685;9;17;1;477,87;0,05;301,06;Cartão de débito;Online;453,98;301,06;152,92;0,3368
105687;2025-11-03;C1772;12;2;1;1956,34;0,15;1330,31;Boleto;Marketplace;1662,89;1330,31;332,58;0,2
105688;2025-06-28;C2326;10;21;1;282,49;0,15;146,89;Boleto;Marketplace;240,12;146,89;93,23;0,3883
105689;2025-02-12;C1053;15;6;2;2971,02;0,2;2317,4;PIX;Marketplace;4753,63;4634,8;118,83;0,025
105690;2026-05-30;C1085;4;25;2;2318,57;0,0;1623,0;Cartão de crédito;Online;4637,14;3246,0;1391,14;0,3
105691;2025-04-24;C1412;3;12;1;33,38;0,05;15,02;Cartão de débito;Online;31,71;15,02;16,69;0,5263
105692;2026-04-21;C0881;6;25;1;206,6;0,0;103,3;Boleto;Marketplace;206,6;103,3;103,3;0,5
105693;2025-09-21;C2189;4;4;2;756,18;0,15;529,33;PIX;Marketplace;1285,51;1058,66;226,85;0,1765
105694;2025-12-17;C1127;9;1;2;210,77;0,1;132,79;Cartão de crédito;Online;379,39;265,58;113,81;0,3
105695;2025-11-04;C0958;17;12;1;328,45;0,15;197,07;PIX;Marketplace;279,18;197,07;82,11;0,2941
105696;2025-06-26;C0881;5;10;1;448,84;0,1;291,75;Cartão de débito;Online;403,96;291,75;112,21;0,2778
105697;2026-02-01;C1709;11;4;1;659,06;0,0;448,16;Boleto;Marketplace;659,06;448,16;210,9;0,32
105698;2026-01-13;C1243;8;22;2;219,57;0,1;120,76;Cartão de débito;Online;395,23;241,52;153,71;0,3889
105699;2025-07-26;C0954;17;22;3;426,71;0,05;256,03;Cartão de crédito;Marketplace;1216,12;768,09;448,03;0,3684
105700;2026-05-09;C0033;3;19;1;44,86;0,0;20,19;PIX;Online;44,86;20,19;24,67;0,5499
105701;2025-06-07;C0868;16;13;1;221,67;0,0;121,92;Cartão de crédito;Online;221,67;121,92;99,75;0,45
105702;2026-04-19;C1659;11;23;1;1322,97;0,0;899,62;Boleto;Marketplace;1322,97;899,62;423,35;0,32
105703;2026-01-13;C1799;14;18;3;4619,26;0,1;3325,87;Cartão de crédito;Marketplace;12472,0;9977,61;2494,39;0,2
105704;2025-02-09;C2473;15;12;2;1369,91;0,0;1068,53;PIX;Marketplace;2739,82;2137,06;602,76;0,22
105705;2025-01-16;C0146;1;26;1;641,69;0,0;410,68;Boleto;Marketplace;641,69;410,68;231,01;0,36
105706;2025-10-24;C0599;16;26;1;306,53;0,0;168,59;Cartão de débito;Marketplace;306,53;168,59;137,94;0,45
105707;2025-06-18;C1613;5;3;3;617,18;0,0;401,17;Cartão de crédito;Online;1851,54;1203,51;648,03;0,35
105708;2025-09-10;C0325;9;7;2;340,22;0,0;214,34;Boleto;Online;680,44;428,68;251,76;0,37
105709;2025-04-22;C1091;2;6;3;1455,98;0,05;975,51;Cartão de débito;Online;4149,54;2926,53;1223,01;0,2947
105710;2026-01-21;C1054;14;23;2;5610,14;0,0;4039,3;Cartão de débito;Online;11220,28;8078,6;3141,68;0,28
105711;2026-05-25;C1231;10;7;2;123,0;0,05;63,96;PIX;Marketplace;233,7;127,92;105,78;0,4526
105712;2025-12-31;C2181;12;22;1;1554,23;0,0;1056,88;PIX;Marketplace;1554,23;1056,88;497,35;0,32
105713;2025-05-17;C2082;4;3;4;1468,64;0,1;1028,05;PIX;Marketplace;5287,1;4112,2;1174,9;0,2222
105714;2025-07-02;C0767;3;6;4;43,02;0,0;19,36;Cartão de crédito;Marketplace;172,08;77,44;94,64;0,55
105715;2025-05-06;C0088;13;20;1;206,09;0,05;119,53;Cartão de crédito;Online;195,79;119,53;76,26;0,3895
105716;2026-04-02;C2158;8;1;1;141,55;0,0;77,85;Cartão de crédito;Marketplace;141,55;77,85;63,7;0,45
105717;2026-01-25;C1575;3;24;4;98,12;0,05;44,15;Cartão de débito;Online;372,86;176,6;196,26;0,5264
105718;2025-09-05;C0035;4;3;1;1843,35;0,15;1290,34;PIX;Marketplace;1566,85;1290,34;276,51;0,1765
105719;2025-12-09;C0751;5;25;3;569,23;0,1;370,0;Boleto;Online;1536,92;1110,0;426,92;0,2778
105720;2025-06-29;C1470;17;17;1;353,51;0,1;212,11;Cartão de crédito;Online;318,16;212,11;106,05;0,3333
105721;2025-04-08;C0480;1;14;1;545,74;0,05;349,27;Cartão de débito;Marketplace;518,45;349,27;169,18;0,3263
105722;2026-02-26;C0582;5;8;3;1032,31;0,1;671,0;PIX;Online;2787,24;2013,0;774,24;0,2778
105723;2026-03-16;C2373;4;13;1;940,56;0,05;658,39;Boleto;Online;893,53;658,39;235,14;0,2632
105724;2025-03-12;C0947;3;15;1;74,73;0,1;33,63;Cartão de crédito;Online;67,26;33,63;33,63;0,5
105725;2025-10-13;C2206;11;2;3;1641,78;0,0;1116,41;Cartão de débito;Marketplace;4925,34;3349,23;1576,11;0,32
105726;2026-03-11;C1150;5;2;1;978,74;0,15;636,18;Cartão de crédito;Online;831,93;636,18;195,75;0,2353
105727;2025-05-25;C2251;14;17;1;4367,37;0,1;3144,51;PIX;Online;3930,63;3144,51;786,12;0,2
105728;2026-05-08;C1354;8;22;1;128,89;0,1;70,89;Cartão de débito;Online;116,0;70,89;45,11;0,3889
105729;2025-12-29;C0148;3;14;3;50,04;0,05;22,52;Cartão de débito;Marketplace;142,61;67,56;75,05;0,5263
105730;2026-06-15;C1351;16;6;2;237,65;0,0;130,71;Cartão de débito;Online;475,3;261,42;213,88;0,45
105731;2025-03-27;C0357;17;10;1;629,75;0,1;377,85;PIX;Online;566,78;377,85;188,93;0,3333
105732;2026-02-01;C0513;7;14;1;180,97;0,1;112,2;Cartão de crédito;Online;162,87;112,2;50,67;0,3111
105733;2025-09-13;C0696;10;10;1;198,18;0,0;103,05;Cartão de débito;Online;198,18;103,05;95,13;0,48
105734;2026-03-14;C1451;15;27;1;1797,08;0,15;1401,72;Boleto;Online;1527,52;1401,72;125,8;0,0824
105735;2026-03-25;C0322;6;10;2;108,2;0,0;54,1;PIX;Marketplace;216,4;108,2;108,2;0,5
105736;2025-01-31;C0017;5;14;1;492,25;0,0;319,96;Boleto;Marketplace;492,25;319,96;172,29;0,35
105737;2025-10-25;C0497;8;27;2;144,57;0,05;79,51;PIX;Online;274,68;159,02;115,66;0,4211
105738;2025-08-04;C0398;6;15;1;90,13;0,0;45,06;Cartão de débito;Online;90,13;45,06;45,07;0,5001
105739;2025-07-21;C0163;10;9;1;315,07;0,05;163,84;Boleto;Marketplace;299,32;163,84;135,48;0,4526
105740;2026-04-10;C0240;12;25;1;2331,36;0,0;1585,32;Boleto;Marketplace;2331,36;1585,32;746,04;0,32
105741;2025-02-15;C1584;10;15;2;295,61;0,0;153,72;Cartão de débito;Marketplace;591,22;307,44;283,78;0,48
105742;2025-02-18;C1724;15;1;1;2639,03;0,0;2058,44;Cartão de débito;Online;2639,03;2058,44;580,59;0,22
105743;2025-09-18;C2034;16;19;1;153,65;0,1;84,51;Cartão de débito;Marketplace;138,28;84,51;53,77;0,3888
105744;2025-09-24;C0801;14;23;2;4321,35;0,05;3111,37;PIX;Marketplace;8210,56;6222,74;1987,82;0,2421
105745;2025-01-08;C0022;12;26;3;1693,91;0,1;1151,86;Boleto;Online;4573,56;3455,58;1117,98;0,2444
105746;2025-08-10;C2176;16;14;3;160,88;0,0;88,48;Cartão de débito;Marketplace;482,64;265,44;217,2;0,45
105747;2025-04-08;C2073;15;8;2;4227,14;0,05;3297,17;Boleto;Online;8031,57;6594,34;1437,23;0,1789
105748;2026-02-28;C1362;17;25;1;693,36;0,2;416,02;PIX;Marketplace;554,69;416,02;138,67;0,25
105749;2025-01-09;C0421;10;25;1;388,87;0,05;202,21;PIX;Online;369,43;202,21;167,22;0,4526
105750;2026-02-26;C0538;13;14;1;408,72;0,0;237,06;Cartão de débito;Online;408,72;237,06;171,66;0,42
105751;2025-04-20;C1654;6;17;3;117,4;0,1;58,7;Boleto;Online;316,98;176,1;140,88;0,4444
105752;2025-07-31;C0342;15;6;3;4071,01;0,05;3175,39;Cartão de débito;Online;11602,38;9526,17;2076,21;0,1789
105753;2025-11-30;C0564;1;2;2;855,17;0,05;547,31;Cartão de débito;Marketplace;1624,82;1094,62;530,2;0,3263
105754;2025-09-10;C2015;4;9;1;1239,79;0,0;867,85;Cartão de débito;Marketplace;1239,79;867,85;371,94;0,3
105755;2026-03-11;C1383;10;24;1;148,64;0,0;77,29;Boleto;Online;148,64;77,29;71,35;0,48
105756;2025-09-15;C2191;4;1;2;1326,82;0,05;928,77;Cartão de débito;Marketplace;2520,96;1857,54;663,42;0,2632
105757;2025-08-28;C1368;17;21;1;241,18;0,05;144,71;Boleto;Marketplace;229,12;144,71;84,41;0,3684
105758;2026-06-02;C1807;10;2;1;176,49;0,1;91,77;Não informado;Marketplace;158,84;91,77;67,07;0,4222
105759;2025-05-26;C0471;2;23;1;1361,06;0,2;911,91;Cartão de débito;Online;1088,85;911,91;176,94;0,1625
105760;2025-12-04;C1336;13;16;1;474,56;0,2;275,24;Cartão de crédito;Marketplace;379,65;275,24;104,41;0,275
105761;2025-08-12;C0267;12;20;1;1074,4;0,1;730,59;PIX;Online;966,96;730,59;236,37;0,2444
105762;2025-11-27;C1713;10;5;2;374,32;0,1;194,65;Boleto;Marketplace;673,78;389,3;284,48;0,4222
105763;2026-05-06;C2016;9;1;1;267,8;0,0;168,71;Cartão de débito;Online;267,8;168,71;99,09;0,37
105764;2025-03-31;C0105;2;18;1;1220,67;0,1;817,85;Boleto;Marketplace;1098,6;817,85;280,75;0,2556
105765;2026-01-11;C1728;16;2;2;574,62;0,1;316,04;Boleto;Online;1034,32;632,08;402,24;0,3889
105766;2025-08-27;C0877;1;25;4;608,42;0,1;389,39;PIX;Marketplace;2190,31;1557,56;632,75;0,2889
105767;2025-02-04;C2289;17;1;1;509,79;0,15;305,87;Cartão de crédito;Online;433,32;305,87;127,45;0,2941
105768;2025-01-13;C0893;12;1;2;2346,26;0,0;1595,46;Cartão de débito;Marketplace;4692,52;3190,92;1501,6;0,32
105769;2025-07-07;C1956;6;23;2;72,67;0,15;36,34;Cartão de débito;Online;123,54;72,68;50,86;0,4117
105770;2025-03-23;C0045;5;21;1;594,57;0,15;386,47;PIX;Online;505,38;386,47;118,91;0,2353
105771;2025-10-01;C1946;6;3;1;151,64;0,1;75,82;Boleto;Marketplace;136,48;75,82;60,66;0,4445
105772;2026-05-28;C2014;11;12;2;1807,01;0,05;1228,77;Boleto;Online;3433,32;2457,54;975,78;0,2842
105773;2025-10-27;C2453;17;6;1;742,17;0,1;445,3;Boleto;Online;667,95;445,3;222,65;0,3333
105774;2026-01-20;C2413;12;3;2;2392,1;0,1;1626,63;PIX;Online;4305,78;3253,26;1052,52;0,2444
105775;2025-07-29;C0545;14;20;2;4847,13;0,2;3489,93;Boleto;Marketplace;7755,41;6979,86;775,55;0,1
105776;2025-01-19;C0086;13;10;1;475,67;0,15;275,89;Cartão de crédito;Online;404,32;275,89;128,43;0,3176
105777;2025-11-21;C0573;12;11;1;873,95;0,1;594,29;Boleto;Marketplace;786,56;594,29;192,27;0,2444
105778;2025-04-08;C0914;11;7;1;684,45;0,05;465,43;PIX;Marketplace;650,23;465,43;184,8;0,2842
105779;2025-02-24;C1019;10;21;2;281,74;0,05;146,5;Cartão de crédito;Online;535,31;293,0;242,31;0,4527
105780;2025-06-18;C2420;2;9;1;626,28;0,0;419,61;Boleto;Marketplace;626,28;419,61;206,67;0,33
105781;2025-03-13;C0588;16;20;2;383,9;0,05;211,15;Cartão de débito;Online;729,41;422,3;307,11;0,421
105782;2025-12-10;C1229;5;16;2;604,03;0,0;392,62;Cartão de débito;Online;1208,06;785,24;422,82;0,35
105783;2025-07-22;C2098;11;27;2;1494,33;0,0;1016,14;PIX;Online;2988,66;2032,28;956,38;0,32
105784;2025-07-02;C0207;15;11;1;4063,85;0,05;3169,8;PIX;Online;3860,66;3169,8;690,86;0,1789
105785;2025-06-29;C1146;14;20;1;4870,92;0,0;3507,06;PIX;Online;4870,92;3507,06;1363,86;0,28
105786;2026-05-18;C1017;1;18;1;443,19;0,1;283,64;PIX;Online;398,87;283,64;115,23;0,2889
105787;2026-03-27;C0508;9;27;3;394,73;0,05;248,68;Boleto;Online;1124,98;746,04;378,94;0,3368
105788;2026-05-07;C1922;15;1;2;4708,23;0,1;3672,42;PIX;Online;8474,81;7344,84;1129,97;0,1333
105789;2025-04-11;C0144;7;16;3;521,26;0,05;323,18;Cartão de débito;Online;1485,59;969,54;516,05;0,3474
105790;2025-03-30;C1967;4;17;2;2469,12;0,1;1728,38;Boleto;Online;4444,42;3456,76;987,66;0,2222
105791;2025-08-19;C0589;15;16;1;1241,47;0,15;968,35;Boleto;Online;1055,25;968,35;86,9;0,0824
105792;2025-11-23;C0378;10;16;2;205,49;0,05;106,85;PIX;Marketplace;390,43;213,7;176,73;0,4527
105793;2026-03-11;C1297;12;4;4;1656,32;0,1;1126,3;Boleto;Online;5962,75;4505,2;1457,55;0,2444
105794;2026-03-29;C2096;5;14;1;950,77;0,05;618,0;Boleto;Online;903,23;618,0;285,23;0,3158
105795;2025-03-09;C2357;7;3;2;875,56;0,15;542,85;Cartão de crédito;Marketplace;1488,45;1085,7;402,75;0,2706
105796;2026-05-05;C0005;16;26;2;476,05;0,05;261,83;Cartão de crédito;Online;904,5;523,66;380,84;0,4211
105797;2026-03-26;C2366;7;6;3;731,15;0,1;453,31;PIX;Online;1974,1;1359,93;614,17;0,3111
105798;2026-06-02;C1189;3;5;4;20,01;0,2;9,0;Boleto;Online;64,03;36,0;28,03;0,4378
105799;2025-10-21;C1736;10;1;3;188,96;0,05;98,26;Cartão de crédito;Marketplace;538,54;294,78;243,76;0,4526
105800;2026-06-08;C1993;9;24;2;409,07;0,0;257,71;Cartão de crédito;Online;818,14;515,42;302,72;0,37
105801;2025-06-20;C1549;13;26;2;471,22;0,05;273,31;Cartão de débito;Marketplace;895,32;546,62;348,7;0,3895
105802;2026-01-17;C2012;11;17;1;1657,81;0,0;1127,31;Boleto;Marketplace;1657,81;1127,31;530,5;0,32
105803;2025-01-05;C2376;5;23;1;947,24;0,05;615,71;Cartão de crédito;Online;899,88;615,71;284,17;0,3158
105804;2025-05-13;C0615;1;16;1;984,93;0,05;630,36;Cartão de crédito;Online;935,68;630,36;305,32;0,3263
105805;2026-03-08;C1611;7;1;1;328,9;0,1;203,92;Cartão de crédito;Marketplace;296,01;203,92;92,09;0,3111
105806;2026-01-14;C1817;4;14;1;1072,94;0,05;751,06;Boleto;Marketplace;1019,29;751,06;268,23;0,2632
105807;2025-05-29;C1038;7;13;1;471,35;0,0;292,24;Cartão de débito;Online;471,35;292,24;179,11;0,38
105808;2025-03-13;C0250;8;21;1;136,11;0,05;74,86;Boleto;Marketplace;129,3;74,86;54,44;0,421
105809;2026-04-16;C2407;17;17;1;522,1;0,05;313,26;Cartão de débito;Online;496,0;313,26;182,74;0,3684
105810;2025-09-09;C2071;5;2;1;395,92;0,05;257,35;Cartão de débito;Marketplace;376,12;257,35;118,77;0,3158
105811;2026-06-27;C0613;6;13;1;74,55;0,05;37,27;Boleto;Online;70,82;37,27;33,55;0,4737
105812;2025-12-23;C0740;16;22;2;224,74;0,0;123,61;Cartão de débito;Marketplace;449,48;247,22;202,26;0,45
105813;2025-08-27;C1475;8;20;1;207,55;0,05;114,15;PIX;Marketplace;197,17;114,15;83,02;0,4211
105814;2025-07-21;C0855;14;4;4;3117,78;0,15;2244,8;PIX;Online;10600,45;8979,2;1621,25;0,1529
105815;2026-04-20;C0631;16;2;5;177,13;0,1;97,42;Cartão de débito;Online;797,08;487,1;309,98;0,3889
105816;2026-04-06;C1656;12;4;1;2033,8;0,05;1382,98;Boleto;Marketplace;1932,11;1382,98;549,13;0,2842
105817;2026-05-09;C0309;1;15;1;347,33;0,1;222,29;Boleto;Marketplace;312,6;222,29;90,31;0,2889
105818;2026-05-29;C2352;10;23;3;152,86;0,0;79,49;Boleto;Marketplace;458,58;238,47;220,11;0,48
105819;2026-03-11;C0647;12;21;4;952,51;0,0;647,71;Cartão de débito;Online;3810,04;2590,84;1219,2;0,32
105820;2025-10-14;C2278;13;8;2;289,2;0,05;167,74;PIX;Online;549,48;335,48;214,0;0,3895
105821;2026-02-07;C0333;10;5;1;265,7;0,0;138,16;PIX;Marketplace;265,7;138,16;127,54;0,48
105822;2025-09-28;C1914;7;17;1;302,92;0,05;187,81;Cartão de débito;Marketplace;287,77;187,81;99,96;0,3474
105823;2025-11-27;C0142;6;21;1;77,97;0,15;38,98;PIX;Online;66,27;38,98;27,29;0,4118
105824;2025-12-30;C2150;6;7;2;208,42;0,0;104,21;Boleto;Marketplace;416,84;208,42;208,42;0,5
105825;2025-10-02;C1283;7;16;2;847,33;0,0;525,34;Cartão de crédito;Marketplace;1694,66;1050,68;643,98;0,38
105826;2026-04-24;C0916;6;5;1;171,47;0,05;85,73;PIX;Marketplace;162,9;85,73;77,17;0,4737
105827;2026-01-26;C1203;1;17;2;574,23;0,1;367,51;Boleto;Marketplace;1033,61;735,02;298,59;0,2889
105828;2025-05-26;C0613;3;20;1;75,81;0,0;34,11;Cartão de crédito;Marketplace;75,81;34,11;41,7;0,5501
105829;2025-08-31;C0140;1;4;1;647,74;0,0;414,55;PIX;Online;647,74;414,55;233,19;0,36
105830;2026-03-06;C1927;8;5;2;232,43;0,1;127,84;Cartão de crédito;Marketplace;418,37;255,68;162,69;0,3889
105831;2025-09-16;C1468;17;14;1;487,86;0,1;292,72;Cartão de crédito;Online;439,07;292,72;146,35;0,3333
105832;2026-06-13;C0289;10;10;1;386,1;0,0;200,77;Cartão de crédito;Online;386,1;200,77;185,33;0,48
105833;2026-02-17;C0332;14;15;4;3780,82;0,15;2722,19;Cartão de débito;Online;12854,79;10888,76;1966,03;0,1529
105834;2025-09-22;C1050;13;23;1;476,42;0,0;276,32;Cartão de débito;Online;476,42;276,32;200,1;0,42
105835;2025-11-07;C2196;17;23;5;316,4;0,1;189,84;PIX;Online;1423,8;949,2;474,6;0,3333
105836;2026-02-16;C2311;3;13;2;36,69;0,0;16,51;Cartão de crédito;Marketplace;73,38;33,02;40,36;0,55
105837;2025-12-01;C2406;10;14;3;234,12;0,0;121,74;Boleto;Marketplace;702,36;365,22;337,14;0,48
105838;2025-01-14;C1767;15;3;3;1834,67;0,15;1431,04;Cartão de crédito;Online;4678,41;4293,12;385,29;0,0824
105839;2026-05-12;C1194;6;19;1;211,38;0,1;105,69;Boleto;Online;190,24;105,69;84,55;0,4444
105840;2026-01-20;C2368;14;19;2;3302,21;0,05;2377,59;PIX;Marketplace;6274,2;4755,18;1519,02;0,2421
105841;2026-03-28;C2128;13;20;2;398,24;0,15;230,98;Cartão de débito;Online;677,01;461,96;215,05;0,3176
105842;2025-07-11;C2264;14;15;1;3762,16;0,0;2708,76;Cartão de crédito;Marketplace;3762,16;2708,76;1053,4;0,28
105843;2025-02-23;C2293;16;18;4;472,02;0,05;259,61;Boleto;Online;1793,68;1038,44;755,24;0,4211
105844;2025-12-29;C2164;2;13;2;657,44;0,1;440,48;Cartão de crédito;Marketplace;1183,39;880,96;302,43;0,2556
105845;2025-01-16;C2434;2;2;3;929,52;0,15;622,78;PIX;Marketplace;2370,28;1868,34;501,94;0,2118
105846;2025-03-13;C0765;3;14;3;71,32;0,15;32,09;PIX;Marketplace;181,87;96,27;85,6;0,4707
105847;2026-04-14;C1254;6;18;1;57,39;0,05;28,7;Cartão de débito;Online;54,52;28,7;25,82;0,4736
105848;2026-01-16;C1608;12;16;5;1751,94;0,2;1191,32;Boleto;Online;7007,76;5956,6;1051,16;0,15
105849;2025-01-11;C0399;11;4;1;1823,3;0,1;1239,84;Cartão de débito;Marketplace;1640,97;1239,84;401,13;0,2444
105850;2026-03-04;C1617;12;11;2;2247,56;0,05;1528,34;PIX;Online;4270,36;3056,68;1213,68;0,2842
105851;2025-01-22;C2095;11;2;3;1430,27;0,1;972,58;PIX;Marketplace;3861,73;2917,74;943,99;0,2444
105852;2026-05-03;C2347;5;7;2;448,65;0,0;291,62;PIX;Marketplace;897,3;583,24;314,06;0,35
105853;2025-08-20;C1891;2;21;1;958,69;0,05;642,32;Cartão de débito;Marketplace;910,76;642,32;268,44;0,2947
105854;2025-03-26;C2321;13;26;2;471,3;0,1;273,35;Cartão de crédito;Online;848,34;546,7;301,64;0,3556
105855;2026-04-12;C1731;13;4;3;194,24;0,0;112,66;PIX;Online;582,72;337,98;244,74;0,42
105856;2025-08-22;C0690;2;11;1;342,84;0,1;229,7;Cartão de débito;Marketplace;308,56;229,7;78,86;0,2556
105857;2025-05-17;C0961;10;13;1;141,49;0,1;73,57;Cartão de crédito;Online;127,34;73,57;53,77;0,4223
105858;2025-01-08;C2201;1;24;1;997,69;0,05;638,52;Cartão de débito;Marketplace;947,81;638,52;309,29;0,3263
105859;2025-08-01;C1265;14;24;1;5300,71;0,1;3816,51;Boleto;Marketplace;4770,64;3816,51;954,13;0,2
105860;2026-01-09;C1708;13;20;1;485,05;0,15;281,33;Boleto;Online;412,29;281,33;130,96;0,3176
105861;2025-02-11;C0129;4;14;1;1220,61;0,05;854,43;PIX;Online;1159,58;854,43;305,15;0,2632
105862;2025-12-02;C1922;17;19;3;705,61;0,0;423,37;PIX;Marketplace;2116,83;1270,11;846,72;0,4
105863;2025-12-08;C1860;1;17;1;691,87;0,0;442,8;Boleto;Marketplace;691,87;442,8;249,07;0,36
105864;2025-10-16;C2173;17;14;4;709,93;0,0;425,96;Cartão de crédito;Marketplace;2839,72;1703,84;1135,88;0,4
105865;2026-03-14;C1665;2;16;1;995,78;0,05;667,17;Cartão de crédito;Marketplace;945,99;667,17;278,82;0,2947
105866;2025-02-06;C0016;15;27;3;2626,69;0,05;2048,82;Cartão de débito;Marketplace;7486,07;6146,46;1339,61;0,1789
105867;2026-03-15;C2197;16;14;2;245,25;0,1;134,89;PIX;Online;441,45;269,78;171,67;0,3889
105868;2025-08-14;C2039;16;7;4;348,14;0,05;191,48;PIX;Online;1322,93;765,92;557,01;0,421
105869;2025-08-23;C1129;7;22;1;730,42;0,0;452,86;Cartão de crédito;Marketplace;730,42;452,86;277,56;0,38
105870;2025-07-08;C1562;7;7;1;352,03;0,1;218,26;Cartão de crédito;Marketplace;316,83;218,26;98,57;0,3111
105871;2025-11-16;C1577;17;23;3;484,07;0,0;290,44;PIX;Online;1452,21;871,32;580,89;0,4
105872;2025-07-31;C0823;11;19;1;977,23;0,1;664,52;Cartão de débito;Marketplace;879,51;664,52;214,99;0,2444
105873;2025-04-27;C0448;10;9;4;366,94;0,0;190,81;PIX;Marketplace;1467,76;763,24;704,52;0,48
105874;2025-11-01;C1257;5;25;1;1030,44;0,1;669,79;Cartão de débito;Online;927,4;669,79;257,61;0,2778
105875;2025-04-23;C1977;1;2;2;353,3;0,1;226,11;Cartão de débito;Online;635,94;452,22;183,72;0,2889
105876;2026-06-19;C2238;11;27;1;1915,2;0,2;1302,34;PIX;Online;1532,16;1302,34;229,82;0,15
105877;2025-08-09;C1287;17;9;2;576,56;0,0;345,94;Boleto;Marketplace;1153,12;691,88;461,24;0,4
105878;2025-10-08;C0114;3;12;3;35,62;0,05;16,03;Boleto;Online;101,52;48,09;53,43;0,5263
105879;2025-12-22;C1669;8;11;1;186,72;0,05;102,7;Boleto;Online;177,38;102,7;74,68;0,421
105880;2025-09-06;C1185;6;11;1;115,76;0,0;57,88;PIX;Marketplace;115,76;57,88;57,88;0,5
105881;2025-11-17;C0320;4;8;2;2398,21;0,0;1678,75;PIX;Online;4796,42;3357,5;1438,92;0,3
105882;2026-03-19;C0971;6;2;1;100,22;0,0;50,11;Cartão de crédito;Marketplace;100,22;50,11;50,11;0,5
105883;2026-01-25;C1032;12;23;2;911,15;0,0;619,58;Cartão de débito;Marketplace;1822,3;1239,16;583,14;0,32
105884;2025-07-03;C0083;11;16;1;975,06;0,1;663,04;Boleto;Online;877,55;663,04;214,51;0,2444
105885;2025-11-02;C0314;16;2;1;337,02;0,0;185,36;PIX;Online;337,02;185,36;151,66;0,45
105886;2025-07-26;C1095;15;7;1;2965,59;0,0;2313,16;Cartão de crédito;Marketplace;2965,59;2313,16;652,43;0,22
105887;2026-01-19;C1974;17;15;2;559,89;0,0;335,93;Cartão de crédito;Marketplace;1119,78;671,86;447,92;0,4
105888;2025-04-12;C1146;11;13;2;1504,92;0,05;1023,35;Cartão de débito;Marketplace;2859,35;2046,7;812,65;0,2842
105889;2026-01-28;C2249;5;20;1;1072,06;0,0;696,84;Boleto;Online;1072,06;696,84;375,22;0,35
105890;2025-02-20;C2192;6;19;1;228,96;0,05;114,48;Boleto;Marketplace;217,51;114,48;103,03;0,4737
105891;2025-05-24;C1919;6;26;2;245,81;0,1;122,91;Cartão de crédito;Marketplace;442,46;245,82;196,64;0,4444
105892;2025-11-16;C1578;14;14;1;3691,35;0,0;2657,77;Cartão de crédito;Marketplace;3691,35;2657,77;1033,58;0,28
105893;2025-09-25;C1465;14;11;2;2935,32;0,1;2113,43;Cartão de crédito;Marketplace;5283,58;4226,86;1056,72;0,2
105894;2025-08-05;C0217;1;5;1;645,09;0,1;412,86;Cartão de débito;Marketplace;580,58;412,86;167,72;0,2889
105895;2025-06-20;C0847;7;10;2;316,49;0,05;196,22;Cartão de crédito;Marketplace;601,33;392,44;208,89;0,3474
105896;2025-05-30;C1581;5;25;3;531,95;0,0;345,77;Cartão de débito;Marketplace;1595,85;1037,31;558,54;0,35
105897;2025-12-02;C0577;5;15;1;957,62;0,1;622,45;PIX;Online;861,86;622,45;239,41;0,2778
105898;2025-12-19;C0857;12;4;4;1714,0;0,15;1165,52;PIX;Marketplace;5827,6;4662,08;1165,52;0,2
105899;2025-07-19;C1421;17;2;3;511,18;0,0;306,71;Cartão de crédito;Marketplace;1533,54;920,13;613,41;0,4
105900;2025-01-27;C2499;12;16;2;1971,86;0,0;1340,86;Cartão de crédito;Marketplace;3943,72;2681,72;1262,0;0,32
105901;2025-09-22;C0993;15;22;1;4409,84;0,0;3439,68;Cartão de crédito;Online;4409,84;3439,68;970,16;0,22
105902;2026-03-21;C1504;5;4;1;917,19;0,2;596,17;Cartão de débito;Marketplace;733,75;596,17;137,58;0,1875
105903;2025-06-27;C1754;9;3;1;318,11;0,05;200,41;Cartão de débito;Online;302,2;200,41;101,79;0,3368
105904;2026-06-18;C1064;5;7;1;1050,94;0,1;683,11;Cartão de débito;Marketplace;945,85;683,11;262,74;0,2778
105905;2026-01-12;C2304;9;17;2;194,69;0,0;122,65;PIX;Marketplace;389,38;245,3;144,08;0,37
105906;2025-06-30;C2444;4;15;1;1390,4;0,05;973,28;PIX;Online;1320,88;973,28;347,6;0,2632
105907;2026-06-12;C2102;7;2;2;613,45;0,0;380,34;Cartão de débito;Online;1226,9;760,68;466,22;0,38
105908;2026-05-18;C1671;10;19;1;327,19;0,0;170,14;Cartão de crédito;Online;327,19;170,14;157,05;0,48
105909;2025-05-11;C0293;7;9;1;633,01;0,15;392,47;Boleto;Marketplace;538,06;392,47;145,59;0,2706
105910;2025-09-26;C0732;5;27;1;487,24;0,05;316,71;PIX;Marketplace;462,88;316,71;146,17;0,3158
105911;2026-04-10;C1182;4;7;2;1552,76;0,1;1086,93;Boleto;Online;2794,97;2173,86;621,11;0,2222
105912;2026-01-06;C0618;13;23;1;200,27;0,0;116,16;PIX;Online;200,27;116,16;84,11;0,42
105913;2025-06-27;C0263;4;6;1;1480,37;0,1;1036,26;Boleto;Marketplace;1332,33;1036,26;296,07;0,2222
105914;2026-03-19;C2182;14;1;2;4741,12;0,1;3413,61;Cartão de débito;Marketplace;8534,02;6827,22;1706,8;0,2
105915;2025-04-15;C1467;8;26;1;150,6;0,15;82,83;Cartão de crédito;Online;128,01;82,83;45,18;0,3529
105916;2025-08-07;C0083;12;23;1;2302,28;0,1;1565,55;PIX;Marketplace;2072,05;1565,55;506,5;0,2444
105917;2025-07-03;C0396;17;18;3;392,26;0,05;235,36;Cartão de débito;Online;1117,94;706,08;411,86;0,3684
105918;2025-09-23;C0405;11;27;1;602,5;0,0;409,7;Cartão de débito;Online;602,5;409,7;192,8;0,32
105919;2025-05-11;C0467;10;8;1;182,22;0,15;94,75;PIX;Online;154,89;94,75;60,14;0,3883
105920;2025-11-26;C0511;2;25;3;740,96;0,05;496,44;Boleto;Online;2111,74;1489,32;622,42;0,2947
105921;2025-05-08;C1446;15;13;2;1401,68;0,0;1093,31;PIX;Online;2803,36;2186,62;616,74;0,22
105922;2025-06-29;C1611;5;7;1;555,33;0,0;360,96;Cartão de crédito;Online;555,33;360,96;194,37;0,35
105923;2026-02-01;C2305;5;10;2;286,55;0,15;186,26;Boleto;Online;487,14;372,52;114,62;0,2353
105924;2025-09-11;C0721;3;10;1;63,86;0,05;28,74;PIX;Online;60,67;28,74;31,93;0,5263
105925;2026-04-26;C1791;3;24;2;32,93;0,05;14,82;Cartão de débito;Marketplace;62,57;29,64;32,93;0,5263
105926;2025-10-19;C0090;10;7;5;266,65;0,0;138,66;Boleto;Online;1333,25;693,3;639,95;0,48
105927;2025-01-13;C1974;11;20;2;1098,6;0,15;747,05;Cartão de débito;Online;1867,62;1494,1;373,52;0,2
105928;2025-10-25;C2302;17;20;4;737,84;0,05;442,7;Cartão de crédito;Online;2803,79;1770,8;1032,99;0,3684
105929;2025-03-27;C2452;1;19;2;306,15;0,0;195,94;PIX;Marketplace;612,3;391,88;220,42;0,36
105930;2026-05-22;C1339;17;25;1;377,52;0,0;226,51;Cartão de débito;Marketplace;377,52;226,51;151,01;0,4
105931;2025-07-27;C0680;5;27;3;234,26;0,05;152,27;Boleto;Marketplace;667,64;456,81;210,83;0,3158
105932;2026-05-29;C1773;10;13;3;379,27;0,05;197,22;Não informado;Online;1080,92;591,66;489,26;0,4526
105933;2025-04-02;C1578;15;21;1;1268,11;0,1;989,13;Boleto;Marketplace;1141,3;989,13;152,17;0,1333
105934;2025-11-09;C1037;15;20;3;1826,98;0,1;1425,04;PIX;Marketplace;4932,85;4275,12;657,73;0,1333
105935;2025-03-22;C0075;5;11;1;638,95;0,0;415,32;Cartão de débito;Online;638,95;415,32;223,63;0,35
105936;2026-04-18;C1354;13;13;2;97,43;0,15;56,51;PIX;Marketplace;165,63;113,02;52,61;0,3176
105937;2025-07-13;C1359;3;24;3;43,95;0,0;19,78;Cartão de débito;Online;131,85;59,34;72,51;0,5499
105938;2025-10-11;C1366;2;13;1;376,78;0,0;252,44;Boleto;Online;376,78;252,44;124,34;0,33
105939;2025-05-23;C0021;10;11;2;366,52;0,0;190,59;PIX;Online;733,04;381,18;351,86;0,48
105940;2025-11-21;C0509;17;26;2;311,39;0,0;186,83;PIX;Online;622,78;373,66;249,12;0,4
105941;2025-01-15;C0325;11;16;2;1479,2;0,05;1005,86;Cartão de débito;Marketplace;2810,48;2011,72;798,76;0,2842
105942;2026-03-01;C1044;1;6;1;427,84;0,1;273,82;Boleto;Online;385,06;273,82;111,24;0,2889
105943;2025-10-01;C0898;4;10;2;1979,6;0,0;1385,72;Cartão de débito;Marketplace;3959,2;2771,44;1187,76;0,3
105944;2025-10-24;C0519;14;6;1;4379,04;0,0;3152,91;PIX;Online;4379,04;3152,91;1226,13;0,28
105945;2025-08-31;C2340;11;20;2;1716,04;0,1;1166,91;PIX;Online;3088,87;2333,82;755,05;0,2444
105946;2026-03-19;C2061;3;3;3;21,53;0,0;9,69;Cartão de crédito;Online;64,59;29,07;35,52;0,5499
105947;2025-11-11;C1574;13;4;1;473,01;0,15;274,35;Cartão de crédito;Marketplace;402,06;274,35;127,71;0,3176
105948;2025-06-15;C0033;14;26;2;5447,23;0,05;3922,01;Boleto;Online;10349,74;7844,02;2505,72;0,2421
105949;2025-04-14;C1304;11;23;2;519,68;0,0;353,38;Cartão de débito;Online;1039,36;706,76;332,6;0,32
105950;2025-02-26;C0555;3;17;2;48,02;0,0;21,61;Boleto;Online;96,04;43,22;52,82;0,55
105951;2025-02-22;C1264;16;15;3;217,83;0,1;119,81;Boleto;Online;588,14;359,43;228,71;0,3889
105952;2025-07-23;C1914;11;10;1;621,37;0,1;422,53;Cartão de débito;Online;559,23;422,53;136,7;0,2444
105953;2025-01-26;C0031;1;20;1;908,09;0,0;581,18;Boleto;Marketplace;908,09;581,18;326,91;0,36
105954;2025-09-15;C0276;3;8;1;92,5;0,0;41,62;PIX;Online;92,5;41,62;50,88;0,5501
105955;2026-05-31;C0929;10;21;2;395,82;0,1;205,83;PIX;Online;712,48;411,66;300,82;0,4222
105956;2026-02-27;C1771;13;26;1;234,54;0,15;136,03;Cartão de crédito;Online;199,36;136,03;63,33;0,3177
105957;2025-05-01;C1011;9;23;1;514,06;0,1;323,86;Boleto;Marketplace;462,65;323,86;138,79;0,3
105958;2025-04-01;C0849;8;23;1;172,12;0,15;94,67;PIX;Online;146,3;94,67;51,63;0,3529
105959;2025-11-29;C0692;9;18;1;482,34;0,0;303,87;PIX;Online;482,34;303,87;178,47;0,37
105960;2026-06-08;C1315;9;4;2;515,46;0,05;324,74;Cartão de débito;Marketplace;979,37;649,48;329,89;0,3368
105961;2025-12-30;C1795;10;5;1;255,93;0,2;133,08;PIX;Online;204,74;133,08;71,66;0,35
105962;2026-05-24;C0001;17;2;4;371,29;0,0;222,77;PIX;Online;1485,16;891,08;594,08;0,4
105963;2025-07-20;C0313;13;25;1;97,18;0,0;56,36;Cartão de débito;Online;97,18;56,36;40,82;0,42
105964;2025-12-09;C0060;3;26;1;35,75;0,05;16,09;Cartão de débito;Marketplace;33,96;16,09;17,87;0,5262
105965;2025-09-16;C0419;17;7;3;573,03;0,0;343,82;Boleto;Online;1719,09;1031,46;687,63;0,4
105966;2025-11-01;C0685;10;20;1;128,89;0,0;67,02;PIX;Marketplace;128,89;67,02;61,87;0,48
105967;2025-07-27;C1588;9;17;1;364,64;0,15;229,72;Boleto;Marketplace;309,94;229,72;80,22;0,2588
105968;2026-02-04;C1964;9;9;2;564,96;0,05;355,92;Boleto;Online;1073,42;711,84;361,58;0,3368
105969;2025-04-02;C0953;14;13;1;2964,07;0,1;2134,13;Cartão de débito;Online;2667,66;2134,13;533,53;0,2
105970;2025-01-02;C0701;3;8;2;53,36;0,15;24,01;Boleto;Online;90,71;48,02;42,69;0,4706
105971;2025-10-17;C0386;9;25;3;288,88;0,0;181,99;PIX;Marketplace;866,64;545,97;320,67;0,37
105972;2026-03-02;C0171;17;10;2;481,31;0,05;288,79;Cartão de débito;Marketplace;914,49;577,58;336,91;0,3684
105973;2026-03-05;C2112;14;25;3;5442,37;0,2;3918,51;PIX;Marketplace;13061,69;11755,53;1306,16;0,1
105974;2025-11-11;C0347;15;19;2;3262,44;0,05;2544,7;PIX;Online;6198,64;5089,4;1109,24;0,1789
105975;2025-06-11;C1382;5;13;4;651,8;0,05;423,67;PIX;Online;2476,84;1694,68;782,16;0,3158
105976;2025-01-16;C0784;10;6;1;305,11;0,1;158,66;Boleto;Online;274,6;158,66;115,94;0,4222
105977;2025-07-08;C0202;15;3;1;1850,29;0,1;1443,23;Cartão de débito;Online;1665,26;1443,23;222,03;0,1333
105978;2026-01-07;C2349;6;21;3;190,45;0,1;95,22;Cartão de débito;Online;514,21;285,66;228,55;0,4445
105979;2026-04-21;C0625;12;15;1;782,28;0,0;531,95;Cartão de débito;Online;782,28;531,95;250,33;0,32
105980;2026-01-03;C0277;1;4;1;383,98;0,0;245,75;Boleto;Marketplace;383,98;245,75;138,23;0,36
105981;2026-04-14;C2465;1;25;1;685,91;0,05;438,98;Cartão de débito;Online;651,61;438,98;212,63;0,3263
105982;2025-01-08;C2259;16;20;2;191,17;0,05;105,14;Boleto;Marketplace;363,22;210,28;152,94;0,4211
105983;2025-11-08;C1048;17;25;2;657,37;0,05;394,42;PIX;Online;1249,0;788,84;460,16;0,3684
105984;2026-02-17;C0636;14;14;3;3837,43;0,0;2762,95;PIX;Online;11512,29;8288,85;3223,44;0,28
105985;2026-03-26;C0579;6;19;1;218,59;0,05;109,3;Cartão de débito;Online;207,66;109,3;98,36;0,4737
105986;2026-06-15;C1113;14;6;1;4764,08;0,05;3430,14;Cartão de crédito;Online;4525,88;3430,14;1095,74;0,2421
105987;2026-03-25;C2421;15;10;1;4571,29;0,0;3565,61;Cartão de crédito;Marketplace;4571,29;3565,61;1005,68;0,22
105988;2025-12-14;C0217;2;24;3;603,59;0,1;404,41;Boleto;Online;1629,69;1213,23;416,46;0,2555
105989;2025-01-07;C0582;7;16;2;360,73;0,2;223,65;Cartão de crédito;Marketplace;577,17;447,3;129,87;0,225
105990;2026-01-22;C2425;15;24;1;3735,44;0,05;2913,64;PIX;Online;3548,67;2913,64;635,03;0,1789
105991;2026-06-23;C1354;6;3;5;72,93;0,15;36,47;Boleto;Online;309,95;182,35;127,6;0,4117
105992;2025-09-04;C2073;13;1;1;285,81;0,2;165,77;PIX;Marketplace;228,65;165,77;62,88;0,275
105993;2025-03-20;C0155;9;2;1;317,24;0,0;199,86;PIX;Marketplace;317,24;199,86;117,38;0,37
105994;2025-12-01;C0527;17;9;1;713,9;0,05;428,34;PIX;Online;678,2;428,34;249,86;0,3684
105995;2025-08-28;C1290;10;2;1;103,45;0,1;53,79;PIX;Marketplace;93,1;53,79;39,31;0,4222
105996;2026-02-25;C2050;10;24;1;233,24;0,1;121,28;Cartão de crédito;Online;209,92;121,28;88,64;0,4223
105997;2025-07-02;C2474;12;14;2;2391,82;0,05;1626,44;PIX;Online;4544,46;3252,88;1291,58;0,2842
105998;2026-01-12;C2154;17;8;1;184,52;0,15;110,71;PIX;Marketplace;156,84;110,71;46,13;0,2941
105999;2025-05-15;C0784;12;3;2;1367,25;0,15;929,73;Boleto;Online;2324,32;1859,46;464,86;0,2
106000;2025-01-16;C0399;6;18;2;242,37;0,05;121,19;Cartão de débito;Marketplace;460,5;242,38;218,12;0,4737
106001;2025-08-22;C0335;10;18;1;341,42;0,05;177,54;Boleto;Online;324,35;177,54;146,81;0,4526
106002;2025-07-04;C1898;16;25;1;416,45;0,05;229,05;Boleto;Online;395,63;229,05;166,58;0,421
106003;2025-07-23;C2179;15;1;1;2994,59;0,15;2335,78;Cartão de crédito;Marketplace;2545,4;2335,78;209,62;0,0824
106004;2025-01-13;C1047;15;13;1;4965,5;0,2;3873,09;Cartão de crédito;Online;3972,4;3873,09;99,31;0,025
106005;2025-06-18;C0387;6;27;1;190,86;0,1;95,43;Cartão de débito;Marketplace;171,77;95,43;76,34;0,4444
106006;2025-11-05;C0959;15;12;1;4040,98;0,0;3151,96;Boleto;Marketplace;4040,98;3151,96;889,02;0,22
106007;2025-12-02;C2305;13;4;1;206,14;0,15;119,56;Cartão de crédito;Online;175,22;119,56;55,66;0,3177
106008;2026-04-08;C1720;15;16;1;3921,54;0,0;3058,8;PIX;Online;3921,54;3058,8;862,74;0,22
106009;2025-09-22;C0426;12;3;2;860,72;0,0;585,29;Cartão de crédito;Online;1721,44;1170,58;550,86;0,32
106010;2026-03-30;C1594;14;21;3;2746,87;0,0;1977,75;Cartão de crédito;Marketplace;8240,61;5933,25;2307,36;0,28
106011;2025-10-02;C1695;16;18;1;445,06;0,1;244,78;Cartão de crédito;Marketplace;400,55;244,78;155,77;0,3889
106012;2026-06-28;C1268;13;9;2;465,82;0,15;270,18;Cartão de crédito;Marketplace;791,89;540,36;251,53;0,3176
106013;2025-05-24;C0928;16;10;2;227,21;0,0;124,97;PIX;Marketplace;454,42;249,94;204,48;0,45
106014;2025-11-13;C2042;13;4;2;151,87;0,1;88,08;Boleto;Online;273,37;176,16;97,21;0,3556
106015;2025-06-06;C0105;16;14;2;391,45;0,05;215,3;PIX;Marketplace;743,76;430,6;313,16;0,421
106016;2026-05-04;C0646;17;19;3;147,79;0,1;88,67;Boleto;Online;399,03;266,01;133,02;0,3334
106017;2026-03-10;C2159;16;8;4;221,39;0,05;121,76;PIX;Online;841,28;487,04;354,24;0,4211
106018;2026-06-10;C1025;11;22;2;1876,26;0,1;1275,86;PIX;Marketplace;3377,27;2551,72;825,55;0,2444
106019;2026-01-10;C1871;12;2;1;2313,14;0,0;1572,94;PIX;Marketplace;2313,14;1572,94;740,2;0,32
106020;2026-01-29;C1140;11;2;1;1085,42;0,05;738,09;Boleto;Online;1031,15;738,09;293,06;0,2842
106021;2026-04-15;C0460;4;17;4;2144,36;0,0;1501,05;Cartão de crédito;Online;8577,44;6004,2;2573,24;0,3
106022;2025-01-19;C1383;6;15;2;203,61;0,0;101,81;Boleto;Marketplace;407,22;203,62;203,6;0,5
106023;2026-02-24;C0748;7;25;1;803,55;0,0;498,2;Boleto;Online;803,55;498,2;305,35;0,38
106024;2025-01-29;C0974;11;3;1;1794,81;0,1;1220,47;PIX;Online;1615,33;1220,47;394,86;0,2444
106025;2026-03-04;C0269;6;3;1;184,46;0,1;92,23;Cartão de débito;Online;166,01;92,23;73,78;0,4444
106026;2025-07-29;C1148;2;14;4;451,31;0,1;302,38;Boleto;Marketplace;1624,72;1209,52;415,2;0,2556
106027;2025-05-14;C0508;5;5;2;203,35;0,1;132,18;Cartão de débito;Online;366,03;264,36;101,67;0,2778
106028;2025-10-15;C0031;14;2;1;4214,96;0,1;3034,77;PIX;Marketplace;3793,46;3034,77;758,69;0,2
106029;2025-04-19;C1246;14;26;1;3687,0;0,0;2654,64;Cartão de débito;Marketplace;3687,0;2654,64;1032,36;0,28
106030;2026-05-16;C0153;3;7;2;85,35;0,05;38,41;PIX;Online;162,16;76,82;85,34;0,5263
106031;2026-04-18;C2466;13;7;2;193,92;0,0;112,47;Cartão de crédito;Online;387,84;224,94;162,9;0,42
106032;2025-07-17;C2137;6;23;1;103,34;0,1;51,67;Boleto;Online;93,01;51,67;41,34;0,4445
106033;2026-03-01;C0326;10;14;1;142,03;0,2;73,86;Boleto;Online;113,62;73,86;39,76;0,3499
106034;2026-04-14;C1304;3;12;1;52,88;0,15;23,8;PIX;Online;44,95;23,8;21,15;0,4705
106035;2025-04-12;C1465;16;25;3;453,66;0,1;249,51;Cartão de crédito;Marketplace;1224,88;748,53;476,35;0,3889
106036;2025-05-22;C1057;17;27;1;214,7;0,05;128,82;Boleto;Online;203,96;128,82;75,14;0,3684
106037;2025-02-09;C2185;11;11;3;1155,96;0,15;786,05;PIX;Marketplace;2947,7;2358,15;589,55;0,2
106038;2025-09-29;C1210;7;22;3;550,71;0,05;341,44;Boleto;Marketplace;1569,52;1024,32;545,2;0,3474
106039;2026-01-12;C0103;6;12;1;227,43;0,0;113,72;Cartão de débito;Marketplace;227,43;113,72;113,71;0,5
106040;2026-03-25;C1141;12;26;3;845,25;0,15;574,77;Cartão de crédito;Online;2155,39;1724,31;431,08;0,2
106041;2025-11-14;C0868;2;14;2;1359,2;0,0;910,66;Cartão de crédito;Marketplace;2718,4;1821,32;897,08;0,33
106042;2025-10-27;C1600;14;1;1;4161,64;0,05;2996,38;Cartão de débito;Marketplace;3953,56;2996,38;957,18;0,2421
106043;2025-07-09;C0884;3;5;1;33,0;0,15;14,85;Cartão de crédito;Online;28,05;14,85;13,2;0,4706
106044;2025-11-10;C1305;1;6;2;516,92;0,1;330,83;Cartão de débito;Online;930,46;661,66;268,8;0,2889
106045;2025-02-13;C2433;15;2;1;4833,26;0,05;3769,94;Cartão de crédito;Marketplace;4591,6;3769,94;821,66;0,1789
106046;2025-07-12;C0235;3;12;2;57,78;0,15;26,0;Cartão de crédito;Marketplace;98,23;52,0;46,23;0,4706
106047;2026-04-02;C1718;16;8;1;109,59;0,05;60,27;Cartão de crédito;Online;104,11;60,27;43,84;0,4211
106048;2025-12-26;C1655;5;20;2;362,99;0,05;235,94;Cartão de débito;Online;689,68;471,88;217,8;0,3158
106049;2025-02-04;C0584;12;12;1;1323,61;0,1;900,05;PIX;Marketplace;1191,25;900,05;291,2;0,2444
106050;2025-01-25;C0225;14;2;2;3542,36;0,0;2550,5;Boleto;Online;7084,72;5101,0;1983,72;0,28
106051;2026-01-19;C1839;12;22;3;1594,37;0,05;1084,17;Cartão de débito;Online;4543,95;3252,51;1291,44;0,2842
106052;2025-04-27;C1848;7;13;1;576,18;0,1;357,23;Cartão de débito;Online;518,56;357,23;161,33;0,3111
106053;2025-07-18;C1883;4;21;1;1988,57;0,1;1392,0;Boleto;Online;1789,71;1392,0;397,71;0,2222
106054;2025-07-09;C0020;3;16;2;37,32;0,15;16,79;Cartão de débito;Online;63,44;33,58;29,86;0,4707
106055;2026-04-22;C1973;1;16;3;594,31;0,05;380,36;Boleto;Marketplace;1693,78;1141,08;552,7;0,3263
106056;2025-07-29;C0763;4;6;1;2435,22;0,0;1704,65;Cartão de débito;Marketplace;2435,22;1704,65;730,57;0,3
106057;2025-02-06;C1994;6;6;1;145,25;0,1;72,62;Boleto;Marketplace;130,72;72,62;58,1;0,4445
106058;2025-12-13;C1799;6;19;1;128,9;0,0;64,45;Cartão de débito;Marketplace;128,9;64,45;64,45;0,5
106059;2026-04-05;C2326;13;3;1;242,09;0,1;140,41;PIX;Online;217,88;140,41;77,47;0,3556
106060;2025-12-21;C0592;16;23;1;360,69;0,2;198,38;PIX;Online;288,55;198,38;90,17;0,3125
106061;2026-04-24;C1969;15;19;1;1962,12;0,2;1530,45;PIX;Marketplace;1569,7;1530,45;39,25;0,025
106062;2026-05-12;C1808;8;12;1;286,97;0,1;157,83;Boleto;Online;258,27;157,83;100,44;0,3889
106063;2025-07-17;C0276;14;27;1;4035,95;0,1;2905,88;Cartão de débito;Marketplace;3632,36;2905,88;726,48;0,2
106064;2026-03-05;C0225;8;9;3;226,82;0,05;124,75;Boleto;Marketplace;646,44;374,25;272,19;0,4211
106065;2025-06-28;C0038;9;27;1;457,39;0,1;288,16;PIX;Marketplace;411,65;288,16;123,49;0,3
106066;2026-02-18;C0719;9;4;1;153,44;0,0;96,67;Boleto;Marketplace;153,44;96,67;56,77;0,37
106067;2026-06-29;C1658;15;19;3;4087,6;0,0;3188,33;Cartão de débito;Online;12262,8;9564,99;2697,81;0,22
106068;2025-03-15;C0957;9;3;2;180,17;0,1;113,51;Boleto;Online;324,31;227,02;97,29;0,3
106069;2026-06-06;C1750;10;2;1;114,57;0,1;59,58;Boleto;Online;103,11;59,58;43,53;0,4222
106070;2026-05-22;C0058;17;7;2;616,58;0,05;369,95;Boleto;Marketplace;1171,5;739,9;431,6;0,3684
106071;2025-04-20;C1372;12;6;1;2260,71;0,0;1537,28;Cartão de crédito;Online;2260,71;1537,28;723,43;0,32
106072;2026-01-31;C1533;2;7;1;1110,35;0,15;743,93;PIX;Marketplace;943,8;743,93;199,87;0,2118
106073;2025-07-20;C1300;3;27;1;63,44;0,0;28,55;Cartão de débito;Online;63,44;28,55;34,89;0,55
106074;2025-05-08;C0339;3;18;1;26,46;0,0;11,91;Cartão de crédito;Marketplace;26,46;11,91;14,55;0,5499
106075;2025-02-22;C0131;6;14;2;245,09;0,0;122,55;PIX;Marketplace;490,18;245,1;245,08;0,5
106076;2026-04-03;C1991;11;13;1;1498,64;0,0;1019,08;Cartão de débito;Online;1498,64;1019,08;479,56;0,32
106077;2025-07-12;C0522;15;22;5;3824,51;0,0;2983,12;Cartão de débito;Marketplace;19122,55;14915,6;4206,95;0,22
106078;2025-09-26;C2120;16;9;1;393,81;0,1;216,6;PIX;Marketplace;354,43;216,6;137,83;0,3889
106079;2026-05-25;C0846;6;10;1;246,1;0,05;123,05;PIX;Marketplace;233,8;123,05;110,75;0,4737
106080;2025-05-26;C1943;10;3;1;287,3;0,05;149,4;Cartão de débito;Marketplace;272,94;149,4;123,54;0,4526
106081;2026-02-06;C2500;9;7;1;286,89;0,05;180,74;Cartão de crédito;Online;272,55;180,74;91,81;0,3369
106082;2026-02-13;C0116;16;11;2;333,69;0,0;183,53;Boleto;Online;667,38;367,06;300,32;0,45
106083;2025-10-25;C1661;10;12;2;186,11;0,15;96,78;Boleto;Online;316,39;193,56;122,83;0,3882
106084;2025-10-02;C1231;2;18;1;1448,55;0,0;970,53;PIX;Online;1448,55;970,53;478,02;0,33
106085;2025-06-26;C1879;12;11;1;1142,2;0,05;776,7;Cartão de crédito;Online;1085,09;776,7;308,39;0,2842
106086;2025-05-22;C0156;13;8;1;395,8;0,0;229,56;Cartão de débito;Marketplace;395,8;229,56;166,24;0,42
106087;2025-08-04;C1570;15;8;1;1128,19;0,0;879,99;Boleto;Marketplace;1128,19;879,99;248,2;0,22
106088;2025-08-24;C2002;7;25;1;724,8;0,15;449,38;Boleto;Marketplace;616,08;449,38;166,7;0,2706
106089;2025-03-21;C0221;11;1;2;729,03;0,0;495,74;Boleto;Online;1458,06;991,48;466,58;0,32
106090;2025-09-05;C1176;8;5;2;182,14;0,1;100,18;Cartão de débito;Marketplace;327,85;200,36;127,49;0,3889
106091;2025-09-20;C2179;3;19;1;41,77;0,1;18,8;Cartão de crédito;Online;37,59;18,8;18,79;0,4999
106092;2025-08-12;C0951;13;16;1;358,88;0,05;208,15;Cartão de débito;Marketplace;340,94;208,15;132,79;0,3895
106093;2026-05-08;C0968;10;24;1;193,77;0,0;100,76;Cartão de crédito;Marketplace;193,77;100,76;93,01;0,48
106094;2025-12-16;C2468;2;16;4;774,46;0,0;518,89;Cartão de débito;Online;3097,84;2075,56;1022,28;0,33
106095;2025-03-23;C0612;13;9;1;491,79;0,15;285,24;Cartão de débito;Online;418,02;285,24;132,78;0,3176
106096;2025-01-22;C1955;5;4;1;467,23;0,0;303,7;PIX;Marketplace;467,23;303,7;163,53;0,35
106097;2026-02-27;C1846;14;21;3;4100,44;0,1;2952,32;Cartão de débito;Marketplace;11071,19;8856,96;2214,23;0,2
106098;2025-12-18;C1231;2;7;2;1436,92;0,0;962,74;Boleto;Online;2873,84;1925,48;948,36;0,33
106099;2025-08-25;C0452;17;22;1;628,31;0,2;376,99;Boleto;Online;502,65;376,99;125,66;0,25
106100;2025-02-12;C0535;17;7;1;371,04;0,0;222,62;Boleto;Online;371,04;222,62;148,42;0,4
106101;2026-03-14;C2165;2;22;1;891,94;0,1;597,6;Cartão de crédito;Online;802,75;597,6;205,15;0,2556
106102;2025-12-21;C2273;5;20;2;703,42;0,05;457,22;Cartão de débito;Online;1336,5;914,44;422,06;0,3158
106103;2025-12-25;C0142;8;18;3;187,99;0,0;103,39;Boleto;Marketplace;563,97;310,17;253,8;0,45
106104;2025-04-24;C0028;7;24;1;562,35;0,05;348,66;Cartão de crédito;Marketplace;534,23;348,66;185,57;0,3474
106105;2026-03-22;C1697;1;6;4;923,6;0,1;591,1;Boleto;Online;3324,96;2364,4;960,56;0,2889
106106;2025-11-17;C2371;16;3;2;101,32;0,1;55,73;Cartão de crédito;Marketplace;182,38;111,46;70,92;0,3889
106107;2025-08-14;C0982;2;22;1;429,43;0,05;287,72;Cartão de crédito;Online;407,96;287,72;120,24;0,2947
106108;2025-03-21;C0495;15;14;3;4951,31;0,05;3862,02;Cartão de crédito;Online;14111,23;11586,06;2525,17;0,1789
106109;2025-05-24;C0733;12;1;1;799,11;0,0;543,39;Cartão de débito;Online;799,11;543,39;255,72;0,32
106110;2026-01-03;C1571;1;26;5;334,51;0,05;214,09;PIX;Marketplace;1588,92;1070,45;518,47;0,3263
106111;2025-03-14;C1831;16;6;1;524,59;0,15;288,52;Boleto;Online;445,9;288,52;157,38;0,3529
106112;2026-04-22;C1444;2;8;3;1017,31;0,0;681,6;Boleto;Online;3051,93;2044,8;1007,13;0,33
106113;2026-02-06;C1716;12;3;1;2025,19;0,05;1377,13;PIX;Marketplace;1923,93;1377,13;546,8;0,2842
106114;2025-02-09;C0749;10;26;1;374,3;0,0;194,64;Cartão de débito;Marketplace;374,3;194,64;179,66;0,48
106115;2025-06-07;C1251;12;23;3;1312,49;0,05;892,49;Cartão de débito;Marketplace;3740,6;2677,47;1063,13;0,2842
106116;2025-12-24;C0633;12;2;3;1195,69;0,0;813,07;PIX;Marketplace;3587,07;2439,21;1147,86;0,32
106117;2025-11-03;C1563;10;3;1;201,25;0,05;104,65;PIX;Marketplace;191,19;104,65;86,54;0,4526
106118;2025-10-12;C0680;17;27;2;313,51;0,0;188,11;Cartão de crédito;Online;627,02;376,22;250,8;0,4
106119;2026-03-31;C1078;5;8;1;710,58;0,05;461,88;Cartão de crédito;Marketplace;675,05;461,88;213,17;0,3158
106120;2026-06-04;C0731;1;1;1;426,31;0,0;272,84;Cartão de débito;Online;426,31;272,84;153,47;0,36
106121;2026-03-14;C0674;8;1;2;111,08;0,2;61,09;Cartão de débito;Marketplace;177,73;122,18;55,55;0,3126
106122;2025-02-15;C0474;4;15;1;737,22;0,05;516,05;Boleto;Marketplace;700,36;516,05;184,31;0,2632
106123;2025-03-22;C0174;10;15;2;96,15;0,0;50,0;Cartão de crédito;Online;192,3;100,0;92,3;0,48
106124;2026-01-26;C0667;6;5;2;103,63;0,1;51,81;Cartão de débito;Online;186,53;103,62;82,91;0,4445
106125;2026-06-05;C2368;9;12;1;146,92;0,05;92,56;Boleto;Online;139,57;92,56;47,01;0,3368
106126;2025-11-24;C1424;15;26;2;3704,3;0,0;2889,35;Boleto;Marketplace;7408,6;5778,7;1629,9;0,22
106127;2025-12-13;C1888;8;9;1;288,33;0,0;158,58;Cartão de débito;Online;288,33;158,58;129,75;0,45
106128;2026-05-18;C0223;5;20;2;737,5;0,0;479,38;PIX;Online;1475,0;958,76;516,24;0,35
106129;2025-07-22;C2219;17;14;1;454,59;0,1;272,75;PIX;Online;409,13;272,75;136,38;0,3333
106130;2025-07-01;C0925;9;10;1;313,42;0,0;197,45;Boleto;Online;313,42;197,45;115,97;0,37
106131;2026-04-27;C1839;15;11;1;4363,88;0,05;3403,83;Cartão de crédito;Online;4145,69;3403,83;741,86;0,1789
106132;2026-01-06;C0789;10;27;1;190,72;0,1;99,17;Boleto;Online;171,65;99,17;72,48;0,4223
106133;2026-04-30;C2366;7;20;1;620,27;0,05;384,57;Cartão de débito;Marketplace;589,26;384,57;204,69;0,3474
106134;2025-11-18;C1714;3;21;3;93,94;0,05;42,27;Cartão de crédito;Marketplace;267,73;126,81;140,92;0,5264
106135;2025-11-04;C0475;14;7;1;4656,83;0,05;3352,92;PIX;Marketplace;4423,99;3352,92;1071,07;0,2421
106136;2025-04-13;C0348;16;12;3;529,88;0,0;291,43;Cartão de débito;Online;1589,64;874,29;715,35;0,45
106137;2026-05-08;C1283;14;22;1;3564,77;0,05;2566,63;Cartão de débito;Online;3386,53;2566,63;819,9;0,2421
106138;2025-11-26;C0915;8;16;5;232,04;0,0;127,62;Cartão de débito;Marketplace;1160,2;638,1;522,1;0,45
106139;2026-06-13;C1656;17;13;1;432,41;0,1;259,45;Boleto;Online;389,17;259,45;129,72;0,3333
106140;2025-11-21;C1126;2;14;2;1449,24;0,15;970,99;Cartão de débito;Online;2463,71;1941,98;521,73;0,2118
106141;2026-03-03;C2326;14;4;3;4506,85;0,0;3244,93;PIX;Online;13520,55;9734,79;3785,76;0,28
106142;2025-01-12;C0812;12;21;2;1329,45;0,0;904,03;Boleto;Marketplace;2658,9;1808,06;850,84;0,32
106143;2025-09-09;C1041;16;11;2;408,55;0,1;224,7;PIX;Online;735,39;449,4;285,99;0,3889
106144;2025-09-03;C0350;9;25;3;520,22;0,15;327,74;Cartão de débito;Marketplace;1326,56;983,22;343,34;0,2588
106145;2026-06-03;C0859;3;3;1;59,74;0,1;26,88;Não informado;Online;53,77;26,88;26,89;0,5001
106146;2025-03-22;C2282;6;17;1;182,43;0,0;91,22;Boleto;Online;182,43;91,22;91,21;0,5
106147;2025-01-07;C0926;17;17;1;222,16;0,2;133,3;Cartão de débito;Marketplace;177,73;133,3;44,43;0,25
106148;2026-05-26;C1274;15;17;1;4027,43;0,0;3141,4;Cartão de crédito;Marketplace;4027,43;3141,4;886,03;0,22
106149;2025-01-06;C0074;6;27;2;55,65;0,0;27,82;Cartão de crédito;Online;111,3;55,64;55,66;0,5001
106150;2025-03-02;C0691;1;26;2;493,4;0,05;315,78;PIX;Online;937,46;631,56;305,9;0,3263
106151;2025-04-06;C1013;15;8;3;4083,2;0,05;3184,9;PIX;Online;11637,12;9554,7;2082,42;0,1789
106152;2026-04-23;C2016;13;25;4;191,96;0,0;111,34;Boleto;Marketplace;767,84;445,36;322,48;0,42
106153;2026-01-22;C0310;4;6;1;2339,43;0,15;1637,6;Boleto;Online;1988,52;1637,6;350,92;0,1765
106154;2025-07-20;C0846;11;25;3;1910,42;0,1;1299,09;PIX;Marketplace;5158,13;3897,27;1260,86;0,2444
106155;2025-04-17;C1194;12;7;1;2035,84;0,1;1384,37;Cartão de débito;Online;1832,26;1384,37;447,89;0,2444
106156;2025-08-18;C0913;6;20;4;227,6;0,1;113,8;PIX;Marketplace;819,36;455,2;364,16;0,4444
106157;2026-04-27;C2191;17;19;2;645,16;0,05;387,1;Cartão de débito;Marketplace;1225,8;774,2;451,6;0,3684
106158;2026-02-26;C2377;16;12;1;464,83;0,05;255,66;Cartão de débito;Marketplace;441,59;255,66;185,93;0,421
106159;2025-01-28;C2058;3;15;3;53,95;0,1;24,28;Boleto;Marketplace;145,67;72,84;72,83;0,5
106160;2026-01-16;C2446;10;25;1;292,35;0,0;152,02;Boleto;Marketplace;292,35;152,02;140,33;0,48
106161;2025-08-08;C2077;8;1;1;278,54;0,0;153,2;Boleto;Online;278,54;153,2;125,34;0,45
106162;2025-09-12;C1946;5;16;1;1100,88;0,05;715,57;Boleto;Marketplace;1045,84;715,57;330,27;0,3158
106163;2025-06-29;C1778;15;25;1;3000,44;0,1;2340,34;Cartão de crédito;Marketplace;2700,4;2340,34;360,06;0,1333
106164;2026-01-12;C1072;1;15;3;302,11;0,1;193,35;Cartão de débito;Online;815,7;580,05;235,65;0,2889
106165;2025-08-04;C0555;3;9;1;37,43;0,1;16,84;Boleto;Online;33,69;16,84;16,85;0,5001
106166;2026-06-22;C0062;6;24;5;246,64;0,1;123,32;PIX;Marketplace;1109,88;616,6;493,28;0,4444
106167;2026-02-12;C0893;8;27;1;194,98;0,0;107,24;Cartão de crédito;Marketplace;194,98;107,24;87,74;0,45
106168;2025-01-11;C1710;15;15;1;3739,95;0,1;2917,16;PIX;Online;3365,96;2917,16;448,8;0,1333
106169;2025-10-28;C0323;9;25;2;356,19;0,15;224,4;Cartão de crédito;Marketplace;605,52;448,8;156,72;0,2588
106170;2026-05-15;C0509;16;6;1;319,92;0,1;175,96;PIX;Marketplace;287,93;175,96;111,97;0,3889
106171;2025-09-20;C0828;1;11;1;881,26;0,2;564,01;PIX;Online;705,01;564,01;141,0;0,2
106172;2025-05-25;C1605;10;7;4;137,12;0,0;71,3;Boleto;Online;548,48;285,2;263,28;0,48
106173;2025-02-28;C0342;8;15;3;134,25;0,1;73,84;Boleto;Marketplace;362,48;221,52;140,96;0,3889
106174;2025-03-05;C0259;3;8;2;69,58;0,05;31,31;Boleto;Online;132,2;62,62;69,58;0,5263
106175;2025-10-02;C1367;14;21;2;4502,94;0,05;3242,12;Cartão de crédito;Marketplace;8555,59;6484,24;2071,35;0,2421
106176;2026-06-13;C2492;15;24;2;3673,33;0,0;2865,2;Cartão de crédito;Online;7346,66;5730,4;1616,26;0,22
106177;2026-02-12;C0133;17;8;1;233,56;0,0;140,14;Cartão de crédito;Marketplace;233,56;140,14;93,42;0,4
106178;2025-10-30;C0369;1;19;4;637,73;0,1;408,15;PIX;Marketplace;2295,83;1632,6;663,23;0,2889
106179;2026-01-08;C1229;11;5;1;1690,51;0,0;1149,55;Cartão de débito;Marketplace;1690,51;1149,55;540,96;0,32
106180;2025-03-18;C1700;11;19;2;1608,08;0,1;1093,49;PIX;Marketplace;2894,54;2186,98;707,56;0,2444
106181;2025-07-18;C0097;16;2;2;290,92;0,0;160,01;PIX;Marketplace;581,84;320,02;261,82;0,45
106182;2025-01-20;C0224;4;24;1;1089,12;0,0;762,38;PIX;Online;1089,12;762,38;326,74;0,3
106183;2025-03-31;C1693;15;22;1;2590,47;0,05;2020,57;Boleto;Marketplace;2460,95;2020,57;440,38;0,1789
106184;2026-05-07;C1989;10;16;1;111,71;0,1;58,09;Cartão de crédito;Marketplace;100,54;58,09;42,45;0,4222
106185;2025-06-03;C1123;4;16;4;1050,93;0,15;735,65;Cartão de crédito;Marketplace;3573,16;2942,6;630,56;0,1765
106186;2025-12-21;C0101;5;15;2;868,65;0,0;564,62;Cartão de crédito;Marketplace;1737,3;1129,24;608,06;0,35
106187;2026-01-23;C0855;12;1;2;1781,89;0,0;1211,69;Boleto;Marketplace;3563,78;2423,38;1140,4;0,32
106188;2025-07-29;C0594;17;7;3;160,06;0,0;96,04;Cartão de crédito;Online;480,18;288,12;192,06;0,4
106189;2025-10-14;C0965;10;26;4;164,89;0,05;85,74;Cartão de crédito;Online;626,58;342,96;283,62;0,4526
106190;2026-01-07;C0200;14;23;4;2832,73;0,05;2039,57;Cartão de débito;Online;10764,37;8158,28;2606,09;0,2421
106191;2026-02-05;C0521;1;13;1;997,72;0,0;638,54;Boleto;Marketplace;997,72;638,54;359,18;0,36
106192;2025-05-03;C0456;8;21;5;269,82;0,1;148,4;PIX;Online;1214,19;742,0;472,19;0,3889
106193;2026-06-08;C0868;13;5;1;91,17;0,0;52,88;Cartão de crédito;Online;91,17;52,88;38,29;0,42
106194;2025-10-02;C1492;7;25;1;520,4;0,0;322,65;Boleto;Online;520,4;322,65;197,75;0,38
106195;2025-01-09;C2013;10;7;2;107,32;0,05;55,81;Cartão de débito;Online;203,91;111,62;92,29;0,4526
106196;2025-12-01;C2315;1;19;1;812,16;0,05;519,78;PIX;Online;771,55;519,78;251,77;0,3263
106197;2026-03-19;C0687;11;18;2;1269,46;0,05;863,23;PIX;Marketplace;2411,97;1726,46;685,51;0,2842
106198;2025-10-07;C0115;14;14;2;2862,36;0,1;2060,9;Boleto;Online;5152,25;4121,8;1030,45;0,2
106199;2025-06-19;C2179;10;3;2;252,24;0,0;131,16;Cartão de débito;Marketplace;504,48;262,32;242,16;0,48
106200;2026-01-31;C2243;9;20;1;560,36;0,05;353,03;Cartão de débito;Marketplace;532,34;353,03;179,31;0,3368
106201;2025-08-06;C2143;14;21;1;4749,0;0,1;3419,28;Boleto;Online;4274,1;3419,28;854,82;0,2
106202;2025-06-16;C0892;13;2;3;482,36;0,0;279,77;Cartão de débito;Marketplace;1447,08;839,31;607,77;0,42
106203;2026-02-07;C2099;5;6;2;358,56;0,0;233,06;PIX;Online;717,12;466,12;251,0;0,35
106204;2026-05-12;C2218;6;16;1;119,43;0,0;59,72;Boleto;Marketplace;119,43;59,72;59,71;0,5
106205;2026-03-30;C1738;15;15;1;2092,36;0,0;1632,04;Boleto;Marketplace;2092,36;1632,04;460,32;0,22
106206;2026-01-31;C1318;12;5;1;1329,63;0,0;904,15;Cartão de débito;Marketplace;1329,63;904,15;425,48;0,32
106207;2025-10-03;C2203;9;12;2;253,32;0,05;159,59;PIX;Marketplace;481,31;319,18;162,13;0,3369
106208;2026-04-06;C1978;14;21;1;5331,87;0,05;3838,95;Cartão de crédito;Marketplace;5065,28;3838,95;1226,33;0,2421
106209;2025-01-29;C1753;3;8;1;47,7;0,1;21,47;Boleto;Online;42,93;21,47;21,46;0,4999
106210;2025-01-27;C1232;7;8;1;774,56;0,05;480,23;PIX;Marketplace;735,83;480,23;255,6;0,3474
106211;2025-06-18;C1155;8;8;1;208,58;0,0;114,72;PIX;Online;208,58;114,72;93,86;0,45
106212;2025-09-01;C0024;6;11;1;135,0;0,0;67,5;Cartão de crédito;Online;135,0;67,5;67,5;0,5
106213;2026-05-01;C2058;14;24;3;4578,89;0,05;3296,8;Cartão de débito;Online;13049,84;9890,4;3159,44;0,2421
106214;2025-12-31;C0725;13;12;2;81,64;0,1;47,35;PIX;Online;146,95;94,7;52,25;0,3556
106215;2025-12-20;C1062;5;24;1;282,0;0,0;183,3;Boleto;Online;282,0;183,3;98,7;0,35
106216;2025-06-21;C1291;14;24;1;2554,11;0,1;1838,96;Cartão de débito;Marketplace;2298,7;1838,96;459,74;0,2
106217;2026-01-05;C1899;13;9;2;411,66;0,1;238,76;Cartão de débito;Marketplace;740,99;477,52;263,47;0,3556
106218;2025-08-05;C0692;2;24;1;292,43;0,0;195,93;PIX;Online;292,43;195,93;96,5;0,33
106219;2026-04-25;C1940;14;13;2;2543,92;0,05;1831,62;Cartão de crédito;Marketplace;4833,45;3663,24;1170,21;0,2421
106220;2025-12-22;C0202;17;20;3;479,47;0,0;287,68;Cartão de crédito;Marketplace;1438,41;863,04;575,37;0,4
106221;2025-02-21;C2218;7;24;1;859,55;0,0;532,92;Cartão de débito;Marketplace;859,55;532,92;326,63;0,38
106222;2025-02-16;C0089;16;21;4;391,69;0,1;215,43;PIX;Marketplace;1410,08;861,72;548,36;0,3889
106223;2025-04-16;C1811;17;5;1;794,68;0,15;476,81;Boleto;Marketplace;675,48;476,81;198,67;0,2941
106224;2026-05-16;C1017;6;22;1;189,38;0,1;94,69;Cartão de crédito;Online;170,44;94,69;75,75;0,4444
106225;2025-11-20;C2467;13;23;2;292,58;0,05;169,7;PIX;Online;555,9;339,4;216,5;0,3895
106226;2026-03-29;C2216;13;10;4;259,08;0,05;150,27;PIX;Online;984,5;601,08;383,42;0,3895
106227;2025-11-28;C1987;4;3;1;1663,05;0,05;1164,13;Boleto;Online;1579,9;1164,13;415,77;0,2632
106228;2026-04-24;C0362;12;1;2;850,23;0,1;578,16;Cartão de crédito;Online;1530,41;1156,32;374,09;0,2444
106229;2025-07-13;C0897;11;18;1;756,44;0,0;514,38;Cartão de crédito;Marketplace;756,44;514,38;242,06;0,32
106230;2025-07-26;C1089;7;15;1;403,81;0,1;250,36;PIX;Marketplace;363,43;250,36;113,07;0,3111
106231;2025-09-11;C0452;10;13;5;287,7;0,1;149,6;Boleto;Online;1294,65;748,0;546,65;0,4222
106232;2025-04-23;C0264;16;8;1;172,89;0,15;95,09;Cartão de crédito;Marketplace;146,96;95,09;51,87;0,353
106233;2025-04-28;C0606;2;10;2;733,01;0,1;491,12;Cartão de crédito;Marketplace;1319,42;982,24;337,18;0,2556
106234;2025-08-27;C1614;5;16;2;623,05;0,05;404,98;Cartão de débito;Online;1183,79;809,96;373,83;0,3158
106235;2026-04-07;C1081;5;19;1;964,51;0,0;626,93;Cartão de crédito;Online;964,51;626,93;337,58;0,35
106236;2025-01-05;C1679;17;16;1;215,24;0,0;129,14;Cartão de débito;Online;215,24;129,14;86,1;0,4
106237;2025-12-22;C1088;16;19;4;384,28;0,1;211,35;Cartão de crédito;Marketplace;1383,41;845,4;538,01;0,3889
106238;2025-12-05;C1335;6;6;1;140,03;0,0;70,02;Cartão de débito;Marketplace;140,03;70,02;70,01;0,5
106239;2025-08-07;C1105;12;7;1;1984,67;0,05;1349,58;Cartão de débito;Online;1885,44;1349,58;535,86;0,2842
106240;2025-10-07;C0203;9;26;1;411,98;0,0;259,55;Boleto;Marketplace;411,98;259,55;152,43;0,37
106241;2025-04-06;C2470;16;23;1;207,97;0,15;114,38;Cartão de crédito;Marketplace;176,77;114,38;62,39;0,3529
106242;2025-06-22;C1595;8;27;2;143,37;0,1;78,85;Cartão de débito;Online;258,07;157,7;100,37;0,3889
106243;2025-12-22;C0012;3;3;1;85,49;0,05;38,47;Boleto;Marketplace;81,22;38,47;42,75;0,5263
106244;2026-06-13;C0473;14;8;1;4065,96;0,0;2927,49;Boleto;Marketplace;4065,96;2927,49;1138,47;0,28
106245;2025-04-11;C0073;11;27;3;1988,46;0,1;1352,15;Cartão de crédito;Marketplace;5368,84;4056,45;1312,39;0,2444
106246;2025-08-09;C2044;4;21;1;1043,07;0,1;730,15;Cartão de débito;Online;938,76;730,15;208,61;0,2222
106247;2026-06-22;C1493;15;21;3;3923,24;0,05;3060,13;PIX;Marketplace;11181,23;9180,39;2000,84;0,1789
106248;2025-09-19;C1894;1;2;4;374,2;0,0;239,49;Cartão de crédito;Online;1496,8;957,96;538,84;0,36
106249;2026-01-20;C0977;8;3;1;97,8;0,05;53,79;Cartão de débito;Online;92,91;53,79;39,12;0,4211
106250;2026-06-22;C0495;8;21;1;173,24;0,0;95,28;Cartão de débito;Marketplace;173,24;95,28;77,96;0,45
106251;2026-06-28;C2230;4;7;1;1793,65;0,1;1255,56;Cartão de crédito;Online;1614,28;1255,56;358,72;0,2222
106252;2026-04-20;C1715;3;26;1;49,01;0,0;22,05;Boleto;Marketplace;49,01;22,05;26,96;0,5501
106253;2025-05-10;C1079;9;26;1;328,67;0,1;207,06;Cartão de crédito;Marketplace;295,8;207,06;88,74;0,3
106254;2025-12-20;C2492;13;24;1;252,74;0,05;146,59;PIX;Marketplace;240,1;146,59;93,51;0,3895
106255;2025-12-25;C2233;9;22;1;592,67;0,05;373,38;PIX;Online;563,04;373,38;189,66;0,3368
106256;2025-03-07;C1042;16;19;2;550,99;0,0;303,04;PIX;Online;1101,98;606,08;495,9;0,45
106257;2025-12-09;C1244;14;2;4;3552,45;0,15;2557,76;Cartão de débito;Marketplace;12078,33;10231,04;1847,29;0,1529
106258;2025-04-23;C1725;13;25;1;311,7;0,1;180,79;Cartão de débito;Online;280,53;180,79;99,74;0,3555
106259;2026-02-18;C1599;3;16;2;58,89;0,1;26,5;PIX;Online;106,0;53,0;53,0;0,5
106260;2025-09-04;C0426;14;12;3;5182,23;0,05;3731,21;Boleto;Online;14769,36;11193,63;3575,73;0,2421
106261;2025-12-22;C2284;16;4;1;598,98;0,0;329,44;Cartão de crédito;Marketplace;598,98;329,44;269,54;0,45
106262;2025-08-28;C1785;3;2;1;23,41;0,1;10,53;Cartão de crédito;Online;21,07;10,53;10,54;0,5002
106263;2025-05-30;C1883;13;23;1;406,1;0,05;235,54;Cartão de débito;Marketplace;385,8;235,54;150,26;0,3895
106264;2026-03-06;C0006;7;24;1;898,04;0,2;556,78;Boleto;Marketplace;718,43;556,78;161,65;0,225
106265;2026-06-02;C0276;4;2;3;908,03;0,1;635,62;Cartão de crédito;Online;2451,68;1906,86;544,82;0,2222
106266;2025-09-24;C0560;4;19;3;2340,85;0,15;1638,59;Cartão de débito;Online;5969,17;4915,77;1053,4;0,1765
106267;2025-05-16;C0236;5;5;1;524,3;0,15;340,79;Cartão de crédito;Marketplace;445,66;340,79;104,87;0,2353
106268;2026-04-28;C1266;16;4;1;326,58;0,05;179,62;PIX;Online;310,25;179,62;130,63;0,421
106269;2025-04-26;C0318;1;10;1;506,51;0,05;324,17;Boleto;Online;481,18;324,17;157,01;0,3263
106270;2025-12-14;C0792;3;5;2;82,13;0,0;36,96;Cartão de débito;Marketplace;164,26;73,92;90,34;0,55
106271;2025-06-04;C0454;9;12;1;513,84;0,15;323,72;Boleto;Marketplace;436,76;323,72;113,04;0,2588
106272;2026-06-18;C1913;11;7;2;1005,13;0,0;683,49;Cartão de débito;Online;2010,26;1366,98;643,28;0,32
106273;2025-05-16;C0660;5;22;1;958,16;0,05;622,8;Cartão de crédito;Marketplace;910,25;622,8;287,45;0,3158
106274;2025-04-08;C2097;14;27;1;5976,88;0,1;4303,35;PIX;Marketplace;5379,19;4303,35;1075,84;0,2
106275;2025-09-27;C0359;8;8;3;288,54;0,1;158,7;Cartão de débito;Online;779,06;476,1;302,96;0,3889
106276;2025-07-19;C1190;5;21;1;851,42;0,05;553,42;Cartão de crédito;Marketplace;808,85;553,42;255,43;0,3158
106277;2025-12-17;C1498;2;12;3;1369,38;0,1;917,48;Boleto;Online;3697,33;2752,44;944,89;0,2556
106278;2025-07-26;C1684;11;1;1;565,22;0,05;384,35;Cartão de débito;Online;536,96;384,35;152,61;0,2842
106279;2025-11-09;C1503;1;3;2;635,69;0,0;406,84;Boleto;Marketplace;1271,38;813,68;457,7;0,36
106280;2025-12-19;C0708;16;24;1;102,91;0,15;56,6;PIX;Online;87,47;56,6;30,87;0,3529
106281;2025-08-25;C1844;13;23;1;496,36;0,0;287,89;Cartão de débito;Marketplace;496,36;287,89;208,47;0,42
106282;2026-04-08;C0655;15;7;3;1264,25;0,0;986,12;Cartão de débito;Marketplace;3792,75;2958,36;834,39;0,22
106283;2025-08-06;C0228;14;18;1;4149,06;0,1;2987,32;Cartão de crédito;Online;3734,15;2987,32;746,83;0,2
106284;2026-05-26;C1006;15;8;1;1311,17;0,1;1022,71;Cartão de crédito;Marketplace;1180,05;1022,71;157,34;0,1333
106285;2025-02-06;C0197;16;6;3;192,97;0,15;106,13;PIX;Marketplace;492,07;318,39;173,68;0,353
106286;2026-02-15;C1419;10;15;1;144,08;0,1;74,92;Cartão de débito;Marketplace;129,67;74,92;54,75;0,4222
106287;2025-05-19;C1882;7;12;2;734,14;0,0;455,17;Cartão de débito;Online;1468,28;910,34;557,94;0,38
106288;2025-12-15;C0879;7;26;1;350,89;0,05;217,55;Boleto;Marketplace;333,35;217,55;115,8;0,3474
106289;2026-01-01;C1896;10;12;1;207,65;0,0;107,98;PIX;Online;207,65;107,98;99,67;0,48
106290;2025-09-20;C1736;17;4;1;151,05;0,15;90,63;PIX;Marketplace;128,39;90,63;37,76;0,2941
106291;2025-09-23;C1858;1;19;1;792,38;0,2;507,12;Cartão de crédito;Marketplace;633,9;507,12;126,78;0,2
106292;2026-06-06;C1087;12;8;2;1537,88;0,1;1045,76;Cartão de débito;Online;2768,18;2091,52;676,66;0,2444
106293;2025-08-07;C1092;7;16;2;625,77;0,1;387,98;Boleto;Marketplace;1126,39;775,96;350,43;0,3111
106294;2026-06-22;C1455;9;1;2;309,64;0,1;195,07;PIX;Marketplace;557,35;390,14;167,21;0,3
106295;2025-03-24;C1076;4;7;1;1758,64;0,05;1231,05;Cartão de crédito;Marketplace;1670,71;1231,05;439,66;0,2632
106296;2026-01-24;C0228;13;19;1;172,16;0,1;99,85;PIX;Online;154,94;99,85;55,09;0,3556
106297;2026-03-28;C1652;13;4;2;358,51;0,0;207,94;Cartão de débito;Online;717,02;415,88;301,14;0,42
106298;2025-11-27;C1082;11;18;1;1878,13;0,1;1277,13;PIX;Online;1690,32;1277,13;413,19;0,2444
106299;2026-03-29;C0708;5;25;3;210,49;0,05;136,82;Boleto;Online;599,9;410,46;189,44;0,3158
106300;2026-04-17;C2301;12;23;1;2235,29;0,1;1520,0;PIX;Marketplace;2011,76;1520,0;491,76;0,2444
106301;2025-06-14;C0209;16;23;2;271,83;0,15;149,51;Cartão de crédito;Online;462,11;299,02;163,09;0,3529
106302;2025-06-11;C2118;5;27;4;764,43;0,0;496,88;Cartão de débito;Marketplace;3057,72;1987,52;1070,2;0,35
106303;2026-03-30;C0968;14;10;2;3561,86;0,1;2564,54;PIX;Online;6411,35;5129,08;1282,27;0,2
106304;2025-02-07;C1603;11;16;1;953,15;0,1;648,14;Boleto;Online;857,84;648,14;209,7;0,2445
106305;2026-05-30;C1367;3;19;1;98,42;0,05;44,29;Boleto;Marketplace;93,5;44,29;49,21;0,5263
106306;2026-04-19;C0726;7;6;1;763,52;0,1;473,38;PIX;Marketplace;687,17;473,38;213,79;0,3111
106307;2025-12-26;C0342;10;25;2;354,91;0,05;184,55;PIX;Online;674,33;369,1;305,23;0,4526
106308;2025-03-13;C1213;12;16;1;2049,27;0,0;1393,5;PIX;Marketplace;2049,27;1393,5;655,77;0,32
106309;2025-12-08;C0014;9;7;1;434,61;0,0;273,8;PIX;Online;434,61;273,8;160,81;0,37
106310;2025-03-22;C0525;5;5;4;1159,64;0,15;753,77;Cartão de crédito;Online;3942,78;3015,08;927,7;0,2353
106311;2025-06-05;C0760;14;6;1;2638,54;0,1;1899,75;Cartão de crédito;Marketplace;2374,69;1899,75;474,94;0,2
106312;2026-02-22;C2426;10;14;1;342,44;0,15;178,07;Boleto;Online;291,07;178,07;113,0;0,3882
106313;2025-06-18;C1549;7;26;2;486,27;0,0;301,49;Cartão de crédito;Marketplace;972,54;602,98;369,56;0,38
106314;2025-08-15;C1343;8;24;2;144,6;0,1;79,53;PIX;Marketplace;260,28;159,06;101,22;0,3889
106315;2025-04-29;C0579;14;11;1;3774,85;0,15;2717,89;Cartão de crédito;Online;3208,62;2717,89;490,73;0,1529
106316;2025-08-16;C1035;4;20;2;897,08;0,1;627,96;Boleto;Online;1614,74;1255,92;358,82;0,2222
106317;2025-03-05;C1746;3;6;1;46,26;0,05;20,82;Cartão de crédito;Online;43,95;20,82;23,13;0,5263
106318;2025-10-02;C2110;15;16;1;1478,08;0,1;1152,9;PIX;Marketplace;1330,27;1152,9;177,37;0,1333
106319;2025-01-20;C1422;7;20;1;885,52;0,0;549,02;PIX;Marketplace;885,52;549,02;336,5;0,38
106320;2025-01-01;C0632;4;15;1;2349,46;0,0;1644,62;Cartão de crédito;Marketplace;2349,46;1644,62;704,84;0,3
106321;2025-08-02;C1605;6;9;1;81,8;0,2;40,9;PIX;Online;65,44;40,9;24,54;0,375
106322;2026-06-29;C2290;13;9;2;378,95;0,15;219,79;Cartão de crédito;Online;644,21;439,58;204,63;0,3176
106323;2026-02-14;C1395;14;9;4;5612,38;0,1;4040,91;PIX;Marketplace;20204,57;16163,64;4040,93;0,2
106324;2025-07-20;C0132;9;2;1;436,92;0,1;275,26;Cartão de crédito;Marketplace;393,23;275,26;117,97;0,3
106325;2026-03-19;C0957;17;17;2;112,5;0,1;67,5;PIX;Online;202,5;135,0;67,5;0,3333
106326;2025-02-16;C1432;14;22;1;4774,41;0,0;3437,58;Cartão de crédito;Marketplace;4774,41;3437,58;1336,83;0,28
106327;2026-03-30;C1941;1;16;2;658,82;0,0;421,64;PIX;Online;1317,64;843,28;474,36;0,36
106328;2025-01-26;C1470;11;13;3;673,05;0,1;457,67;Boleto;Marketplace;1817,24;1373,01;444,23;0,2445
106329;2025-11-12;C0430;12;26;2;1598,98;0,0;1087,31;Boleto;Marketplace;3197,96;2174,62;1023,34;0,32
106330;2025-03-21;C1325;11;24;2;1040,93;0,05;707,83;Cartão de débito;Online;1977,77;1415,66;562,11;0,2842
106331;2026-04-13;C2386;5;6;1;263,07;0,05;171,0;Cartão de crédito;Marketplace;249,92;171,0;78,92;0,3158
106332;2026-02-18;C0966;8;12;1;251,75;0,1;138,46;PIX;Marketplace;226,58;138,46;88,12;0,3889
106333;2025-11-09;C0420;17;24;3;558,13;0,1;334,88;PIX;Online;1506,95;1004,64;502,31;0,3333
106334;2026-01-25;C2009;3;10;3;56,54;0,0;25,44;Cartão de débito;Marketplace;169,62;76,32;93,3;0,5501
106335;2026-02-22;C1537;2;2;2;800,95;0,0;536,64;Cartão de débito;Marketplace;1601,9;1073,28;528,62;0,33
106336;2026-01-22;C1215;17;8;1;147,65;0,2;88,59;Cartão de crédito;Marketplace;118,12;88,59;29,53;0,25
106337;2026-01-13;C2408;6;19;3;248,11;0,0;124,06;Boleto;Online;744,33;372,18;372,15;0,5
106338;2026-06-19;C2024;10;3;1;255,24;0,0;132,72;Cartão de débito;Marketplace;255,24;132,72;122,52;0,48
106339;2025-06-27;C1330;5;24;1;322,56;0,0;209,66;Cartão de débito;Online;322,56;209,66;112,9;0,35
106340;2025-03-11;C1106;2;11;1;356,05;0,1;238,55;Cartão de crédito;Marketplace;320,44;238,55;81,89;0,2556
106341;2026-04-24;C1058;9;17;2;164,76;0,0;103,8;Boleto;Online;329,52;207,6;121,92;0,37
106342;2025-05-13;C0774;2;24;2;320,62;0,1;214,82;PIX;Marketplace;577,12;429,64;147,48;0,2555
106343;2025-09-26;C1958;13;17;2;293,75;0,0;170,38;Cartão de crédito;Online;587,5;340,76;246,74;0,42
106344;2026-06-14;C1487;3;6;1;78,58;0,05;35,36;Cartão de débito;Marketplace;74,65;35,36;39,29;0,5263
106345;2025-07-02;C1269;2;7;2;325,94;0,0;218,38;Cartão de crédito;Marketplace;651,88;436,76;215,12;0,33
106346;2026-02-13;C1662;9;26;1;420,41;0,15;264,86;Boleto;Online;357,35;264,86;92,49;0,2588
106347;2025-06-02;C0539;3;1;2;81,9;0,1;36,86;Boleto;Online;147,42;73,72;73,7;0,4999
106348;2026-02-25;C0987;6;16;1;244,8;0,1;122,4;PIX;Online;220,32;122,4;97,92;0,4444
106349;2026-01-04;C0192;3;21;1;65,57;0,1;29,51;Cartão de débito;Marketplace;59,01;29,51;29,5;0,4999
106350;2026-05-29;C0189;16;18;4;378,56;0,0;208,21;Boleto;Online;1514,24;832,84;681,4;0,45
106351;2025-05-16;C1551;10;7;2;370,44;0,15;192,63;PIX;Online;629,75;385,26;244,49;0,3882
106352;2026-04-14;C2456;9;15;1;257,45;0,0;162,19;Cartão de débito;Marketplace;257,45;162,19;95,26;0,37
106353;2026-02-15;C0074;7;4;3;473,47;0,15;293,55;Cartão de débito;Online;1207,35;880,65;326,7;0,2706
106354;2025-05-31;C0047;6;24;4;53,26;0,1;26,63;Boleto;Online;191,74;106,52;85,22;0,4445
106355;2026-05-09;C2263;10;10;1;165,79;0,0;86,21;Cartão de débito;Online;165,79;86,21;79,58;0,48
106356;2025-06-02;C0742;13;8;4;130,8;0,05;75,86;Boleto;Online;497,04;303,44;193,6;0,3895
106357;2025-11-24;C2198;5;21;3;973,59;0,15;632,83;Cartão de débito;Online;2482,65;1898,49;584,16;0,2353
106358;2026-05-22;C0589;7;4;1;344,28;0,0;213,45;Boleto;Online;344,28;213,45;130,83;0,38
106359;2025-08-08;C2279;6;4;1;178,86;0,0;89,43;PIX;Online;178,86;89,43;89,43;0,5
106360;2025-08-08;C0785;7;2;1;526,58;0,1;326,48;Boleto;Online;473,92;326,48;147,44;0,3111
106361;2025-03-25;C0186;3;23;1;27,5;0,05;12,38;Cartão de débito;Online;26,12;12,38;13,74;0,526
106362;2025-08-21;C1828;1;14;4;785,0;0,1;502,4;Cartão de débito;Online;2826,0;2009,6;816,4;0,2889
106363;2025-12-20;C1464;2;17;3;571,69;0,0;383,03;Cartão de crédito;Online;1715,07;1149,09;565,98;0,33
106364;2026-06-13;C2017;2;24;3;1215,34;0,0;814,28;PIX;Marketplace;3646,02;2442,84;1203,18;0,33
106365;2025-02-02;C0895;5;3;1;715,11;0,1;464,82;Cartão de crédito;Online;643,6;464,82;178,78;0,2778
106366;2025-10-03;C0911;3;11;1;24,03;0,15;10,81;Boleto;Online;20,43;10,81;9,62;0,4709
106367;2025-01-03;C1863;1;20;1;968,45;0,1;619,81;Boleto;Marketplace;871,6;619,81;251,79;0,2889
106368;2025-12-31;C2383;6;1;1;230,96;0,2;115,48;PIX;Marketplace;184,77;115,48;69,29;0,375
106369;2025-08-20;C0953;1;4;1;455,67;0,0;291,63;Cartão de crédito;Online;455,67;291,63;164,04;0,36
106370;2025-10-26;C0230;1;27;1;715,9;0,0;458,18;Boleto;Marketplace;715,9;458,18;257,72;0,36
106371;2025-06-22;C1898;17;1;4;720,31;0,0;432,19;Cartão de crédito;Marketplace;2881,24;1728,76;1152,48;0,4
106372;2025-06-08;C1147;16;15;1;539,65;0,1;296,81;Cartão de débito;Online;485,68;296,81;188,87;0,3889
106373;2025-05-17;C1862;2;5;1;394,8;0,05;264,52;Boleto;Online;375,06;264,52;110,54;0,2947
106374;2025-03-22;C1950;12;19;3;1947,97;0,15;1324,62;Cartão de crédito;Marketplace;4967,32;3973,86;993,46;0,2
106375;2025-12-05;C1364;4;17;2;1409,34;0,15;986,54;Cartão de débito;Marketplace;2395,88;1973,08;422,8;0,1765
106376;2025-02-14;C1715;17;21;1;312,57;0,0;187,54;Cartão de crédito;Marketplace;312,57;187,54;125,03;0,4
106377;2026-02-13;C2000;17;21;2;463,56;0,1;278,14;Cartão de crédito;Online;834,41;556,28;278,13;0,3333
106378;2025-06-19;C1173;14;14;5;4514,62;0,0;3250,53;Cartão de crédito;Online;22573,1;16252,65;6320,45;0,28
106379;2025-08-18;C1240;5;8;1;733,44;0,1;476,74;PIX;Marketplace;660,1;476,74;183,36;0,2778
106380;2025-07-20;C0796;14;26;1;5440,57;0,05;3917,21;Cartão de débito;Marketplace;5168,54;3917,21;1251,33;0,2421
106381;2025-07-30;C0432;2;8;3;561,61;0,1;376,28;Cartão de débito;Marketplace;1516,35;1128,84;387,51;0,2556
106382;2025-10-05;C2257;14;1;3;4694,32;0,2;3379,91;Cartão de crédito;Marketplace;11266,37;10139,73;1126,64;0,1
106383;2026-04-19;C0936;11;27;1;683,86;0,05;465,02;Boleto;Online;649,67;465,02;184,65;0,2842
106384;2026-06-19;C0964;13;13;3;374,23;0,05;217,05;Boleto;Online;1066,56;651,15;415,41;0,3895
106385;2025-02-09;C1719;17;25;1;293,5;0,05;176,1;Boleto;Online;278,82;176,1;102,72;0,3684
106386;2025-08-16;C2224;12;12;1;1397,51;0,0;950,31;PIX;Marketplace;1397,51;950,31;447,2;0,32
106387;2025-02-10;C1916;8;1;2;233,67;0,15;128,52;Boleto;Marketplace;397,24;257,04;140,2;0,3529
106388;2025-10-08;C2403;2;8;1;932,14;0,0;624,53;PIX;Marketplace;932,14;624,53;307,61;0,33
106389;2026-03-27;C0718;7;1;1;815,9;0,0;505,86;Cartão de crédito;Online;815,9;505,86;310,04;0,38
106390;2026-05-22;C0556;6;26;1;110,28;0,15;55,14;Cartão de débito;Online;93,74;55,14;38,6;0,4118
106391;2025-07-04;C1986;8;14;2;262,91;0,0;144,6;PIX;Online;525,82;289,2;236,62;0,45
106392;2025-05-31;C0989;8;6;1;106,52;0,0;58,59;Cartão de crédito;Marketplace;106,52;58,59;47,93;0,45
106393;2025-08-28;C2221;16;22;1;331,01;0,1;182,06;Boleto;Online;297,91;182,06;115,85;0,3889
106394;2026-03-28;C1910;3;2;1;65,75;0,1;29,59;Cartão de crédito;Marketplace;59,18;29,59;29,59;0,5
106395;2025-11-05;C1615;5;6;3;531,36;0,15;345,38;Cartão de crédito;Marketplace;1354,97;1036,14;318,83;0,2353
106396;2025-09-23;C2188;1;17;4;846,91;0,05;542,02;Cartão de crédito;Marketplace;3218,26;2168,08;1050,18;0,3263
106397;2026-02-15;C0649;9;17;2;391,16;0,1;246,43;Cartão de débito;Marketplace;704,09;492,86;211,23;0,3
106398;2025-11-30;C0989;14;13;2;4589,62;0,15;3304,53;Cartão de crédito;Online;7802,35;6609,06;1193,29;0,1529
106399;2025-01-24;C0131;14;8;1;4960,19;0,05;3571,34;Cartão de débito;Marketplace;4712,18;3571,34;1140,84;0,2421
106400;2026-05-04;C1025;5;11;1;739,99;0,1;480,99;Cartão de débito;Online;665,99;480,99;185,0;0,2778
106401;2025-11-22;C0232;7;7;2;216,34;0,0;134,13;Cartão de débito;Online;432,68;268,26;164,42;0,38
106402;2025-09-22;C1193;8;1;3;138,32;0,1;76,08;PIX;Marketplace;373,46;228,24;145,22;0,3889
106403;2025-06-14;C1818;8;24;1;188,74;0,05;103,81;PIX;Marketplace;179,3;103,81;75,49;0,421
106404;2026-04-16;C0311;3;13;1;21,9;0,15;9,86;Boleto;Marketplace;18,61;9,86;8,75;0,4702
106405;2025-05-09;C0024;2;2;2;719,9;0,0;482,33;Cartão de débito;Online;1439,8;964,66;475,14;0,33
106406;2026-01-20;C0350;3;7;3;30,47;0,2;13,71;Cartão de débito;Online;73,13;41,13;32,0;0,4376
106407;2026-06-15;C2023;8;19;2;212,02;0,0;116,61;Cartão de débito;Online;424,04;233,22;190,82;0,45
106408;2026-02-20;C0890;7;13;1;835,83;0,1;518,21;Cartão de crédito;Marketplace;752,25;518,21;234,04;0,3111
106409;2026-05-05;C0308;10;24;1;387,22;0,05;201,35;PIX;Online;367,86;201,35;166,51;0,4526
106410;2025-07-16;C1299;5;6;1;996,99;0,1;648,04;PIX;Online;897,29;648,04;249,25;0,2778
106411;2025-07-07;C2217;8;1;1;280,82;0,0;154,45;Cartão de crédito;Online;280,82;154,45;126,37;0,45
106412;2025-05-16;C0240;11;19;1;792,91;0,0;539,18;Cartão de débito;Online;792,91;539,18;253,73;0,32
106413;2025-10-26;C1973;13;22;3;246,88;0,05;143,19;Boleto;Online;703,61;429,57;274,04;0,3895
106414;2025-07-17;C0400;14;7;1;4588,59;0,0;3303,78;Cartão de débito;Marketplace;4588,59;3303,78;1284,81;0,28
106415;2025-03-24;C0873;11;22;1;1818,46;0,1;1236,55;PIX;Online;1636,61;1236,55;400,06;0,2444
106416;2025-04-15;C2440;9;8;2;357,44;0,1;225,19;PIX;Marketplace;643,39;450,38;193,01;0,3
106417;2025-06-07;C0012;15;1;1;4923,54;0,2;3840,36;Boleto;Marketplace;3938,83;3840,36;98,47;0,025
106418;2026-06-10;C1377;1;20;1;698,99;0,0;447,35;PIX;Marketplace;698,99;447,35;251,64;0,36
106419;2025-09-16;C0224;5;15;4;299,23;0,1;194,5;Cartão de débito;Marketplace;1077,23;778,0;299,23;0,2778
106420;2025-06-18;C0571;8;1;3;275,54;0,05;151,55;PIX;Online;785,29;454,65;330,64;0,421
106421;2025-06-28;C1378;13;14;2;455,65;0,1;264,28;Cartão de débito;Online;820,17;528,56;291,61;0,3555
106422;2025-06-22;C1528;8;22;1;142,8;0,1;78,54;PIX;Marketplace;128,52;78,54;49,98;0,3889
106423;2025-09-11;C0055;14;16;1;3610,19;0,0;2599,34;Boleto;Marketplace;3610,19;2599,34;1010,85;0,28
106424;2025-06-02;C0974;3;23;2;55,34;0,05;24,9;Cartão de crédito;Marketplace;105,15;49,8;55,35;0,5264
106425;2025-03-24;C1668;4;20;1;508,95;0,05;356,26;Boleto;Marketplace;483,5;356,26;127,24;0,2632
106426;2025-02-09;C1881;14;1;1;5020,89;0,0;3615,04;Cartão de crédito;Marketplace;5020,89;3615,04;1405,85;0,28
106427;2025-10-08;C2183;16;14;1;299,98;0,0;164,99;PIX;Marketplace;299,98;164,99;134,99;0,45
106428;2025-01-26;C0747;2;20;2;1391,08;0,1;932,02;PIX;Online;2503,94;1864,04;639,9;0,2556
106429;2026-06-20;C1151;4;12;2;641,88;0,1;449,32;Cartão de débito;Online;1155,38;898,64;256,74;0,2222
106430;2025-12-02;C1645;1;5;1;393,64;0,1;251,93;PIX;Online;354,28;251,93;102,35;0,2889
106431;2026-05-15;C1230;15;23;3;4967,75;0,1;3874,85;Boleto;Online;13412,92;11624,55;1788,37;0,1333
106432;2025-12-25;C2208;12;14;1;2434,46;0,05;1655,43;PIX;Online;2312,74;1655,43;657,31;0,2842
106433;2025-04-18;C1995;4;2;1;882,92;0,05;618,04;Cartão de crédito;Online;838,77;618,04;220,73;0,2632
106434;2025-12-01;C1627;2;16;1;1056,26;0,1;707,69;Boleto;Marketplace;950,63;707,69;242,94;0,2556
106435;2025-07-03;C1728;17;7;1;469,3;0,1;281,58;Boleto;Marketplace;422,37;281,58;140,79;0,3333
106436;2026-06-02;C1311;4;17;1;1445,49;0,1;1011,84;Cartão de crédito;Marketplace;1300,94;1011,84;289,1;0,2222
106437;2026-06-12;C0177;10;13;2;185,61;0,0;96,52;Boleto;Marketplace;371,22;193,04;178,18;0,48
106438;2026-05-02;C0796;9;9;2;160,08;0,1;100,85;PIX;Marketplace;288,14;201,7;86,44;0,3
106439;2026-04-18;C1169;4;20;3;2347,34;0,05;1643,14;Cartão de crédito;Marketplace;6689,92;4929,42;1760,5;0,2632
106440;2026-06-04;C0782;4;6;1;2082,69;0,15;1457,88;Cartão de débito;Online;1770,29;1457,88;312,41;0,1765
106441;2026-01-09;C1263;3;10;1;96,79;0,1;43,56;Boleto;Marketplace;87,11;43,56;43,55;0,4999
106442;2026-04-30;C1860;13;27;1;115,47;0,1;66,97;Boleto;Online;103,92;66,97;36,95;0,3556
106443;2026-02-15;C2313;16;18;1;369,92;0,1;203,46;Boleto;Online;332,93;203,46;129,47;0,3889
106444;2025-02-16;C2287;14;2;1;3893,16;0,1;2803,08;PIX;Marketplace;3503,84;2803,08;700,76;0,2
106445;2026-02-14;C1646;12;24;2;1715,43;0,0;1166,49;Cartão de débito;Marketplace;3430,86;2332,98;1097,88;0,32
106446;2025-12-03;C2207;4;5;1;1541,43;0,1;1079,0;Cartão de débito;Online;1387,29;1079,0;308,29;0,2222
106447;2025-09-12;C0634;2;12;1;607,03;0,0;406,71;Cartão de débito;Online;607,03;406,71;200,32;0,33
106448;2026-02-08;C1760;14;25;1;3226,74;0,05;2323,25;Cartão de crédito;Online;3065,4;2323,25;742,15;0,2421
106449;2025-01-22;C0622;14;26;3;5764,73;0,0;4150,61;Cartão de débito;Online;17294,19;12451,83;4842,36;0,28
106450;2026-02-13;C1677;10;21;3;229,28;0,0;119,23;Boleto;Marketplace;687,84;357,69;330,15;0,48
106451;2025-03-13;C1604;9;17;4;188,95;0,05;119,04;Boleto;Marketplace;718,01;476,16;241,85;0,3368
106452;2025-06-01;C2495;14;11;2;5768,39;0,0;4153,24;Cartão de crédito;Online;11536,78;8306,48;3230,3;0,28
106453;2025-04-30;C1481;13;12;4;234,74;0,05;136,15;Cartão de débito;Marketplace;892,01;544,6;347,41;0,3895
106454;2026-04-21;C1619;15;6;2;4632,19;0,05;3613,11;Cartão de débito;Online;8801,16;7226,22;1574,94;0,1789
106455;2026-06-28;C0102;5;17;1;869,01;0,1;564,86;Cartão de crédito;Online;782,11;564,86;217,25;0,2778
106456;2026-04-18;C1203;3;13;1;21,58;0,0;9,71;Boleto;Marketplace;21,58;9,71;11,87;0,55
106457;2026-05-15;C1325;17;23;1;483,32;0,15;289,99;Cartão de crédito;Online;410,82;289,99;120,83;0,2941
106458;2025-08-16;C0473;5;7;3;1053,77;0,0;684,95;Boleto;Marketplace;3161,31;2054,85;1106,46;0,35
106459;2025-04-16;C2008;7;3;1;628,82;0,1;389,87;Cartão de débito;Marketplace;565,94;389,87;176,07;0,3111
106460;2025-04-18;C1222;11;2;1;848,32;0,1;576,86;Boleto;Online;763,49;576,86;186,63;0,2444
106461;2026-04-10;C0790;5;11;4;330,66;0,05;214,93;Cartão de débito;Marketplace;1256,51;859,72;396,79;0,3158
106462;2025-08-09;C1474;10;26;1;193,86;0,1;100,81;Cartão de crédito;Online;174,47;100,81;73,66;0,4222
106463;2025-03-24;C1076;15;18;4;3368,33;0,05;2627,3;PIX;Online;12799,65;10509,2;2290,45;0,1789
106464;2026-01-10;C0970;4;15;4;667,97;0,05;467,58;PIX;Marketplace;2538,29;1870,32;667,97;0,2632
106465;2025-12-11;C1188;12;12;4;1349,49;0,1;917,65;Cartão de crédito;Marketplace;4858,16;3670,6;1187,56;0,2444
106466;2025-06-01;C0289;4;9;1;575,15;0,1;402,6;Boleto;Online;517,64;402,6;115,04;0,2222
106467;2025-03-16;C1012;3;6;3;70,81;0,0;31,86;Cartão de débito;Online;212,43;95,58;116,85;0,5501
106468;2025-04-12;C0026;13;17;1;251,04;0,05;145,6;PIX;Online;238,49;145,6;92,89;0,3895
106469;2025-02-11;C0248;15;24;1;3204,92;0,0;2499,84;PIX;Marketplace;3204,92;2499,84;705,08;0,22
106470;2026-06-14;C1572;10;1;3;138,5;0,1;72,02;PIX;Marketplace;373,95;216,06;157,89;0,4222
106471;2025-04-07;C1885;9;17;1;286,65;0,15;180,59;Cartão de débito;Online;243,65;180,59;63,06;0,2588
106472;2026-02-26;C2349;5;20;3;665,63;0,0;432,66;PIX;Marketplace;1996,89;1297,98;698,91;0,35
106473;2025-09-04;C1370;13;4;2;484,54;0,2;281,03;Cartão de débito;Marketplace;775,26;562,06;213,2;0,275
106474;2026-04-19;C1493;15;26;2;1217,53;0,05;949,67;Cartão de crédito;Marketplace;2313,31;1899,34;413,97;0,179
106475;2025-07-20;C0030;6;5;2;139,33;0,0;69,67;Cartão de débito;Marketplace;278,66;139,34;139,32;0,5
106476;2025-08-07;C2238;4;13;1;2185,18;0,0;1529,63;Cartão de débito;Online;2185,18;1529,63;655,55;0,3
106477;2025-06-15;C0523;16;6;1;312,81;0,1;172,05;Cartão de débito;Marketplace;281,53;172,05;109,48;0,3889
106478;2025-05-21;C0950;1;2;3;349,92;0,15;223,95;PIX;Marketplace;892,3;671,85;220,45;0,2471
106479;2026-01-08;C0123;8;10;1;92,36;0,1;50,8;PIX;Online;83,12;50,8;32,32;0,3888
106480;2025-06-19;C0253;4;27;1;1489,99;0,1;1042,99;Cartão de crédito;Online;1340,99;1042,99;298,0;0,2222
106481;2025-10-04;C0887;2;13;1;704,46;0,0;471,99;Cartão de crédito;Online;704,46;471,99;232,47;0,33
106482;2025-02-12;C2376;2;9;3;1121,09;0,0;751,13;Boleto;Marketplace;3363,27;2253,39;1109,88;0,33
106483;2025-10-26;C2158;6;18;1;115,47;0,1;57,73;Cartão de débito;Marketplace;103,92;57,73;46,19;0,4445
106484;2026-04-21;C1802;7;21;1;413,75;0,0;256,52;Boleto;Marketplace;413,75;256,52;157,23;0,38
106485;2025-05-25;C2382;9;7;1;356,97;0,0;224,89;Cartão de débito;Online;356,97;224,89;132,08;0,37
106486;2025-05-14;C1671;11;24;3;899,42;0,0;611,61;Cartão de débito;Online;2698,26;1834,83;863,43;0,32
106487;2026-01-30;C0238;10;9;2;365,21;0,0;189,91;Cartão de crédito;Marketplace;730,42;379,82;350,6;0,48
106488;2025-03-19;C1179;3;5;1;21,74;0,15;9,78;PIX;Marketplace;18,48;9,78;8,7;0,4708
106489;2026-04-06;C0903;8;5;1;135,76;0,0;74,67;Boleto;Online;135,76;74,67;61,09;0,45
106490;2025-05-31;C0939;16;15;5;559,94;0,0;307,97;Cartão de débito;Online;2799,7;1539,85;1259,85;0,45
106491;2025-07-24;C1219;3;23;3;98,62;0,1;44,38;Cartão de crédito;Marketplace;266,27;133,14;133,13;0,5
106492;2025-12-31;C2087;4;15;1;2264,96;0,05;1585,47;PIX;Marketplace;2151,71;1585,47;566,24;0,2632
106493;2025-12-20;C2271;15;5;2;1876,37;0,0;1463,57;Boleto;Marketplace;3752,74;2927,14;825,6;0,22
106494;2025-04-16;C1100;6;6;2;185,28;0,15;92,64;Cartão de débito;Online;314,98;185,28;129,7;0,4118
106495;2026-06-29;C1915;10;26;1;279,7;0,05;145,44;PIX;Marketplace;265,71;145,44;120,27;0,4526
106496;2025-04-12;C1422;15;11;4;2412,22;0,1;1881,53;Boleto;Marketplace;8683,99;7526,12;1157,87;0,1333
106497;2026-06-18;C1645;17;8;2;524,05;0,05;314,43;Cartão de crédito;Marketplace;995,69;628,86;366,83;0,3684
106498;2025-01-29;C0263;6;18;1;196,8;0,05;98,4;Boleto;Online;186,96;98,4;88,56;0,4737
106499;2025-07-10;C1699;15;20;1;3566,95;0,05;2782,22;Cartão de débito;Marketplace;3388,6;2782,22;606,38;0,1789
106500;2025-03-03;C1599;7;4;1;629,25;0,2;390,13;Cartão de crédito;Marketplace;503,4;390,13;113,27;0,225
106501;2026-03-04;C2499;8;18;1;138,45;0,0;76,15;Boleto;Online;138,45;76,15;62,3;0,45
106502;2025-11-01;C1833;15;14;1;3937,05;0,1;3070,9;Cartão de débito;Online;3543,34;3070,9;472,44;0,1333
106503;2025-04-18;C0132;8;18;4;233,36;0,1;128,35;PIX;Marketplace;840,1;513,4;326,7;0,3889
106504;2025-05-24;C0494;11;23;4;784,15;0,0;533,22;PIX;Online;3136,6;2132,88;1003,72;0,32
106505;2026-02-24;C1030;4;19;4;908,7;0,2;636,09;Boleto;Online;2907,84;2544,36;363,48;0,125
106506;2025-02-28;C1147;15;19;3;2580,41;0,1;2012,72;Cartão de crédito;Marketplace;6967,11;6038,16;928,95;0,1333
106507;2025-01-17;C0273;3;23;2;59,59;0,15;26,82;PIX;Online;101,3;53,64;47,66;0,4705
106508;2025-11-05;C1210;4;5;1;879,11;0,05;615,38;Cartão de crédito;Online;835,15;615,38;219,77;0,2632
106509;2025-10-27;C1816;11;23;1;1889,19;0,05;1284,65;PIX;Online;1794,73;1284,65;510,08;0,2842
106510;2026-01-02;C0088;1;2;4;494,81;0,0;316,68;PIX;Marketplace;1979,24;1266,72;712,52;0,36
106511;2026-01-29;C0533;17;21;2;289,01;0,05;173,41;Cartão de crédito;Online;549,12;346,82;202,3;0,3684
106512;2025-10-30;C1365;15;6;3;4771,14;0,1;3721,49;Cartão de crédito;Marketplace;12882,08;11164,47;1717,61;0,1333
106513;2025-01-24;C1805;13;15;2;437,09;0,1;253,51;PIX;Marketplace;786,76;507,02;279,74;0,3556
106514;2025-02-25;C0725;9;20;1;332,87;0,05;209,71;Cartão de crédito;Online;316,23;209,71;106,52;0,3368
106515;2025-02-25;C1735;17;24;2;711,96;0,0;427,18;Boleto;Online;1423,92;854,36;569,56;0,4
106516;2025-09-18;C1111;9;12;1;570,65;0,1;359,51;Cartão de crédito;Marketplace;513,58;359,51;154,07;0,3
106517;2026-05-16;C1218;3;4;2;25,23;0,1;11,35;Cartão de débito;Online;45,41;22,7;22,71;0,5001
106518;2025-08-02;C1134;10;26;1;346,98;0,05;180,43;PIX;Online;329,63;180,43;149,2;0,4526
106519;2026-04-01;C1417;4;5;5;870,6;0,0;609,42;PIX;Online;4353,0;3047,1;1305,9;0,3
106520;2026-04-13;C0515;2;7;4;1482,15;0,05;993,04;Cartão de débito;Online;5632,17;3972,16;1660,01;0,2947
106521;2025-12-07;C0906;7;25;1;288,18;0,2;178,67;Boleto;Marketplace;230,54;178,67;51,87;0,225
106522;2025-01-08;C0789;16;5;1;227,4;0,15;125,07;Boleto;Online;193,29;125,07;68,22;0,3529
106523;2026-06-25;C2024;4;18;3;1924,49;0,1;1347,14;Cartão de débito;Online;5196,12;4041,42;1154,7;0,2222
106524;2025-06-14;C0185;15;23;1;2221,55;0,1;1732,81;PIX;Online;1999,4;1732,81;266,59;0,1333
106525;2025-07-12;C0927;12;13;2;1680,99;0,1;1143,07;PIX;Marketplace;3025,78;2286,14;739,64;0,2444
106526;2026-01-03;C0135;5;1;2;325,27;0,0;211,43;Boleto;Online;650,54;422,86;227,68;0,35
106527;2026-02-17;C1547;5;2;1;479,82;0,1;311,88;PIX;Marketplace;431,84;311,88;119,96;0,2778
106528;2025-03-14;C2482;9;21;2;380,16;0,15;239,5;Cartão de crédito;Online;646,27;479,0;167,27;0,2588
106529;2025-10-28;C1292;9;20;2;238,86;0,0;150,48;Boleto;Marketplace;477,72;300,96;176,76;0,37
106530;2026-05-19;C1292;5;23;2;1071,69;0,0;696,6;Cartão de crédito;Marketplace;2143,38;1393,2;750,18;0,35
106531;2026-02-12;C1716;17;22;1;270,7;0,0;162,42;Cartão de crédito;Online;270,7;162,42;108,28;0,4
106532;2025-12-14;C1064;17;7;2;365,39;0,0;219,23;Boleto;Marketplace;730,78;438,46;292,32;0,4
106533;2025-12-31;C1062;14;14;2;2898,36;0,15;2086,82;PIX;Online;4927,21;4173,64;753,57;0,1529
106534;2026-01-16;C1108;10;24;5;206,96;0,0;107,62;Boleto;Marketplace;1034,8;538,1;496,7;0,48
106535;2025-01-18;C1877;2;9;1;532,06;0,0;356,48;Cartão de débito;Marketplace;532,06;356,48;175,58;0,33
106536;2026-02-28;C0673;11;7;3;745,87;0,0;507,19;PIX;Marketplace;2237,61;1521,57;716,04;0,32
106537;2025-04-22;C1371;4;23;2;807,05;0,1;564,93;Cartão de crédito;Marketplace;1452,69;1129,86;322,83;0,2222
106538;2026-02-15;C0149;8;1;1;173,92;0,05;95,66;PIX;Marketplace;165,22;95,66;69,56;0,421
106539;2025-06-21;C1119;15;4;2;3192,71;0,0;2490,31;PIX;Marketplace;6385,42;4980,62;1404,8;0,22
106540;2025-11-16;C1565;17;1;1;506,01;0,05;303,61;Cartão de débito;Online;480,71;303,61;177,1;0,3684
106541;2025-06-18;C0414;11;17;3;1428,18;0,0;971,16;Cartão de débito;Marketplace;4284,54;2913,48;1371,06;0,32
106542;2025-02-18;C2127;7;21;4;213,03;0,1;132,08;Boleto;Marketplace;766,91;528,32;238,59;0,3111
106543;2025-09-28;C1080;3;27;2;55,84;0,2;25,13;Boleto;Online;89,34;50,26;39,08;0,4374
106544;2025-01-04;C1874;13;7;1;116,4;0,0;67,51;PIX;Marketplace;116,4;67,51;48,89;0,42
106545;2025-05-27;C1614;17;19;2;448,68;0,2;269,21;Boleto;Online;717,89;538,42;179,47;0,25
106546;2025-12-18;C0936;17;27;2;489,27;0,05;293,56;Cartão de crédito;Marketplace;929,61;587,12;342,49;0,3684
106547;2025-03-21;C2367;2;12;1;1257,53;0,1;842,55;PIX;Marketplace;1131,78;842,55;289,23;0,2556
106548;2025-05-06;C1971;17;18;1;373,33;0,0;224,0;Boleto;Marketplace;373,33;224,0;149,33;0,4
106549;2025-10-31;C1466;14;14;1;3087,38;0,0;2222,91;PIX;Online;3087,38;2222,91;864,47;0,28
106550;2025-01-31;C2293;3;14;1;79,46;0,0;35,76;PIX;Online;79,46;35,76;43,7;0,55
106551;2025-04-30;C0152;15;24;1;3583,93;0,05;2795,47;PIX;Marketplace;3404,73;2795,47;609,26;0,1789
106552;2025-05-04;C0618;12;12;1;1345,79;0,1;915,14;Boleto;Online;1211,21;915,14;296,07;0,2444
106553;2025-08-22;C0411;16;13;2;126,29;0,0;69,46;Boleto;Marketplace;252,58;138,92;113,66;0,45
106554;2025-02-24;C1100;3;15;4;81,92;0,1;36,86;Boleto;Online;294,91;147,44;147,47;0,5001
106555;2025-11-26;C1142;5;18;2;1030,22;0,05;669,64;Cartão de débito;Online;1957,42;1339,28;618,14;0,3158
106556;2026-05-28;C1147;11;7;3;1204,36;0,05;818,96;Cartão de crédito;Marketplace;3432,43;2456,88;975,55;0,2842
106557;2026-06-15;C1157;9;6;1;204,35;0,0;128,74;Boleto;Online;204,35;128,74;75,61;0,37
106558;2025-07-29;C2047;11;5;1;1027,0;0,05;698,36;PIX;Online;975,65;698,36;277,29;0,2842
106559;2025-10-04;C0860;16;9;1;155,44;0,1;85,49;Boleto;Online;139,9;85,49;54,41;0,3889
106560;2026-04-26;C0421;4;9;3;1364,91;0,1;955,44;PIX;Marketplace;3685,26;2866,32;818,94;0,2222
106561;2025-11-06;C2064;11;12;1;471,52;0,1;320,63;Boleto;Marketplace;424,37;320,63;103,74;0,2445
106562;2025-05-01;C1094;10;22;1;275,16;0,05;143,08;PIX;Marketplace;261,4;143,08;118,32;0,4526
106563;2025-05-06;C1781;12;4;3;1605,51;0,05;1091,75;Boleto;Marketplace;4575,7;3275,25;1300,45;0,2842
106564;2026-06-24;C2472;3;25;1;78,67;0,0;35,4;PIX;Online;78,67;35,4;43,27;0,55
106565;2025-02-12;C0930;5;12;2;1132,15;0,15;735,9;Cartão de débito;Online;1924,66;1471,8;452,86;0,2353
106566;2025-01-23;C1016;16;20;2;562,73;0,1;309,5;Cartão de crédito;Marketplace;1012,91;619,0;393,91;0,3889
106567;2025-10-20;C0543;3;20;3;87,17;0,1;39,23;Cartão de débito;Marketplace;235,36;117,69;117,67;0,5
106568;2025-01-09;C0896;6;10;1;143,46;0,05;71,73;Cartão de crédito;Marketplace;136,29;71,73;64,56;0,4737
106569;2026-02-17;C0477;9;10;2;138,87;0,1;87,49;PIX;Marketplace;249,97;174,98;74,99;0,3
106570;2025-11-22;C1779;16;23;1;445,18;0,1;244,85;Boleto;Online;400,66;244,85;155,81;0,3889
106571;2025-08-02;C0586;17;23;2;667,64;0,15;400,58;Cartão de crédito;Marketplace;1134,99;801,16;333,83;0,2941
106572;2025-04-10;C0233;7;12;1;595,85;0,2;369,43;Cartão de débito;Online;476,68;369,43;107,25;0,225
106573;2026-04-02;C2306;9;11;4;473,84;0,05;298,52;Cartão de crédito;Online;1800,59;1194,08;606,51;0,3368
106574;2025-07-25;C1373;1;1;2;883,46;0,05;565,41;Cartão de débito;Marketplace;1678,57;1130,82;547,75;0,3263
106575;2025-12-22;C2446;8;27;1;119,32;0,0;65,63;Cartão de débito;Online;119,32;65,63;53,69;0,45
106576;2025-03-11;C0960;14;17;1;2550,7;0,0;1836,5;PIX;Online;2550,7;1836,5;714,2;0,28
106577;2025-02-20;C1936;4;19;2;1703,85;0,0;1192,69;Cartão de débito;Online;3407,7;2385,38;1022,32;0,3
106578;2025-07-21;C1686;13;13;2;394,43;0,1;228,77;Cartão de débito;Marketplace;709,97;457,54;252,43;0,3556
106579;2025-03-31;C0978;1;23;1;781,4;0,1;500,1;Cartão de débito;Online;703,26;500,1;203,16;0,2889
106580;2026-03-21;C1868;1;21;2;883,59;0,0;565,5;Boleto;Online;1767,18;1131,0;636,18;0,36
106581;2025-03-05;C1163;9;15;1;318,74;0,1;200,81;Boleto;Online;286,87;200,81;86,06;0,3
106582;2025-04-21;C2069;4;7;1;649,53;0,05;454,67;PIX;Online;617,05;454,67;162,38;0,2632
106583;2025-06-18;C0967;7;12;1;615,32;0,1;381,5;PIX;Online;553,79;381,5;172,29;0,3111
106584;2025-02-12;C0264;13;7;3;96,28;0,1;55,84;Cartão de crédito;Online;259,96;167,52;92,44;0,3556
106585;2025-06-12;C0941;8;14;1;255,44;0,1;140,49;Boleto;Marketplace;229,9;140,49;89,41;0,3889
106586;2026-06-16;C0971;3;6;3;27,25;0,15;12,26;PIX;Online;69,49;36,78;32,71;0,4707
106587;2026-06-06;C2196;14;18;1;5165,78;0,0;3719,36;PIX;Online;5165,78;3719,36;1446,42;0,28
106588;2025-10-26;C0568;8;17;1;246,78;0,0;135,73;PIX;Marketplace;246,78;135,73;111,05;0,45
106589;2026-05-27;C0178;8;3;1;208,43;0,05;114,64;Cartão de débito;Online;198,01;114,64;83,37;0,421
106590;2025-03-09;C1533;12;26;1;823,33;0,15;559,86;PIX;Online;699,83;559,86;139,97;0,2
106591;2025-06-29;C0983;3;1;4;92,02;0,0;41,41;Cartão de débito;Marketplace;368,08;165,64;202,44;0,55
106592;2025-12-23;C0189;13;11;1;368,48;0,0;213,72;Boleto;Online;368,48;213,72;154,76;0,42
106593;2025-10-28;C1154;10;22;3;382,68;0,05;198,99;Boleto;Marketplace;1090,64;596,97;493,67;0,4526
106594;2025-03-31;C1922;10;24;4;282,8;0,05;147,06;Boleto;Online;1074,64;588,24;486,4;0,4526
106595;2025-11-05;C0697;14;13;2;4223,43;0,1;3040,87;Cartão de crédito;Online;7602,17;6081,74;1520,43;0,2
106596;2025-11-13;C0260;15;18;1;1116,24;0,1;870,67;PIX;Online;1004,62;870,67;133,95;0,1333
106597;2025-02-18;C1585;5;24;1;315,8;0,05;205,27;PIX;Online;300,01;205,27;94,74;0,3158
106598;2025-06-05;C2069;4;2;1;2470,48;0,0;1729,34;Cartão de crédito;Marketplace;2470,48;1729,34;741,14;0,3
106599;2026-03-05;C2310;2;3;1;1303,83;0,05;873,57;PIX;Online;1238,64;873,57;365,07;0,2947
106600;2025-01-15;C1062;8;23;1;90,93;0,0;50,01;Cartão de crédito;Marketplace;90,93;50,01;40,92;0,45
106601;2025-12-06;C0520;3;9;1;32,89;0,15;14,8;PIX;Marketplace;27,96;14,8;13,16;0,4707
106602;2025-08-27;C0946;17;24;2;325,12;0,1;195,07;Cartão de crédito;Online;585,22;390,14;195,08;0,3333
106603;2026-05-07;C1953;5;10;1;341,96;0,1;222,27;Cartão de débito;Online;307,76;222,27;85,49;0,2778
106604;2025-01-25;C1789;4;22;1;1120,42;0,0;784,29;PIX;Marketplace;1120,42;784,29;336,13;0,3
106605;2026-06-05;C2175;12;11;1;1613,52;0,05;1097,19;PIX;Online;1532,84;1097,19;435,65;0,2842
106606;2025-04-13;C1277;16;21;1;519,61;0,0;285,79;PIX;Online;519,61;285,79;233,82;0,45
106607;2025-06-04;C1260;6;6;3;182,86;0,05;91,43;Boleto;Marketplace;521,15;274,29;246,86;0,4737
106608;2025-07-20;C0945;1;11;1;871,65;0,0;557,86;PIX;Online;871,65;557,86;313,79;0,36
106609;2025-05-02;C1476;6;26;2;247,11;0,0;123,56;Boleto;Online;494,22;247,12;247,1;0,5
106610;2026-01-05;C2193;13;7;2;388,16;0,05;225,13;PIX;Online;737,5;450,26;287,24;0,3895
106611;2025-09-03;C1816;2;27;4;547,76;0,0;367,0;Cartão de débito;Marketplace;2191,04;1468,0;723,04;0,33
106612;2025-12-11;C1651;11;24;2;945,63;0,1;643,03;Cartão de débito;Online;1702,13;1286,06;416,07;0,2444
106613;2026-01-19;C0779;14;27;1;3539,88;0,05;2548,71;Cartão de débito;Marketplace;3362,89;2548,71;814,18;0,2421
106614;2025-03-08;C0870;11;20;3;1928,96;0,1;1311,69;PIX;Online;5208,19;3935,07;1273,12;0,2444
106615;2026-01-14;C2434;5;11;1;634,77;0,1;412,6;Cartão de crédito;Marketplace;571,29;412,6;158,69;0,2778
106616;2026-04-10;C2416;12;26;3;2372,23;0,0;1613,12;Boleto;Marketplace;7116,69;4839,36;2277,33;0,32
106617;2026-03-08;C0246;15;1;1;1124,7;0,1;877,27;Cartão de débito;Online;1012,23;877,27;134,96;0,1333
106618;2025-09-05;C1266;3;24;3;78,1;0,05;35,14;Cartão de crédito;Marketplace;222,58;105,42;117,16;0,5264
106619;2025-08-15;C0988;11;10;3;1657,84;0,15;1127,33;Cartão de débito;Online;4227,49;3381,99;845,5;0,2
106620;2025-12-02;C0538;8;8;3;285,81;0,05;157,2;Cartão de débito;Online;814,56;471,6;342,96;0,421
106621;2025-01-24;C0193;2;27;1;640,98;0,0;429,46;PIX;Online;640,98;429,46;211,52;0,33
106622;2025-12-18;C0157;1;1;2;429,53;0,05;274,9;PIX;Online;816,11;549,8;266,31;0,3263
106623;2026-05-18;C1524;6;1;5;147,65;0,1;73,83;PIX;Online;664,42;369,15;295,27;0,4444
106624;2025-12-21;C0333;1;27;2;956,0;0,0;611,84;Cartão de débito;Marketplace;1912,0;1223,68;688,32;0,36
106625;2025-07-05;C0453;9;21;2;401,0;0,15;252,63;PIX;Online;681,7;505,26;176,44;0,2588
106626;2025-08-27;C1141;16;24;3;345,6;0,1;190,08;Boleto;Marketplace;933,12;570,24;362,88;0,3889
106627;2025-06-04;C0024;5;22;1;1028,69;0,1;668,65;PIX;Marketplace;925,82;668,65;257,17;0,2778
106628;2025-09-15;C1455;14;26;3;3160,6;0,1;2275,63;PIX;Online;8533,62;6826,89;1706,73;0,2
106629;2025-10-06;C2275;2;9;1;1380,24;0,05;924,76;Cartão de débito;Marketplace;1311,23;924,76;386,47;0,2947
106630;2026-04-27;C1199;6;23;1;97,81;0,05;48,91;Cartão de crédito;Marketplace;92,92;48,91;44,01;0,4736
106631;2025-05-27;C2496;14;8;1;5931,1;0,0;4270,39;Cartão de crédito;Online;5931,1;4270,39;1660,71;0,28
106632;2025-03-13;C0476;15;12;2;1049,85;0,0;818,88;Boleto;Marketplace;2099,7;1637,76;461,94;0,22
106633;2025-03-15;C1706;7;1;3;339,26;0,0;210,34;PIX;Online;1017,78;631,02;386,76;0,38
106634;2025-12-08;C0874;12;17;1;1169,37;0,1;795,17;PIX;Marketplace;1052,43;795,17;257,26;0,2444
106635;2026-06-12;C0606;14;13;3;4441,12;0,05;3197,61;Cartão de crédito;Marketplace;12657,19;9592,83;3064,36;0,2421
106636;2025-08-27;C1873;15;9;2;3324,87;0,0;2593,4;Cartão de crédito;Marketplace;6649,74;5186,8;1462,94;0,22
106637;2025-05-27;C1985;1;6;1;566,59;0,0;362,62;Cartão de débito;Marketplace;566,59;362,62;203,97;0,36
106638;2026-06-17;C1697;10;4;1;371,82;0,1;193,35;Boleto;Online;334,64;193,35;141,29;0,4222
106639;2025-08-03;C0684;12;18;1;1101,26;0,0;748,86;Boleto;Online;1101,26;748,86;352,4;0,32
106640;2025-09-25;C0980;9;6;3;187,49;0,2;118,12;Cartão de crédito;Online;449,98;354,36;95,62;0,2125
106641;2025-12-28;C1405;16;13;1;408,54;0,0;224,7;Cartão de crédito;Online;408,54;224,7;183,84;0,45
106642;2025-09-11;C0495;1;16;1;369,6;0,05;236,54;Cartão de crédito;Marketplace;351,12;236,54;114,58;0,3263
106643;2025-09-17;C0966;15;5;2;3087,87;0,0;2408,54;Boleto;Marketplace;6175,74;4817,08;1358,66;0,22
106644;2025-09-23;C1148;12;3;1;864,04;0,15;587,55;Cartão de crédito;Online;734,43;587,55;146,88;0,2
106645;2025-10-31;C0157;13;2;1;451,1;0,1;261,64;Cartão de crédito;Online;405,99;261,64;144,35;0,3556
106646;2025-12-26;C1068;5;11;1;996,35;0,0;647,63;Cartão de débito;Marketplace;996,35;647,63;348,72;0,35
106647;2025-12-22;C1601;4;16;1;1760,72;0,0;1232,5;Cartão de crédito;Marketplace;1760,72;1232,5;528,22;0,3
106648;2026-04-11;C0454;3;16;5;24,52;0,05;11,03;Cartão de débito;Online;116,47;55,15;61,32;0,5265
106649;2026-03-16;C1697;5;8;1;732,45;0,05;476,09;PIX;Online;695,83;476,09;219,74;0,3158
106650;2026-06-09;C0740;14;25;2;4067,28;0,0;2928,44;PIX;Marketplace;8134,56;5856,88;2277,68;0,28
106651;2025-12-24;C2382;10;26;2;273,31;0,2;142,12;Boleto;Marketplace;437,3;284,24;153,06;0,35
106652;2025-08-21;C1946;5;4;3;997,97;0,05;648,68;Cartão de débito;Marketplace;2844,21;1946,04;898,17;0,3158
106653;2026-05-23;C0460;1;17;1;504,41;0,0;322,82;Cartão de crédito;Online;504,41;322,82;181,59;0,36
106654;2026-06-28;C0845;4;13;3;1014,64;0,1;710,25;Boleto;Online;2739,53;2130,75;608,78;0,2222
106655;2025-09-03;C0272;13;17;1;249,51;0,1;144,72;PIX;Marketplace;224,56;144,72;79,84;0,3555
106656;2025-10-26;C2471;2;18;1;741,83;0,0;497,03;Cartão de crédito;Marketplace;741,83;497,03;244,8;0,33
106657;2026-06-17;C1013;14;12;1;3084,45;0,1;2220,8;Boleto;Marketplace;2776,0;2220,8;555,2;0,2
106658;2025-08-05;C2397;14;21;1;5684,24;0,1;4092,65;Boleto;Marketplace;5115,82;4092,65;1023,17;0,2
106659;2025-07-21;C1491;8;20;1;236,36;0,15;130,0;Cartão de débito;Online;200,91;130,0;70,91;0,3529
106660;2025-10-26;C0613;4;25;2;1333,5;0,1;933,45;Cartão de crédito;Online;2400,3;1866,9;533,4;0,2222
106661;2026-05-05;C0252;10;2;1;217,96;0,05;113,34;Boleto;Marketplace;207,06;113,34;93,72;0,4526
106662;2025-07-10;C0584;1;4;1;815,48;0,05;521,91;Boleto;Marketplace;774,71;521,91;252,8;0,3263
106663;2025-03-10;C1223;2;4;1;848,93;0,0;568,78;PIX;Marketplace;848,93;568,78;280,15;0,33
106664;2025-08-18;C1813;1;25;2;571,12;0,1;365,52;Cartão de crédito;Marketplace;1028,02;731,04;296,98;0,2889
106665;2026-04-17;C1634;13;2;1;421,62;0,0;244,54;Cartão de crédito;Marketplace;421,62;244,54;177,08;0,42
106666;2025-02-09;C0159;1;24;5;712,66;0,15;456,1;Cartão de débito;Online;3028,8;2280,5;748,3;0,2471
106667;2026-05-01;C2049;15;2;1;1818,21;0,1;1418,2;Cartão de débito;Online;1636,39;1418,2;218,19;0,1333
106668;2025-04-22;C2063;15;1;4;3216,49;0,1;2508,86;Boleto;Online;11579,36;10035,44;1543,92;0,1333
106669;2026-06-23;C1956;16;11;1;264,18;0,1;145,3;PIX;Marketplace;237,76;145,3;92,46;0,3889
106670;2025-11-03;C1230;5;26;2;611,92;0,0;397,75;Cartão de crédito;Marketplace;1223,84;795,5;428,34;0,35
106671;2025-09-25;C1871;3;12;2;81,04;0,05;36,47;Cartão de débito;Marketplace;153,98;72,94;81,04;0,5263
106672;2026-02-02;C1686;17;7;3;735,4;0,1;441,24;Cartão de crédito;Marketplace;1985,58;1323,72;661,86;0,3333
106673;2026-02-08;C2211;13;2;5;240,98;0,1;139,77;Boleto;Marketplace;1084,41;698,85;385,56;0,3555
106674;2025-08-25;C1537;10;5;1;356,35;0,0;185,3;Boleto;Online;356,35;185,3;171,05;0,48
106675;2026-04-09;C1480;14;16;1;3398,92;0,1;2447,22;Não informado;Online;3059,03;2447,22;611,81;0,2
106676;2025-08-25;C2051;6;18;2;69,54;0,05;34,77;Cartão de débito;Online;132,13;69,54;62,59;0,4737
106677;2025-01-13;C2037;8;9;1;221,1;0,05;121,61;Boleto;Online;210,04;121,61;88,43;0,421
106678;2025-06-28;C1531;6;11;1;63,72;0,05;31,86;Cartão de débito;Online;60,53;31,86;28,67;0,4736
106679;2025-01-27;C0593;13;6;1;484,89;0,1;281,24;Boleto;Marketplace;436,4;281,24;155,16;0,3555
106680;2026-02-28;C1335;15;2;1;3795,67;0,05;2960,62;Boleto;Marketplace;3605,89;2960,62;645,27;0,1789
106681;2026-02-18;C1454;7;23;4;760,77;0,0;471,68;Cartão de débito;Online;3043,08;1886,72;1156,36;0,38
106682;2025-07-22;C2139;7;24;1;616,97;0,1;382,52;Boleto;Online;555,27;382,52;172,75;0,3111
106683;2026-02-19;C1044;3;6;2;49,23;0,05;22,15;Cartão de débito;Marketplace;93,54;44,3;49,24;0,5264
106684;2025-11-19;C2327;5;14;2;461,86;0,0;300,21;Boleto;Online;923,72;600,42;323,3;0,35
106685;2025-11-04;C1919;4;16;1;2005,43;0,0;1403,8;Boleto;Marketplace;2005,43;1403,8;601,63;0,3
106686;2026-02-27;C1882;13;8;2;425,43;0,15;246,75;Cartão de crédito;Marketplace;723,23;493,5;229,73;0,3176
106687;2025-02-14;C2008;10;11;1;308,75;0,1;160,55;Cartão de crédito;Online;277,88;160,55;117,33;0,4222
106688;2026-04-28;C1925;3;24;1;95,32;0,0;42,89;Cartão de débito;Online;95,32;42,89;52,43;0,55
106689;2025-09-13;C1762;14;18;1;2957,59;0,05;2129,46;Cartão de débito;Marketplace;2809,71;2129,46;680,25;0,2421
106690;2025-07-05;C0578;4;16;1;1121,59;0,0;785,11;PIX;Marketplace;1121,59;785,11;336,48;0,3
106691;2025-04-22;C0606;7;16;2;820,72;0,0;508,85;Cartão de crédito;Marketplace;1641,44;1017,7;623,74;0,38
106692;2025-03-23;C0775;17;24;2;381,91;0,0;229,15;PIX;Marketplace;763,82;458,3;305,52;0,4
106693;2026-04-01;C1596;17;2;1;601,5;0,05;360,9;PIX;Marketplace;571,42;360,9;210,52;0,3684
106694;2025-06-30;C1670;14;15;1;5746,93;0,1;4137,79;Boleto;Online;5172,24;4137,79;1034,45;0,2
106695;2025-07-16;C0407;12;8;1;1053,67;0,0;716,5;PIX;Online;1053,67;716,5;337,17;0,32
106696;2026-06-07;C2050;7;6;4;855,87;0,05;530,64;Boleto;Online;3252,31;2122,56;1129,75;0,3474
106697;2026-03-01;C2449;14;12;2;5096,42;0,0;3669,42;Cartão de débito;Online;10192,84;7338,84;2854,0;0,28
106698;2025-03-15;C0246;8;14;1;207,27;0,05;114,0;Cartão de crédito;Online;196,91;114,0;82,91;0,4211
106699;2025-09-17;C1737;10;20;1;276,6;0,15;143,83;Boleto;Marketplace;235,11;143,83;91,28;0,3882
106700;2025-07-13;C2453;14;17;1;4755,59;0,05;3424,02;Cartão de crédito;Marketplace;4517,81;3424,02;1093,79;0,2421
106701;2026-05-27;C1364;5;7;1;892,62;0,1;580,2;PIX;Online;803,36;580,2;223,16;0,2778
106702;2025-07-04;C2366;2;1;1;1439,96;0,0;964,77;Boleto;Marketplace;1439,96;964,77;475,19;0,33
106703;2025-08-26;C2105;5;16;1;230,53;0,15;149,84;Cartão de débito;Online;195,95;149,84;46,11;0,2353
106704;2025-11-16;C1233;10;18;1;82,55;0,0;42,93;Cartão de débito;Online;82,55;42,93;39,62;0,48
106705;2025-02-04;C2260;14;21;4;3774,95;0,05;2717,96;Cartão de débito;Online;14344,81;10871,84;3472,97;0,2421
106706;2026-05-13;C2146;2;19;1;536,29;0,15;359,31;Cartão de crédito;Marketplace;455,85;359,31;96,54;0,2118
106707;2025-10-17;C1626;3;24;1;88,65;0,05;39,89;PIX;Online;84,22;39,89;44,33;0,5264
106708;2025-04-22;C1366;2;19;3;337,48;0,15;226,11;Cartão de débito;Marketplace;860,57;678,33;182,24;0,2118
106709;2025-06-03;C0475;1;16;2;620,73;0,2;397,27;Boleto;Marketplace;993,17;794,54;198,63;0,2
106710;2026-04-19;C1122;17;21;1;329,26;0,1;197,56;Cartão de crédito;Online;296,33;197,56;98,77;0,3333
106711;2026-01-28;C2133;4;17;5;747,57;0,05;523,3;Cartão de débito;Marketplace;3550,96;2616,5;934,46;0,2632
106712;2026-02-05;C2315;12;8;3;1582,71;0,0;1076,24;Cartão de débito;Online;4748,13;3228,72;1519,41;0,32
106713;2025-07-18;C0023;16;22;3;529,43;0,15;291,19;PIX;Online;1350,05;873,57;476,48;0,3529
106714;2025-05-15;C2066;13;4;1;327,99;0,0;190,23;Cartão de débito;Online;327,99;190,23;137,76;0,42
106715;2025-02-01;C1037;3;3;2;83,04;0,0;37,37;Boleto;Online;166,08;74,74;91,34;0,55
106716;2025-06-18;C1224;8;23;1;170,24;0,05;93,63;PIX;Marketplace;161,73;93,63;68,1;0,4211
106717;2025-05-22;C2349;17;14;1;181,78;0,05;109,07;Cartão de débito;Marketplace;172,69;109,07;63,62;0,3684
106718;2026-01-28;C2045;4;11;2;984,02;0,05;688,81;Cartão de débito;Marketplace;1869,64;1377,62;492,02;0,2632
106719;2026-03-12;C0804;6;25;4;193,36;0,05;96,68;Boleto;Marketplace;734,77;386,72;348,05;0,4737
106720;2025-04-08;C0546;16;2;1;127,68;0,2;70,22;PIX;Marketplace;102,14;70,22;31,92;0,3125
106721;2025-05-08;C0432;7;23;1;767,37;0,1;475,77;Cartão de crédito;Marketplace;690,63;475,77;214,86;0,3111
106722;2025-12-09;C1567;17;10;3;430,36;0,05;258,22;Boleto;Online;1226,53;774,66;451,87;0,3684
106723;2025-10-02;C0298;5;18;1;1146,08;0,0;744,95;Cartão de crédito;Online;1146,08;744,95;401,13;0,35
106724;2025-06-22;C0871;2;16;2;1087,94;0,1;728,92;Boleto;Marketplace;1958,29;1457,84;500,45;0,2556
106725;2026-01-02;C1188;4;10;4;586,15;0,05;410,3;PIX;Marketplace;2227,37;1641,2;586,17;0,2632
106726;2025-02-14;C1586;6;13;2;111,19;0,05;55,59;Boleto;Marketplace;211,26;111,18;100,08;0,4737
106727;2025-10-14;C0005;9;4;1;190,11;0,05;119,77;Cartão de crédito;Marketplace;180,6;119,77;60,83;0,3368
106728;2025-02-19;C1415;9;9;2;183,72;0,2;115,74;Cartão de crédito;Online;293,95;231,48;62,47;0,2125
106729;2026-05-24;C1905;14;9;1;2678,78;0,2;1928,72;Cartão de crédito;Marketplace;2143,02;1928,72;214,3;0,1
106730;2025-01-21;C0667;1;20;4;454,29;0,0;290,75;Boleto;Marketplace;1817,16;1163,0;654,16;0,36
106731;2025-12-20;C0578;12;13;2;1740,89;0,05;1183,81;PIX;Online;3307,69;2367,62;940,07;0,2842
106732;2026-04-05;C2409;13;5;2;410,72;0,0;238,22;Cartão de débito;Online;821,44;476,44;345,0;0,42
106733;2026-06-17;C2297;11;21;1;816,08;0,1;554,93;Cartão de crédito;Marketplace;734,47;554,93;179,54;0,2444
106734;2026-03-09;C0708;15;14;1;1709,32;0,0;1333,27;Cartão de crédito;Online;1709,32;1333,27;376,05;0,22
106735;2025-11-05;C1113;4;26;1;2341,05;0,1;1638,74;Cartão de débito;Marketplace;2106,95;1638,74;468,21;0,2222
106736;2025-03-16;C0075;10;19;2;102,58;0,1;53,34;Cartão de crédito;Marketplace;184,64;106,68;77,96;0,4222
106737;2025-09-10;C1975;17;5;1;506,4;0,1;303,84;Cartão de crédito;Marketplace;455,76;303,84;151,92;0,3333
106738;2025-11-07;C1613;17;11;1;233,21;0,05;139,93;PIX;Online;221,55;139,93;81,62;0,3684
106739;2025-07-02;C1223;1;24;1;512,38;0,0;327,92;Cartão de crédito;Marketplace;512,38;327,92;184,46;0,36
106740;2026-03-11;C0841;4;19;3;2012,88;0,0;1409,02;PIX;Marketplace;6038,64;4227,06;1811,58;0,3
106741;2025-02-03;C0348;11;24;1;425,34;0,0;289,23;Boleto;Marketplace;425,34;289,23;136,11;0,32
106742;2026-04-14;C1797;10;22;1;173,91;0,15;90,43;Cartão de débito;Marketplace;147,82;90,43;57,39;0,3882
106743;2025-07-31;C0618;1;2;1;497,56;0,1;318,44;PIX;Online;447,8;318,44;129,36;0,2889
106744;2025-01-02;C2151;15;4;1;4955,76;0,0;3865,49;PIX;Marketplace;4955,76;3865,49;1090,27;0,22
106745;2026-06-12;C1924;17;24;3;139,79;0,1;83,87;Boleto;Online;377,43;251,61;125,82;0,3334
106746;2025-09-30;C1598;13;21;1;407,78;0,0;236,51;Boleto;Marketplace;407,78;236,51;171,27;0,42
106747;2025-12-08;C0119;7;18;1;537,94;0,0;333,52;PIX;Online;537,94;333,52;204,42;0,38
106748;2026-03-19;C1250;10;17;4;294,85;0,1;153,32;Cartão de débito;Online;1061,46;613,28;448,18;0,4222
106749;2026-05-19;C0643;1;24;1;918,5;0,1;587,84;Cartão de débito;Online;826,65;587,84;238,81;0,2889
106750;2025-08-25;C0567;1;9;1;303,72;0,05;194,38;Boleto;Marketplace;288,53;194,38;94,15;0,3263
106751;2025-01-21;C1465;16;25;1;506,53;0,0;278,59;PIX;Marketplace;506,53;278,59;227,94;0,45
106752;2026-01-11;C1666;14;19;2;4831,97;0,0;3479,02;Boleto;Online;9663,94;6958,04;2705,9;0,28
106753;2025-10-11;C0912;5;18;2;722,34;0,1;469,52;PIX;Online;1300,21;939,04;361,17;0,2778
106754;2025-11-24;C1606;7;2;1;599,67;0,0;371,8;Cartão de crédito;Marketplace;599,67;371,8;227,87;0,38
106755;2025-03-01;C1218;9;14;1;172,11;0,0;108,43;Boleto;Marketplace;172,11;108,43;63,68;0,37
106756;2025-06-08;C1731;16;6;1;297,57;0,0;163,66;Cartão de débito;Online;297,57;163,66;133,91;0,45
106757;2026-03-26;C0657;14;21;1;5649,2;0,15;4067,42;Cartão de crédito;Marketplace;4801,82;4067,42;734,4;0,1529
106758;2025-03-15;C0893;5;25;2;680,66;0,05;442,43;PIX;Marketplace;1293,25;884,86;408,39;0,3158
106759;2026-01-24;C2471;16;22;2;346,48;0,1;190,56;Cartão de débito;Marketplace;623,66;381,12;242,54;0,3889
106760;2025-09-21;C0692;7;24;1;383,92;0,1;238,03;Boleto;Marketplace;345,53;238,03;107,5;0,3111
106761;2025-05-17;C2068;17;27;1;782,63;0,0;469,58;Boleto;Marketplace;782,63;469,58;313,05;0,4
106762;2026-06-02;C0301;9;21;2;452,65;0,0;285,17;Cartão de crédito;Online;905,3;570,34;334,96;0,37
106763;2025-12-22;C1646;3;11;4;77,87;0,0;35,04;Boleto;Marketplace;311,48;140,16;171,32;0,55
106764;2025-05-27;C1326;5;16;2;1136,78;0,05;738,91;Cartão de crédito;Online;2159,88;1477,82;682,06;0,3158
106765;2025-06-13;C1131;16;20;1;571,1;0,05;314,11;Cartão de débito;Marketplace;542,54;314,11;228,43;0,421
106766;2025-03-13;C0747;4;18;1;1025,67;0,05;717,97;Cartão de crédito;Marketplace;974,39;717,97;256,42;0,2632
106767;2026-03-08;C1227;6;12;1;146,69;0,0;73,34;Boleto;Online;146,69;73,34;73,35;0,5
106768;2025-06-04;C0981;14;20;1;2939,27;0,2;2116,27;PIX;Online;2351,42;2116,27;235,15;0,1
106769;2025-08-02;C1935;15;18;1;2324,21;0,05;1812,88;Cartão de débito;Marketplace;2208,0;1812,88;395,12;0,1789
106770;2025-08-20;C1497;9;26;2;152,58;0,05;96,13;PIX;Marketplace;289,9;192,26;97,64;0,3368
106771;2025-08-13;C2259;10;6;1;272,97;0,05;141,94;Cartão de crédito;Marketplace;259,32;141,94;117,38;0,4526
106772;2025-02-28;C1137;12;26;3;2120,07;0,1;1441,65;Boleto;Marketplace;5724,19;4324,95;1399,24;0,2444
106773;2025-01-13;C1530;10;24;2;94,17;0,0;48,97;PIX;Online;188,34;97,94;90,4;0,48
106774;2025-03-29;C1380;6;18;5;175,2;0,0;87,6;PIX;Marketplace;876,0;438,0;438,0;0,5
106775;2025-06-22;C0454;12;14;1;1677,21;0,05;1140,5;Cartão de crédito;Online;1593,35;1140,5;452,85;0,2842
106776;2026-06-22;C0384;7;15;1;529,42;0,05;328,24;Boleto;Online;502,95;328,24;174,71;0,3474
106777;2025-04-24;C1499;8;23;5;228,67;0,05;125,77;Boleto;Online;1086,18;628,85;457,33;0,421
106778;2025-11-20;C0989;15;4;2;1890,24;0,05;1474,39;PIX;Marketplace;3591,46;2948,78;642,68;0,1789
106779;2025-10-17;C1911;5;3;2;428,71;0,0;278,66;Cartão de débito;Marketplace;857,42;557,32;300,1;0,35
106780;2025-10-02;C1398;3;19;3;54,74;0,2;24,63;Cartão de crédito;Marketplace;131,38;73,89;57,49;0,4376
106781;2026-02-13;C2304;11;7;2;1830,39;0,15;1244,67;Boleto;Marketplace;3111,66;2489,34;622,32;0,2
106782;2026-01-14;C1798;12;4;1;2228,78;0,05;1515,57;Cartão de crédito;Marketplace;2117,34;1515,57;601,77;0,2842
106783;2026-01-26;C0393;7;5;3;363,2;0,1;225,18;Cartão de crédito;Marketplace;980,64;675,54;305,1;0,3111
106784;2025-01-30;C0613;9;18;1;359,05;0,1;226,2;Boleto;Online;323,15;226,2;96,95;0,3
106785;2025-04-25;C2407;14;12;3;3995,71;0,1;2876,91;PIX;Marketplace;10788,42;8630,73;2157,69;0,2
106786;2025-06-06;C0433;11;10;1;1799,6;0,1;1223,73;PIX;Online;1619,64;1223,73;395,91;0,2444
106787;2025-10-30;C1243;10;20;3;300,35;0,0;156,18;PIX;Online;901,05;468,54;432,51;0,48
106788;2026-01-18;C1910;9;1;3;289,77;0,0;182,56;Boleto;Online;869,31;547,68;321,63;0,37
106789;2025-12-17;C1738;15;17;2;3312,46;0,05;2583,72;Cartão de débito;Online;6293,67;5167,44;1126,23;0,1789
106790;2026-03-11;C0344;11;3;1;434,14;0,2;295,22;Cartão de débito;Online;347,31;295,22;52,09;0,15
106791;2026-02-17;C0884;8;4;2;99,86;0,1;54,92;PIX;Marketplace;179,75;109,84;69,91;0,3889
106792;2026-04-07;C1611;5;12;1;879,79;0,05;571,86;Boleto;Marketplace;835,8;571,86;263,94;0,3158
106793;2025-04-22;C2185;8;15;2;97,64;0,15;53,7;Cartão de débito;Marketplace;165,99;107,4;58,59;0,353
106794;2026-03-19;C0442;12;25;5;1733,68;0,1;1178,9;PIX;Online;7801,56;5894,5;1907,06;0,2444
106795;2026-05-13;C1295;15;27;1;1872,61;0,1;1460,64;PIX;Online;1685,35;1460,64;224,71;0,1333
106796;2025-02-21;C0625;10;27;1;268,26;0,15;139,5;Cartão de débito;Marketplace;228,02;139,5;88,52;0,3882
106797;2026-03-06;C1968;10;9;1;328,2;0,1;170,66;Cartão de débito;Online;295,38;170,66;124,72;0,4222
106798;2025-07-02;C1554;7;12;4;881,34;0,0;546,43;Boleto;Online;3525,36;2185,72;1339,64;0,38
106799;2025-07-18;C1723;9;11;2;573,94;0,1;361,58;Cartão de crédito;Marketplace;1033,09;723,16;309,93;0,3
106800;2026-04-05;C0647;8;2;1;106,53;0,05;58,59;Cartão de crédito;Marketplace;101,2;58,59;42,61;0,421
106801;2025-01-16;C0299;3;14;1;86,13;0,05;38,76;PIX;Marketplace;81,82;38,76;43,06;0,5263
106802;2025-03-22;C1565;9;15;1;133,08;0,1;83,84;Cartão de crédito;Online;119,77;83,84;35,93;0,3
106803;2026-02-07;C1423;10;11;3;255,57;0,15;132,9;Cartão de crédito;Marketplace;651,7;398,7;253,0;0,3882
106804;2026-01-19;C1923;4;22;2;1518,41;0,05;1062,89;PIX;Online;2884,98;2125,78;759,2;0,2632
106805;2025-06-05;C0517;13;20;3;490,09;0,0;284,25;PIX;Marketplace;1470,27;852,75;617,52;0,42
106806;2025-11-10;C0473;3;9;1;30,84;0,0;13,88;Cartão de crédito;Online;30,84;13,88;16,96;0,5499
106807;2025-05-28;C0006;9;25;2;599,79;0,15;377,87;Cartão de débito;Online;1019,64;755,74;263,9;0,2588
106808;2025-01-29;C1150;8;17;3;174,39;0,05;95,91;Cartão de crédito;Online;497,01;287,73;209,28;0,4211
106809;2026-02-02;C0581;8;18;1;290,24;0,05;159,63;Cartão de débito;Online;275,73;159,63;116,1;0,4211
106810;2026-02-03;C1405;2;15;1;1474,78;0,05;988,1;Cartão de crédito;Online;1401,04;988,1;412,94;0,2947
106811;2026-03-02;C1467;10;2;1;298,82;0,1;155,39;Boleto;Online;268,94;155,39;113,55;0,4222
106812;2025-06-06;C0158;7;18;1;797,73;0,1;494,59;Cartão de crédito;Online;717,96;494,59;223,37;0,3111
106813;2026-01-08;C0101;14;7;3;5743,19;0,1;4135,1;PIX;Marketplace;15506,61;12405,3;3101,31;0,2
106814;2025-10-29;C2170;5;4;1;895,05;0,05;581,78;Cartão de débito;Marketplace;850,3;581,78;268,52;0,3158
106815;2025-11-06;C0064;3;6;5;57,47;0,1;25,86;Cartão de débito;Marketplace;258,62;129,3;129,32;0,5
106816;2025-10-19;C0463;9;2;2;344,21;0,05;216,85;Boleto;Online;654,0;433,7;220,3;0,3369
106817;2025-07-10;C0359;16;24;1;593,93;0,0;326,66;PIX;Online;593,93;326,66;267,27;0,45
106818;2026-05-10;C1576;17;8;1;634,82;0,0;380,89;Boleto;Marketplace;634,82;380,89;253,93;0,4
106819;2025-01-05;C2279;6;11;1;125,7;0,05;62,85;PIX;Online;119,42;62,85;56,57;0,4737
106820;2025-08-18;C2147;17;26;1;750,96;0,0;450,58;PIX;Marketplace;750,96;450,58;300,38;0,4
106821;2025-03-31;C1617;6;19;2;144,02;0,0;72,01;Cartão de débito;Online;288,04;144,02;144,02;0,5
106822;2025-05-13;C0136;2;4;1;951,68;0,05;637,63;PIX;Online;904,1;637,63;266,47;0,2947
106823;2025-08-21;C0455;8;15;1;200,97;0,15;110,53;Boleto;Marketplace;170,82;110,53;60,29;0,3529
106824;2025-07-10;C1125;7;1;1;532,97;0,15;330,44;Cartão de crédito;Online;453,02;330,44;122,58;0,2706
106825;2025-11-16;C0512;6;22;1;237,85;0,05;118,92;Cartão de débito;Online;225,96;118,92;107,04;0,4737
106826;2025-09-28;C2398;7;16;1;806,56;0,0;500,07;Cartão de crédito;Marketplace;806,56;500,07;306,49;0,38
106827;2025-03-29;C1416;10;11;2;136,57;0,0;71,02;Boleto;Marketplace;273,14;142,04;131,1;0,48
106828;2026-01-31;C0270;2;15;2;1185,87;0,05;794,53;PIX;Online;2253,15;1589,06;664,09;0,2947
106829;2025-08-13;C0724;9;24;3;501,75;0,1;316,1;PIX;Marketplace;1354,72;948,3;406,42;0,3
106830;2025-03-04;C1410;16;11;1;187,44;0,05;103,09;Boleto;Online;178,07;103,09;74,98;0,4211
106831;2026-06-10;C0009;3;5;1;93,48;0,0;42,07;PIX;Marketplace;93,48;42,07;51,41;0,55
106832;2025-06-03;C1087;5;15;1;259,5;0,15;168,68;Boleto;Online;220,58;168,68;51,9;0,2353
106833;2026-03-18;C1491;1;17;2;561,83;0,0;359,57;Cartão de crédito;Marketplace;1123,66;719,14;404,52;0,36
106834;2026-05-06;C2357;7;2;1;151,38;0,0;93,86;Cartão de crédito;Online;151,38;93,86;57,52;0,38
106835;2025-05-27;C0352;3;21;2;38,23;0,0;17,2;Boleto;Online;76,46;34,4;42,06;0,5501
106836;2026-05-16;C0379;16;17;1;445,17;0,0;244,84;Cartão de crédito;Online;445,17;244,84;200,33;0,45
106837;2025-10-27;C0325;13;26;1;149,56;0,0;86,74;Cartão de débito;Online;149,56;86,74;62,82;0,42
106838;2025-07-11;C0077;5;6;2;1164,24;0,05;756,76;Cartão de débito;Online;2212,06;1513,52;698,54;0,3158
106839;2025-09-19;C0273;1;19;2;860,82;0,0;550,92;Cartão de crédito;Online;1721,64;1101,84;619,8;0,36
106840;2025-02-24;C1974;1;18;3;355,77;0,05;227,69;Boleto;Online;1013,94;683,07;330,87;0,3263
106841;2026-04-07;C1890;6;11;1;232,9;0,2;116,45;PIX;Online;186,32;116,45;69,87;0,375
106842;2026-06-04;C1922;1;12;2;653,03;0,0;417,94;Cartão de crédito;Online;1306,06;835,88;470,18;0,36
106843;2026-04-15;C1749;8;1;1;237,97;0,15;130,88;Cartão de crédito;Marketplace;202,27;130,88;71,39;0,3529
106844;2026-01-13;C0612;6;7;1;218,42;0,1;109,21;Cartão de crédito;Online;196,58;109,21;87,37;0,4445
106845;2025-11-27;C1264;6;25;4;95,16;0,15;47,58;PIX;Marketplace;323,54;190,32;133,22;0,4118
106846;2025-05-05;C2386;4;5;1;1062,39;0,0;743,67;Cartão de débito;Marketplace;1062,39;743,67;318,72;0,3
106847;2025-02-12;C0718;2;15;1;945,51;0,05;633,49;PIX;Online;898,23;633,49;264,74;0,2947
106848;2026-06-23;C2151;14;8;2;4716,92;0,0;3396,18;Cartão de crédito;Marketplace;9433,84;6792,36;2641,48;0,28
106849;2025-11-29;C0997;2;22;1;1002,27;0,1;671,52;Boleto;Marketplace;902,04;671,52;230,52;0,2556
106850;2025-01-12;C2291;16;10;2;440,23;0,1;242,13;PIX;Marketplace;792,41;484,26;308,15;0,3889
106851;2026-05-26;C1355;8;8;1;192,51;0,2;105,88;Boleto;Marketplace;154,01;105,88;48,13;0,3125
106852;2026-01-13;C0778;1;27;1;630,1;0,0;403,26;Cartão de crédito;Online;630,1;403,26;226,84;0,36
106853;2026-03-14;C0620;17;22;1;525,29;0,05;315,17;Boleto;Marketplace;499,03;315,17;183,86;0,3684
106854;2026-03-08;C2379;9;21;2;216,74;0,05;136,55;Cartão de crédito;Marketplace;411,81;273,1;138,71;0,3368
106855;2026-02-02;C1178;15;11;2;3853,19;0,0;3005,49;PIX;Marketplace;7706,38;6010,98;1695,4;0,22
106856;2025-04-29;C2455;4;24;2;1077,19;0,05;754,03;Cartão de débito;Online;2046,66;1508,06;538,6;0,2632
106857;2026-03-12;C0268;16;17;3;572,3;0,0;314,76;PIX;Marketplace;1716,9;944,28;772,62;0,45
106858;2025-11-24;C0662;7;25;1;456,83;0,15;283,23;Cartão de crédito;Online;388,31;283,23;105,08;0,2706
106859;2026-01-27;C1215;12;12;3;1577,7;0,0;1072,84;Cartão de crédito;Marketplace;4733,1;3218,52;1514,58;0,32
106860;2025-07-17;C1394;11;1;1;1302,56;0,0;885,74;PIX;Online;1302,56;885,74;416,82;0,32
106861;2026-01-05;C0465;4;2;1;952,86;0,15;667,0;PIX;Marketplace;809,93;667,0;142,93;0,1765
106862;2025-05-17;C1003;5;15;1;615,3;0,0;399,94;Cartão de crédito;Marketplace;615,3;399,94;215,36;0,35
106863;2026-06-13;C0800;8;17;2;189,29;0,1;104,11;Cartão de débito;Online;340,72;208,22;132,5;0,3889
106864;2025-08-24;C2305;9;13;5;530,95;0,05;334,5;PIX;Online;2522,01;1672,5;849,51;0,3368
106865;2025-04-24;C1540;3;15;2;54,04;0,05;24,32;PIX;Online;102,68;48,64;54,04;0,5263
106866;2026-06-18;C1069;7;2;1;302,38;0,0;187,48;Não informado;Marketplace;302,38;187,48;114,9;0,38
106867;2025-09-30;C1255;11;12;1;1028,89;0,2;699,65;PIX;Online;823,11;699,65;123,46;0,15
106868;2025-08-10;C0662;4;3;1;1293,77;0,0;905,64;Cartão de crédito;Online;1293,77;905,64;388,13;0,3
106869;2026-05-17;C0717;17;23;1;232,86;0,05;139,72;Cartão de crédito;Online;221,22;139,72;81,5;0,3684
106870;2025-01-30;C1450;12;27;4;1828,82;0,0;1243,6;Cartão de débito;Online;7315,28;4974,4;2340,88;0,32
106871;2025-05-07;C1672;10;19;2;104,39;0,1;54,28;Cartão de crédito;Online;187,9;108,56;79,34;0,4222
106872;2025-10-05;C0243;10;11;2;269,64;0,15;140,21;PIX;Online;458,39;280,42;177,97;0,3883
106873;2025-11-14;C0191;6;15;1;148,8;0,05;74,4;Cartão de crédito;Online;141,36;74,4;66,96;0,4737
106874;2026-06-09;C2167;17;20;1;421,99;0,0;253,19;Cartão de débito;Online;421,99;253,19;168,8;0,4
106875;2026-06-24;C1282;7;27;1;792,96;0,15;491,64;Cartão de débito;Marketplace;674,02;491,64;182,38;0,2706
106876;2025-01-06;C0753;10;22;1;126,98;0,15;66,03;Cartão de crédito;Marketplace;107,93;66,03;41,9;0,3882
106877;2025-04-19;C0483;13;19;3;153,22;0,05;88,87;Cartão de débito;Online;436,68;266,61;170,07;0,3895
106878;2025-03-17;C0084;4;3;1;671,76;0,0;470,23;Cartão de crédito;Marketplace;671,76;470,23;201,53;0,3
106879;2026-03-06;C0211;3;23;2;50,16;0,0;22,57;Cartão de crédito;Marketplace;100,32;45,14;55,18;0,55
106880;2026-04-07;C1655;3;23;4;62,13;0,1;27,96;PIX;Marketplace;223,67;111,84;111,83;0,5
106881;2025-11-29;C2073;2;23;1;655,25;0,05;439,02;Boleto;Online;622,49;439,02;183,47;0,2947
106882;2025-08-13;C0041;1;8;1;809,97;0,0;518,38;Boleto;Marketplace;809,97;518,38;291,59;0,36
106883;2025-08-30;C1166;13;3;5;154,17;0,0;89,42;Cartão de crédito;Online;770,85;447,1;323,75;0,42
106884;2026-06-23;C0366;13;19;2;85,02;0,0;49,31;Cartão de débito;Marketplace;170,04;98,62;71,42;0,42
106885;2025-02-22;C2000;13;1;2;291,13;0,05;168,86;PIX;Online;553,15;337,72;215,43;0,3895
106886;2026-01-31;C1426;9;11;1;320,45;0,0;201,88;Boleto;Online;320,45;201,88;118,57;0,37
106887;2025-08-30;C1945;2;19;1;1406,58;0,1;942,41;PIX;Online;1265,92;942,41;323,51;0,2556
106888;2025-09-03;C1316;11;18;1;820,39;0,1;557,87;Cartão de débito;Marketplace;738,35;557,87;180,48;0,2444
106889;2026-02-19;C1586;3;4;1;68,91;0,0;31,01;Cartão de crédito;Online;68,91;31,01;37,9;0,55
106890;2026-01-25;C0442;13;8;2;236,88;0,0;137,39;PIX;Online;473,76;274,78;198,98;0,42
106891;2025-11-01;C0233;11;22;1;1925,82;0,2;1309,56;Boleto;Marketplace;1540,66;1309,56;231,1;0,15
106892;2025-01-08;C2262;10;16;1;260,22;0,0;135,31;PIX;Marketplace;260,22;135,31;124,91;0,48
106893;2026-04-19;C1477;3;24;1;93,12;0,1;41,9;Cartão de débito;Marketplace;83,81;41,9;41,91;0,5001
106894;2025-02-16;C0336;14;26;2;3647,5;0,0;2626,2;PIX;Online;7295,0;5252,4;2042,6;0,28
106895;2026-01-01;C0105;15;16;1;1659,99;0,1;1294,79;Cartão de débito;Online;1493,99;1294,79;199,2;0,1333
106896;2025-06-01;C0448;17;6;1;643,91;0,0;386,35;Cartão de débito;Marketplace;643,91;386,35;257,56;0,4
106897;2025-07-11;C0101;7;19;1;253,07;0,2;156,9;PIX;Marketplace;202,46;156,9;45,56;0,225
106898;2026-06-09;C1945;3;25;1;28,83;0,1;12,97;Cartão de débito;Online;25,95;12,97;12,98;0,5002
106899;2026-04-13;C0926;12;1;1;879,2;0,0;597,86;Cartão de crédito;Marketplace;879,2;597,86;281,34;0,32
106900;2025-09-18;C2367;3;23;1;92,79;0,05;41,76;PIX;Online;88,15;41,76;46,39;0,5263
106901;2025-11-23;C1012;4;12;3;1147,23;0,1;803,06;PIX;Online;3097,52;2409,18;688,34;0,2222
106902;2025-10-04;C0432;4;6;4;996,29;0,15;697,4;Cartão de débito;Marketplace;3387,39;2789,6;597,79;0,1765
106903;2025-10-21;C0964;13;4;1;307,04;0,0;178,08;Boleto;Online;307,04;178,08;128,96;0,42
106904;2025-09-27;C0487;10;15;4;175,49;0,1;91,25;Cartão de crédito;Marketplace;631,76;365,0;266,76;0,4222
106905;2025-09-12;C2036;5;8;1;685,78;0,1;445,76;PIX;Marketplace;617,2;445,76;171,44;0,2778
106906;2026-06-26;C2236;14;9;1;3998,1;0,05;2878,63;PIX;Marketplace;3798,2;2878,63;919,57;0,2421
106907;2025-12-22;C0028;2;24;2;1371,26;0,1;918,74;Boleto;Marketplace;2468,27;1837,48;630,79;0,2556
106908;2026-05-10;C0189;1;1;3;944,33;0,05;604,37;Cartão de crédito;Marketplace;2691,34;1813,11;878,23;0,3263
106909;2025-08-30;C1282;16;16;1;148,89;0,05;81,89;PIX;Online;141,45;81,89;59,56;0,4211
106910;2026-04-14;C1485;7;8;1;625,85;0,1;388,03;PIX;Online;563,26;388,03;175,23;0,3111
106911;2025-01-22;C0985;4;13;2;1355,63;0,0;948,94;Cartão de débito;Marketplace;2711,26;1897,88;813,38;0,3
106912;2025-06-08;C0421;12;12;1;1183,89;0,0;805,05;Cartão de crédito;Marketplace;1183,89;805,05;378,84;0,32
106913;2025-01-27;C1617;16;23;1;553,39;0,1;304,36;Cartão de crédito;Marketplace;498,05;304,36;193,69;0,3889
106914;2026-03-24;C0809;10;11;1;119,77;0,05;62,28;PIX;Marketplace;113,78;62,28;51,5;0,4526
106915;2026-04-06;C0779;8;10;3;206,5;0,0;113,58;PIX;Online;619,5;340,74;278,76;0,45
106916;2025-07-10;C0910;10;22;1;272,17;0,1;141,53;Cartão de débito;Online;244,95;141,53;103,42;0,4222
106917;2025-03-18;C0192;13;11;2;129,37;0,2;75,03;Cartão de débito;Marketplace;206,99;150,06;56,93;0,275
106918;2025-07-15;C2246;8;17;1;87,39;0,05;48,06;Cartão de crédito;Marketplace;83,02;48,06;34,96;0,4211
106919;2025-01-12;C1706;3;9;3;95,32;0,05;42,89;PIX;Online;271,66;128,67;142,99;0,5264
106920;2025-04-01;C1776;5;13;1;797,41;0,0;518,32;Cartão de crédito;Online;797,41;518,32;279,09;0,35
106921;2025-05-24;C1202;8;16;2;89,81;0,1;49,4;Cartão de crédito;Marketplace;161,66;98,8;62,86;0,3888
106922;2025-07-24;C2441;9;7;1;300,77;0,1;189,49;PIX;Marketplace;270,69;189,49;81,2;0,3
106923;2026-06-12;C1155;1;17;1;521,59;0,0;333,82;Cartão de débito;Marketplace;521,59;333,82;187,77;0,36
106924;2025-01-13;C0371;6;15;3;117,25;0,0;58,62;PIX;Marketplace;351,75;175,86;175,89;0,5
106925;2025-01-19;C0145;13;26;1;432,77;0,0;251,01;Cartão de crédito;Online;432,77;251,01;181,76;0,42
106926;2026-02-13;C0248;16;10;3;345,6;0,05;190,08;PIX;Marketplace;984,96;570,24;414,72;0,4211
106927;2025-02-20;C1416;11;25;1;1270,22;0,1;863,75;Boleto;Online;1143,2;863,75;279,45;0,2444
106928;2025-06-13;C1582;9;2;2;186,5;0,0;117,5;Boleto;Marketplace;373,0;235,0;138,0;0,37
106929;2025-09-21;C0368;14;24;1;4254,45;0,0;3063,2;Boleto;Marketplace;4254,45;3063,2;1191,25;0,28
106930;2025-07-27;C1318;17;9;2;433,6;0,1;260,16;PIX;Marketplace;780,48;520,32;260,16;0,3333
106931;2025-05-24;C1524;2;25;1;673,47;0,0;451,22;Boleto;Online;673,47;451,22;222,25;0,33
106932;2026-01-07;C0946;14;20;1;5970,11;0,05;4298,48;Cartão de débito;Online;5671,6;4298,48;1373,12;0,2421
106933;2025-07-22;C1055;8;19;1;147,63;0,05;81,2;Cartão de crédito;Online;140,25;81,2;59,05;0,421
106934;2025-01-26;C0691;14;22;1;2577,64;0,1;1855,9;Cartão de débito;Marketplace;2319,88;1855,9;463,98;0,2
106935;2026-01-20;C0116;3;15;1;51,83;0,15;23,32;PIX;Marketplace;44,06;23,32;20,74;0,4707
106936;2025-10-30;C1222;8;9;1;108,45;0,05;59,65;PIX;Online;103,03;59,65;43,38;0,421
106937;2026-05-11;C0719;15;3;5;2945,22;0,1;2297,27;Cartão de débito;Online;13253,49;11486,35;1767,14;0,1333
106938;2025-02-26;C1177;2;14;5;841,06;0,1;563,51;Cartão de crédito;Online;3784,77;2817,55;967,22;0,2556
106939;2026-05-07;C0454;10;6;1;281,79;0,05;146,53;Cartão de crédito;Online;267,7;146,53;121,17;0,4526
106940;2025-08-30;C2176;16;6;2;163,45;0,15;89,9;Cartão de crédito;Marketplace;277,86;179,8;98,06;0,3529
106941;2025-12-19;C0014;11;23;2;782,8;0,1;532,3;Cartão de crédito;Marketplace;1409,04;1064,6;344,44;0,2445
106942;2025-08-16;C2106;12;12;1;1193,1;0,0;811,31;PIX;Online;1193,1;811,31;381,79;0,32
106943;2025-03-02;C1197;8;6;2;217,94;0,0;119,87;PIX;Marketplace;435,88;239,74;196,14;0,45
106944;2025-10-29;C1569;5;10;1;457,49;0,05;297,37;Cartão de crédito;Online;434,62;297,37;137,25;0,3158
106945;2025-03-27;C0060;17;24;1;644,42;0,0;386,65;Cartão de crédito;Online;644,42;386,65;257,77;0,4
106946;2025-12-30;C2215;11;1;1;662,32;0,05;450,38;Boleto;Marketplace;629,2;450,38;178,82;0,2842
106947;2026-06-05;C2264;12;15;4;1117,95;0,0;760,21;Cartão de crédito;Online;4471,8;3040,84;1430,96;0,32
106948;2025-12-03;C0677;1;22;1;804,06;0,05;514,6;PIX;Marketplace;763,86;514,6;249,26;0,3263
106949;2025-01-20;C0857;3;11;1;52,17;0,1;23,48;Cartão de crédito;Online;46,95;23,48;23,47;0,4999
106950;2025-10-12;C1925;7;8;1;510,68;0,0;316,62;PIX;Online;510,68;316,62;194,06;0,38
106951;2025-07-04;C0913;2;10;1;797,79;0,0;534,52;PIX;Marketplace;797,79;534,52;263,27;0,33
106952;2026-03-29;C0950;17;10;2;235,65;0,0;141,39;PIX;Marketplace;471,3;282,78;188,52;0,4
106953;2026-01-13;C1838;16;12;1;579,2;0,05;318,56;Cartão de crédito;Marketplace;550,24;318,56;231,68;0,4211
106954;2025-12-28;C1376;16;18;2;564,19;0,1;310,3;Boleto;Marketplace;1015,54;620,6;394,94;0,3889
106955;2025-03-20;C0888;13;19;1;454,07;0,05;263,36;PIX;Marketplace;431,37;263,36;168,01;0,3895
106956;2025-06-27;C0515;7;6;2;888,66;0,1;550,97;PIX;Online;1599,59;1101,94;497,65;0,3111
106957;2026-02-20;C1300;17;27;1;297,43;0,0;178,46;Cartão de crédito;Online;297,43;178,46;118,97;0,4
106958;2025-10-02;C0043;4;1;1;1150,3;0,0;805,21;Cartão de crédito;Marketplace;1150,3;805,21;345,09;0,3
106959;2025-01-20;C1910;7;7;2;448,41;0,0;278,01;Cartão de crédito;Marketplace;896,82;556,02;340,8;0,38
106960;2025-12-04;C2360;10;17;2;152,37;0,0;79,23;Cartão de crédito;Marketplace;304,74;158,46;146,28;0,48
106961;2025-03-20;C1366;6;14;1;102,18;0,05;51,09;Cartão de crédito;Marketplace;97,07;51,09;45,98;0,4737
106962;2025-03-10;C1736;8;12;3;175,39;0,0;96,46;Boleto;Marketplace;526,17;289,38;236,79;0,45
106963;2025-12-04;C0485;8;13;2;201,09;0,0;110,6;PIX;Online;402,18;221,2;180,98;0,45
106964;2026-01-10;C1918;6;10;2;211,66;0,0;105,83;PIX;Online;423,32;211,66;211,66;0,5
106965;2025-01-19;C1635;11;8;1;1336,25;0,0;908,65;Cartão de crédito;Online;1336,25;908,65;427,6;0,32
106966;2026-05-17;C2192;16;13;1;235,92;0,2;129,76;PIX;Online;188,74;129,76;58,98;0,3125
106967;2026-02-18;C1685;2;20;1;822,53;0,0;551,1;PIX;Marketplace;822,53;551,1;271,43;0,33
106968;2025-05-24;C0787;14;1;1;5236,21;0,0;3770,07;PIX;Online;5236,21;3770,07;1466,14;0,28
106969;2025-07-21;C1568;16;5;2;272,04;0,0;149,62;PIX;Marketplace;544,08;299,24;244,84;0,45
106970;2025-02-16;C0436;14;3;1;5926,27;0,0;4266,91;Cartão de débito;Online;5926,27;4266,91;1659,36;0,28
106971;2025-03-05;C0714;2;13;1;1200,31;0,1;804,21;Cartão de débito;Online;1080,28;804,21;276,07;0,2556
106972;2025-04-29;C1211;5;16;2;592,46;0,1;385,1;Cartão de crédito;Marketplace;1066,43;770,2;296,23;0,2778
106973;2026-03-09;C0591;7;4;3;870,97;0,0;540,0;PIX;Online;2612,91;1620,0;992,91;0,38
106974;2026-03-13;C0689;3;15;1;20,44;0,05;9,2;Cartão de débito;Online;19,42;9,2;10,22;0,5263
106975;2025-05-13;C1800;3;20;3;83,79;0,0;37,71;Boleto;Marketplace;251,37;113,13;138,24;0,5499
106976;2025-01-16;C1491;2;5;4;872,21;0,2;584,38;Boleto;Marketplace;2791,07;2337,52;453,55;0,1625
106977;2026-04-29;C1047;1;11;1;851,86;0,1;545,19;Cartão de débito;Online;766,67;545,19;221,48;0,2889
106978;2025-05-23;C2309;16;11;1;161,51;0,05;88,83;PIX;Marketplace;153,43;88,83;64,6;0,421
106979;2025-06-02;C2392;8;19;1;178,11;0,1;97,96;Cartão de crédito;Marketplace;160,3;97,96;62,34;0,3889
106980;2026-04-08;C2143;5;25;2;229,29;0,0;149,04;Cartão de débito;Online;458,58;298,08;160,5;0,35
106981;2026-06-28;C2203;7;25;2;276,56;0,0;171,47;Boleto;Online;553,12;342,94;210,18;0,38
106982;2026-05-03;C0160;3;1;3;45,28;0,0;20,38;PIX;Online;135,84;61,14;74,7;0,5499
106983;2025-10-18;C1019;2;12;1;1404,33;0,0;940,9;Cartão de débito;Online;1404,33;940,9;463,43;0,33
106984;2025-01-23;C0880;17;27;5;430,23;0,15;258,14;Cartão de crédito;Online;1828,48;1290,7;537,78;0,2941
106985;2025-12-15;C1080;7;23;1;167,97;0,05;104,14;Cartão de crédito;Online;159,57;104,14;55,43;0,3474
106986;2025-08-31;C1141;12;27;1;2346,4;0,0;1595,55;Cartão de débito;Online;2346,4;1595,55;750,85;0,32
106987;2025-11-11;C1415;4;17;1;2227,84;0,05;1559,49;PIX;Marketplace;2116,45;1559,49;556,96;0,2632
106988;2026-01-13;C2271;6;13;1;241,99;0,0;121,0;PIX;Marketplace;241,99;121,0;120,99;0,5
106989;2025-09-22;C2240;3;13;3;33,66;0,0;15,15;Boleto;Marketplace;100,98;45,45;55,53;0,5499
106990;2025-12-09;C0035;7;21;1;358,99;0,05;222,57;Boleto;Marketplace;341,04;222,57;118,47;0,3474
106991;2026-02-01;C1483;13;6;3;308,58;0,15;178,98;Cartão de crédito;Marketplace;786,88;536,94;249,94;0,3176
106992;2025-03-28;C0615;10;14;1;88,16;0,0;45,84;Cartão de crédito;Online;88,16;45,84;42,32;0,48
106993;2025-10-04;C0470;7;11;3;228,82;0,1;141,87;Boleto;Marketplace;617,81;425,61;192,2;0,3111
106994;2025-04-14;C0095;7;1;2;761,84;0,1;472,34;Cartão de débito;Marketplace;1371,31;944,68;426,63;0,3111
106995;2025-04-05;C1543;7;24;2;501,73;0,1;311,07;Cartão de crédito;Marketplace;903,11;622,14;280,97;0,3111
106996;2025-03-13;C1278;5;16;1;234,77;0,05;152,6;PIX;Online;223,03;152,6;70,43;0,3158
106997;2026-01-01;C1217;7;9;1;408,03;0,05;252,98;Boleto;Marketplace;387,63;252,98;134,65;0,3474
106998;2026-02-08;C0506;13;22;2;286,45;0,1;166,14;Boleto;Online;515,61;332,28;183,33;0,3556
106999;2025-08-02;C0280;8;2;1;202,23;0,05;111,23;Cartão de crédito;Marketplace;192,12;111,23;80,89;0,421
107000;2026-02-03;C0583;2;1;1;803,64;0,15;538,44;PIX;Marketplace;683,09;538,44;144,65;0,2118
107001;2025-03-20;C1788;15;3;2;1799,85;0,1;1403,88;Cartão de crédito;Marketplace;3239,73;2807,76;431,97;0,1333
107002;2025-04-04;C0407;13;19;1;274,69;0,05;159,32;Cartão de débito;Marketplace;260,96;159,32;101,64;0,3895
107003;2025-11-16;C2448;16;23;1;396,5;0,05;218,08;Cartão de débito;Marketplace;376,67;218,08;158,59;0,421
107004;2026-04-19;C0470;7;6;3;315,15;0,0;195,39;Boleto;Online;945,45;586,17;359,28;0,38
107005;2025-11-01;C2331;10;25;1;345,93;0,0;179,88;Cartão de crédito;Marketplace;345,93;179,88;166,05;0,48
107006;2025-02-20;C0116;9;12;1;360,47;0,2;227,1;PIX;Online;288,38;227,1;61,28;0,2125
107007;2025-05-01;C1090;2;21;1;601,05;0,1;402,7;PIX;Marketplace;540,94;402,7;138,24;0,2556
107008;2026-02-23;C1617;9;11;1;350,92;0,1;221,08;Cartão de crédito;Online;315,83;221,08;94,75;0,3
107009;2026-01-30;C0850;12;3;1;2381,24;0,05;1619,24;Boleto;Marketplace;2262,18;1619,24;642,94;0,2842
107010;2025-11-20;C1658;3;2;1;53,49;0,05;24,07;Boleto;Marketplace;50,82;24,07;26,75;0,5264
107011;2026-03-28;C1047;16;21;4;457,21;0,0;251,47;Cartão de crédito;Marketplace;1828,84;1005,88;822,96;0,45
107012;2025-01-13;C0871;2;2;1;1223,44;0,0;819,7;PIX;Marketplace;1223,44;819,7;403,74;0,33
107013;2025-05-20;C1163;5;8;2;486,9;0,1;316,49;PIX;Marketplace;876,42;632,98;243,44;0,2778
107014;2025-01-14;C0067;17;7;1;459,58;0,0;275,75;Cartão de crédito;Online;459,58;275,75;183,83;0,4
107015;2026-05-30;C0411;4;15;2;2413,25;0,0;1689,27;Cartão de crédito;Marketplace;4826,5;3378,54;1447,96;0,3
107016;2025-02-28;C1322;16;17;2;142,8;0,15;78,54;Boleto;Marketplace;242,76;157,08;85,68;0,3529
107017;2026-04-14;C2362;5;13;2;236,37;0,05;153,64;Cartão de débito;Marketplace;449,1;307,28;141,82;0,3158
107018;2025-01-18;C2224;15;12;1;2431,7;0,2;1896,73;PIX;Online;1945,36;1896,73;48,63;0,025
107019;2025-11-28;C1116;5;2;3;572,41;0,0;372,07;PIX;Online;1717,23;1116,21;601,02;0,35
107020;2025-11-02;C0718;13;14;4;142,69;0,1;82,76;PIX;Marketplace;513,68;331,04;182,64;0,3556
107021;2025-07-15;C0409;14;15;1;5150,51;0,1;3708,37;PIX;Marketplace;4635,46;3708,37;927,09;0,2
107022;2025-06-27;C1098;11;20;1;1511,21;0,0;1027,62;PIX;Marketplace;1511,21;1027,62;483,59;0,32
107023;2026-01-24;C0189;5;4;1;286,26;0,1;186,07;Cartão de crédito;Online;257,63;186,07;71,56;0,2778
107024;2025-02-15;C1020;13;20;1;229,16;0,05;132,91;Cartão de crédito;Marketplace;217,7;132,91;84,79;0,3895
107025;2025-05-05;C1925;2;10;2;1279,02;0,1;856,94;Cartão de crédito;Marketplace;2302,24;1713,88;588,36;0,2556
107026;2025-03-06;C0408;17;2;3;701,71;0,15;421,03;Boleto;Online;1789,36;1263,09;526,27;0,2941
107027;2025-04-29;C0485;16;15;1;339,11;0,0;186,51;Cartão de débito;Marketplace;339,11;186,51;152,6;0,45
107028;2025-02-12;C0837;11;25;1;1403,31;0,05;954,25;Cartão de débito;Online;1333,14;954,25;378,89;0,2842
107029;2025-04-20;C0622;5;19;1;1003,32;0,1;652,16;Cartão de débito;Marketplace;902,99;652,16;250,83;0,2778
107030;2025-09-19;C1562;5;8;1;588,23;0,1;382,35;Cartão de débito;Marketplace;529,41;382,35;147,06;0,2778
107031;2025-03-22;C1371;7;26;1;356,99;0,15;221,33;Boleto;Online;303,44;221,33;82,11;0,2706
107032;2025-10-26;C1717;15;21;2;3782,2;0,0;2950,12;Não informado;Marketplace;7564,4;5900,24;1664,16;0,22
107033;2026-04-08;C1525;2;26;1;500,11;0,15;335,07;Boleto;Marketplace;425,09;335,07;90,02;0,2118
107034;2025-04-22;C0828;6;21;3;87,77;0,0;43,88;Cartão de débito;Marketplace;263,31;131,64;131,67;0,5001
107035;2025-03-06;C1815;2;25;1;876,77;0,1;587,44;PIX;Marketplace;789,09;587,44;201,65;0,2555
107036;2025-05-26;C1377;11;9;4;817,46;0,1;555,87;Boleto;Marketplace;2942,86;2223,48;719,38;0,2444
107037;2025-05-25;C0814;15;17;3;3719,19;0,1;2900,97;Cartão de crédito;Marketplace;10041,81;8702,91;1338,9;0,1333
107038;2026-05-06;C0843;14;18;1;5081,75;0,0;3658,86;PIX;Marketplace;5081,75;3658,86;1422,89;0,28
107039;2025-09-12;C1585;16;23;1;320,99;0,0;176,54;Boleto;Online;320,99;176,54;144,45;0,45
107040;2026-02-11;C1012;6;17;1;165,47;0,0;82,73;Cartão de crédito;Online;165,47;82,73;82,74;0,5
107041;2025-07-05;C0343;15;27;1;4390,81;0,05;3424,83;Cartão de débito;Online;4171,27;3424,83;746,44;0,1789
107042;2025-06-15;C1823;2;18;5;889,68;0,1;596,09;Cartão de crédito;Marketplace;4003,56;2980,45;1023,11;0,2556
107043;2026-01-12;C1565;10;25;1;97,2;0,05;50,54;PIX;Marketplace;92,34;50,54;41,8;0,4527
107044;2026-04-21;C0077;3;10;1;63,44;0,0;28,55;Boleto;Online;63,44;28,55;34,89;0,55
107045;2025-10-02;C1164;13;11;4;177,35;0,0;102,86;Boleto;Marketplace;709,4;411,44;297,96;0,42
107046;2025-09-11;C2419;5;22;2;866,41;0,1;563,17;Boleto;Online;1559,54;1126,34;433,2;0,2778
107047;2025-05-29;C1730;16;8;1;451,73;0,0;248,45;Cartão de débito;Marketplace;451,73;248,45;203,28;0,45
107048;2026-05-30;C1929;8;2;1;253,87;0,1;139,63;Cartão de crédito;Online;228,48;139,63;88,85;0,3889
107049;2026-02-26;C2066;17;17;3;369,88;0,05;221,93;PIX;Online;1054,16;665,79;388,37;0,3684
107050;2026-02-27;C1208;7;18;1;832,07;0,05;515,88;Boleto;Marketplace;790,47;515,88;274,59;0,3474
107051;2025-12-22;C2476;17;12;1;543,84;0,1;326,3;PIX;Online;489,46;326,3;163,16;0,3333
107052;2026-02-13;C1219;1;8;1;611,8;0,0;391,55;Cartão de crédito;Marketplace;611,8;391,55;220,25;0,36
107053;2025-02-14;C0477;9;13;2;334,65;0,1;210,83;Cartão de débito;Online;602,37;421,66;180,71;0,3
107054;2026-01-22;C0452;15;13;1;1572,67;0,05;1226,68;Cartão de débito;Marketplace;1494,04;1226,68;267,36;0,179
107055;2025-06-24;C1812;2;26;4;1048,91;0,05;702,77;PIX;Marketplace;3985,86;2811,08;1174,78;0,2947
107056;2025-04-04;C0720;4;15;4;2234,09;0,1;1563,86;Cartão de crédito;Online;8042,72;6255,44;1787,28;0,2222
107057;2026-05-04;C1253;17;25;2;546,89;0,0;328,13;PIX;Marketplace;1093,78;656,26;437,52;0,4
107058;2026-02-05;C1401;1;17;1;652,59;0,1;417,66;Cartão de crédito;Marketplace;587,33;417,66;169,67;0,2889
107059;2025-02-13;C0672;3;21;1;56,25;0,0;25,31;Cartão de débito;Marketplace;56,25;25,31;30,94;0,55
107060;2026-01-21;C2088;14;5;1;5064,53;0,0;3646,46;PIX;Online;5064,53;3646,46;1418,07;0,28
107061;2026-04-01;C1356;1;14;1;855,51;0,2;547,53;Boleto;Online;684,41;547,53;136,88;0,2
107062;2026-01-19;C0614;2;25;1;707,53;0,05;474,05;Cartão de débito;Online;672,15;474,05;198,1;0,2947
107063;2025-03-06;C2328;11;10;5;1399,31;0,1;951,53;PIX;Online;6296,9;4757,65;1539,25;0,2444
107064;2025-06-09;C1798;7;12;1;174,96;0,05;108,48;PIX;Marketplace;166,21;108,48;57,73;0,3473
107065;2025-11-18;C1167;4;1;1;2183,02;0,0;1528,11;Boleto;Online;2183,02;1528,11;654,91;0,3
107066;2025-07-10;C2460;17;20;1;582,21;0,1;349,33;Boleto;Online;523,99;349,33;174,66;0,3333
107067;2026-01-10;C0966;1;23;1;890,68;0,05;570,04;Cartão de débito;Online;846,15;570,04;276,11;0,3263
107068;2025-01-04;C0305;12;15;1;1795,15;0,15;1220,7;PIX;Marketplace;1525,88;1220,7;305,18;0,2
107069;2025-07-13;C0544;10;20;2;199,74;0,1;103,86;Boleto;Online;359,53;207,72;151,81;0,4222
107070;2025-12-23;C1734;15;13;2;4351,18;0,0;3393,92;Boleto;Online;8702,36;6787,84;1914,52;0,22
107071;2025-10-17;C2013;8;20;1;221,45;0,0;121,8;Cartão de débito;Marketplace;221,45;121,8;99,65;0,45
107072;2025-05-11;C1581;12;25;2;1518,99;0,0;1032,91;PIX;Marketplace;3037,98;2065,82;972,16;0,32
107073;2025-12-08;C0928;14;2;4;2733,62;0,1;1968,21;PIX;Marketplace;9841,03;7872,84;1968,19;0,2
107074;2025-07-10;C2077;7;25;1;501,81;0,1;311,12;Cartão de débito;Marketplace;451,63;311,12;140,51;0,3111
107075;2026-03-04;C0238;2;4;1;1347,0;0,0;902,49;PIX;Online;1347,0;902,49;444,51;0,33
107076;2026-04-07;C0115;6;12;3;124,6;0,05;62,3;PIX;Marketplace;355,11;186,9;168,21;0,4737
107077;2025-12-13;C0062;2;11;3;1485,49;0,1;995,28;Boleto;Marketplace;4010,82;2985,84;1024,98;0,2556
107078;2025-02-21;C1937;2;10;2;339,74;0,0;227,63;Cartão de débito;Marketplace;679,48;455,26;224,22;0,33
107079;2025-04-19;C0398;10;24;1;350,85;0,1;182,44;PIX;Online;315,77;182,44;133,33;0,4222
107080;2026-03-26;C2295;13;15;3;385,44;0,0;223,56;Cartão de crédito;Online;1156,32;670,68;485,64;0,42
107081;2025-01-31;C2106;1;23;4;926,02;0,05;592,65;Cartão de crédito;Online;3518,88;2370,6;1148,28;0,3263
107082;2025-11-28;C0506;10;23;1;120,77;0,15;62,8;PIX;Marketplace;102,65;62,8;39,85;0,3882
107083;2026-03-09;C0120;12;1;2;2380,09;0,1;1618,46;Cartão de débito;Marketplace;4284,16;3236,92;1047,24;0,2444
107084;2026-01-28;C1916;16;20;1;537,14;0,15;295,43;Cartão de crédito;Marketplace;456,57;295,43;161,14;0,3529
107085;2025-12-18;C0246;12;19;2;1221,58;0,05;830,67;Cartão de débito;Online;2321,0;1661,34;659,66;0,2842
107086;2025-01-23;C0399;2;7;2;1156,43;0,0;774,81;Cartão de crédito;Marketplace;2312,86;1549,62;763,24;0,33
107087;2026-06-13;C2315;5;8;3;1017,33;0,0;661,26;Boleto;Online;3051,99;1983,78;1068,21;0,35
107088;2025-10-25;C1775;13;18;1;458,94;0,05;266,19;PIX;Online;435,99;266,19;169,8;0,3895
107089;2025-09-12;C1068;15;8;1;4513,94;0,1;3520,87;Cartão de débito;Marketplace;4062,55;3520,87;541,68;0,1333
107090;2026-01-29;C1516;13;24;1;172,04;0,15;99,78;Boleto;Online;146,23;99,78;46,45;0,3177
107091;2026-02-24;C2051;5;2;1;607,88;0,1;395,12;PIX;Marketplace;547,09;395,12;151,97;0,2778
107092;2026-06-07;C1122;16;19;1;580,41;0,15;319,23;PIX;Marketplace;493,35;319,23;174,12;0,3529
107093;2025-12-05;C2316;10;1;1;389,03;0,0;202,3;PIX;Marketplace;389,03;202,3;186,73;0,48
107094;2025-08-11;C0021;2;25;1;1118,57;0,0;749,44;PIX;Marketplace;1118,57;749,44;369,13;0,33
107095;2025-06-22;C0958;12;22;1;2169,79;0,05;1475,46;PIX;Marketplace;2061,3;1475,46;585,84;0,2842
107096;2025-02-02;C0613;4;19;2;526,19;0,0;368,33;Cartão de débito;Marketplace;1052,38;736,66;315,72;0,3
107097;2025-03-10;C0130;10;21;1;331,23;0,15;172,24;Cartão de crédito;Online;281,55;172,24;109,31;0,3882
107098;2026-06-25;C0226;8;9;1;89,67;0,05;49,32;PIX;Marketplace;85,19;49,32;35,87;0,4211
107099;2025-09-19;C1295;2;14;3;537,88;0,2;360,38;Cartão de débito;Marketplace;1290,91;1081,14;209,77;0,1625
107100;2026-04-27;C0549;16;12;1;513,7;0,1;282,54;PIX;Online;462,33;282,54;179,79;0,3889
107101;2025-01-08;C2328;15;18;1;3905,77;0,1;3046,5;Boleto;Marketplace;3515,19;3046,5;468,69;0,1333
107102;2025-05-16;C0291;6;2;1;121,34;0,0;60,67;Cartão de débito;Online;121,34;60,67;60,67;0,5
107103;2025-01-08;C2184;14;17;5;4397,56;0,05;3166,24;Boleto;Marketplace;20888,41;15831,2;5057,21;0,2421
107104;2025-11-12;C0983;17;9;1;411,71;0,0;247,03;PIX;Marketplace;411,71;247,03;164,68;0,4
107105;2025-07-14;C0321;10;6;3;169,26;0,0;88,02;Cartão de crédito;Online;507,78;264,06;243,72;0,48
107106;2025-07-25;C0587;8;19;1;269,57;0,15;148,26;Cartão de crédito;Online;229,13;148,26;80,87;0,3529
107107;2026-04-28;C1849;3;27;1;27,79;0,1;12,51;PIX;Online;25,01;12,51;12,5;0,4998
107108;2025-11-23;C2378;3;8;1;46,42;0,05;20,89;PIX;Online;44,1;20,89;23,21;0,5263
107109;2025-10-08;C0162;9;2;2;357,54;0,15;225,25;Boleto;Online;607,82;450,5;157,32;0,2588
107110;2026-04-15;C2138;1;9;1;357,02;0,05;228,49;Cartão de débito;Online;339,17;228,49;110,68;0,3263
107111;2026-03-26;C1548;12;14;3;2073,97;0,0;1410,3;PIX;Marketplace;6221,91;4230,9;1991,01;0,32
107112;2025-02-16;C1032;3;25;1;37,86;0,05;17,04;Boleto;Marketplace;35,97;17,04;18,93;0,5263
107113;2025-09-13;C0537;8;20;3;275,38;0,05;151,46;Cartão de crédito;Marketplace;784,83;454,38;330,45;0,421
107114;2025-06-30;C2244;14;17;2;3251,49;0,1;2341,07;Cartão de débito;Online;5852,68;4682,14;1170,54;0,2
107115;2026-01-05;C1867;14;27;1;3045,48;0,05;2192,75;Boleto;Online;2893,21;2192,75;700,46;0,2421
107116;2026-01-31;C2140;16;16;2;444,14;0,05;244,28;Cartão de débito;Online;843,87;488,56;355,31;0,421
107117;2025-06-24;C1627;2;20;1;1172,88;0,0;785,83;Cartão de crédito;Marketplace;1172,88;785,83;387,05;0,33
107118;2026-06-24;C2353;6;22;1;151,27;0,1;75,64;Cartão de débito;Online;136,14;75,64;60,5;0,4444
107119;2025-03-20;C0940;15;18;1;1126,25;0,0;878,48;Cartão de crédito;Marketplace;1126,25;878,48;247,77;0,22
107120;2025-08-04;C1228;4;16;4;1563,98;0,0;1094,79;PIX;Online;6255,92;4379,16;1876,76;0,3
107121;2025-11-16;C1699;9;14;1;131,9;0,1;83,1;PIX;Online;118,71;83,1;35,61;0,3
107122;2025-08-09;C0376;16;20;1;430,08;0,1;236,54;PIX;Online;387,07;236,54;150,53;0,3889
107123;2025-02-26;C0218;8;16;1;128,17;0,05;70,49;Boleto;Marketplace;121,76;70,49;51,27;0,4211
107124;2025-04-30;C0544;13;14;2;96,43;0,1;55,93;Boleto;Online;173,57;111,86;61,71;0,3555
107125;2026-05-28;C0108;11;12;2;1256,57;0,0;854,47;Cartão de crédito;Online;2513,14;1708,94;804,2;0,32
107126;2026-05-25;C0214;17;22;1;454,83;0,0;272,9;Cartão de débito;Marketplace;454,83;272,9;181,93;0,4
107127;2025-03-05;C1956;13;21;1;87,49;0,1;50,74;Boleto;Marketplace;78,74;50,74;28,0;0,3556
107128;2025-06-05;C1554;13;20;3;257,95;0,2;149,61;Boleto;Online;619,08;448,83;170,25;0,275
107129;2025-11-19;C2139;2;19;2;1233,32;0,2;826,32;PIX;Online;1973,31;1652,64;320,67;0,1625
107130;2026-06-26;C1523;12;19;2;1280,7;0,0;870,88;PIX;Marketplace;2561,4;1741,76;819,64;0,32
107131;2025-03-11;C1789;11;8;3;1660,35;0,05;1129,04;Cartão de débito;Marketplace;4732,0;3387,12;1344,88;0,2842
107132;2025-11-24;C0581;15;17;1;2932,48;0,05;2287,33;Cartão de crédito;Marketplace;2785,86;2287,33;498,53;0,179
107133;2025-09-04;C1944;6;2;1;55,42;0,0;27,71;PIX;Marketplace;55,42;27,71;27,71;0,5
107134;2026-04-19;C0321;2;19;1;417,59;0,0;279,79;Boleto;Online;417,59;279,79;137,8;0,33
107135;2025-04-03;C0935;2;5;1;294,38;0,1;197,23;Boleto;Online;264,94;197,23;67,71;0,2556
107136;2026-02-05;C2323;11;3;1;932,97;0,2;634,42;Cartão de débito;Online;746,38;634,42;111,96;0,15
107137;2025-03-24;C2208;4;26;1;1259,78;0,15;881,85;PIX;Marketplace;1070,81;881,85;188,96;0,1765
107138;2025-04-05;C0114;16;21;3;117,46;0,2;64,6;Cartão de crédito;Marketplace;281,9;193,8;88,1;0,3125
107139;2025-03-11;C1540;6;12;1;172,47;0,1;86,23;Boleto;Marketplace;155,22;86,23;68,99;0,4445
107140;2026-03-15;C1577;5;19;2;498,94;0,0;324,31;Cartão de crédito;Marketplace;997,88;648,62;349,26;0,35
107141;2025-02-28;C0931;11;20;3;881,3;0,1;599,28;Cartão de crédito;Online;2379,51;1797,84;581,67;0,2444
107142;2025-03-09;C1167;4;20;1;1821,26;0,1;1274,88;Cartão de crédito;Online;1639,13;1274,88;364,25;0,2222
107143;2025-11-16;C0260;13;19;1;379,87;0,0;220,32;Cartão de débito;Online;379,87;220,32;159,55;0,42
107144;2025-07-31;C0071;3;3;1;50,9;0,1;22,91;Cartão de débito;Marketplace;45,81;22,91;22,9;0,4999
107145;2026-04-18;C0931;11;1;1;1950,96;0,05;1326,65;PIX;Online;1853,41;1326,65;526,76;0,2842
107146;2025-11-12;C1516;14;10;1;4175,66;0,2;3006,48;PIX;Online;3340,53;3006,48;334,05;0,1
107147;2026-05-23;C1579;5;5;1;498,91;0,0;324,29;Cartão de crédito;Marketplace;498,91;324,29;174,62;0,35
107148;2026-01-05;C0639;4;6;2;770,27;0,05;539,19;PIX;Online;1463,51;1078,38;385,13;0,2632
107149;2026-06-06;C1398;7;5;5;841,47;0,0;521,71;Boleto;Online;4207,35;2608,55;1598,8;0,38
107150;2025-12-26;C1292;13;23;1;261,09;0,0;151,43;Cartão de débito;Online;261,09;151,43;109,66;0,42
107151;2025-12-23;C1752;14;8;1;5636,16;0,15;4058,04;Cartão de crédito;Online;4790,74;4058,04;732,7;0,1529
107152;2026-05-20;C0573;1;2;4;787,56;0,15;504,04;Boleto;Online;2677,7;2016,16;661,54;0,2471
107153;2025-07-04;C0511;6;3;4;198,25;0,05;99,12;Cartão de débito;Online;753,35;396,48;356,87;0,4737
107154;2025-05-01;C0314;15;13;1;3343,24;0,15;2607,73;Cartão de débito;Online;2841,75;2607,73;234,02;0,0824
107155;2026-05-09;C2396;6;7;2;227,02;0,0;113,51;Cartão de crédito;Online;454,04;227,02;227,02;0,5
107156;2025-03-26;C2488;6;26;2;248,41;0,05;124,2;Cartão de débito;Online;471,98;248,4;223,58;0,4737
107157;2025-06-06;C2302;6;9;2;181,43;0,1;90,72;Cartão de crédito;Online;326,57;181,44;145,13;0,4444
107158;2025-08-30;C0836;2;9;2;1403,56;0,1;940,39;Boleto;Online;2526,41;1880,78;645,63;0,2556
107159;2026-01-14;C2071;1;9;2;305,86;0,2;195,75;Boleto;Marketplace;489,38;391,5;97,88;0,2
107160;2026-05-28;C0149;10;24;1;258,07;0,05;134,2;PIX;Marketplace;245,17;134,2;110,97;0,4526
107161;2025-09-25;C1120;10;12;1;143,88;0,0;74,82;Boleto;Marketplace;143,88;74,82;69,06;0,48
107162;2025-10-07;C0116;6;14;2;239,31;0,05;119,66;Boleto;Online;454,69;239,32;215,37;0,4737
107163;2025-02-11;C1985;13;27;3;187,37;0,0;108,67;Cartão de débito;Marketplace;562,11;326,01;236,1;0,42
107164;2025-04-03;C1234;12;27;1;1673,59;0,05;1138,04;Cartão de débito;Marketplace;1589,91;1138,04;451,87;0,2842
107165;2025-04-21;C1376;5;20;3;591,64;0,1;384,57;Boleto;Online;1597,43;1153,71;443,72;0,2778
107166;2025-02-25;C1010;2;10;3;923,47;0,0;618,72;PIX;Marketplace;2770,41;1856,16;914,25;0,33
107167;2026-03-08;C1863;1;4;2;918,64;0,0;587,93;Cartão de débito;Marketplace;1837,28;1175,86;661,42;0,36
107168;2025-08-12;C1068;5;19;1;644,94;0,05;419,21;Cartão de crédito;Marketplace;612,69;419,21;193,48;0,3158
107169;2026-01-22;C1672;11;14;3;1923,72;0,0;1308,13;Boleto;Marketplace;5771,16;3924,39;1846,77;0,32
107170;2026-06-16;C1099;11;22;4;493,84;0,1;335,81;PIX;Marketplace;1777,82;1343,24;434,58;0,2444
107171;2025-02-20;C1980;17;26;1;181,45;0,0;108,87;Cartão de débito;Online;181,45;108,87;72,58;0,4
107172;2025-12-14;C2414;5;10;1;577,01;0,05;375,06;Não informado;Online;548,16;375,06;173,1;0,3158
107173;2026-01-06;C0094;7;26;2;375,67;0,0;232,92;PIX;Marketplace;751,34;465,84;285,5;0,38
107174;2025-03-09;C2184;16;10;1;242,11;0,05;133,16;Boleto;Marketplace;230,0;133,16;96,84;0,421
107175;2025-05-14;C1771;6;14;2;209,18;0,05;104,59;Cartão de crédito;Online;397,44;209,18;188,26;0,4737
107176;2026-05-03;C0959;6;7;2;59,46;0,05;29,73;Cartão de crédito;Marketplace;112,97;59,46;53,51;0,4737
107177;2025-10-09;C1736;3;6;1;96,01;0,0;43,2;Cartão de crédito;Marketplace;96,01;43,2;52,81;0,55
107178;2025-11-25;C1385;12;14;1;753,5;0,1;512,38;Cartão de débito;Online;678,15;512,38;165,77;0,2444
107179;2025-10-25;C0932;5;18;2;1181,72;0,05;768,12;Boleto;Marketplace;2245,27;1536,24;709,03;0,3158
107180;2025-08-18;C0396;10;16;1;242,1;0,0;125,89;Cartão de crédito;Online;242,1;125,89;116,21;0,48
107181;2025-05-08;C0200;16;18;1;472,66;0,1;259,96;Boleto;Online;425,39;259,96;165,43;0,3889
107182;2025-08-02;C0344;7;21;1;677,03;0,1;419,76;PIX;Marketplace;609,33;419,76;189,57;0,3111
107183;2026-06-11;C2245;8;27;1;111,03;0,0;61,07;PIX;Online;111,03;61,07;49,96;0,45
107184;2025-03-31;C0370;14;17;1;3873,95;0,05;2789,24;Cartão de débito;Marketplace;3680,25;2789,24;891,01;0,2421
107185;2025-11-07;C0190;1;12;1;656,53;0,0;420,18;Boleto;Marketplace;656,53;420,18;236,35;0,36
107186;2025-04-21;C2252;2;18;3;1277,03;0,1;855,61;Boleto;Online;3447,98;2566,83;881,15;0,2556
107187;2025-04-16;C0793;11;1;2;1343,9;0,05;913,85;Cartão de débito;Marketplace;2553,41;1827,7;725,71;0,2842
107188;2025-08-13;C1107;10;15;1;270,78;0,05;140,81;Boleto;Online;257,24;140,81;116,43;0,4526
107189;2026-02-16;C2202;6;5;2;113,47;0,0;56,73;Boleto;Marketplace;226,94;113,46;113,48;0,5
107190;2026-04-17;C0455;4;24;1;1884,73;0,1;1319,31;Boleto;Marketplace;1696,26;1319,31;376,95;0,2222
107191;2025-07-26;C0508;3;26;3;72,04;0,1;32,42;Boleto;Online;194,51;97,26;97,25;0,5
107192;2025-09-11;C0779;13;1;1;295,36;0,1;171,31;Cartão de crédito;Marketplace;265,82;171,31;94,51;0,3555
107193;2025-10-04;C0655;11;12;3;1102,3;0,05;749,56;Boleto;Marketplace;3141,55;2248,68;892,87;0,2842
107194;2025-10-05;C0422;14;13;1;4952,62;0,15;3565,89;Boleto;Online;4209,73;3565,89;643,84;0,1529
107195;2026-02-09;C1106;5;11;1;443,55;0,05;288,31;Boleto;Online;421,37;288,31;133,06;0,3158
107196;2026-06-02;C1875;13;1;1;398,15;0,15;230,93;PIX;Online;338,43;230,93;107,5;0,3176
107197;2025-10-17;C0615;14;14;1;2513,22;0,2;1809,52;Boleto;Marketplace;2010,58;1809,52;201,06;0,1
107198;2026-02-22;C0019;3;14;1;65,71;0,1;29,57;Boleto;Marketplace;59,14;29,57;29,57;0,5
107199;2025-07-11;C2022;5;3;4;873,16;0,0;567,55;Cartão de crédito;Marketplace;3492,64;2270,2;1222,44;0,35
107200;2025-02-12;C2323;6;7;1;186,02;0,05;93,01;Cartão de débito;Online;176,72;93,01;83,71;0,4737
107201;2026-06-08;C0961;8;26;4;233,9;0,05;128,65;Cartão de crédito;Online;888,82;514,6;374,22;0,421
107202;2025-05-14;C1149;16;10;1;471,62;0,0;259,39;Cartão de débito;Marketplace;471,62;259,39;212,23;0,45
107203;2026-02-09;C1974;2;21;1;565,31;0,0;378,76;Cartão de débito;Online;565,31;378,76;186,55;0,33
107204;2025-12-03;C0093;13;9;1;352,44;0,05;204,42;PIX;Online;334,82;204,42;130,4;0,3895
107205;2025-12-06;C1074;11;13;1;689,57;0,0;468,91;Cartão de débito;Online;689,57;468,91;220,66;0,32
107206;2025-08-15;C1855;9;24;3;165,16;0,0;104,05;PIX;Online;495,48;312,15;183,33;0,37
107207;2026-06-11;C0247;6;24;2;99,18;0,1;49,59;PIX;Online;178,52;99,18;79,34;0,4444
107208;2025-02-02;C2342;9;5;1;489,58;0,0;308,44;PIX;Online;489,58;308,44;181,14;0,37
107209;2025-11-19;C0447;3;19;1;32,08;0,05;14,44;PIX;Online;30,48;14,44;16,04;0,5262
107210;2026-01-29;C0023;4;3;1;867,78;0,0;607,45;Cartão de crédito;Online;867,78;607,45;260,33;0,3
107211;2025-03-28;C0970;7;13;2;696,8;0,0;432,02;Cartão de crédito;Online;1393,6;864,04;529,56;0,38
107212;2025-11-13;C0043;16;18;2;304,49;0,2;167,47;Cartão de débito;Marketplace;487,18;334,94;152,24;0,3125
107213;2026-01-11;C0162;4;4;1;1673,46;0,0;1171,42;Cartão de crédito;Online;1673,46;1171,42;502,04;0,3
107214;2025-05-17;C0525;6;21;3;109,96;0,1;54,98;Cartão de crédito;Online;296,89;164,94;131,95;0,4444
107215;2026-01-28;C0414;12;17;1;1367,79;0,1;930,1;Cartão de crédito;Marketplace;1231,01;930,1;300,91;0,2444
107216;2025-07-12;C1670;17;16;1;666,84;0,15;400,1;Cartão de crédito;Marketplace;566,81;400,1;166,71;0,2941
107217;2025-05-07;C2086;17;14;1;219,1;0,0;131,46;Cartão de débito;Marketplace;219,1;131,46;87,64;0,4
107218;2025-03-21;C0105;12;24;1;1022,01;0,15;694,97;Cartão de crédito;Online;868,71;694,97;173,74;0,2
107219;2025-11-19;C2078;13;5;3;198,91;0,0;115,37;PIX;Online;596,73;346,11;250,62;0,42
107220;2025-05-21;C0410;7;19;2;736,17;0,1;456,43;Boleto;Online;1325,11;912,86;412,25;0,3111
107221;2025-03-28;C2457;12;18;3;1745,32;0,0;1186,82;Cartão de crédito;Online;5235,96;3560,46;1675,5;0,32
107222;2026-05-06;C2058;4;27;2;2499,95;0,1;1749,96;Cartão de crédito;Marketplace;4499,91;3499,92;999,99;0,2222
107223;2025-11-28;C0494;1;21;2;733,32;0,0;469,32;Cartão de crédito;Marketplace;1466,64;938,64;528,0;0,36
107224;2026-05-13;C1666;15;3;1;3658,27;0,05;2853,45;Cartão de crédito;Online;3475,36;2853,45;621,91;0,1789
107225;2025-10-10;C0857;11;11;2;1702,18;0,1;1157,48;Cartão de crédito;Marketplace;3063,92;2314,96;748,96;0,2444
107226;2025-01-02;C1236;17;18;2;731,42;0,05;438,85;Cartão de crédito;Marketplace;1389,7;877,7;512,0;0,3684
107227;2025-12-23;C1559;2;26;4;1059,56;0,0;709,91;Cartão de débito;Online;4238,24;2839,64;1398,6;0,33
107228;2025-07-15;C1776;8;12;2;111,92;0,1;61,56;Cartão de débito;Marketplace;201,46;123,12;78,34;0,3889
107229;2026-01-18;C0518;13;15;1;499,47;0,0;289,69;Boleto;Marketplace;499,47;289,69;209,78;0,42
107230;2026-03-12;C1822;17;25;4;150,22;0,2;90,13;PIX;Marketplace;480,7;360,52;120,18;0,25
107231;2025-04-10;C0936;14;10;1;5920,34;0,05;4262,64;Cartão de débito;Online;5624,32;4262,64;1361,68;0,2421
107232;2025-11-13;C2390;7;26;1;182,63;0,1;113,23;Boleto;Marketplace;164,37;113,23;51,14;0,3111
107233;2026-04-29;C2258;6;27;3;215,49;0,05;107,75;Cartão de crédito;Online;614,15;323,25;290,9;0,4737
107234;2025-12-19;C1184;13;19;1;85,88;0,05;49,81;Boleto;Marketplace;81,59;49,81;31,78;0,3895
107235;2025-09-19;C1310;6;1;2;70,06;0,1;35,03;Não informado;Online;126,11;70,06;56,05;0,4445
107236;2025-09-26;C2124;4;6;1;2012,78;0,05;1408,95;PIX;Online;1912,14;1408,95;503,19;0,2632
107237;2025-03-08;C1160;3;1;3;98,08;0,0;44,14;Boleto;Marketplace;294,24;132,42;161,82;0,55
107238;2025-04-09;C1982;3;9;1;29,91;0,05;13,46;Cartão de crédito;Marketplace;28,41;13,46;14,95;0,5262
107239;2025-08-17;C1109;1;6;4;551,54;0,0;352,99;Cartão de débito;Online;2206,16;1411,96;794,2;0,36
107240;2026-03-04;C2464;13;8;1;294,15;0,0;170,61;Cartão de crédito;Online;294,15;170,61;123,54;0,42
107241;2026-05-31;C1397;12;16;2;777,92;0,05;528,99;PIX;Online;1478,05;1057,98;420,07;0,2842
107242;2025-09-22;C1047;5;15;1;737,11;0,05;479,12;PIX;Online;700,25;479,12;221,13;0,3158
107243;2025-09-21;C0999;8;16;2;249,52;0,15;137,24;PIX;Marketplace;424,18;274,48;149,7;0,3529
107244;2025-01-18;C2429;13;7;1;214,47;0,0;124,39;Cartão de crédito;Online;214,47;124,39;90,08;0,42
107245;2025-08-04;C0297;6;12;3;211,24;0,15;105,62;PIX;Marketplace;538,66;316,86;221,8;0,4118
107246;2025-05-15;C0753;2;12;3;545,74;0,1;365,65;PIX;Marketplace;1473,5;1096,95;376,55;0,2555
107247;2025-06-09;C1796;9;27;4;555,37;0,15;349,88;Boleto;Online;1888,26;1399,52;488,74;0,2588
107248;2025-10-12;C1314;14;22;3;3693,78;0,05;2659,52;PIX;Marketplace;10527,27;7978,56;2548,71;0,2421
107249;2025-10-19;C0276;16;24;3;198,62;0,05;109,24;Cartão de crédito;Online;566,07;327,72;238,35;0,4211
107250;2025-06-14;C1425;4;9;1;709,41;0,15;496,59;PIX;Marketplace;603,0;496,59;106,41;0,1765
107251;2025-09-08;C0432;7;15;4;475,55;0,15;294,84;PIX;Marketplace;1616,87;1179,36;437,51;0,2706
107252;2026-03-13;C0912;1;14;1;954,4;0,0;610,82;Cartão de débito;Online;954,4;610,82;343,58;0,36
107253;2025-02-11;C0323;4;14;1;2143,98;0,0;1500,79;PIX;Marketplace;2143,98;1500,79;643,19;0,3
107254;2025-10-20;C0376;16;25;1;294,95;0,1;162,22;Cartão de débito;Marketplace;265,46;162,22;103,24;0,3889
107255;2026-06-01;C0800;13;18;2;430,29;0,05;249,57;PIX;Marketplace;817,55;499,14;318,41;0,3895
107256;2025-09-26;C0416;3;2;2;29,8;0,1;13,41;PIX;Marketplace;53,64;26,82;26,82;0,5
107257;2025-11-20;C1897;16;20;1;106,82;0,0;58,75;PIX;Marketplace;106,82;58,75;48,07;0,45
107258;2026-02-06;C0470;6;27;1;66,85;0,05;33,42;Boleto;Marketplace;63,51;33,42;30,09;0,4738
107259;2025-08-19;C0753;16;18;1;392,32;0,05;215,78;Cartão de débito;Marketplace;372,7;215,78;156,92;0,421
107260;2025-07-25;C1733;9;19;2;202,63;0,15;127,66;PIX;Marketplace;344,47;255,32;89,15;0,2588
107261;2026-06-24;C0845;7;25;5;598,87;0,0;371,3;PIX;Online;2994,35;1856,5;1137,85;0,38
107262;2025-08-09;C0915;8;8;2;171,24;0,15;94,18;Cartão de crédito;Marketplace;291,11;188,36;102,75;0,353
107263;2026-05-05;C1570;10;1;2;94,44;0,0;49,11;PIX;Online;188,88;98,22;90,66;0,48
107264;2025-12-03;C2244;5;14;3;979,9;0,0;636,94;PIX;Marketplace;2939,7;1910,82;1028,88;0,35
107265;2026-02-07;C0447;12;22;1;1261,14;0,0;857,58;Boleto;Marketplace;1261,14;857,58;403,56;0,32
107266;2026-06-20;C1520;14;22;3;5655,88;0,0;4072,23;Cartão de crédito;Online;16967,64;12216,69;4750,95;0,28
107267;2025-07-27;C0693;16;20;3;165,14;0,1;90,83;Cartão de débito;Online;445,88;272,49;173,39;0,3889
107268;2025-04-11;C0581;8;10;1;129,22;0,05;71,07;Boleto;Marketplace;122,76;71,07;51,69;0,4211
107269;2025-08-26;C2488;3;11;1;93,03;0,1;41,86;Boleto;Online;83,73;41,86;41,87;0,5001
107270;2026-05-22;C0669;8;21;4;226,58;0,05;124,62;Boleto;Marketplace;861,0;498,48;362,52;0,421
107271;2025-09-23;C1883;15;1;2;2644,97;0,1;2063,08;Boleto;Online;4760,95;4126,16;634,79;0,1333
107272;2025-09-19;C0115;10;21;3;130,49;0,0;67,85;Cartão de débito;Online;391,47;203,55;187,92;0,48
107273;2025-09-19;C1390;2;7;2;467,87;0,1;313,47;Cartão de crédito;Marketplace;842,17;626,94;215,23;0,2556
107274;2025-10-05;C2204;10;22;2;138,84;0,0;72,2;Cartão de crédito;Online;277,68;144,4;133,28;0,48
107275;2026-05-05;C2101;4;9;3;2427,51;0,0;1699,26;Cartão de crédito;Marketplace;7282,53;5097,78;2184,75;0,3
107276;2025-08-15;C0979;14;17;2;3727,51;0,1;2683,81;Cartão de crédito;Marketplace;6709,52;5367,62;1341,9;0,2
107277;2025-09-12;C0165;5;23;1;528,19;0,05;343,32;Boleto;Online;501,78;343,32;158,46;0,3158
107278;2026-02-17;C0749;16;15;1;408,92;0,2;224,91;Boleto;Online;327,14;224,91;102,23;0,3125
107279;2025-02-13;C0796;15;25;1;3170,14;0,15;2472,71;PIX;Marketplace;2694,62;2472,71;221,91;0,0824
107280;2025-01-29;C1060;5;20;1;496,54;0,0;322,75;Cartão de crédito;Marketplace;496,54;322,75;173,79;0,35
107281;2025-04-11;C0825;16;9;2;298,69;0,0;164,28;PIX;Online;597,38;328,56;268,82;0,45
107282;2025-04-01;C0053;10;13;1;244,78;0,0;127,29;Cartão de crédito;Marketplace;244,78;127,29;117,49;0,48
107283;2025-09-26;C2387;8;21;1;236,55;0,05;130,1;PIX;Online;224,72;130,1;94,62;0,4211
107284;2025-11-04;C2417;7;13;1;494,85;0,1;306,81;Cartão de débito;Marketplace;445,36;306,81;138,55;0,3111
107285;2025-12-13;C1153;1;10;2;880,08;0,1;563,25;Cartão de crédito;Marketplace;1584,14;1126,5;457,64;0,2889
107286;2025-07-27;C0255;3;18;4;67,32;0,1;30,29;Boleto;Online;242,35;121,16;121,19;0,5001
107287;2025-12-28;C1824;2;1;2;463,04;0,0;310,24;Boleto;Marketplace;926,08;620,48;305,6;0,33
107288;2026-03-21;C0878;1;19;1;377,36;0,05;241,51;Boleto;Online;358,49;241,51;116,98;0,3263
107289;2026-03-22;C0937;3;4;3;97,87;0,0;44,04;Cartão de débito;Marketplace;293,61;132,12;161,49;0,55
107290;2025-09-13;C1616;16;1;2;417,18;0,05;229,45;Cartão de crédito;Online;792,64;458,9;333,74;0,421
107291;2025-02-04;C0993;4;18;1;738,94;0,1;517,26;Cartão de débito;Online;665,05;517,26;147,79;0,2222
107292;2026-02-19;C0755;4;5;1;977,24;0,1;684,07;Não informado;Marketplace;879,52;684,07;195,45;0,2222
107293;2025-06-27;C0068;15;18;3;2290,78;0,0;1786,81;Cartão de crédito;Online;6872,34;5360,43;1511,91;0,22
107294;2025-01-03;C1557;10;18;1;249,84;0,05;129,92;Boleto;Online;237,35;129,92;107,43;0,4526
107295;2025-09-16;C1516;13;4;1;415,31;0,0;240,88;Cartão de débito;Online;415,31;240,88;174,43;0,42
107296;2026-04-27;C1632;12;26;2;1963,24;0,05;1335,0;Boleto;Online;3730,16;2670,0;1060,16;0,2842
107297;2026-04-22;C1254;10;22;1;286,2;0,0;148,82;Cartão de débito;Marketplace;286,2;148,82;137,38;0,48
107298;2026-05-20;C0291;11;15;1;1476,63;0,15;1004,11;Boleto;Online;1255,14;1004,11;251,03;0,2
107299;2026-02-03;C0078;1;21;1;970,49;0,0;621,11;Cartão de crédito;Online;970,49;621,11;349,38;0,36
107300;2025-08-07;C0285;7;17;1;166,15;0,15;103,01;Cartão de débito;Marketplace;141,23;103,01;38,22;0,2706
107301;2025-10-17;C1808;6;2;1;247,07;0,05;123,53;Cartão de crédito;Online;234,72;123,53;111,19;0,4737
107302;2025-01-30;C0849;4;20;2;1043,66;0,0;730,56;Cartão de débito;Marketplace;2087,32;1461,12;626,2;0,3
107303;2025-01-10;C1125;6;27;1;228,54;0,05;114,27;Cartão de crédito;Online;217,11;114,27;102,84;0,4737
107304;2026-06-23;C2287;10;19;2;267,11;0,0;138,9;PIX;Online;534,22;277,8;256,42;0,48
107305;2026-05-23;C2255;16;22;1;325,8;0,0;179,19;PIX;Marketplace;325,8;179,19;146,61;0,45
107306;2026-05-10;C1756;16;23;4;299,61;0,0;164,79;Cartão de crédito;Online;1198,44;659,16;539,28;0,45
107307;2025-08-02;C1933;8;22;1;278,13;0,2;152,97;Boleto;Marketplace;222,5;152,97;69,53;0,3125
107308;2025-10-03;C0952;10;24;1;189,33;0,05;98,45;PIX;Marketplace;179,86;98,45;81,41;0,4526
107309;2025-10-17;C1089;14;16;3;5147,84;0,1;3706,44;Cartão de débito;Online;13899,17;11119,32;2779,85;0,2
107310;2026-06-09;C2210;11;11;4;1405,89;0,0;956,01;PIX;Online;5623,56;3824,04;1799,52;0,32
107311;2025-12-23;C1154;12;3;2;1519,44;0,1;1033,22;PIX;Online;2734,99;2066,44;668,55;0,2444
107312;2025-05-03;C2135;14;13;2;3989,51;0,0;2872,45;Cartão de crédito;Marketplace;7979,02;5744,9;2234,12;0,28
107313;2025-08-14;C2350;11;15;1;1525,05;0,05;1037,03;Boleto;Marketplace;1448,8;1037,03;411,77;0,2842
107314;2025-01-10;C0119;10;11;3;305,35;0,0;158,78;Cartão de débito;Marketplace;916,05;476,34;439,71;0,48
107315;2025-10-26;C2153;4;3;3;1669,57;0,15;1168,7;Cartão de débito;Online;4257,4;3506,1;751,3;0,1765
107316;2025-01-09;C1504;6;25;1;229,58;0,0;114,79;Cartão de crédito;Marketplace;229,58;114,79;114,79;0,5
107317;2026-05-30;C0167;8;25;1;259,23;0,15;142,58;Cartão de crédito;Marketplace;220,35;142,58;77,77;0,3529
107318;2025-09-14;C1426;9;24;2;401,16;0,05;252,73;PIX;Online;762,2;505,46;256,74;0,3368
107319;2025-01-07;C2288;9;3;1;276,65;0,0;174,29;Cartão de débito;Online;276,65;174,29;102,36;0,37
107320;2025-12-21;C2136;12;22;3;1399,92;0,05;951,95;PIX;Marketplace;3989,77;2855,85;1133,92;0,2842
107321;2025-10-14;C0340;15;8;1;3932,86;0,0;3067,63;Boleto;Marketplace;3932,86;3067,63;865,23;0,22
107322;2025-05-02;C0123;9;2;1;317,46;0,15;200,0;Cartão de débito;Marketplace;269,84;200,0;69,84;0,2588
107323;2025-08-12;C0131;10;1;1;325,71;0,15;169,37;Boleto;Marketplace;276,85;169,37;107,48;0,3882
107324;2025-08-27;C1374;4;23;1;1267,09;0,05;886,96;Boleto;Online;1203,74;886,96;316,78;0,2632
107325;2025-05-29;C0396;1;10;1;773,44;0,0;495,0;Boleto;Online;773,44;495,0;278,44;0,36
107326;2025-10-09;C1977;11;6;2;1930,6;0,15;1312,81;PIX;Online;3282,02;2625,62;656,4;0,2
107327;2025-03-09;C2450;11;17;2;1220,31;0,1;829,81;Boleto;Online;2196,56;1659,62;536,94;0,2444
107328;2026-06-08;C0589;12;12;3;1572,95;0,0;1069,61;Boleto;Online;4718,85;3208,83;1510,02;0,32
107329;2025-07-22;C0926;7;21;2;532,19;0,0;329,96;Cartão de débito;Online;1064,38;659,92;404,46;0,38
107330;2025-07-07;C0528;8;10;1;233,73;0,1;128,55;Cartão de crédito;Online;210,36;128,55;81,81;0,3889
107331;2025-05-18;C1409;10;1;2;374,08;0,1;194,52;Boleto;Online;673,34;389,04;284,3;0,4222
107332;2026-01-13;C0289;6;25;1;183,96;0,2;91,98;Boleto;Online;147,17;91,98;55,19;0,375
107333;2025-07-27;C0477;16;11;2;407,73;0,0;224,25;Boleto;Online;815,46;448,5;366,96;0,45
107334;2026-06-08;C1616;3;12;3;28,9;0,05;13,0;Cartão de crédito;Online;82,36;39,0;43,36;0,5265
107335;2025-10-15;C1100;1;27;1;391,42;0,1;250,51;Cartão de crédito;Online;352,28;250,51;101,77;0,2889
107336;2026-04-21;C1156;4;11;2;924,64;0,1;647,25;PIX;Marketplace;1664,35;1294,5;369,85;0,2222
107337;2025-01-02;C1227;7;7;2;421,8;0,0;261,52;Cartão de débito;Marketplace;843,6;523,04;320,56;0,38
107338;2026-04-24;C1389;16;2;1;257,92;0,1;141,86;Boleto;Online;232,13;141,86;90,27;0,3889
107339;2025-12-17;C0871;9;27;2;516,35;0,1;325,3;Cartão de crédito;Online;929,43;650,6;278,83;0,3
107340;2026-05-16;C0835;5;6;1;373,2;0,05;242,58;Cartão de crédito;Online;354,54;242,58;111,96;0,3158
107341;2025-11-14;C1174;9;18;2;581,71;0,1;366,48;Cartão de crédito;Marketplace;1047,08;732,96;314,12;0,3
107342;2026-04-24;C0957;13;18;1;324,25;0,05;188,06;Cartão de crédito;Marketplace;308,04;188,06;119,98;0,3895
107343;2026-06-04;C1754;8;9;3;136,58;0,0;75,12;Cartão de débito;Marketplace;409,74;225,36;184,38;0,45
107344;2025-06-21;C0052;15;9;2;2252,52;0,1;1756,97;Boleto;Online;4054,54;3513,94;540,6;0,1333
107345;2025-05-04;C2355;12;4;1;984,1;0,0;669,19;PIX;Online;984,1;669,19;314,91;0,32
107346;2025-05-10;C0621;15;25;1;1614,32;0,0;1259,17;Boleto;Online;1614,32;1259,17;355,15;0,22
107347;2025-02-08;C1737;13;2;1;227,14;0,05;131,74;Boleto;Marketplace;215,78;131,74;84,04;0,3895
107348;2025-07-14;C1804;12;11;4;1491,72;0,0;1014,37;PIX;Marketplace;5966,88;4057,48;1909,4;0,32
107349;2025-12-28;C0957;8;18;3;273,69;0,2;150,53;PIX;Marketplace;656,86;451,59;205,27;0,3125
107350;2025-07-30;C1880;2;19;1;378,53;0,1;253,62;PIX;Marketplace;340,68;253,62;87,06;0,2555
107351;2025-03-06;C1936;17;17;3;482,54;0,05;289,52;PIX;Online;1375,24;868,56;506,68;0,3684
107352;2025-05-03;C2165;11;23;2;1086,94;0,0;739,12;Boleto;Marketplace;2173,88;1478,24;695,64;0,32
107353;2026-05-31;C1897;12;20;1;1355,29;0,0;921,6;Cartão de débito;Online;1355,29;921,6;433,69;0,32
107354;2025-02-20;C0077;14;22;1;4205,12;0,1;3027,69;PIX;Online;3784,61;3027,69;756,92;0,2
107355;2025-12-03;C1775;10;11;1;337,12;0,0;175,3;Cartão de débito;Marketplace;337,12;175,3;161,82;0,48
107356;2026-03-03;C0260;14;12;4;3559,06;0,1;2562,52;Cartão de crédito;Online;12812,62;10250,08;2562,54;0,2
107357;2026-04-16;C1202;13;23;1;277,76;0,2;161,1;Boleto;Marketplace;222,21;161,1;61,11;0,275
107358;2025-08-31;C0454;13;19;2;456,87;0,05;264,98;Cartão de débito;Marketplace;868,05;529,96;338,09;0,3895
107359;2026-01-15;C1667;14;7;3;4955,82;0,2;3568,19;Cartão de débito;Marketplace;11893,97;10704,57;1189,4;0,1
107360;2025-06-16;C0958;16;5;1;126,1;0,0;69,36;PIX;Online;126,1;69,36;56,74;0,45
107361;2025-09-15;C2087;17;21;3;406,0;0,0;243,6;Boleto;Online;1218,0;730,8;487,2;0,4
107362;2025-04-23;C0333;6;21;2;90,43;0,05;45,22;PIX;Online;171,82;90,44;81,38;0,4736
107363;2025-03-12;C0786;11;2;2;1881,86;0,0;1279,66;Cartão de débito;Marketplace;3763,72;2559,32;1204,4;0,32
107364;2026-04-03;C2151;9;18;3;533,6;0,05;336,17;PIX;Marketplace;1520,76;1008,51;512,25;0,3368
107365;2026-06-18;C2042;17;8;1;606,64;0,0;363,98;Boleto;Online;606,64;363,98;242,66;0,4
107366;2025-05-14;C2268;5;24;1;843,09;0,0;548,01;Boleto;Marketplace;843,09;548,01;295,08;0,35
107367;2025-04-05;C0834;9;10;3;346,69;0,05;218,41;PIX;Marketplace;988,07;655,23;332,84;0,3369
107368;2025-12-10;C1218;14;8;1;3731,6;0,0;2686,75;Cartão de débito;Marketplace;3731,6;2686,75;1044,85;0,28
107369;2026-05-04;C0141;12;12;2;984,66;0,1;669,57;Cartão de crédito;Marketplace;1772,39;1339,14;433,25;0,2444
107370;2025-01-13;C1925;17;9;3;430,38;0,05;258,23;Boleto;Marketplace;1226,58;774,69;451,89;0,3684
107371;2025-07-28;C1568;11;10;3;400,87;0,1;272,59;PIX;Marketplace;1082,35;817,77;264,58;0,2444
107372;2025-10-16;C0573;8;25;1;161,34;0,05;88,74;Cartão de débito;Online;153,27;88,74;64,53;0,421
107373;2025-12-20;C0824;16;17;1;227,85;0,0;125,32;Cartão de crédito;Online;227,85;125,32;102,53;0,45
107374;2026-01-22;C2424;7;3;1;204,84;0,1;127,0;Cartão de débito;Marketplace;184,36;127,0;57,36;0,3111
107375;2025-02-17;C0247;7;21;2;732,39;0,2;454,08;PIX;Online;1171,82;908,16;263,66;0,225
107376;2025-02-22;C0551;9;12;2;557,38;0,05;351,15;PIX;Online;1059,02;702,3;356,72;0,3368
107377;2026-04-29;C0091;6;23;4;182,7;0,0;91,35;Boleto;Marketplace;730,8;365,4;365,4;0,5
107378;2026-05-27;C2281;16;17;3;314,23;0,0;172,83;Boleto;Online;942,69;518,49;424,2;0,45
107379;2026-02-12;C0284;2;7;1;1150,19;0,05;770,63;Cartão de débito;Online;1092,68;770,63;322,05;0,2947
107380;2025-10-29;C1230;14;10;2;4631,92;0,2;3334,98;Cartão de crédito;Marketplace;7411,07;6669,96;741,11;0,1
107381;2025-12-08;C2398;17;5;1;108,93;0,1;65,36;PIX;Marketplace;98,04;65,36;32,68;0,3333
107382;2026-04-18;C0044;7;11;3;206,57;0,1;128,07;Cartão de crédito;Online;557,74;384,21;173,53;0,3111
107383;2025-04-18;C1489;8;25;1;112,84;0,15;62,06;Boleto;Marketplace;95,91;62,06;33,85;0,3529
107384;2026-06-22;C1276;14;19;1;4044,96;0,1;2912,37;Não informado;Marketplace;3640,46;2912,37;728,09;0,2
107385;2025-11-27;C0263;9;3;1;222,99;0,0;140,48;Cartão de débito;Online;222,99;140,48;82,51;0,37
107386;2026-04-18;C0007;16;27;1;327,56;0,1;180,16;Boleto;Online;294,8;180,16;114,64;0,3889
107387;2025-12-28;C2006;8;13;4;209,27;0,2;115,1;Boleto;Online;669,66;460,4;209,26;0,3125
107388;2025-02-23;C1799;5;27;1;1124,67;0,1;731,04;Boleto;Online;1012,2;731,04;281,16;0,2778
107389;2025-11-21;C2271;16;26;1;471,64;0,0;259,4;Cartão de crédito;Online;471,64;259,4;212,24;0,45
107390;2025-06-18;C0090;7;3;1;451,38;0,0;279,86;Boleto;Marketplace;451,38;279,86;171,52;0,38
107391;2026-05-29;C0985;7;21;1;213,67;0,1;132,48;Cartão de crédito;Online;192,3;132,48;59,82;0,3111
107392;2026-05-31;C0728;7;14;2;300,93;0,1;186,58;Cartão de crédito;Online;541,67;373,16;168,51;0,3111
107393;2025-11-16;C2443;10;4;3;315,73;0,1;164,18;Cartão de crédito;Online;852,47;492,54;359,93;0,4222
107394;2025-12-21;C0440;15;10;2;1644,73;0,1;1282,89;Cartão de crédito;Marketplace;2960,51;2565,78;394,73;0,1333
107395;2025-06-28;C2383;3;9;4;71,68;0,0;32,26;Cartão de débito;Marketplace;286,72;129,04;157,68;0,5499
107396;2026-03-02;C2176;1;5;1;455,77;0,0;291,69;Cartão de débito;Marketplace;455,77;291,69;164,08;0,36
107397;2026-03-12;C0200;13;8;1;346,74;0,05;201,11;Cartão de débito;Online;329,4;201,11;128,29;0,3895
107398;2026-05-07;C0871;14;14;1;5784,26;0,15;4164,67;Cartão de crédito;Online;4916,62;4164,67;751,95;0,1529
107399;2025-06-20;C0358;13;4;1;342,73;0,1;198,78;Boleto;Marketplace;308,46;198,78;109,68;0,3556
107400;2025-04-08;C0247;13;10;1;266,03;0,1;154,3;Cartão de débito;Online;239,43;154,3;85,13;0,3556
107401;2025-02-22;C0142;11;3;2;1322,6;0,0;899,37;Boleto;Online;2645,2;1798,74;846,46;0,32
107402;2026-06-01;C0116;4;21;1;1242,96;0,0;870,07;Cartão de crédito;Marketplace;1242,96;870,07;372,89;0,3
107403;2025-11-07;C0440;14;11;1;3065,6;0,15;2207,23;Cartão de crédito;Online;2605,76;2207,23;398,53;0,1529
107404;2026-05-31;C1867;7;9;2;849,64;0,0;526,78;Cartão de débito;Marketplace;1699,28;1053,56;645,72;0,38
107405;2025-02-12;C0800;3;26;2;67,12;0,0;30,2;Boleto;Online;134,24;60,4;73,84;0,5501
107406;2025-09-04;C2019;9;11;3;586,65;0,1;369,59;PIX;Marketplace;1583,96;1108,77;475,19;0,3
107407;2025-11-07;C0501;17;8;1;592,98;0,05;355,79;Boleto;Marketplace;563,33;355,79;207,54;0,3684
107408;2025-03-07;C0173;10;6;2;257,77;0,1;134,04;Cartão de débito;Marketplace;463,99;268,08;195,91;0,4222
107409;2025-06-13;C1916;15;24;1;1911,35;0,05;1490,85;PIX;Marketplace;1815,78;1490,85;324,93;0,1789
107410;2025-12-29;C0751;12;14;2;1929,03;0,15;1311,74;PIX;Marketplace;3279,35;2623,48;655,87;0,2
107411;2025-01-14;C2365;4;15;3;2287,44;0,05;1601,21;Boleto;Online;6519,2;4803,63;1715,57;0,2632
107412;2025-10-04;C0144;16;9;5;567,8;0,1;312,29;PIX;Online;2555,1;1561,45;993,65;0,3889
107413;2026-01-16;C1435;17;25;1;159,4;0,2;95,64;Boleto;Marketplace;127,52;95,64;31,88;0,25
107414;2026-03-13;C1776;8;11;3;297,01;0,05;163,36;Boleto;Online;846,48;490,08;356,4;0,421
107415;2025-10-19;C0707;12;23;2;759,4;0,0;516,39;PIX;Online;1518,8;1032,78;486,02;0,32
107416;2026-06-26;C0590;16;25;3;132,75;0,1;73,01;Cartão de crédito;Online;358,42;219,03;139,39;0,3889
107417;2026-01-29;C0477;3;27;3;54,31;0,0;24,44;PIX;Online;162,93;73,32;89,61;0,55
107418;2026-04-23;C1341;2;9;1;1183,08;0,0;792,66;Cartão de crédito;Marketplace;1183,08;792,66;390,42;0,33
107419;2025-11-10;C0971;9;7;2;245,84;0,05;154,88;Cartão de débito;Marketplace;467,1;309,76;157,34;0,3368
107420;2025-06-28;C1697;16;12;2;398,43;0,0;219,14;Cartão de crédito;Online;796,86;438,28;358,58;0,45
107421;2025-07-13;C1145;1;19;3;911,39;0,1;583,29;PIX;Marketplace;2460,75;1749,87;710,88;0,2889
107422;2025-06-13;C1893;7;23;1;895,21;0,05;555,03;PIX;Marketplace;850,45;555,03;295,42;0,3474
107423;2026-02-06;C0096;17;27;1;243,52;0,0;146,11;Boleto;Marketplace;243,52;146,11;97,41;0,4
107424;2026-04-28;C2481;15;12;2;3663,75;0,05;2857,72;Cartão de débito;Online;6961,12;5715,44;1245,68;0,1789
107425;2025-02-28;C1847;12;6;4;953,39;0,0;648,31;Cartão de crédito;Online;3813,56;2593,24;1220,32;0,32
107426;2026-03-01;C0766;14;16;2;2590,83;0,2;1865,4;Boleto;Marketplace;4145,33;3730,8;414,53;0,1
107427;2025-01-04;C1370;16;12;3;532,73;0,05;293,0;Cartão de crédito;Online;1518,28;879,0;639,28;0,4211
107428;2026-01-14;C0641;11;25;3;1233,42;0,1;838,73;Cartão de débito;Marketplace;3330,23;2516,19;814,04;0,2444
107429;2025-01-27;C1811;2;26;2;578,86;0,0;387,84;Cartão de débito;Marketplace;1157,72;775,68;382,04;0,33
107430;2026-02-25;C0427;17;17;1;799,13;0,0;479,48;Boleto;Online;799,13;479,48;319,65;0,4
107431;2025-01-16;C1347;12;11;3;2157,77;0,0;1467,28;Cartão de crédito;Online;6473,31;4401,84;2071,47;0,32
107432;2025-05-08;C2159;4;9;5;1064,44;0,0;745,11;PIX;Marketplace;5322,2;3725,55;1596,65;0,3
107433;2025-06-24;C0837;12;4;1;2104,45;0,2;1431,03;Não informado;Marketplace;1683,56;1431,03;252,53;0,15
107434;2025-05-04;C1412;8;17;3;158,8;0,0;87,34;Cartão de crédito;Marketplace;476,4;262,02;214,38;0,45
107435;2025-01-11;C1984;14;18;1;4302,22;0,15;3097,6;Boleto;Online;3656,89;3097,6;559,29;0,1529
107436;2025-03-25;C0587;12;8;1;1991,46;0,1;1354,19;PIX;Online;1792,31;1354,19;438,12;0,2444
107437;2025-06-27;C0197;16;14;1;561,34;0,1;308,74;Boleto;Marketplace;505,21;308,74;196,47;0,3889
107438;2025-11-17;C1895;8;7;1;246,41;0,05;135,53;Boleto;Online;234,09;135,53;98,56;0,421
107439;2025-01-17;C0112;11;10;1;1352,47;0,0;919,68;Boleto;Marketplace;1352,47;919,68;432,79;0,32
107440;2025-08-04;C0490;13;3;2;125,52;0,0;72,8;Cartão de crédito;Marketplace;251,04;145,6;105,44;0,42
107441;2025-07-22;C0321;6;7;5;115,99;0,05;57,99;Cartão de crédito;Online;550,95;289,95;261,0;0,4737
107442;2026-03-12;C0453;10;9;1;211,04;0,05;109,74;Cartão de crédito;Online;200,49;109,74;90,75;0,4526
107443;2026-01-22;C0089;3;18;1;72,01;0,05;32,4;PIX;Marketplace;68,41;32,4;36,01;0,5264
107444;2026-04-07;C1410;12;22;1;1732,64;0,1;1178,2;Boleto;Online;1559,38;1178,2;381,18;0,2444
107445;2025-09-30;C0239;10;14;2;386,11;0,0;200,78;PIX;Marketplace;772,22;401,56;370,66;0,48
107446;2025-10-09;C0252;5;10;1;717,47;0,0;466,36;Cartão de crédito;Online;717,47;466,36;251,11;0,35
107447;2026-04-13;C1854;6;1;1;112,76;0,05;56,38;Cartão de débito;Marketplace;107,12;56,38;50,74;0,4737
107448;2025-01-02;C0798;8;4;3;191,66;0,05;105,41;Cartão de débito;Online;546,23;316,23;230,0;0,4211
107449;2025-01-10;C1916;12;20;4;1066,97;0,1;725,54;PIX;Marketplace;3841,09;2902,16;938,93;0,2444
107450;2026-04-01;C0014;1;7;1;392,53;0,05;251,22;Cartão de débito;Marketplace;372,9;251,22;121,68;0,3263
107451;2025-05-17;C1074;13;7;2;266,92;0,0;154,81;Cartão de débito;Marketplace;533,84;309,62;224,22;0,42
107452;2026-05-01;C1563;8;7;1;128,8;0,0;70,84;Boleto;Online;128,8;70,84;57,96;0,45
107453;2026-01-08;C0809;2;17;1;404,11;0,0;270,75;Cartão de crédito;Online;404,11;270,75;133,36;0,33
107454;2025-12-10;C0551;16;20;1;327,99;0,1;180,39;PIX;Marketplace;295,19;180,39;114,8;0,3889
107455;2026-03-23;C1464;10;6;3;197,18;0,0;102,53;Cartão de débito;Online;591,54;307,59;283,95;0,48
107456;2025-08-09;C1813;12;6;1;2394,45;0,0;1628,23;PIX;Marketplace;2394,45;1628,23;766,22;0,32
107457;2025-03-17;C0654;8;13;3;234,61;0,0;129,04;Boleto;Marketplace;703,83;387,12;316,71;0,45
107458;2025-03-18;C1317;9;27;1;517,96;0,15;326,31;Cartão de débito;Online;440,27;326,31;113,96;0,2588
107459;2025-03-08;C0341;1;5;1;987,47;0,05;631,98;Cartão de crédito;Online;938,1;631,98;306,12;0,3263
107460;2025-06-13;C2363;6;4;1;147,15;0,0;73,58;Cartão de crédito;Marketplace;147,15;73,58;73,57;0,5
107461;2025-03-20;C0883;15;5;4;1110,85;0,1;866,46;Cartão de débito;Marketplace;3999,06;3465,84;533,22;0,1333
107462;2026-06-16;C2418;10;17;1;274,66;0,1;142,82;Cartão de débito;Marketplace;247,19;142,82;104,37;0,4222
107463;2026-05-08;C1144;8;10;1;121,26;0,2;66,69;Boleto;Online;97,01;66,69;30,32;0,3125
107464;2026-01-10;C1112;4;17;2;2377,75;0,05;1664,42;Cartão de débito;Marketplace;4517,72;3328,84;1188,88;0,2632
107465;2025-02-13;C1068;16;19;1;465,53;0,15;256,04;Boleto;Marketplace;395,7;256,04;139,66;0,3529
107466;2026-05-13;C0370;17;27;1;510,14;0,2;306,08;PIX;Marketplace;408,11;306,08;102,03;0,25
107467;2025-07-09;C2298;9;24;1;301,69;0,15;190,06;PIX;Marketplace;256,44;190,06;66,38;0,2589
107468;2025-01-12;C1271;12;10;1;1926,94;0,2;1310,32;PIX;Marketplace;1541,55;1310,32;231,23;0,15
107469;2025-06-19;C0204;17;20;1;262,37;0,2;157,42;Cartão de crédito;Online;209,9;157,42;52,48;0,25
107470;2025-07-05;C1106;16;3;1;409,34;0,1;225,14;Boleto;Marketplace;368,41;225,14;143,27;0,3889
107471;2025-11-24;C0812;8;5;1;217,28;0,05;119,5;Cartão de crédito;Marketplace;206,42;119,5;86,92;0,4211
107472;2025-02-22;C1486;4;4;1;1101,25;0,0;770,88;PIX;Online;1101,25;770,88;330,37;0,3
107473;2026-03-04;C1211;2;9;2;1358,03;0,0;909,88;Cartão de crédito;Online;2716,06;1819,76;896,3;0,33
107474;2026-02-15;C1851;2;2;1;272,48;0,0;182,56;Cartão de débito;Marketplace;272,48;182,56;89,92;0,33
107475;2025-09-02;C2094;8;17;1;247,33;0,05;136,03;Cartão de crédito;Marketplace;234,96;136,03;98,93;0,4211
107476;2025-03-14;C2303;7;19;1;570,76;0,0;353,87;Boleto;Online;570,76;353,87;216,89;0,38
107477;2025-02-17;C1408;9;10;1;257,12;0,05;161,99;Cartão de crédito;Online;244,26;161,99;82,27;0,3368
107478;2025-12-22;C0699;8;19;3;93,47;0,2;51,41;Boleto;Marketplace;224,33;154,23;70,1;0,3125
107479;2025-01-26;C1200;11;8;2;781,04;0,05;531,11;PIX;Online;1483,98;1062,22;421,76;0,2842
107480;2026-04-29;C1989;13;5;1;432,53;0,1;250,87;Cartão de débito;Marketplace;389,28;250,87;138,41;0,3556
107481;2025-09-02;C2402;13;5;1;132,22;0,0;76,69;Cartão de crédito;Online;132,22;76,69;55,53;0,42
107482;2025-10-12;C0186;8;18;1;189,06;0,0;103,98;Boleto;Online;189,06;103,98;85,08;0,45
107483;2025-08-06;C0685;2;1;4;1075,63;0,05;720,67;Cartão de débito;Marketplace;4087,39;2882,68;1204,71;0,2947
107484;2026-05-01;C0568;16;27;2;236,72;0,0;130,2;Boleto;Online;473,44;260,4;213,04;0,45
107485;2025-06-11;C1736;13;5;1;281,12;0,05;163,05;Cartão de débito;Online;267,06;163,05;104,01;0,3895
107486;2025-08-30;C0650;9;14;2;141,12;0,15;88,91;Cartão de débito;Online;239,9;177,82;62,08;0,2588
107487;2025-06-03;C1825;13;15;1;122,13;0,1;70,84;Cartão de débito;Marketplace;109,92;70,84;39,08;0,3555
107488;2025-03-15;C1870;2;22;1;1028,95;0,1;689,4;Cartão de crédito;Online;926,06;689,4;236,66;0,2556
107489;2025-10-23;C0583;13;2;1;421,25;0,0;244,32;Cartão de débito;Marketplace;421,25;244,32;176,93;0,42
107490;2026-01-15;C0660;8;26;1;233,13;0,0;128,22;Cartão de débito;Marketplace;233,13;128,22;104,91;0,45
107491;2025-02-06;C0109;2;2;3;1007,67;0,1;675,14;Boleto;Marketplace;2720,71;2025,42;695,29;0,2556
107492;2025-03-26;C1129;11;7;4;949,8;0,1;645,86;PIX;Marketplace;3419,28;2583,44;835,84;0,2444
107493;2025-11-10;C0578;2;5;2;1000,57;0,1;670,38;Boleto;Online;1801,03;1340,76;460,27;0,2556
107494;2025-07-12;C0671;10;13;2;145,34;0,1;75,58;Cartão de débito;Online;261,61;151,16;110,45;0,4222
107495;2025-12-28;C1524;8;27;5;178,43;0,1;98,14;Cartão de débito;Marketplace;802,94;490,7;312,24;0,3889
107496;2025-04-05;C0950;4;8;4;891,79;0,15;624,25;Boleto;Marketplace;3032,09;2497,0;535,09;0,1765
107497;2025-04-27;C0595;5;20;3;620,11;0,0;403,07;Boleto;Marketplace;1860,33;1209,21;651,12;0,35
107498;2026-03-30;C0144;11;19;1;571,32;0,15;388,5;PIX;Online;485,62;388,5;97,12;0,2
107499;2025-08-24;C0928;1;3;1;576,83;0,1;369,17;PIX;Marketplace;519,15;369,17;149,98;0,2889
107500;2025-05-06;C0844;14;4;1;4428,65;0,0;3188,63;Cartão de crédito;Online;4428,65;3188,63;1240,02;0,28
107501;2025-03-27;C0320;2;18;3;801,39;0,1;536,93;Cartão de crédito;Online;2163,75;1610,79;552,96;0,2556
107502;2025-02-02;C0341;13;13;4;271,14;0,2;157,26;Cartão de débito;Online;867,65;629,04;238,61;0,275
107503;2025-02-10;C1626;10;13;1;281,43;0,15;146,34;Boleto;Marketplace;239,22;146,34;92,88;0,3883
107504;2025-01-01;C1969;1;6;1;735,74;0,05;470,87;Boleto;Online;698,95;470,87;228,08;0,3263
107505;2026-04-09;C1282;6;24;4;162,14;0,0;81,07;PIX;Online;648,56;324,28;324,28;0,5
107506;2025-01-19;C0528;15;23;2;3101,96;0,05;2419,53;Cartão de débito;Marketplace;5893,72;4839,06;1054,66;0,1789
107507;2025-09-08;C0600;14;1;4;3791,86;0,0;2730,14;Boleto;Marketplace;15167,44;10920,56;4246,88;0,28
107508;2026-02-10;C0783;6;19;3;182,08;0,0;91,04;Cartão de débito;Online;546,24;273,12;273,12;0,5
107509;2025-11-27;C0808;16;20;1;218,58;0,1;120,22;Cartão de crédito;Online;196,72;120,22;76,5;0,3889
107510;2026-01-25;C1267;16;10;3;482,25;0,2;265,24;Cartão de crédito;Marketplace;1157,4;795,72;361,68;0,3125
107511;2025-09-16;C1692;9;7;2;410,43;0,0;258,57;Boleto;Marketplace;820,86;517,14;303,72;0,37
107512;2025-06-04;C1772;8;6;2;91,39;0,0;50,26;Boleto;Online;182,78;100,52;82,26;0,45
107513;2025-07-11;C0657;5;9;1;942,86;0,1;612,86;PIX;Online;848,57;612,86;235,71;0,2778
107514;2025-07-26;C1096;15;27;2;1980,68;0,15;1544,93;Cartão de crédito;Marketplace;3367,16;3089,86;277,3;0,0824
107515;2026-06-15;C2167;5;24;2;800,46;0,0;520,3;Cartão de crédito;Marketplace;1600,92;1040,6;560,32;0,35
107516;2025-06-15;C2060;2;2;3;1273,14;0,0;853,0;Cartão de crédito;Marketplace;3819,42;2559,0;1260,42;0,33
107517;2025-03-29;C0086;12;1;2;1818,69;0,05;1236,71;Cartão de débito;Online;3455,51;2473,42;982,09;0,2842
107518;2025-05-10;C0388;15;26;1;4867,43;0,1;3796,6;Boleto;Online;4380,69;3796,6;584,09;0,1333
107519;2026-06-12;C1239;8;14;2;228,79;0,0;125,83;Cartão de débito;Online;457,58;251,66;205,92;0,45
107520;2026-04-14;C1661;3;8;3;54,14;0,1;24,36;Cartão de crédito;Online;146,18;73,08;73,1;0,5001
107521;2025-12-09;C0824;9;21;1;469,1;0,1;295,53;PIX;Online;422,19;295,53;126,66;0,3
107522;2025-08-08;C1572;13;19;1;419,53;0,0;243,33;PIX;Marketplace;419,53;243,33;176,2;0,42
107523;2025-12-21;C0054;7;5;1;433,51;0,0;268,78;Cartão de débito;Marketplace;433,51;268,78;164,73;0,38
107524;2025-02-10;C2383;11;16;2;1851,72;0,1;1259,17;Cartão de débito;Online;3333,1;2518,34;814,76;0,2444
107525;2025-10-21;C2381;8;22;3;127,11;0,05;69,91;Cartão de crédito;Marketplace;362,26;209,73;152,53;0,4211
107526;2026-03-23;C2100;15;20;1;3982,19;0,1;3106,11;Cartão de débito;Online;3583,97;3106,11;477,86;0,1333
107527;2025-07-24;C1906;8;17;1;264,96;0,1;145,73;PIX;Marketplace;238,46;145,73;92,73;0,3889
107528;2025-09-04;C1651;6;8;1;73,79;0,1;36,9;Cartão de débito;Online;66,41;36,9;29,51;0,4444
107529;2025-05-28;C2331;14;24;1;4045,79;0,05;2912,97;Cartão de débito;Online;3843,5;2912,97;930,53;0,2421
107530;2026-06-27;C1759;4;14;1;1047,13;0,15;732,99;Cartão de débito;Online;890,06;732,99;157,07;0,1765
107531;2025-05-15;C0591;9;3;1;156,55;0,0;98,63;PIX;Online;156,55;98,63;57,92;0,37
107532;2025-01-06;C1488;5;25;1;590,48;0,0;383,81;Boleto;Marketplace;590,48;383,81;206,67;0,35
107533;2026-02-18;C0443;14;17;2;3029,58;0,2;2181,3;PIX;Online;4847,33;4362,6;484,73;0,1
107534;2025-06-26;C0511;9;13;1;269,36;0,2;169,7;Cartão de débito;Online;215,49;169,7;45,79;0,2125
107535;2025-04-13;C1783;1;9;2;482,9;0,05;309,06;Cartão de crédito;Online;917,51;618,12;299,39;0,3263
107536;2026-05-02;C1196;16;8;2;272,78;0,1;150,03;Boleto;Marketplace;491,0;300,06;190,94;0,3889
107537;2025-04-28;C0604;10;20;1;386,15;0,1;200,8;PIX;Marketplace;347,54;200,8;146,74;0,4222
107538;2026-03-12;C1238;16;15;2;381,8;0,15;209,99;Cartão de crédito;Online;649,06;419,98;229,08;0,3529
107539;2026-04-30;C1864;7;16;2;457,94;0,2;283,92;Cartão de débito;Marketplace;732,7;567,84;164,86;0,225
107540;2025-11-17;C1917;9;14;1;261,33;0,1;164,64;Cartão de débito;Online;235,2;164,64;70,56;0,3
107541;2025-04-22;C0785;12;24;1;1395,48;0,0;948,93;Cartão de crédito;Online;1395,48;948,93;446,55;0,32
107542;2025-05-13;C1082;8;2;1;245,63;0,15;135,1;PIX;Online;208,79;135,1;73,69;0,3529
107543;2025-06-12;C0273;4;22;2;1772,47;0,2;1240,73;Boleto;Online;2835,95;2481,46;354,49;0,125
107544;2026-05-22;C1862;16;11;2;196,45;0,0;108,05;Cartão de débito;Online;392,9;216,1;176,8;0,45
107545;2025-02-09;C1100;5;25;1;248,76;0,1;161,69;Cartão de crédito;Online;223,88;161,69;62,19;0,2778
107546;2025-05-14;C0365;15;9;3;4526,26;0,0;3530,48;PIX;Online;13578,78;10591,44;2987,34;0,22
107547;2026-01-15;C1387;4;17;1;2103,12;0,1;1472,18;Cartão de crédito;Online;1892,81;1472,18;420,63;0,2222
107548;2026-01-29;C0819;12;1;1;1662,09;0,0;1130,22;Cartão de crédito;Marketplace;1662,09;1130,22;531,87;0,32
107549;2026-04-06;C1563;16;7;1;583,78;0,0;321,08;Cartão de crédito;Marketplace;583,78;321,08;262,7;0,45
107550;2025-03-06;C1635;4;16;1;764,67;0,05;535,27;Boleto;Online;726,44;535,27;191,17;0,2632
107551;2025-02-08;C1117;8;8;1;223,06;0,1;122,68;PIX;Online;200,75;122,68;78,07;0,3889
107552;2026-04-06;C1797;1;11;4;825,65;0,05;528,42;Cartão de crédito;Online;3137,47;2113,68;1023,79;0,3263
107553;2025-12-16;C1111;6;23;3;61,2;0,1;30,6;PIX;Marketplace;165,24;91,8;73,44;0,4444
107554;2025-09-03;C0848;16;10;1;427,46;0,0;235,1;PIX;Online;427,46;235,1;192,36;0,45
107555;2026-03-17;C0192;5;2;4;354,57;0,0;230,47;Cartão de crédito;Online;1418,28;921,88;496,4;0,35
107556;2026-05-26;C0132;12;2;1;1545,68;0,15;1051,06;Cartão de crédito;Online;1313,83;1051,06;262,77;0,2
107557;2026-03-21;C2495;15;7;2;2741,6;0,05;2138,45;Cartão de crédito;Marketplace;5209,04;4276,9;932,14;0,1789
107558;2026-03-18;C0090;16;1;1;267,62;0,1;147,19;Cartão de crédito;Marketplace;240,86;147,19;93,67;0,3889
107559;2025-10-08;C1099;5;20;2;807,67;0,1;524,99;Cartão de crédito;Marketplace;1453,81;1049,98;403,83;0,2778
107560;2025-07-11;C2292;12;2;1;1957,77;0,15;1331,28;Cartão de débito;Online;1664,1;1331,28;332,82;0,2
107561;2025-12-11;C1365;4;7;1;1109,29;0,1;776,5;PIX;Marketplace;998,36;776,5;221,86;0,2222
107562;2026-06-18;C0157;12;16;1;745,06;0,05;506,64;Cartão de crédito;Online;707,81;506,64;201,17;0,2842
107563;2025-03-22;C1705;16;23;2;161,67;0,15;88,92;Cartão de débito;Marketplace;274,84;177,84;97,0;0,3529
107564;2025-10-26;C1323;5;14;2;372,57;0,0;242,17;Cartão de débito;Online;745,14;484,34;260,8;0,35
107565;2026-01-31;C1056;7;8;1;760,86;0,1;471,73;Boleto;Marketplace;684,77;471,73;213,04;0,3111
107566;2026-03-02;C0393;2;2;2;1344,62;0,1;900,9;Cartão de crédito;Marketplace;2420,32;1801,8;618,52;0,2556
107567;2026-01-06;C1691;17;17;1;556,09;0,0;333,65;PIX;Online;556,09;333,65;222,44;0,4
107568;2025-01-30;C1736;3;8;1;78,7;0,05;35,41;Cartão de débito;Marketplace;74,76;35,41;39,35;0,5264
107569;2025-03-05;C1610;3;24;1;75,69;0,05;34,06;Cartão de débito;Marketplace;71,91;34,06;37,85;0,5264
107570;2025-03-10;C1279;3;7;1;99,31;0,05;44,69;Boleto;Marketplace;94,34;44,69;49,65;0,5263
107571;2025-01-19;C0078;12;25;1;903,69;0,05;614,51;Boleto;Marketplace;858,51;614,51;244,0;0,2842
107572;2026-04-01;C0029;9;26;2;451,0;0,05;284,13;Cartão de crédito;Marketplace;856,9;568,26;288,64;0,3368
107573;2026-02-12;C0285;4;2;1;1372,84;0,0;960,99;PIX;Online;1372,84;960,99;411,85;0,3
107574;2026-01-16;C0273;13;1;1;416,54;0,0;241,59;Cartão de crédito;Online;416,54;241,59;174,95;0,42
107575;2025-04-22;C1126;16;14;1;176,07;0,05;96,84;PIX;Marketplace;167,27;96,84;70,43;0,4211
107576;2026-01-29;C2401;9;2;1;285,03;0,0;179,57;Cartão de crédito;Marketplace;285,03;179,57;105,46;0,37
107577;2025-10-09;C1092;14;13;2;3311,86;0,0;2384,54;Cartão de crédito;Online;6623,72;4769,08;1854,64;0,28
107578;2026-04-06;C0562;13;8;2;267,57;0,0;155,19;Cartão de débito;Online;535,14;310,38;224,76;0,42
107579;2025-02-11;C1420;7;19;1;852,08;0,05;528,29;Cartão de débito;Marketplace;809,48;528,29;281,19;0,3474
107580;2026-01-20;C0862;7;12;1;316,2;0,1;196,04;PIX;Marketplace;284,58;196,04;88,54;0,3111
107581;2026-04-23;C2098;14;18;1;4287,95;0,1;3087,32;Cartão de crédito;Online;3859,16;3087,32;771,84;0,2
107582;2025-06-17;C0549;4;19;1;1730,69;0,0;1211,48;PIX;Online;1730,69;1211,48;519,21;0,3
107583;2025-03-23;C0325;1;12;1;987,94;0,05;632,28;Boleto;Online;938,54;632,28;306,26;0,3263
107584;2026-06-07;C0933;2;26;1;1327,43;0,15;889,38;Boleto;Online;1128,32;889,38;238,94;0,2118
107585;2025-08-24;C2387;4;21;1;2087,15;0,0;1461,0;Cartão de débito;Marketplace;2087,15;1461,0;626,15;0,3
107586;2025-03-20;C0533;11;13;3;1463,32;0,05;995,06;Boleto;Marketplace;4170,46;2985,18;1185,28;0,2842
107587;2025-03-20;C0014;5;9;1;771,91;0,0;501,74;Boleto;Marketplace;771,91;501,74;270,17;0,35
107588;2025-07-02;C1810;2;11;1;1346,39;0,05;902,08;Cartão de crédito;Marketplace;1279,07;902,08;376,99;0,2947
107589;2026-03-05;C2452;12;12;2;1679,42;0,0;1142,01;Cartão de débito;Marketplace;3358,84;2284,02;1074,82;0,32
107590;2025-03-23;C0472;12;19;1;2216,96;0,15;1507,53;Boleto;Online;1884,42;1507,53;376,89;0,2
107591;2025-09-05;C0704;3;15;3;28,38;0,05;12,77;Cartão de crédito;Marketplace;80,88;38,31;42,57;0,5263
107592;2025-06-03;C0304;8;26;1;262,69;0,1;144,48;Boleto;Marketplace;236,42;144,48;91,94;0,3889
107593;2025-02-27;C1370;11;26;1;1814,45;0,0;1233,83;Cartão de crédito;Online;1814,45;1233,83;580,62;0,32
107594;2026-05-20;C0339;10;25;1;225,47;0,1;117,24;PIX;Online;202,92;117,24;85,68;0,4222
107595;2025-09-23;C0861;4;2;2;1897,2;0,1;1328,04;Cartão de crédito;Online;3414,96;2656,08;758,88;0,2222
107596;2026-06-14;C0455;10;3;3;328,63;0,15;170,89;Cartão de crédito;Marketplace;838,01;512,67;325,34;0,3882
107597;2025-09-05;C0212;7;16;4;809,18;0,1;501,69;Cartão de débito;Online;2913,05;2006,76;906,29;0,3111
107598;2026-02-27;C2259;2;27;2;751,27;0,0;503,35;Boleto;Online;1502,54;1006,7;495,84;0,33
107599;2026-01-17;C1898;17;12;1;134,62;0,1;80,77;Cartão de débito;Online;121,16;80,77;40,39;0,3334
107600;2025-08-25;C1815;8;15;2;233,64;0,05;128,5;Boleto;Online;443,92;257,0;186,92;0,4211
107601;2025-12-06;C1977;4;3;1;585,66;0,0;409,96;Cartão de débito;Marketplace;585,66;409,96;175,7;0,3
107602;2025-03-15;C1901;4;14;1;1493,03;0,1;1045,12;Cartão de débito;Marketplace;1343,73;1045,12;298,61;0,2222
107603;2026-05-12;C0698;13;20;1;327,54;0,1;189,97;Cartão de débito;Marketplace;294,79;189,97;104,82;0,3556
107604;2025-05-04;C0641;1;11;2;788,49;0,0;504,63;Cartão de crédito;Online;1576,98;1009,26;567,72;0,36
107605;2026-06-24;C0745;7;2;5;760,99;0,05;471,81;Cartão de crédito;Online;3614,7;2359,05;1255,65;0,3474
107606;2025-04-10;C0001;15;25;1;2305,24;0,05;1798,09;Boleto;Online;2189,98;1798,09;391,89;0,1789
107607;2025-04-05;C0681;12;27;1;1933,99;0,1;1315,11;Cartão de débito;Marketplace;1740,59;1315,11;425,48;0,2444
107608;2026-01-21;C0925;11;1;1;884,08;0,0;601,17;PIX;Marketplace;884,08;601,17;282,91;0,32
107609;2026-03-04;C1574;17;14;1;234,52;0,1;140,71;Cartão de crédito;Online;211,07;140,71;70,36;0,3333
107610;2026-03-31;C0955;5;27;1;665,55;0,15;432,61;PIX;Marketplace;565,72;432,61;133,11;0,2353
107611;2026-06-15;C0286;12;21;1;1950,7;0,1;1326,48;Cartão de crédito;Marketplace;1755,63;1326,48;429,15;0,2444
107612;2025-08-20;C0878;8;6;2;195,82;0,05;107,7;PIX;Marketplace;372,06;215,4;156,66;0,4211
107613;2025-12-30;C1493;2;11;1;1365,45;0,0;914,85;Cartão de débito;Marketplace;1365,45;914,85;450,6;0,33
107614;2026-03-31;C1270;10;19;3;138,45;0,0;71,99;PIX;Online;415,35;215,97;199,38;0,48
107615;2026-01-17;C1433;7;23;1;223,28;0,05;138,43;Boleto;Marketplace;212,12;138,43;73,69;0,3474
107616;2026-04-08;C1031;2;10;1;1083,64;0,1;726,04;Boleto;Marketplace;975,28;726,04;249,24;0,2556
107617;2025-10-17;C2367;6;16;3;138,92;0,0;69,46;PIX;Online;416,76;208,38;208,38;0,5
107618;2025-07-13;C0611;6;11;1;212,64;0,0;106,32;Cartão de crédito;Online;212,64;106,32;106,32;0,5
107619;2025-10-16;C0797;7;10;2;228,89;0,1;141,91;Cartão de crédito;Online;412,0;283,82;128,18;0,3111
107620;2025-06-02;C1012;12;14;2;909,06;0,1;618,16;Cartão de crédito;Online;1636,31;1236,32;399,99;0,2444
107621;2025-02-11;C0498;9;7;1;351,77;0,1;221,62;Cartão de crédito;Online;316,59;221,62;94,97;0,3
107622;2025-07-27;C0576;6;26;1;124,02;0,0;62,01;Boleto;Marketplace;124,02;62,01;62,01;0,5
107623;2025-07-01;C1213;14;7;2;2756,43;0,05;1984,63;Cartão de débito;Marketplace;5237,22;3969,26;1267,96;0,2421
107624;2026-04-09;C1898;3;1;1;68,64;0,05;30,89;Boleto;Marketplace;65,21;30,89;34,32;0,5263
107625;2025-01-03;C1892;5;17;1;1134,83;0,1;737,64;Cartão de débito;Online;1021,35;737,64;283,71;0,2778
107626;2026-05-11;C2473;13;1;2;379,94;0,0;220,37;PIX;Marketplace;759,88;440,74;319,14;0,42
107627;2025-07-01;C2183;9;25;1;239,04;0,05;150,6;Boleto;Online;227,09;150,6;76,49;0,3368
107628;2026-06-10;C1881;11;15;1;539,66;0,15;366,97;PIX;Online;458,71;366,97;91,74;0,2
107629;2026-01-27;C1925;4;6;1;1315,54;0,2;920,88;PIX;Online;1052,43;920,88;131,55;0,125
107630;2025-07-30;C0672;17;20;3;177,31;0,1;106,39;Cartão de crédito;Online;478,74;319,17;159,57;0,3333
107631;2026-05-28;C0761;10;18;1;155,38;0,1;80,8;Cartão de crédito;Marketplace;139,84;80,8;59,04;0,4222
107632;2025-01-04;C2120;10;25;4;203,57;0,15;105,86;PIX;Online;692,14;423,44;268,7;0,3882
107633;2025-05-17;C1179;8;11;3;196,3;0,15;107,97;Cartão de crédito;Marketplace;500,57;323,91;176,66;0,3529
107634;2025-04-15;C2000;8;16;4;282,15;0,05;155,18;Cartão de crédito;Marketplace;1072,17;620,72;451,45;0,4211
107635;2026-05-17;C1851;7;24;2;204,25;0,1;126,64;Boleto;Marketplace;367,65;253,28;114,37;0,3111
107636;2026-04-22;C0838;14;27;4;3989,8;0,15;2872,66;Não informado;Online;13565,32;11490,64;2074,68;0,1529
107637;2025-11-08;C0233;12;4;3;2210,18;0,1;1502,92;Cartão de débito;Online;5967,49;4508,76;1458,73;0,2444
107638;2026-02-01;C0705;5;21;2;1181,45;0,1;767,94;Boleto;Online;2126,61;1535,88;590,73;0,2778
107639;2025-03-26;C0869;17;19;1;260,3;0,05;156,18;Boleto;Marketplace;247,28;156,18;91,1;0,3684
107640;2026-03-27;C2416;17;25;4;402,11;0,2;241,27;Cartão de crédito;Marketplace;1286,75;965,08;321,67;0,25
107641;2026-02-15;C1556;7;22;1;718,27;0,0;445,33;Cartão de débito;Marketplace;718,27;445,33;272,94;0,38
107642;2026-05-20;C0169;11;8;1;744,33;0,0;506,14;Cartão de débito;Marketplace;744,33;506,14;238,19;0,32
107643;2025-05-24;C0349;15;25;3;1493,32;0,1;1164,79;Cartão de crédito;Marketplace;4031,96;3494,37;537,59;0,1333
107644;2026-04-15;C0897;13;16;1;260,1;0,0;150,86;Cartão de débito;Marketplace;260,1;150,86;109,24;0,42
107645;2026-03-18;C2000;13;9;1;388,68;0,1;225,43;PIX;Online;349,81;225,43;124,38;0,3556
107646;2025-11-04;C2220;4;26;1;2461,26;0,0;1722,88;Boleto;Online;2461,26;1722,88;738,38;0,3
107647;2026-01-22;C2099;13;8;3;448,05;0,05;259,87;PIX;Marketplace;1276,94;779,61;497,33;0,3895
107648;2026-04-13;C1983;6;3;1;190,23;0,05;95,11;Cartão de débito;Marketplace;180,72;95,11;85,61;0,4737
107649;2025-05-29;C1465;17;12;2;263,59;0,1;158,15;Cartão de crédito;Marketplace;474,46;316,3;158,16;0,3333
107650;2026-03-06;C2055;5;10;1;1019,29;0,0;662,54;Cartão de crédito;Online;1019,29;662,54;356,75;0,35
107651;2026-02-05;C0273;13;18;5;326,84;0,0;189,57;Cartão de débito;Marketplace;1634,2;947,85;686,35;0,42
107652;2025-11-19;C1547;8;22;2;157,31;0,1;86,52;Cartão de débito;Marketplace;283,16;173,04;110,12;0,3889
107653;2026-04-24;C0936;10;27;4;130,18;0,1;67,69;PIX;Online;468,65;270,76;197,89;0,4223
107654;2026-03-02;C1844;10;18;1;88,87;0,0;46,21;Cartão de débito;Marketplace;88,87;46,21;42,66;0,48
107655;2026-05-13;C1097;13;19;1;95,71;0,15;55,51;Boleto;Online;81,35;55,51;25,84;0,3176
107656;2026-02-15;C1786;8;6;1;196,27;0,15;107,95;Boleto;Online;166,83;107,95;58,88;0,3529
107657;2026-01-29;C1028;4;26;5;735,42;0,0;514,79;Boleto;Marketplace;3677,1;2573,95;1103,15;0,3
107658;2025-02-15;C0629;16;6;2;530,37;0,0;291,7;PIX;Online;1060,74;583,4;477,34;0,45
107659;2025-12-30;C1683;5;16;1;792,04;0,0;514,83;Cartão de crédito;Marketplace;792,04;514,83;277,21;0,35
107660;2025-03-01;C1758;15;15;2;4461,94;0,1;3480,31;Cartão de crédito;Online;8031,49;6960,62;1070,87;0,1333
107661;2025-08-11;C0603;16;26;1;589,74;0,05;324,36;PIX;Marketplace;560,25;324,36;235,89;0,421
107662;2025-06-07;C0758;5;13;2;210,07;0,0;136,55;PIX;Marketplace;420,14;273,1;147,04;0,35
107663;2025-10-18;C0228;7;25;1;666,19;0,0;413,04;PIX;Marketplace;666,19;413,04;253,15;0,38
107664;2026-06-22;C1980;11;4;3;487,03;0,0;331,18;Cartão de crédito;Marketplace;1461,09;993,54;467,55;0,32
107665;2025-02-14;C1345;15;25;1;1165,97;0,0;909,46;PIX;Online;1165,97;909,46;256,51;0,22
107666;2026-06-22;C1577;11;1;1;909,14;0,0;618,22;Cartão de crédito;Marketplace;909,14;618,22;290,92;0,32
107667;2025-04-12;C1295;2;15;2;1070,07;0,1;716,95;Cartão de crédito;Marketplace;1926,13;1433,9;492,23;0,2556
107668;2026-05-19;C1699;4;4;1;1656,0;0,1;1159,2;Cartão de débito;Online;1490,4;1159,2;331,2;0,2222
107669;2025-05-03;C2336;9;11;1;199,77;0,0;125,86;PIX;Online;199,77;125,86;73,91;0,37
107670;2026-01-10;C1192;16;21;2;139,62;0,2;76,79;Boleto;Online;223,39;153,58;69,81;0,3125
107671;2025-07-01;C0566;12;21;1;1926,28;0,2;1309,87;Boleto;Marketplace;1541,02;1309,87;231,15;0,15
107672;2026-03-07;C1538;7;21;1;322,02;0,0;199,65;Não informado;Marketplace;322,02;199,65;122,37;0,38
107673;2025-11-06;C2142;15;20;2;1169,92;0,1;912,54;PIX;Marketplace;2105,86;1825,08;280,78;0,1333
107674;2025-11-02;C1669;17;8;2;559,87;0,2;335,92;Cartão de crédito;Online;895,79;671,84;223,95;0,25
107675;2026-04-21;C1485;16;24;1;593,24;0,0;326,28;Boleto;Marketplace;593,24;326,28;266,96;0,45
107676;2025-01-13;C1027;8;13;1;283,92;0,1;156,16;Boleto;Marketplace;255,53;156,16;99,37;0,3889
107677;2025-08-21;C2469;15;2;1;1147,01;0,0;894,67;Cartão de débito;Online;1147,01;894,67;252,34;0,22
107678;2025-12-02;C1973;4;23;1;868,08;0,0;607,66;Cartão de crédito;Online;868,08;607,66;260,42;0,3
107679;2025-03-07;C0617;7;5;1;641,93;0,1;398,0;PIX;Online;577,74;398,0;179,74;0,3111
107680;2025-10-23;C0489;13;24;1;258,1;0,05;149,7;Cartão de crédito;Marketplace;245,2;149,7;95,5;0,3895
107681;2026-02-06;C1690;4;4;2;2334,64;0,0;1634,25;Cartão de crédito;Online;4669,28;3268,5;1400,78;0,3
107682;2025-12-06;C1245;6;3;1;216,78;0,1;108,39;Cartão de débito;Online;195,1;108,39;86,71;0,4444
107683;2026-01-03;C0139;15;10;1;2503,32;0,0;1952,59;Não informado;Marketplace;2503,32;1952,59;550,73;0,22
107684;2026-04-20;C1827;13;11;2;118,27;0,0;68,6;PIX;Marketplace;236,54;137,2;99,34;0,42
107685;2026-06-18;C2196;13;9;1;201,9;0,05;117,1;Cartão de crédito;Online;191,8;117,1;74,7;0,3895
107686;2025-11-25;C0640;2;1;1;669,28;0,15;448,42;PIX;Marketplace;568,89;448,42;120,47;0,2118
107687;2025-10-11;C0385;16;13;3;343,13;0,1;188,72;Cartão de crédito;Online;926,45;566,16;360,29;0,3889
107688;2025-06-21;C0856;13;5;1;190,1;0,05;110,26;Boleto;Marketplace;180,6;110,26;70,34;0,3895
107689;2025-02-03;C0718;6;10;2;123,52;0,15;61,76;Boleto;Marketplace;209,98;123,52;86,46;0,4118
107690;2026-02-26;C1420;7;11;3;722,22;0,0;447,78;PIX;Marketplace;2166,66;1343,34;823,32;0,38
107691;2026-06-21;C1187;13;22;1;482,52;0,15;279,86;Cartão de débito;Online;410,14;279,86;130,28;0,3176
107692;2025-04-06;C1746;15;24;1;4337,9;0,2;3383,56;Cartão de débito;Marketplace;3470,32;3383,56;86,76;0,025
107693;2025-04-04;C0798;10;4;1;183,76;0,0;95,56;Cartão de crédito;Online;183,76;95,56;88,2;0,48
107694;2025-09-22;C2343;8;26;2;107,3;0,0;59,02;Boleto;Marketplace;214,6;118,04;96,56;0,45
107695;2025-02-20;C2033;12;19;1;1931,66;0,05;1313,53;PIX;Marketplace;1835,08;1313,53;521,55;0,2842
107696;2026-01-30;C0567;4;17;5;876,83;0,1;613,78;Boleto;Marketplace;3945,74;3068,9;876,84;0,2222
107697;2025-03-06;C1156;10;7;3;226,1;0,1;117,57;Cartão de crédito;Marketplace;610,47;352,71;257,76;0,4222
107698;2025-01-30;C2403;17;15;1;533,3;0,2;319,98;Boleto;Online;426,64;319,98;106,66;0,25
107699;2025-05-12;C1597;5;18;3;1039,41;0,1;675,62;PIX;Online;2806,41;2026,86;779,55;0,2778
107700;2025-08-27;C0398;12;22;1;1146,53;0,05;779,64;Cartão de crédito;Online;1089,2;779,64;309,56;0,2842
107701;2025-01-01;C0665;1;14;1;638,83;0,05;408,85;Boleto;Marketplace;606,89;408,85;198,04;0,3263
107702;2026-03-12;C1204;14;7;1;4277,86;0,2;3080,06;Cartão de crédito;Online;3422,29;3080,06;342,23;0,1
107703;2025-06-09;C2308;8;6;2;175,46;0,0;96,5;PIX;Marketplace;350,92;193,0;157,92;0,45
107704;2025-12-16;C1836;17;6;1;241,85;0,0;145,11;Cartão de crédito;Marketplace;241,85;145,11;96,74;0,4
107705;2025-02-21;C0217;15;17;1;3506,79;0,0;2735,3;Cartão de crédito;Marketplace;3506,79;2735,3;771,49;0,22
107706;2025-08-13;C1262;1;17;3;983,81;0,0;629,64;PIX;Marketplace;2951,43;1888,92;1062,51;0,36
107707;2025-03-02;C1760;11;23;1;1839,65;0,2;1250,96;Cartão de débito;Marketplace;1471,72;1250,96;220,76;0,15
107708;2026-01-20;C2386;5;14;2;1115,64;0,0;725,17;Cartão de crédito;Online;2231,28;1450,34;780,94;0,35
107709;2025-05-21;C1459;11;15;1;1665,37;0,1;1132,45;Cartão de crédito;Marketplace;1498,83;1132,45;366,38;0,2444
107710;2025-08-05;C0932;9;4;3;132,37;0,0;83,39;Boleto;Marketplace;397,11;250,17;146,94;0,37
107711;2025-04-13;C1131;11;24;1;1016,29;0,15;691,08;Boleto;Online;863,85;691,08;172,77;0,2
107712;2026-02-21;C1010;4;22;3;995,43;0,0;696,8;Cartão de débito;Online;2986,29;2090,4;895,89;0,3
107713;2025-03-16;C0375;2;23;1;397,78;0,05;266,51;Boleto;Marketplace;377,89;266,51;111,38;0,2947
107714;2025-04-26;C1981;1;8;2;962,1;0,1;615,74;PIX;Online;1731,78;1231,48;500,3;0,2889
107715;2025-06-12;C1776;17;12;2;719,77;0,05;431,86;Boleto;Online;1367,56;863,72;503,84;0,3684
107716;2025-07-14;C1520;8;5;1;131,17;0,0;72,14;Boleto;Marketplace;131,17;72,14;59,03;0,45
107717;2025-12-07;C2438;5;22;1;340,71;0,0;221,46;Boleto;Marketplace;340,71;221,46;119,25;0,35
107718;2026-04-06;C1236;16;11;1;332,75;0,1;183,01;Boleto;Marketplace;299,48;183,01;116,47;0,3889
107719;2025-05-20;C1504;13;2;1;293,47;0,05;170,21;Cartão de crédito;Online;278,8;170,21;108,59;0,3895
107720;2025-06-08;C0261;17;18;2;799,07;0,0;479,44;Cartão de débito;Online;1598,14;958,88;639,26;0,4
107721;2025-12-06;C1130;9;8;1;186,24;0,1;117,33;PIX;Marketplace;167,62;117,33;50,29;0,3
107722;2025-09-15;C0750;10;18;1;198,33;0,0;103,13;Boleto;Online;198,33;103,13;95,2;0,48
107723;2025-01-10;C1927;7;14;1;208,65;0,0;129,36;Boleto;Online;208,65;129,36;79,29;0,38
107724;2026-06-05;C0775;8;10;5;220,27;0,15;121,15;Cartão de débito;Online;936,15;605,75;330,4;0,3529
107725;2025-05-08;C1778;7;26;1;192,9;0,0;119,6;Cartão de crédito;Online;192,9;119,6;73,3;0,38
107726;2026-04-05;C0172;10;21;1;126,35;0,2;65,7;Cartão de crédito;Marketplace;101,08;65,7;35,38;0,35
107727;2025-10-17;C1061;3;14;2;24,97;0,0;11,24;Cartão de débito;Online;49,94;22,48;27,46;0,5499
107728;2025-05-11;C0670;7;24;2;463,1;0,05;287,12;Cartão de débito;Online;879,89;574,24;305,65;0,3474
107729;2025-06-19;C1217;3;15;2;82,27;0,1;37,02;Cartão de crédito;Online;148,09;74,04;74,05;0,5
107730;2025-08-02;C1248;6;12;1;180,75;0,2;90,38;PIX;Online;144,6;90,38;54,22;0,375
107731;2025-06-04;C1308;5;4;1;672,93;0,1;437,4;Cartão de débito;Online;605,64;437,4;168,24;0,2778
107732;2026-03-29;C0259;10;15;1;255,49;0,0;132,85;Cartão de crédito;Marketplace;255,49;132,85;122,64;0,48
107733;2025-10-21;C1658;11;9;1;463,95;0,0;315,49;PIX;Marketplace;463,95;315,49;148,46;0,32
107734;2026-05-28;C1386;11;3;5;1343,3;0,1;913,44;Cartão de crédito;Online;6044,85;4567,2;1477,65;0,2444
107735;2026-04-29;C1881;2;12;2;565,06;0,1;378,59;PIX;Marketplace;1017,11;757,18;259,93;0,2556
107736;2025-04-18;C0507;5;11;2;996,84;0,0;647,95;Cartão de débito;Online;1993,68;1295,9;697,78;0,35
107737;2025-07-10;C0429;15;4;3;4078,3;0,0;3181,07;Boleto;Marketplace;12234,9;9543,21;2691,69;0,22
107738;2026-01-01;C0375;13;14;2;321,36;0,0;186,39;Cartão de crédito;Online;642,72;372,78;269,94;0,42
107739;2026-06-14;C1018;13;22;1;119,57;0,05;69,35;Cartão de débito;Online;113,59;69,35;44,24;0,3895
107740;2025-02-26;C1821;14;13;1;5486,66;0,15;3950,4;Boleto;Online;4663,66;3950,4;713,26;0,1529
107741;2025-12-31;C1048;14;22;1;2629,86;0,1;1893,5;Cartão de crédito;Online;2366,87;1893,5;473,37;0,2
107742;2026-02-23;C1682;16;23;1;577,41;0,0;317,58;Cartão de débito;Marketplace;577,41;317,58;259,83;0,45
107743;2025-05-30;C0990;13;20;2;472,89;0,2;274,28;PIX;Marketplace;756,62;548,56;208,06;0,275
107744;2025-10-01;C2325;11;12;2;1089,51;0,05;740,87;Cartão de débito;Online;2070,07;1481,74;588,33;0,2842
107745;2025-11-04;C2143;11;23;2;979,52;0,05;666,07;Cartão de débito;Marketplace;1861,09;1332,14;528,95;0,2842
107746;2025-03-31;C1675;3;17;1;71,48;0,1;32,17;Boleto;Online;64,33;32,17;32,16;0,4999
107747;2025-05-12;C1493;10;7;1;375,07;0,0;195,04;Boleto;Marketplace;375,07;195,04;180,03;0,48
107748;2026-04-08;C0547;13;18;1;94,08;0,0;54,57;Cartão de crédito;Online;94,08;54,57;39,51;0,42
107749;2025-02-16;C1949;9;18;1;555,67;0,05;350,07;Cartão de débito;Marketplace;527,89;350,07;177,82;0,3369
107750;2025-11-16;C2100;13;17;1;339,14;0,15;196,7;PIX;Marketplace;288,27;196,7;91,57;0,3177
107751;2026-05-11;C0841;6;20;1;249,66;0,0;124,83;Não informado;Marketplace;249,66;124,83;124,83;0,5
107752;2026-04-12;C0050;3;27;2;90,0;0,15;40,5;Cartão de débito;Marketplace;153,0;81,0;72,0;0,4706
107753;2026-05-02;C0580;16;8;2;119,58;0,05;65,77;PIX;Marketplace;227,2;131,54;95,66;0,421
107754;2025-02-03;C0362;11;18;1;1986,17;0,05;1350,6;Cartão de débito;Online;1886,86;1350,6;536,26;0,2842
107755;2026-04-18;C0150;2;18;4;525,2;0,0;351,88;Boleto;Online;2100,8;1407,52;693,28;0,33
107756;2025-08-26;C1624;11;17;1;517,18;0,05;351,68;Boleto;Marketplace;491,32;351,68;139,64;0,2842
107757;2025-12-13;C2336;9;5;2;252,28;0,05;158,94;Boleto;Online;479,33;317,88;161,45;0,3368
107758;2026-06-21;C0254;6;7;2;88,61;0,0;44,3;Boleto;Marketplace;177,22;88,6;88,62;0,5001
107759;2026-06-24;C0267;9;18;1;290,57;0,1;183,06;PIX;Online;261,51;183,06;78,45;0,3
107760;2025-07-06;C1439;15;26;1;4662,42;0,0;3636,69;Cartão de débito;Online;4662,42;3636,69;1025,73;0,22
107761;2025-07-25;C1949;3;9;3;24,06;0,0;10,83;Boleto;Online;72,18;32,49;39,69;0,5499
107762;2025-09-13;C0546;5;9;3;313,64;0,1;203,87;Cartão de débito;Marketplace;846,83;611,61;235,22;0,2778
107763;2025-02-10;C0808;5;15;2;823,99;0,05;535,59;Boleto;Marketplace;1565,58;1071,18;494,4;0,3158
107764;2025-08-18;C1576;2;9;1;879,82;0,1;589,48;Cartão de débito;Online;791,84;589,48;202,36;0,2556
107765;2025-05-21;C2247;16;1;2;157,08;0,2;86,39;PIX;Online;251,33;172,78;78,55;0,3125
107766;2025-02-10;C2419;10;19;1;390,47;0,2;203,04;Cartão de crédito;Marketplace;312,38;203,04;109,34;0,35
107767;2025-03-15;C0953;11;24;1;594,83;0,1;404,48;Boleto;Marketplace;535,35;404,48;130,87;0,2445
107768;2025-01-16;C1830;5;20;1;1000,26;0,05;650,17;Cartão de débito;Marketplace;950,25;650,17;300,08;0,3158
107769;2026-02-03;C0314;9;21;1;585,69;0,05;368,98;Cartão de crédito;Online;556,41;368,98;187,43;0,3369
107770;2026-04-13;C2464;3;10;1;29,79;0,05;13,41;Cartão de débito;Online;28,3;13,41;14,89;0,5261
107771;2026-02-24;C0594;15;3;1;2175,14;0,0;1696,61;Cartão de crédito;Marketplace;2175,14;1696,61;478,53;0,22
107772;2025-05-11;C0974;10;14;1;146,02;0,1;75,93;Cartão de débito;Online;131,42;75,93;55,49;0,4222
107773;2026-05-26;C0736;16;27;2;117,4;0,05;64,57;PIX;Marketplace;223,06;129,14;93,92;0,4211
107774;2025-09-18;C0488;12;23;2;2469,2;0,2;1679,06;Cartão de crédito;Marketplace;3950,72;3358,12;592,6;0,15
107775;2025-12-02;C1504;9;23;1;407,71;0,1;256,86;PIX;Online;366,94;256,86;110,08;0,3
107776;2026-01-11;C1959;14;23;2;5554,66;0,15;3999,36;Cartão de débito;Online;9442,92;7998,72;1444,2;0,1529
107777;2025-09-05;C0009;10;4;4;145,85;0,05;75,84;Cartão de débito;Marketplace;554,23;303,36;250,87;0,4526
107778;2026-02-24;C1066;15;20;1;3425,96;0,1;2672,25;Cartão de crédito;Online;3083,36;2672,25;411,11;0,1333
107779;2026-05-16;C2499;11;21;3;1461,76;0,0;994,0;Cartão de débito;Online;4385,28;2982,0;1403,28;0,32
107780;2025-05-01;C1728;5;21;4;1025,99;0,0;666,89;Cartão de débito;Marketplace;4103,96;2667,56;1436,4;0,35
107781;2025-09-04;C0327;16;24;5;245,95;0,0;135,27;Cartão de crédito;Marketplace;1229,75;676,35;553,4;0,45
107782;2025-02-21;C2085;5;25;3;1008,22;0,0;655,34;Boleto;Online;3024,66;1966,02;1058,64;0,35
107783;2026-05-16;C2236;3;9;4;33,5;0,1;15,08;Cartão de débito;Online;120,6;60,32;60,28;0,4998
107784;2025-08-13;C1130;13;4;4;187,76;0,1;108,9;Cartão de débito;Online;675,94;435,6;240,34;0,3556
107785;2026-05-27;C2118;8;1;1;165,43;0,1;90,99;PIX;Online;148,89;90,99;57,9;0,3889
107786;2026-03-02;C1488;8;17;2;154,49;0,1;84,97;Boleto;Online;278,08;169,94;108,14;0,3889
107787;2025-09-18;C0495;15;18;1;4460,07;0,0;3478,85;Cartão de crédito;Marketplace;4460,07;3478,85;981,22;0,22
107788;2025-03-26;C0094;7;19;1;240,21;0,15;148,93;Cartão de crédito;Marketplace;204,18;148,93;55,25;0,2706
107789;2025-11-26;C1383;9;12;4;209,4;0,0;131,92;PIX;Online;837,6;527,68;309,92;0,37
107790;2025-10-04;C1039;13;6;1;237,64;0,2;137,83;Boleto;Marketplace;190,11;137,83;52,28;0,275
107791;2026-04-21;C0011;1;17;2;452,46;0,05;289,57;Cartão de débito;Online;859,67;579,14;280,53;0,3263
107792;2025-06-23;C0999;1;26;2;982,35;0,05;628,7;PIX;Online;1866,46;1257,4;609,06;0,3263
107793;2025-05-31;C1451;9;23;2;151,85;0,0;95,67;PIX;Online;303,7;191,34;112,36;0,37
107794;2025-05-04;C1530;7;18;1;719,99;0,05;446,39;PIX;Online;683,99;446,39;237,6;0,3474
107795;2026-06-02;C1936;14;19;1;2545,96;0,0;1833,09;Cartão de crédito;Marketplace;2545,96;1833,09;712,87;0,28
107796;2025-04-17;C0743;15;8;3;1261,99;0,0;984,35;Cartão de crédito;Online;3785,97;2953,05;832,92;0,22
107797;2025-05-02;C0199;10;20;2;123,79;0,05;64,37;Boleto;Marketplace;235,2;128,74;106,46;0,4526
107798;2026-04-26;C1798;10;23;1;142,0;0,05;73,84;Cartão de crédito;Marketplace;134,9;73,84;61,06;0,4526
107799;2025-08-09;C1245;1;12;1;556,51;0,05;356,17;Cartão de crédito;Marketplace;528,68;356,17;172,51;0,3263
107800;2025-11-03;C1998;3;2;1;55,4;0,0;24,93;PIX;Marketplace;55,4;24,93;30,47;0,55
107801;2025-08-30;C0625;2;20;1;577,24;0,05;386,75;Cartão de débito;Online;548,38;386,75;161,63;0,2947
107802;2025-11-30;C2184;17;23;2;394,32;0,05;236,59;Cartão de débito;Marketplace;749,21;473,18;276,03;0,3684
107803;2025-09-15;C0804;5;27;1;349,72;0,0;227,32;PIX;Online;349,72;227,32;122,4;0,35
107804;2025-01-21;C0457;2;4;3;684,15;0,0;458,38;Cartão de débito;Online;2052,45;1375,14;677,31;0,33
107805;2025-03-11;C2138;12;23;3;2455,7;0,0;1669,88;Cartão de débito;Marketplace;7367,1;5009,64;2357,46;0,32
107806;2025-04-11;C1402;8;12;2;155,15;0,15;85,33;Boleto;Marketplace;263,76;170,66;93,1;0,353
107807;2025-03-03;C0778;1;24;1;571,4;0,05;365,7;Cartão de crédito;Marketplace;542,83;365,7;177,13;0,3263
107808;2025-02-08;C1873;2;12;1;1322,52;0,0;886,09;Cartão de crédito;Marketplace;1322,52;886,09;436,43;0,33
107809;2025-08-06;C1132;3;9;1;97,5;0,1;43,88;Boleto;Marketplace;87,75;43,88;43,87;0,4999
107810;2026-05-01;C0249;4;6;1;1159,46;0,1;811,62;Cartão de débito;Online;1043,51;811,62;231,89;0,2222
107811;2025-02-10;C1507;8;22;1;180,16;0,1;99,09;Cartão de débito;Online;162,14;99,09;63,05;0,3889
107812;2025-11-25;C0960;12;4;1;1687,95;0,05;1147,81;Cartão de crédito;Marketplace;1603,55;1147,81;455,74;0,2842
107813;2025-08-14;C1284;2;13;3;1190,17;0,0;797,41;Cartão de débito;Online;3570,51;2392,23;1178,28;0,33
107814;2026-04-26;C2004;17;22;1;587,23;0,0;352,34;PIX;Marketplace;587,23;352,34;234,89;0,4
107815;2025-03-13;C1517;15;18;1;1008,34;0,1;786,51;Boleto;Online;907,51;786,51;121,0;0,1333
107816;2025-07-18;C1580;3;3;1;24,13;0,2;10,86;Cartão de débito;Marketplace;19,3;10,86;8,44;0,4373
107817;2025-09-22;C1141;13;4;1;84,93;0,05;49,26;Boleto;Marketplace;80,68;49,26;31,42;0,3894
107818;2026-01-09;C0056;2;18;1;789,69;0,0;529,09;PIX;Online;789,69;529,09;260,6;0,33
107819;2025-12-22;C1494;10;25;1;282,37;0,15;146,83;Boleto;Online;240,01;146,83;93,18;0,3882
107820;2025-06-16;C0032;17;14;1;350,41;0,1;210,25;PIX;Marketplace;315,37;210,25;105,12;0,3333
107821;2025-02-19;C1033;1;3;1;858,74;0,0;549,59;Cartão de débito;Marketplace;858,74;549,59;309,15;0,36
107822;2026-04-06;C0040;7;23;1;828,02;0,1;513,37;Cartão de débito;Marketplace;745,22;513,37;231,85;0,3111
107823;2025-10-20;C0685;7;18;1;374,75;0,05;232,34;Cartão de débito;Online;356,01;232,34;123,67;0,3474
107824;2025-04-10;C1932;14;19;1;3887,85;0,05;2799,25;Cartão de crédito;Marketplace;3693,46;2799,25;894,21;0,2421
107825;2025-09-06;C2227;6;1;1;187,05;0,1;93,53;PIX;Marketplace;168,35;93,53;74,82;0,4444
107826;2025-10-11;C1365;5;18;4;699,17;0,1;454,46;PIX;Online;2517,01;1817,84;699,17;0,2778
107827;2026-06-04;C1077;5;9;2;1068,62;0,05;694,6;Boleto;Online;2030,38;1389,2;641,18;0,3158
107828;2025-04-05;C2325;2;5;1;392,42;0,1;262,92;Cartão de débito;Online;353,18;262,92;90,26;0,2556
107829;2025-12-01;C0418;5;18;2;528,62;0,1;343,6;Cartão de débito;Online;951,52;687,2;264,32;0,2778
107830;2025-10-07;C0106;9;12;2;584,33;0,1;368,13;Cartão de débito;Online;1051,79;736,26;315,53;0,3
107831;2025-07-21;C0861;1;14;1;664,88;0,0;425,52;Cartão de débito;Marketplace;664,88;425,52;239,36;0,36
107832;2025-03-02;C1337;6;27;3;159,89;0,1;79,94;PIX;Online;431,7;239,82;191,88;0,4445
107833;2026-06-14;C2197;9;15;1;573,49;0,0;361,3;PIX;Marketplace;573,49;361,3;212,19;0,37
107834;2025-10-08;C1653;8;25;1;266,04;0,15;146,32;Cartão de débito;Online;226,13;146,32;79,81;0,3529
107835;2026-03-02;C0982;12;9;1;1533,78;0,0;1042,97;Boleto;Online;1533,78;1042,97;490,81;0,32
107836;2025-05-24;C2173;9;14;3;141,53;0,0;89,16;Cartão de crédito;Online;424,59;267,48;157,11;0,37
107837;2025-10-04;C1815;9;17;1;213,89;0,1;134,75;Cartão de débito;Online;192,5;134,75;57,75;0,3
107838;2026-04-05;C0167;2;25;1;1300,07;0,0;871,05;Boleto;Online;1300,07;871,05;429,02;0,33
107839;2025-04-22;C2402;2;25;3;1171,71;0,05;785,05;Cartão de crédito;Marketplace;3339,37;2355,15;984,22;0,2947
107840;2026-04-04;C0887;3;17;1;60,33;0,1;27,15;Não informado;Online;54,3;27,15;27,15;0,5
107841;2025-06-20;C0746;10;19;3;197,6;0,05;102,75;Cartão de crédito;Online;563,16;308,25;254,91;0,4526
107842;2025-05-12;C0549;13;9;1;172,59;0,1;100,1;Boleto;Online;155,33;100,1;55,23;0,3556
107843;2026-03-20;C0124;16;19;3;107,25;0,1;58,99;PIX;Marketplace;289,58;176,97;112,61;0,3889
107844;2025-09-16;C0364;7;14;4;568,07;0,1;352,2;PIX;Marketplace;2045,05;1408,8;636,25;0,3111
107845;2026-02-04;C2321;5;11;4;1177,64;0,0;765,47;PIX;Online;4710,56;3061,88;1648,68;0,35
107846;2025-01-10;C1490;9;24;1;358,51;0,0;225,86;Cartão de débito;Online;358,51;225,86;132,65;0,37
107847;2025-02-21;C1930;15;5;2;3332,32;0,1;2599,21;PIX;Marketplace;5998,18;5198,42;799,76;0,1333
107848;2026-01-02;C0293;16;17;3;394,88;0,0;217,18;Cartão de débito;Marketplace;1184,64;651,54;533,1;0,45
107849;2025-11-04;C1321;3;18;3;78,57;0,1;35,36;PIX;Online;212,14;106,08;106,06;0,5
107850;2025-01-31;C0747;3;25;1;45,39;0,15;20,43;Cartão de débito;Marketplace;38,58;20,43;18,15;0,4705
107851;2025-05-23;C1695;7;2;1;721,46;0,05;447,31;Cartão de crédito;Marketplace;685,39;447,31;238,08;0,3474
107852;2026-01-25;C2303;17;23;1;629,73;0,05;377,84;PIX;Online;598,24;377,84;220,4;0,3684
107853;2026-06-04;C0389;8;10;1;158,96;0,0;87,43;Cartão de crédito;Online;158,96;87,43;71,53;0,45
107854;2026-04-10;C2193;4;8;1;1121,35;0,0;784,94;Cartão de débito;Marketplace;1121,35;784,94;336,41;0,3
107855;2026-02-09;C0376;8;10;1;137,6;0,0;75,68;Boleto;Marketplace;137,6;75,68;61,92;0,45
107856;2025-08-14;C0340;9;7;3;202,27;0,05;127,43;Cartão de crédito;Online;576,47;382,29;194,18;0,3368
107857;2026-04-23;C1250;14;15;1;3693,47;0,0;2659,3;Cartão de débito;Online;3693,47;2659,3;1034,17;0,28
107858;2025-01-07;C0105;7;3;1;711,73;0,1;441,27;Cartão de débito;Online;640,56;441,27;199,29;0,3111
107859;2025-02-21;C1243;7;18;1;166,62;0,0;103,3;PIX;Marketplace;166,62;103,3;63,32;0,38
107860;2025-09-25;C0642;14;10;1;5934,41;0,0;4272,78;Cartão de crédito;Online;5934,41;4272,78;1661,63;0,28
107861;2026-02-18;C1977;5;5;1;536,21;0,05;348,54;Cartão de débito;Online;509,4;348,54;160,86;0,3158
107862;2026-06-25;C1300;14;25;3;4912,58;0,1;3537,06;PIX;Online;13263,97;10611,18;2652,79;0,2
107863;2025-08-20;C0656;15;6;1;2190,45;0,1;1708,55;Cartão de débito;Online;1971,4;1708,55;262,85;0,1333
107864;2025-05-09;C2411;14;12;1;5588,66;0,0;4023,84;Boleto;Marketplace;5588,66;4023,84;1564,82;0,28
107865;2026-06-17;C0877;4;17;2;1485,88;0,1;1040,12;Boleto;Online;2674,58;2080,24;594,34;0,2222
107866;2026-06-18;C2437;14;23;1;4525,84;0,05;3258,6;PIX;Online;4299,55;3258,6;1040,95;0,2421
107867;2025-09-16;C2129;7;7;1;348,87;0,05;216,3;Cartão de crédito;Online;331,43;216,3;115,13;0,3474
107868;2025-12-27;C0250;3;15;1;58,23;0,0;26,2;Cartão de crédito;Online;58,23;26,2;32,03;0,5501
107869;2026-03-05;C2110;15;6;1;2830,87;0,05;2208,08;Cartão de crédito;Marketplace;2689,33;2208,08;481,25;0,1789
107870;2025-04-29;C0720;14;9;1;3236,05;0,0;2329,96;Cartão de crédito;Marketplace;3236,05;2329,96;906,09;0,28
107871;2025-11-11;C1815;12;6;1;2431,35;0,0;1653,32;Cartão de crédito;Marketplace;2431,35;1653,32;778,03;0,32
107872;2025-07-21;C2010;14;26;1;5708,69;0,05;4110,26;PIX;Online;5423,26;4110,26;1313,0;0,2421
107873;2026-06-17;C1223;14;21;2;4551,56;0,05;3277,12;PIX;Marketplace;8647,96;6554,24;2093,72;0,2421
107874;2025-02-27;C2255;7;18;1;789,18;0,0;489,29;Cartão de débito;Online;789,18;489,29;299,89;0,38
107875;2026-02-05;C0945;11;7;2;874,5;0,0;594,66;Boleto;Marketplace;1749,0;1189,32;559,68;0,32
107876;2025-05-27;C1436;6;4;1;98,79;0,0;49,4;PIX;Marketplace;98,79;49,4;49,39;0,4999
107877;2025-08-03;C0701;9;10;2;411,22;0,05;259,07;Boleto;Marketplace;781,32;518,14;263,18;0,3368
107878;2025-09-01;C2168;4;21;1;562,47;0,15;393,73;PIX;Online;478,1;393,73;84,37;0,1765
107879;2025-01-31;C1932;5;18;2;474,14;0,0;308,19;Boleto;Online;948,28;616,38;331,9;0,35
107880;2025-07-10;C0561;14;14;4;2932,04;0,0;2111,07;Boleto;Online;11728,16;8444,28;3283,88;0,28
107881;2025-06-09;C0566;1;17;1;981,62;0,1;628,24;Cartão de crédito;Online;883,46;628,24;255,22;0,2889
107882;2025-02-01;C0238;10;4;2;124,46;0,05;64,72;Cartão de crédito;Online;236,47;129,44;107,03;0,4526
107883;2025-10-22;C0448;6;12;3;211,9;0,05;105,95;Boleto;Marketplace;603,92;317,85;286,07;0,4737
107884;2025-12-12;C0771;3;14;3;39,38;0,05;17,72;Boleto;Marketplace;112,23;53,16;59,07;0,5263
107885;2026-02-17;C1211;5;14;1;642,24;0,0;417,46;Boleto;Online;642,24;417,46;224,78;0,35
107886;2026-06-12;C0080;7;20;3;350,18;0,1;217,11;Cartão de crédito;Marketplace;945,49;651,33;294,16;0,3111
107887;2025-07-11;C0869;9;13;2;145,45;0,2;91,63;Boleto;Online;232,72;183,26;49,46;0,2125
107888;2026-06-20;C0220;15;6;2;3155,63;0,15;2461,39;PIX;Marketplace;5364,57;4922,78;441,79;0,0824
107889;2026-04-06;C1311;13;26;2;288,24;0,0;167,18;PIX;Online;576,48;334,36;242,12;0,42
107890;2025-06-27;C0822;12;20;1;1395,91;0,0;949,22;PIX;Online;1395,91;949,22;446,69;0,32
107891;2026-02-06;C2474;15;13;1;2885,96;0,0;2251,05;Cartão de débito;Online;2885,96;2251,05;634,91;0,22
107892;2026-03-14;C1058;1;10;2;863,73;0,05;552,79;Boleto;Online;1641,09;1105,58;535,51;0,3263
107893;2026-06-25;C2128;10;19;2;127,26;0,1;66,18;Cartão de crédito;Online;229,07;132,36;96,71;0,4222
107894;2025-03-27;C2221;12;4;1;1334,57;0,0;907,51;Boleto;Marketplace;1334,57;907,51;427,06;0,32
107895;2026-06-13;C1991;9;19;3;542,78;0,15;341,95;Boleto;Online;1384,09;1025,85;358,24;0,2588
107896;2025-10-02;C1981;8;27;1;274,19;0,0;150,8;Boleto;Online;274,19;150,8;123,39;0,45
107897;2025-05-26;C2155;1;20;1;464,3;0,05;297,15;Cartão de débito;Online;441,08;297,15;143,93;0,3263
107898;2025-12-05;C1822;14;11;1;5743,2;0,1;4135,1;Boleto;Online;5168,88;4135,1;1033,78;0,2
107899;2026-02-21;C2472;16;22;1;540,25;0,1;297,14;PIX;Online;486,22;297,14;189,08;0,3889
107900;2026-06-18;C1784;17;20;1;255,19;0,05;153,11;Cartão de débito;Marketplace;242,43;153,11;89,32;0,3684
107901;2025-10-16;C0762;8;11;1;124,85;0,0;68,67;Cartão de débito;Marketplace;124,85;68,67;56,18;0,45
107902;2026-01-31;C2396;13;6;2;251,89;0,15;146,1;PIX;Marketplace;428,21;292,2;136,01;0,3176
107903;2025-01-07;C1029;5;6;1;218,2;0,05;141,83;PIX;Marketplace;207,29;141,83;65,46;0,3158
107904;2025-03-13;C2440;14;24;1;4087,15;0,1;2942,75;Boleto;Marketplace;3678,44;2942,75;735,69;0,2
107905;2026-03-21;C1656;4;23;2;2499,66;0,1;1749,76;PIX;Marketplace;4499,39;3499,52;999,87;0,2222
107906;2025-05-08;C0096;3;15;1;56,64;0,0;25,49;PIX;Online;56,64;25,49;31,15;0,55
107907;2026-03-14;C1243;7;2;1;250,14;0,0;155,09;PIX;Online;250,14;155,09;95,05;0,38
107908;2025-06-05;C0053;12;12;3;1410,16;0,2;958,91;Boleto;Marketplace;3384,38;2876,73;507,65;0,15
107909;2025-12-24;C2139;3;6;1;36,53;0,0;16,44;PIX;Marketplace;36,53;16,44;20,09;0,55
107910;2026-01-25;C0690;3;2;1;76,49;0,05;34,42;Cartão de débito;Marketplace;72,67;34,42;38,25;0,5264
107911;2025-05-03;C0745;10;15;4;81,67;0,0;42,47;Boleto;Marketplace;326,68;169,88;156,8;0,48
107912;2026-05-09;C1035;10;26;1;278,25;0,15;144,69;Boleto;Online;236,51;144,69;91,82;0,3882
107913;2025-03-29;C2474;11;14;4;1890,97;0,0;1285,86;PIX;Marketplace;7563,88;5143,44;2420,44;0,32
107914;2025-07-01;C0577;4;20;1;1610,28;0,1;1127,2;Cartão de débito;Marketplace;1449,25;1127,2;322,05;0,2222
107915;2025-09-30;C1776;14;23;1;5717,48;0,0;4116,59;Cartão de débito;Marketplace;5717,48;4116,59;1600,89;0,28
107916;2025-06-04;C1900;12;14;2;2429,72;0,2;1652,21;Boleto;Online;3887,55;3304,42;583,13;0,15
107917;2025-09-28;C0368;17;21;1;620,39;0,0;372,23;Boleto;Marketplace;620,39;372,23;248,16;0,4
107918;2025-11-03;C0291;15;4;1;4370,37;0,0;3408,89;Cartão de crédito;Marketplace;4370,37;3408,89;961,48;0,22
107919;2026-05-14;C0943;8;5;3;199,79;0,0;109,88;Boleto;Marketplace;599,37;329,64;269,73;0,45
107920;2026-03-02;C0500;3;12;1;47,38;0,1;21,32;Boleto;Online;42,64;21,32;21,32;0,5
107921;2025-11-07;C0040;6;15;1;72,23;0,1;36,12;Cartão de débito;Online;65,01;36,12;28,89;0,4444
107922;2025-09-28;C0086;7;17;2;508,9;0,1;315,52;Boleto;Online;916,02;631,04;284,98;0,3111
107923;2026-01-26;C1187;16;5;1;221,74;0,0;121,96;Cartão de débito;Online;221,74;121,96;99,78;0,45
107924;2026-03-26;C1236;12;11;1;745,23;0,0;506,76;Boleto;Marketplace;745,23;506,76;238,47;0,32
107925;2025-07-15;C1506;3;16;1;66,23;0,0;29,8;PIX;Online;66,23;29,8;36,43;0,5501
107926;2026-05-08;C1513;7;26;1;774,31;0,05;480,07;Cartão de débito;Marketplace;735,59;480,07;255,52;0,3474
107927;2025-02-28;C2496;13;15;3;162,85;0,0;94,45;Cartão de crédito;Online;488,55;283,35;205,2;0,42
107928;2026-06-28;C1859;14;1;5;3754,12;0,0;2702,97;Boleto;Marketplace;18770,6;13514,85;5255,75;0,28
107929;2025-01-11;C1173;12;27;1;1930,33;0,05;1312,62;Cartão de crédito;Online;1833,81;1312,62;521,19;0,2842
107930;2025-01-20;C2302;6;8;1;88,32;0,0;44,16;Boleto;Online;88,32;44,16;44,16;0,5
107931;2025-03-17;C0145;10;15;1;249,57;0,0;129,78;Cartão de débito;Marketplace;249,57;129,78;119,79;0,48
107932;2026-04-05;C2280;13;11;1;418,75;0,0;242,87;Boleto;Online;418,75;242,87;175,88;0,42
107933;2025-03-29;C2463;9;22;4;187,34;0,05;118,02;Cartão de crédito;Marketplace;711,89;472,08;239,81;0,3369
107934;2026-03-26;C1154;2;12;1;286,23;0,05;191,77;Cartão de débito;Online;271,92;191,77;80,15;0,2948
107935;2025-03-06;C2222;7;13;1;391,93;0,05;243,0;PIX;Online;372,33;243,0;129,33;0,3474
107936;2025-08-26;C0777;6;7;1;75,21;0,0;37,6;PIX;Online;75,21;37,6;37,61;0,5001
107937;2026-02-16;C0962;3;25;1;72,03;0,15;32,41;Boleto;Marketplace;61,23;32,41;28,82;0,4707
107938;2026-06-09;C1921;10;25;2;262,03;0,15;136,26;Cartão de débito;Marketplace;445,45;272,52;172,93;0,3882
107939;2026-01-28;C2190;11;10;1;452,14;0,15;307,46;Boleto;Marketplace;384,32;307,46;76,86;0,2
107940;2025-05-27;C0486;11;21;4;1766,7;0,0;1201,36;PIX;Marketplace;7066,8;4805,44;2261,36;0,32
107941;2025-10-03;C2136;16;3;1;125,72;0,15;69,15;Cartão de crédito;Marketplace;106,86;69,15;37,71;0,3529
107942;2026-01-20;C1247;13;11;1;82,02;0,0;47,57;PIX;Online;82,02;47,57;34,45;0,42
107943;2025-11-27;C1952;4;5;2;1546,47;0,1;1082,53;PIX;Online;2783,65;2165,06;618,59;0,2222
107944;2025-06-27;C1834;16;24;1;560,02;0,15;308,01;Boleto;Marketplace;476,02;308,01;168,01;0,3529
107945;2026-03-23;C1868;14;7;1;3008,32;0,2;2165,99;Cartão de crédito;Marketplace;2406,66;2165,99;240,67;0,1
107946;2026-02-18;C0404;7;11;1;864,23;0,05;535,82;PIX;Marketplace;821,02;535,82;285,2;0,3474
107947;2026-01-21;C2347;12;1;2;2004,56;0,0;1363,1;Cartão de débito;Marketplace;4009,12;2726,2;1282,92;0,32
107948;2025-09-03;C1638;8;11;2;231,09;0,1;127,1;Cartão de crédito;Marketplace;415,96;254,2;161,76;0,3889
107949;2025-05-03;C0286;5;18;1;370,14;0,1;240,59;Boleto;Online;333,13;240,59;92,54;0,2778
107950;2025-04-27;C1616;7;14;1;200,43;0,0;124,27;Cartão de crédito;Online;200,43;124,27;76,16;0,38
107951;2026-04-07;C0994;13;7;1;197,25;0,1;114,4;PIX;Marketplace;177,52;114,4;63,12;0,3556
107952;2025-11-24;C1191;1;20;1;429,63;0,1;274,96;Boleto;Online;386,67;274,96;111,71;0,2889
107953;2025-06-05;C2382;2;20;2;1487,95;0,1;996,93;Cartão de débito;Online;2678,31;1993,86;684,45;0,2556
107954;2025-10-11;C0540;3;3;2;53,85;0,0;24,23;Cartão de crédito;Online;107,7;48,46;59,24;0,55
107955;2026-06-25;C0111;13;11;1;426,15;0,1;247,17;Boleto;Online;383,54;247,17;136,37;0,3556
107956;2025-03-15;C1171;5;5;1;869,3;0,1;565,04;Boleto;Online;782,37;565,04;217,33;0,2778
107957;2025-08-28;C2412;7;16;1;560,56;0,05;347,55;PIX;Marketplace;532,53;347,55;184,98;0,3474
107958;2025-12-26;C0333;3;5;2;74,53;0,0;33,54;PIX;Marketplace;149,06;67,08;81,98;0,55
107959;2025-12-23;C0087;13;21;4;404,73;0,05;234,74;Cartão de crédito;Online;1537,97;938,96;599,01;0,3895
107960;2025-05-17;C0902;13;26;1;469,25;0,1;272,16;Cartão de crédito;Online;422,32;272,16;150,16;0,3556
107961;2025-09-03;C1266;17;7;4;318,62;0,15;191,17;Cartão de crédito;Online;1083,31;764,68;318,63;0,2941
107962;2025-08-21;C0908;4;23;2;1170,87;0,0;819,61;Cartão de débito;Marketplace;2341,74;1639,22;702,52;0,3
107963;2025-02-10;C0054;11;6;1;1999,44;0,0;1359,62;Cartão de débito;Marketplace;1999,44;1359,62;639,82;0,32
107964;2025-12-08;C2461;9;14;3;149,93;0,15;94,46;Cartão de crédito;Online;382,32;283,38;98,94;0,2588
107965;2026-04-22;C2357;16;6;2;426,25;0,15;234,44;Boleto;Online;724,62;468,88;255,74;0,3529
107966;2025-01-29;C1573;16;17;1;132,29;0,0;72,76;PIX;Marketplace;132,29;72,76;59,53;0,45
107967;2026-02-27;C1987;13;2;1;207,58;0,0;120,4;Boleto;Marketplace;207,58;120,4;87,18;0,42
107968;2026-05-08;C1387;13;20;4;348,99;0,05;202,41;Boleto;Online;1326,16;809,64;516,52;0,3895
107969;2025-08-02;C1227;3;26;2;30,01;0,05;13,5;Cartão de débito;Online;57,02;27,0;30,02;0,5265
107970;2026-06-02;C0553;16;17;3;527,5;0,0;290,12;PIX;Online;1582,5;870,36;712,14;0,45
107971;2025-05-17;C0120;9;25;1;314,96;0,0;198,42;Cartão de débito;Marketplace;314,96;198,42;116,54;0,37
107972;2026-02-10;C1846;7;7;1;441,38;0,15;273,66;Cartão de crédito;Marketplace;375,17;273,66;101,51;0,2706
107973;2025-02-09;C0797;1;16;1;306,3;0,0;196,03;Boleto;Online;306,3;196,03;110,27;0,36
107974;2025-04-22;C0009;4;7;4;694,41;0,05;486,09;PIX;Online;2638,76;1944,36;694,4;0,2632
107975;2026-04-26;C0695;12;8;1;2269,5;0,0;1543,26;Boleto;Marketplace;2269,5;1543,26;726,24;0,32
107976;2025-05-14;C0039;11;1;1;791,41;0,1;538,16;PIX;Marketplace;712,27;538,16;174,11;0,2444
107977;2026-01-14;C2038;15;24;2;1939,88;0,05;1513,11;PIX;Marketplace;3685,77;3026,22;659,55;0,1789
107978;2025-06-02;C1333;9;21;1;166,04;0,15;104,61;PIX;Marketplace;141,13;104,61;36,52;0,2588
107979;2026-03-15;C1336;9;27;1;375,7;0,05;236,69;PIX;Marketplace;356,92;236,69;120,23;0,3369
107980;2025-04-23;C1622;5;14;1;403,71;0,1;262,41;PIX;Marketplace;363,34;262,41;100,93;0,2778
107981;2025-04-18;C2023;9;15;1;487,26;0,1;306,97;Cartão de débito;Online;438,53;306,97;131,56;0,3
107982;2025-01-11;C2169;6;14;1;92,94;0,0;46,47;Cartão de crédito;Online;92,94;46,47;46,47;0,5
107983;2025-06-02;C0163;11;4;1;602,79;0,2;409,9;Cartão de crédito;Marketplace;482,23;409,9;72,33;0,15
107984;2026-03-01;C2351;7;24;2;184,04;0,05;114,1;PIX;Online;349,68;228,2;121,48;0,3474
107985;2026-01-22;C2029;2;14;2;983,19;0,2;658,74;PIX;Online;1573,1;1317,48;255,62;0,1625
107986;2025-03-14;C1570;10;8;1;117,69;0,0;61,2;Boleto;Online;117,69;61,2;56,49;0,48
107987;2025-07-08;C1607;10;16;1;208,83;0,05;108,59;Cartão de débito;Online;198,39;108,59;89,8;0,4526
107988;2025-08-22;C2172;1;6;4;981,31;0,0;628,04;Boleto;Online;3925,24;2512,16;1413,08;0,36
107989;2026-04-17;C2327;15;1;2;4832,77;0,0;3769,56;PIX;Marketplace;9665,54;7539,12;2126,42;0,22
107990;2025-03-27;C1807;15;3;2;2178,2;0,15;1699,0;PIX;Online;3702,94;3398,0;304,94;0,0824
107991;2025-07-17;C1582;11;14;5;812,28;0,15;552,35;Cartão de débito;Online;3452,19;2761,75;690,44;0,2
107992;2025-06-04;C0388;1;22;3;668,66;0,1;427,94;Boleto;Online;1805,38;1283,82;521,56;0,2889
107993;2025-04-17;C1473;9;17;1;172,05;0,2;108,39;Cartão de débito;Marketplace;137,64;108,39;29,25;0,2125
107994;2026-04-23;C1560;12;6;1;2278,06;0,0;1549,08;Cartão de crédito;Marketplace;2278,06;1549,08;728,98;0,32
107995;2025-02-04;C0211;9;21;1;487,01;0,1;306,82;PIX;Marketplace;438,31;306,82;131,49;0,3
107996;2025-04-16;C0551;11;18;1;674,14;0,05;458,42;PIX;Online;640,43;458,42;182,01;0,2842
107997;2025-04-23;C1732;15;22;4;2730,09;0,1;2129,47;Boleto;Online;9828,32;8517,88;1310,44;0,1333
107998;2026-06-22;C1010;2;17;2;644,5;0,1;431,81;PIX;Marketplace;1160,1;863,62;296,48;0,2556
107999;2025-08-13;C0845;17;23;3;346,19;0,05;207,71;Cartão de débito;Marketplace;986,64;623,13;363,51;0,3684
108000;2025-07-11;C0849;11;20;1;541,45;0,05;368,19;PIX;Marketplace;514,38;368,19;146,19;0,2842
108001;2025-12-19;C1772;3;18;2;82,42;0,1;37,09;Cartão de débito;Marketplace;148,36;74,18;74,18;0,5
108002;2026-02-21;C2127;3;12;1;30,9;0,05;13,9;Boleto;Marketplace;29,35;13,9;15,45;0,5264
108003;2025-07-14;C0381;15;17;1;2114,24;0,0;1649,11;Boleto;Online;2114,24;1649,11;465,13;0,22
108004;2025-08-11;C1778;17;27;3;403,32;0,1;241,99;PIX;Marketplace;1088,96;725,97;362,99;0,3333
108005;2025-07-07;C2043;3;20;1;48,36;0,1;21,76;Boleto;Marketplace;43,52;21,76;21,76;0,5
108006;2025-04-18;C1169;15;21;1;4436,62;0,1;3460,56;Cartão de débito;Marketplace;3992,96;3460,56;532,4;0,1333
108007;2026-03-18;C0124;5;8;5;511,9;0,0;332,74;PIX;Marketplace;2559,5;1663,7;895,8;0,35
108008;2025-03-19;C2357;8;15;1;218,45;0,0;120,15;Boleto;Online;218,45;120,15;98,3;0,45
108009;2025-02-09;C1861;2;6;1;636,17;0,15;426,23;Cartão de crédito;Online;540,74;426,23;114,51;0,2118
108010;2025-09-16;C0119;16;18;1;546,33;0,2;300,48;Cartão de débito;Online;437,06;300,48;136,58;0,3125
108011;2026-04-19;C1662;13;11;2;283,99;0,1;164,71;PIX;Marketplace;511,18;329,42;181,76;0,3556
108012;2025-05-03;C2090;7;14;1;402,98;0,2;249,85;Cartão de débito;Online;322,38;249,85;72,53;0,225
108013;2025-04-05;C1647;10;12;2;229,98;0,1;119,59;Cartão de débito;Marketplace;413,96;239,18;174,78;0,4222
108014;2025-06-16;C0681;11;9;1;1920,69;0,1;1306,07;Cartão de crédito;Marketplace;1728,62;1306,07;422,55;0,2444
108015;2025-09-28;C2013;4;27;1;1915,28;0,05;1340,7;Boleto;Online;1819,52;1340,7;478,82;0,2632
108016;2025-05-24;C2305;14;1;1;2952,29;0,1;2125,65;Boleto;Online;2657,06;2125,65;531,41;0,2
108017;2026-02-05;C1061;1;4;1;705,07;0,05;451,24;Cartão de débito;Marketplace;669,82;451,24;218,58;0,3263
108018;2025-06-13;C2285;15;2;1;4702,35;0,1;3667,83;Cartão de débito;Online;4232,12;3667,83;564,29;0,1333
108019;2026-02-20;C2237;14;6;1;3103,45;0,2;2234,48;Cartão de crédito;Marketplace;2482,76;2234,48;248,28;0,1
108020;2025-09-16;C2208;8;19;4;296,15;0,1;162,88;Boleto;Online;1066,14;651,52;414,62;0,3889
108021;2025-10-13;C0885;14;25;1;4316,09;0,0;3107,58;Boleto;Online;4316,09;3107,58;1208,51;0,28
108022;2026-04-12;C1900;17;24;1;713,58;0,1;428,15;Boleto;Marketplace;642,22;428,15;214,07;0,3333
108023;2026-05-05;C2231;5;25;2;670,42;0,0;435,77;PIX;Online;1340,84;871,54;469,3;0,35
108024;2025-01-26;C1566;2;26;1;321,7;0,0;215,54;PIX;Online;321,7;215,54;106,16;0,33
108025;2026-03-14;C1220;17;16;1;361,66;0,15;217,0;Boleto;Marketplace;307,41;217,0;90,41;0,2941
108026;2025-10-04;C0148;5;24;1;831,73;0,15;540,62;PIX;Marketplace;706,97;540,62;166,35;0,2353
108027;2026-06-08;C2351;16;19;1;169,28;0,2;93,1;Boleto;Online;135,42;93,1;42,32;0,3125
108028;2025-07-11;C0586;12;16;4;2201,4;0,0;1496,95;Cartão de crédito;Online;8805,6;5987,8;2817,8;0,32
108029;2025-09-21;C2330;5;3;2;657,47;0,2;427,36;Cartão de débito;Online;1051,95;854,72;197,23;0,1875
108030;2026-03-30;C2223;16;10;1;357,06;0,15;196,38;PIX;Online;303,5;196,38;107,12;0,3529
108031;2026-05-15;C2151;10;18;1;241,11;0,1;125,38;Cartão de débito;Online;217,0;125,38;91,62;0,4222
108032;2026-02-22;C2047;17;10;2;378,2;0,0;226,92;Cartão de débito;Online;756,4;453,84;302,56;0,4
108033;2026-01-22;C1554;11;4;1;1225,06;0,15;833,04;Cartão de débito;Online;1041,3;833,04;208,26;0,2
108034;2026-04-03;C0037;7;12;5;849,07;0,15;526,42;Boleto;Marketplace;3608,55;2632,1;976,45;0,2706
108035;2026-05-13;C0968;3;12;1;85,12;0,2;38,3;PIX;Online;68,1;38,3;29,8;0,4376
108036;2026-03-25;C0160;3;14;2;36,98;0,05;16,64;Cartão de crédito;Marketplace;70,26;33,28;36,98;0,5263
108037;2025-08-25;C1586;10;15;2;125,27;0,0;65,14;PIX;Marketplace;250,54;130,28;120,26;0,48
108038;2025-05-14;C0298;15;19;1;3345,6;0,15;2609,57;Cartão de débito;Online;2843,76;2609,57;234,19;0,0824
108039;2026-04-03;C0776;10;27;1;268,78;0,1;139,77;PIX;Online;241,9;139,77;102,13;0,4222
108040;2025-11-23;C0425;10;9;1;185,96;0,15;96,7;Cartão de crédito;Online;158,07;96,7;61,37;0,3882
108041;2025-07-05;C0871;14;8;1;4708,03;0,1;3389,78;Cartão de crédito;Marketplace;4237,23;3389,78;847,45;0,2
108042;2025-06-09;C1272;15;13;4;1617,4;0,2;1261,57;PIX;Online;5175,68;5046,28;129,4;0,025
108043;2026-05-01;C0920;4;10;1;1740,81;0,0;1218,57;Boleto;Online;1740,81;1218,57;522,24;0,3
108044;2025-07-13;C2129;8;6;1;171,57;0,0;94,36;PIX;Marketplace;171,57;94,36;77,21;0,45
108045;2025-07-06;C1027;5;15;3;488,18;0,0;317,32;Cartão de débito;Marketplace;1464,54;951,96;512,58;0,35
108046;2026-02-14;C1341;14;3;1;2850,86;0,0;2052,62;Cartão de crédito;Marketplace;2850,86;2052,62;798,24;0,28
108047;2025-04-09;C1845;7;2;2;286,44;0,1;177,59;Cartão de débito;Online;515,59;355,18;160,41;0,3111
108048;2025-08-21;C1160;7;6;2;459,09;0,0;284,64;PIX;Marketplace;918,18;569,28;348,9;0,38
108049;2026-03-27;C0777;15;25;1;2190,52;0,0;1708,61;Boleto;Marketplace;2190,52;1708,61;481,91;0,22
108050;2025-09-16;C0022;3;21;4;27,96;0,05;12,58;PIX;Marketplace;106,25;50,32;55,93;0,5264
108051;2026-01-30;C2400;10;12;2;318,65;0,0;165,7;Boleto;Online;637,3;331,4;305,9;0,48
108052;2025-03-31;C0598;3;13;1;94,78;0,1;42,65;PIX;Marketplace;85,3;42,65;42,65;0,5
108053;2026-01-03;C0634;16;24;3;483,43;0,0;265,89;Cartão de débito;Marketplace;1450,29;797,67;652,62;0,45
108054;2025-05-08;C2182;3;9;1;97,69;0,2;43,96;Cartão de crédito;Marketplace;78,15;43,96;34,19;0,4375
108055;2026-04-13;C0423;1;3;1;500,6;0,15;320,38;Cartão de débito;Marketplace;425,51;320,38;105,13;0,2471
108056;2026-02-16;C0147;12;11;3;747,08;0,05;508,01;Boleto;Marketplace;2129,18;1524,03;605,15;0,2842
108057;2025-05-29;C0660;4;2;3;1411,39;0,0;987,97;Boleto;Marketplace;4234,17;2963,91;1270,26;0,3
108058;2026-05-28;C0288;9;3;1;590,2;0,0;371,83;Cartão de crédito;Marketplace;590,2;371,83;218,37;0,37
108059;2026-03-18;C2058;5;2;4;471,58;0,15;306,53;Cartão de débito;Online;1603,37;1226,12;377,25;0,2353
108060;2025-03-25;C2241;10;10;3;110,29;0,0;57,35;Boleto;Marketplace;330,87;172,05;158,82;0,48
108061;2025-06-16;C1907;3;14;1;59,4;0,05;26,73;PIX;Online;56,43;26,73;29,7;0,5263
108062;2026-04-21;C1557;9;11;1;497,6;0,0;313,49;Cartão de débito;Marketplace;497,6;313,49;184,11;0,37
108063;2025-03-01;C2435;8;14;1;95,33;0,05;52,43;Boleto;Online;90,56;52,43;38,13;0,421
108064;2025-10-13;C0298;10;16;1;164,09;0,05;85,33;Cartão de crédito;Online;155,89;85,33;70,56;0,4526
108065;2026-03-16;C0820;1;1;2;402,99;0,0;257,91;Cartão de débito;Marketplace;805,98;515,82;290,16;0,36
108066;2025-01-05;C0300;6;27;1;109,47;0,0;54,73;Cartão de crédito;Marketplace;109,47;54,73;54,74;0,5
108067;2025-09-08;C2205;8;19;2;172,83;0,05;95,06;Boleto;Marketplace;328,38;190,12;138,26;0,421
108068;2026-03-31;C1589;5;7;5;1192,71;0,0;775,26;Cartão de débito;Marketplace;5963,55;3876,3;2087,25;0,35
108069;2025-03-29;C1217;9;25;1;381,37;0,1;240,26;PIX;Online;343,23;240,26;102,97;0,3
108070;2025-08-13;C0057;4;20;2;1750,21;0,0;1225,15;Cartão de crédito;Online;3500,42;2450,3;1050,12;0,3
108071;2026-03-16;C2007;9;3;3;288,22;0,0;181,58;Cartão de débito;Marketplace;864,66;544,74;319,92;0,37
108072;2025-09-04;C0653;12;7;2;1005,52;0,1;683,75;Cartão de crédito;Online;1809,94;1367,5;442,44;0,2445
108073;2025-02-09;C1253;16;25;3;324,57;0,0;178,51;Boleto;Marketplace;973,71;535,53;438,18;0,45
108074;2025-11-07;C0073;1;10;1;699,73;0,0;447,83;PIX;Online;699,73;447,83;251,9;0,36
108075;2026-03-28;C1511;8;24;2;278,82;0,05;153,35;Cartão de débito;Marketplace;529,76;306,7;223,06;0,4211
108076;2025-03-27;C2421;12;7;1;1875,55;0,05;1275,37;PIX;Marketplace;1781,77;1275,37;506,4;0,2842
108077;2025-07-30;C1008;16;19;1;589,14;0,15;324,03;Cartão de débito;Marketplace;500,77;324,03;176,74;0,3529
108078;2026-04-20;C0126;17;10;5;419,04;0,0;251,42;Cartão de crédito;Online;2095,2;1257,1;838,1;0,4
108079;2025-02-20;C0835;3;23;3;99,74;0,05;44,88;PIX;Online;284,26;134,64;149,62;0,5263
108080;2025-06-06;C2258;9;10;4;325,45;0,15;205,03;Cartão de débito;Marketplace;1106,53;820,12;286,41;0,2588
108081;2025-12-18;C1219;4;18;1;1766,06;0,1;1236,24;PIX;Marketplace;1589,45;1236,24;353,21;0,2222
108082;2025-12-21;C0831;3;3;2;86,9;0,05;39,11;Cartão de débito;Online;165,11;78,22;86,89;0,5263
108083;2025-10-17;C2122;15;17;1;4586,23;0,0;3577,26;Não informado;Marketplace;4586,23;3577,26;1008,97;0,22
108084;2026-02-25;C1318;16;19;1;308,74;0,0;169,81;Boleto;Marketplace;308,74;169,81;138,93;0,45
108085;2026-06-23;C1634;4;26;1;663,13;0,2;464,19;Cartão de débito;Marketplace;530,5;464,19;66,31;0,125
108086;2026-01-14;C2264;11;14;1;1760,79;0,1;1197,34;Cartão de crédito;Marketplace;1584,71;1197,34;387,37;0,2444
108087;2025-01-31;C1457;16;17;1;441,97;0,1;243,08;Cartão de débito;Online;397,77;243,08;154,69;0,3889
108088;2026-03-23;C0073;5;23;1;994,62;0,1;646,5;Cartão de crédito;Online;895,16;646,5;248,66;0,2778
108089;2025-09-09;C2495;10;4;2;154,87;0,05;80,53;Cartão de débito;Marketplace;294,25;161,06;133,19;0,4526
108090;2025-01-14;C2472;17;9;2;607,75;0,05;364,65;Boleto;Online;1154,72;729,3;425,42;0,3684
108091;2025-04-12;C1571;15;7;1;1026,54;0,1;800,7;Cartão de crédito;Marketplace;923,89;800,7;123,19;0,1333
108092;2025-04-04;C1717;4;24;1;562,41;0,1;393,69;Não informado;Marketplace;506,17;393,69;112,48;0,2222
108093;2025-12-05;C1933;5;10;3;231,89;0,1;150,73;Boleto;Online;626,1;452,19;173,91;0,2778
108094;2025-03-02;C0763;8;10;1;225,26;0,05;123,89;PIX;Online;214,0;123,89;90,11;0,4211
108095;2026-04-07;C2167;17;10;2;735,28;0,0;441,17;Cartão de débito;Marketplace;1470,56;882,34;588,22;0,4
108096;2025-08-19;C0537;13;23;1;358,82;0,15;208,12;Cartão de débito;Marketplace;305,0;208,12;96,88;0,3176
108097;2025-08-04;C0714;7;6;2;212,82;0,0;131,95;Cartão de débito;Online;425,64;263,9;161,74;0,38
108098;2025-12-05;C2111;13;26;2;463,58;0,0;268,88;Cartão de débito;Marketplace;927,16;537,76;389,4;0,42
108099;2025-09-02;C0554;15;12;1;2965,3;0,05;2312,93;Cartão de crédito;Marketplace;2817,04;2312,93;504,11;0,179
108100;2025-09-27;C1222;8;7;1;223,98;0,0;123,19;Cartão de crédito;Online;223,98;123,19;100,79;0,45
108101;2026-04-01;C2279;14;2;1;5048,35;0,05;3634,81;Boleto;Marketplace;4795,93;3634,81;1161,12;0,2421
108102;2025-11-09;C1391;6;3;1;235,47;0,0;117,73;Cartão de débito;Online;235,47;117,73;117,74;0,5
108103;2026-04-17;C2099;11;14;1;1128,94;0,1;767,68;Cartão de crédito;Online;1016,05;767,68;248,37;0,2444
108104;2025-07-22;C1634;5;21;3;404,61;0,0;263,0;PIX;Online;1213,83;789,0;424,83;0,35
108105;2025-01-23;C1282;10;15;1;157,87;0,1;82,09;Cartão de crédito;Online;142,08;82,09;59,99;0,4222
108106;2025-08-30;C1961;16;15;2;549,19;0,0;302,05;Boleto;Online;1098,38;604,1;494,28;0,45
108107;2025-06-22;C1439;10;14;3;157,16;0,0;81,72;Cartão de débito;Marketplace;471,48;245,16;226,32;0,48
108108;2025-06-22;C1805;14;7;3;3152,92;0,0;2270,1;Cartão de débito;Marketplace;9458,76;6810,3;2648,46;0,28
108109;2026-06-14;C1901;13;26;1;157,46;0,0;91,33;Cartão de crédito;Marketplace;157,46;91,33;66,13;0,42
108110;2025-03-25;C0286;4;3;1;872,83;0,0;610,98;PIX;Online;872,83;610,98;261,85;0,3
108111;2025-12-27;C1713;10;15;1;348,57;0,05;181,26;Boleto;Marketplace;331,14;181,26;149,88;0,4526
108112;2026-06-21;C0375;11;11;2;1106,73;0,0;752,58;Cartão de débito;Online;2213,46;1505,16;708,3;0,32
108113;2025-10-26;C1222;13;6;1;150,01;0,0;87,01;Cartão de débito;Online;150,01;87,01;63,0;0,42
108114;2025-04-06;C0995;13;11;3;176,74;0,0;102,51;Cartão de crédito;Marketplace;530,22;307,53;222,69;0,42
108115;2025-12-05;C1538;7;23;1;171,67;0,0;106,44;Cartão de crédito;Marketplace;171,67;106,44;65,23;0,38
108116;2026-05-18;C0749;6;18;1;54,78;0,05;27,39;Cartão de crédito;Online;52,04;27,39;24,65;0,4737
108117;2025-11-30;C1464;7;2;1;308,92;0,05;191,53;Cartão de crédito;Marketplace;293,47;191,53;101,94;0,3474
108118;2025-08-17;C0480;7;5;1;545,09;0,0;337,96;Boleto;Online;545,09;337,96;207,13;0,38
108119;2025-12-25;C0934;14;17;4;4655,5;0,0;3351,96;Boleto;Online;18622,0;13407,84;5214,16;0,28
108120;2025-02-05;C2404;14;4;5;4215,53;0,1;3035,18;Cartão de débito;Marketplace;18969,88;15175,9;3793,98;0,2
108121;2026-04-14;C1001;13;4;2;459,67;0,05;266,61;PIX;Online;873,37;533,22;340,15;0,3895
108122;2025-04-07;C1124;1;15;1;305,5;0,2;195,52;Boleto;Marketplace;244,4;195,52;48,88;0,2
108123;2025-11-13;C1017;15;12;1;2189,17;0,0;1707,55;Boleto;Marketplace;2189,17;1707,55;481,62;0,22
108124;2026-01-12;C0987;7;8;2;301,6;0,15;186,99;PIX;Online;512,72;373,98;138,74;0,2706
108125;2025-01-13;C2199;9;9;2;375,87;0,1;236,8;PIX;Marketplace;676,57;473,6;202,97;0,3
108126;2026-05-29;C0034;1;19;1;681,56;0,0;436,2;Cartão de débito;Online;681,56;436,2;245,36;0,36
108127;2025-10-21;C0372;12;21;1;2379,98;0,15;1618,39;PIX;Online;2022,98;1618,39;404,59;0,2
108128;2025-12-27;C2325;11;27;3;818,68;0,15;556,7;Cartão de crédito;Online;2087,63;1670,1;417,53;0,2
108129;2025-05-04;C2121;13;11;1;180,37;0,05;104,61;PIX;Online;171,35;104,61;66,74;0,3895
108130;2026-01-07;C1086;1;12;1;813,61;0,0;520,71;Cartão de crédito;Marketplace;813,61;520,71;292,9;0,36
108131;2025-08-21;C1403;15;20;2;1816,15;0,1;1416,6;Cartão de débito;Online;3269,07;2833,2;435,87;0,1333
108132;2025-10-22;C1773;2;2;2;1445,44;0,0;968,44;Cartão de crédito;Marketplace;2890,88;1936,88;954,0;0,33
108133;2026-04-07;C0526;8;15;3;276,42;0,0;152,03;Cartão de crédito;Marketplace;829,26;456,09;373,17;0,45
108134;2026-04-18;C1150;13;7;4;310,77;0,05;180,25;Cartão de débito;Marketplace;1180,93;721,0;459,93;0,3895
108135;2025-12-28;C2372;12;20;2;2363,61;0,15;1607,25;Cartão de crédito;Marketplace;4018,14;3214,5;803,64;0,2
108136;2025-11-19;C0928;1;6;1;593,29;0,05;379,71;Boleto;Online;563,63;379,71;183,92;0,3263
108137;2026-05-17;C1259;10;20;1;316,93;0,1;164,8;Cartão de crédito;Online;285,24;164,8;120,44;0,4222
108138;2026-04-12;C0224;6;19;1;245,09;0,05;122,55;Cartão de crédito;Online;232,84;122,55;110,29;0,4737
108139;2025-10-31;C2084;10;18;1;324,45;0,1;168,71;PIX;Marketplace;292,0;168,71;123,29;0,4222
108140;2025-01-17;C0254;6;8;2;157,1;0,1;78,55;PIX;Marketplace;282,78;157,1;125,68;0,4444
108141;2026-02-01;C1348;9;21;1;455,83;0,0;287,17;Cartão de débito;Online;455,83;287,17;168,66;0,37
108142;2025-03-02;C1739;10;24;2;106,35;0,1;55,3;Cartão de crédito;Marketplace;191,43;110,6;80,83;0,4222
108143;2025-11-17;C0591;7;9;2;568,8;0,05;352,66;Cartão de débito;Online;1080,72;705,32;375,4;0,3474
108144;2026-05-10;C1324;10;12;1;225,32;0,1;117,17;PIX;Marketplace;202,79;117,17;85,62;0,4222
108145;2026-04-06;C2282;1;10;1;749,09;0,05;479,42;Boleto;Online;711,64;479,42;232,22;0,3263
108146;2026-06-19;C1972;15;8;2;2128,96;0,05;1660,59;Boleto;Online;4045,02;3321,18;723,84;0,1789
108147;2025-07-23;C0892;10;25;1;251,92;0,05;131,0;Cartão de débito;Marketplace;239,32;131,0;108,32;0,4526
108148;2025-08-05;C0673;3;2;3;79,74;0,0;35,88;Cartão de crédito;Marketplace;239,22;107,64;131,58;0,55
108149;2026-02-13;C1264;1;21;1;784,4;0,0;502,02;Cartão de débito;Online;784,4;502,02;282,38;0,36
108150;2026-05-09;C1260;14;21;2;4555,35;0,15;3279,85;Boleto;Online;7744,1;6559,7;1184,4;0,1529
108151;2025-04-02;C1008;2;1;4;428,81;0,0;287,3;Cartão de crédito;Online;1715,24;1149,2;566,04;0,33
108152;2025-03-16;C1170;1;22;2;358,77;0,0;229,61;PIX;Online;717,54;459,22;258,32;0,36
108153;2025-09-19;C1401;4;5;2;1870,33;0,0;1309,23;PIX;Online;3740,66;2618,46;1122,2;0,3
108154;2025-12-20;C0250;13;14;1;468,75;0,05;271,88;Cartão de débito;Online;445,31;271,88;173,43;0,3895
108155;2025-03-12;C0246;11;12;1;1509,13;0,0;1026,21;PIX;Online;1509,13;1026,21;482,92;0,32
108156;2025-10-17;C2376;5;18;1;717,15;0,05;466,15;Boleto;Online;681,29;466,15;215,14;0,3158
108157;2025-01-12;C1828;10;7;1;312,76;0,0;162,64;Boleto;Marketplace;312,76;162,64;150,12;0,48
108158;2025-05-27;C0949;9;27;1;414,34;0,05;261,03;Cartão de crédito;Online;393,62;261,03;132,59;0,3368
108159;2025-11-16;C0710;13;3;1;198,68;0,2;115,23;Boleto;Online;158,94;115,23;43,71;0,275
108160;2025-04-18;C1876;15;7;1;2460,54;0,0;1919,22;Boleto;Online;2460,54;1919,22;541,32;0,22
108161;2025-04-07;C0653;14;27;2;5475,93;0,05;3942,67;Cartão de crédito;Marketplace;10404,27;7885,34;2518,93;0,2421
108162;2025-06-10;C1822;14;23;2;4750,5;0,05;3420,36;Cartão de crédito;Marketplace;9025,95;6840,72;2185,23;0,2421
108163;2025-04-30;C0379;7;27;2;605,92;0,1;375,67;Boleto;Online;1090,66;751,34;339,32;0,3111
108164;2026-06-20;C1707;8;20;2;155,9;0,1;85,75;Cartão de crédito;Marketplace;280,62;171,5;109,12;0,3889
108165;2025-09-04;C1732;10;14;2;384,94;0,0;200,17;Boleto;Marketplace;769,88;400,34;369,54;0,48
108166;2025-10-19;C1328;14;2;1;3855,02;0,1;2775,61;Cartão de débito;Marketplace;3469,52;2775,61;693,91;0,2
108167;2026-01-31;C1999;1;22;3;723,31;0,05;462,92;Cartão de crédito;Marketplace;2061,43;1388,76;672,67;0,3263
108168;2025-03-17;C0827;15;6;3;2643,39;0,05;2061,84;Cartão de débito;Online;7533,66;6185,52;1348,14;0,1789
108169;2025-09-07;C0482;1;1;1;398,96;0,15;255,33;Cartão de crédito;Marketplace;339,12;255,33;83,79;0,2471
108170;2025-11-24;C1269;9;23;1;542,32;0,1;341,66;Cartão de crédito;Marketplace;488,09;341,66;146,43;0,3
108171;2025-04-02;C0075;8;17;1;240,91;0,0;132,5;Cartão de crédito;Marketplace;240,91;132,5;108,41;0,45
108172;2026-06-10;C1372;15;25;2;1643,31;0,05;1281,78;Cartão de crédito;Marketplace;3122,29;2563,56;558,73;0,1789
108173;2025-10-17;C0025;2;10;2;1199,56;0,1;803,71;Boleto;Marketplace;2159,21;1607,42;551,79;0,2556
108174;2025-03-30;C1192;10;20;4;202,63;0,1;105,37;Cartão de crédito;Online;729,47;421,48;307,99;0,4222
108175;2025-10-19;C0634;11;16;2;743,81;0,2;505,79;Cartão de crédito;Marketplace;1190,1;1011,58;178,52;0,15
108176;2026-03-30;C1259;17;4;1;303,06;0,0;181,84;Cartão de débito;Marketplace;303,06;181,84;121,22;0,4
108177;2025-09-09;C1440;7;5;1;444,3;0,05;275,47;Cartão de crédito;Marketplace;422,08;275,47;146,61;0,3474
108178;2026-05-23;C1962;17;4;2;458,73;0,0;275,24;Cartão de débito;Online;917,46;550,48;366,98;0,4
108179;2025-01-11;C1625;12;3;1;704,8;0,15;479,26;PIX;Online;599,08;479,26;119,82;0,2
108180;2026-02-17;C0510;3;9;1;73,69;0,05;33,16;Boleto;Online;70,01;33,16;36,85;0,5264
108181;2025-03-02;C1972;10;13;4;157,26;0,15;81,78;Cartão de débito;Online;534,68;327,12;207,56;0,3882
108182;2025-07-06;C0219;12;1;1;893,67;0,0;607,7;Cartão de débito;Online;893,67;607,7;285,97;0,32
108183;2025-12-24;C0093;16;27;2;551,82;0,2;303,5;PIX;Marketplace;882,91;607,0;275,91;0,3125
108184;2026-06-18;C0901;5;20;2;1116,96;0,0;726,02;Cartão de crédito;Marketplace;2233,92;1452,04;781,88;0,35
108185;2025-01-15;C1751;17;18;1;727,23;0,05;436,34;Cartão de débito;Online;690,87;436,34;254,53;0,3684
108186;2025-07-07;C0982;7;17;1;493,75;0,0;306,12;Cartão de débito;Marketplace;493,75;306,12;187,63;0,38
108187;2025-12-08;C0541;12;13;2;1270,56;0,1;863,98;Boleto;Online;2287,01;1727,96;559,05;0,2444
108188;2026-02-24;C1645;12;17;1;2087,24;0,1;1419,32;Boleto;Marketplace;1878,52;1419,32;459,2;0,2444
108189;2026-06-01;C1932;3;16;1;88,29;0,05;39,73;Cartão de débito;Marketplace;83,88;39,73;44,15;0,5263
108190;2025-01-02;C0162;13;10;1;258,57;0,0;149,97;Boleto;Marketplace;258,57;149,97;108,6;0,42
108191;2026-03-26;C1271;11;5;1;1636,52;0,1;1112,83;Boleto;Marketplace;1472,87;1112,83;360,04;0,2444
108192;2026-03-18;C0269;14;15;2;5471,72;0,05;3939,64;Não informado;Online;10396,27;7879,28;2516,99;0,2421
108193;2026-06-21;C0315;5;16;3;1081,42;0,1;702,92;Cartão de débito;Online;2919,83;2108,76;811,07;0,2778
108194;2025-12-29;C0838;15;4;1;4856,22;0,0;3787,85;PIX;Online;4856,22;3787,85;1068,37;0,22
108195;2025-07-14;C1239;11;6;2;913,3;0,15;621,04;Cartão de débito;Marketplace;1552,61;1242,08;310,53;0,2
108196;2026-02-12;C0282;4;1;1;2332,82;0,0;1632,97;Boleto;Marketplace;2332,82;1632,97;699,85;0,3
108197;2026-04-08;C1598;5;23;1;974,06;0,1;633,14;Cartão de débito;Marketplace;876,65;633,14;243,51;0,2778
108198;2026-06-08;C0482;8;14;4;164,57;0,05;90,51;Cartão de débito;Marketplace;625,37;362,04;263,33;0,4211
108199;2025-09-25;C1668;13;2;2;329,15;0,1;190,91;Cartão de crédito;Marketplace;592,47;381,82;210,65;0,3555
108200;2025-12-02;C2346;7;14;4;165,99;0,1;102,91;Cartão de crédito;Online;597,56;411,64;185,92;0,3111
108201;2025-11-17;C2295;1;1;2;355,79;0,1;227,71;PIX;Online;640,42;455,42;185,0;0,2889
108202;2025-10-14;C1260;7;27;3;421,54;0,1;261,35;Cartão de débito;Marketplace;1138,16;784,05;354,11;0,3111
108203;2025-11-19;C2421;7;13;1;206,6;0,15;128,09;Boleto;Marketplace;175,61;128,09;47,52;0,2706
108204;2025-08-16;C2054;13;13;1;489,1;0,05;283,68;Boleto;Marketplace;464,64;283,68;180,96;0,3895
108205;2025-04-11;C0176;13;11;1;271,99;0,0;157,75;Cartão de crédito;Online;271,99;157,75;114,24;0,42
108206;2025-12-27;C1891;7;19;1;722,8;0,0;448,14;PIX;Online;722,8;448,14;274,66;0,38
108207;2025-10-13;C0858;13;7;2;87,69;0,15;50,86;PIX;Marketplace;149,07;101,72;47,35;0,3176
108208;2026-03-31;C0856;4;24;2;940,26;0,05;658,18;Boleto;Online;1786,49;1316,36;470,13;0,2632
108209;2025-12-30;C0183;11;27;1;1462,48;0,0;994,49;PIX;Online;1462,48;994,49;467,99;0,32
108210;2025-09-01;C1298;2;7;1;964,44;0,05;646,17;PIX;Marketplace;916,22;646,17;270,05;0,2947
108211;2026-04-22;C0663;17;21;4;429,87;0,0;257,92;Boleto;Online;1719,48;1031,68;687,8;0,4
108212;2025-07-18;C1593;8;3;1;259,86;0,0;142,92;Cartão de débito;Marketplace;259,86;142,92;116,94;0,45
108213;2025-07-25;C1918;8;8;1;199,31;0,15;109,62;PIX;Marketplace;169,41;109,62;59,79;0,3529
108214;2025-01-18;C1464;8;6;1;102,18;0,1;56,2;Cartão de crédito;Online;91,96;56,2;35,76;0,3889
108215;2025-06-21;C1402;12;18;3;2372,07;0,05;1613,01;PIX;Marketplace;6760,4;4839,03;1921,37;0,2842
108216;2025-04-23;C0868;5;5;1;356,53;0,1;231,74;Boleto;Online;320,88;231,74;89,14;0,2778
108217;2025-11-05;C0173;11;14;3;984,73;0,0;669,62;PIX;Online;2954,19;2008,86;945,33;0,32
108218;2026-03-04;C1139;17;13;4;686,01;0,1;411,61;PIX;Online;2469,64;1646,44;823,2;0,3333
108219;2025-02-02;C0938;10;15;1;102,1;0,05;53,09;PIX;Online;96,99;53,09;43,9;0,4526
108220;2025-05-14;C0286;14;13;3;3511,11;0,0;2528,0;Cartão de crédito;Online;10533,33;7584,0;2949,33;0,28
108221;2025-06-20;C0091;7;15;2;443,56;0,2;275,01;Cartão de débito;Marketplace;709,7;550,02;159,68;0,225
108222;2025-03-23;C2457;14;9;3;4031,79;0,1;2902,89;Boleto;Marketplace;10885,83;8708,67;2177,16;0,2
108223;2025-11-03;C1910;14;20;2;2611,01;0,15;1879,93;Cartão de débito;Online;4438,72;3759,86;678,86;0,1529
108224;2025-02-15;C0312;4;19;4;2128,02;0,0;1489,61;Boleto;Marketplace;8512,08;5958,44;2553,64;0,3
108225;2025-07-02;C0816;12;26;3;2114,21;0,0;1437,66;PIX;Marketplace;6342,63;4312,98;2029,65;0,32
108226;2025-01-19;C1901;8;2;4;245,57;0,0;135,06;Cartão de crédito;Marketplace;982,28;540,24;442,04;0,45
108227;2026-01-25;C1316;8;22;1;125,25;0,1;68,89;Cartão de débito;Online;112,72;68,89;43,83;0,3888
108228;2025-06-13;C1333;17;27;2;703,84;0,0;422,3;Cartão de crédito;Marketplace;1407,68;844,6;563,08;0,4
108229;2025-04-23;C1769;14;16;4;4892,12;0,1;3522,33;PIX;Online;17611,63;14089,32;3522,31;0,2
108230;2026-02-26;C0338;16;27;1;107,26;0,0;58,99;PIX;Marketplace;107,26;58,99;48,27;0,45
108231;2025-11-27;C0921;6;18;1;192,75;0,1;96,38;Boleto;Marketplace;173,48;96,38;77,1;0,4444
108232;2025-09-07;C2481;1;14;2;381,09;0,05;243,9;Boleto;Marketplace;724,07;487,8;236,27;0,3263
108233;2025-11-19;C2424;2;11;1;924,98;0,05;619,74;PIX;Online;878,73;619,74;258,99;0,2947
108234;2025-12-09;C2050;8;24;4;260,18;0,0;143,1;PIX;Online;1040,72;572,4;468,32;0,45
108235;2025-07-14;C0900;5;2;2;221,52;0,0;143,99;Cartão de débito;Online;443,04;287,98;155,06;0,35
108236;2025-11-25;C0880;14;22;2;5918,49;0,0;4261,31;Cartão de débito;Online;11836,98;8522,62;3314,36;0,28
108237;2025-09-14;C2347;5;10;1;516,79;0,1;335,91;Cartão de débito;Online;465,11;335,91;129,2;0,2778
108238;2026-01-22;C1543;13;8;1;93,59;0,05;54,28;Cartão de crédito;Marketplace;88,91;54,28;34,63;0,3895
108239;2025-01-08;C1309;7;22;2;182,29;0,0;113,02;PIX;Online;364,58;226,04;138,54;0,38
108240;2025-02-18;C2310;1;24;2;710,73;0,05;454,87;PIX;Online;1350,39;909,74;440,65;0,3263
108241;2025-10-25;C2041;10;6;2;85,29;0,0;44,35;PIX;Marketplace;170,58;88,7;81,88;0,48
108242;2025-03-15;C1459;7;18;1;252,51;0,15;156,56;Cartão de crédito;Marketplace;214,63;156,56;58,07;0,2706
108243;2026-01-01;C1987;17;8;1;497,1;0,15;298,26;Cartão de crédito;Marketplace;422,54;298,26;124,28;0,2941
108244;2025-09-28;C2353;4;17;1;1144,38;0,1;801,07;Cartão de débito;Online;1029,94;801,07;228,87;0,2222
108245;2025-02-27;C2056;9;14;1;503,65;0,05;317,3;Cartão de crédito;Marketplace;478,47;317,3;161,17;0,3368
108246;2025-01-14;C1796;12;22;1;2091,3;0,05;1422,08;Cartão de crédito;Online;1986,74;1422,08;564,66;0,2842
108247;2025-04-04;C2255;10;8;1;359,44;0,15;186,91;PIX;Marketplace;305,52;186,91;118,61;0,3882
108248;2026-04-21;C1892;10;2;3;181,43;0,0;94,34;Cartão de débito;Marketplace;544,29;283,02;261,27;0,48
108249;2025-09-20;C1148;7;26;1;735,61;0,15;456,08;Boleto;Marketplace;625,27;456,08;169,19;0,2706
108250;2025-11-10;C1870;4;22;1;2291,0;0,05;1603,7;PIX;Marketplace;2176,45;1603,7;572,75;0,2632
108251;2026-04-23;C2012;1;14;4;959,73;0,1;614,23;Cartão de crédito;Marketplace;3455,03;2456,92;998,11;0,2889
108252;2025-11-23;C2049;13;8;1;392,34;0,0;227,56;Cartão de débito;Online;392,34;227,56;164,78;0,42
108253;2026-04-26;C0875;5;10;2;212,17;0,0;137,91;Cartão de débito;Online;424,34;275,82;148,52;0,35
108254;2025-09-08;C0537;7;3;2;231,87;0,0;143,76;Cartão de crédito;Marketplace;463,74;287,52;176,22;0,38
108255;2026-05-15;C2410;17;6;1;500,87;0,0;300,52;Cartão de débito;Online;500,87;300,52;200,35;0,4
108256;2025-03-14;C2092;8;5;1;174,83;0,1;96,16;PIX;Online;157,35;96,16;61,19;0,3889
108257;2025-02-22;C0854;2;12;1;540,8;0,0;362,34;Cartão de débito;Marketplace;540,8;362,34;178,46;0,33
108258;2025-12-31;C1939;12;23;1;2068,5;0,1;1406,58;Cartão de crédito;Online;1861,65;1406,58;455,07;0,2444
108259;2026-02-27;C2006;11;5;3;1060,06;0,0;720,84;Boleto;Marketplace;3180,18;2162,52;1017,66;0,32
108260;2026-02-19;C0960;13;19;4;410,96;0,1;238,36;Cartão de crédito;Online;1479,46;953,44;526,02;0,3555
108261;2025-08-09;C2146;12;24;1;1745,29;0,1;1186,8;Boleto;Online;1570,76;1186,8;383,96;0,2444
108262;2025-01-08;C1452;9;10;1;356,68;0,05;224,71;Boleto;Online;338,85;224,71;114,14;0,3368
108263;2025-07-11;C2495;7;19;3;204,19;0,1;126,6;Cartão de débito;Online;551,31;379,8;171,51;0,3111
108264;2025-03-28;C1919;15;21;1;1114,95;0,05;869,66;Cartão de débito;Marketplace;1059,2;869,66;189,54;0,1789
108265;2025-04-29;C1871;3;3;2;52,35;0,05;23,56;Boleto;Marketplace;99,46;47,12;52,34;0,5262
108266;2025-05-06;C0634;10;1;1;224,15;0,1;116,56;PIX;Marketplace;201,74;116,56;85,18;0,4222
108267;2025-04-21;C1416;9;22;3;292,78;0,0;184,45;Boleto;Marketplace;878,34;553,35;324,99;0,37
108268;2025-07-08;C1201;6;13;4;64,94;0,0;32,47;Cartão de crédito;Online;259,76;129,88;129,88;0,5
108269;2025-07-05;C1500;17;25;1;290,93;0,0;174,56;Cartão de débito;Marketplace;290,93;174,56;116,37;0,4
108270;2026-02-04;C1080;7;6;1;485,4;0,1;300,95;Cartão de crédito;Online;436,86;300,95;135,91;0,3111
108271;2025-02-12;C1085;17;6;1;607,39;0,0;364,43;Cartão de crédito;Marketplace;607,39;364,43;242,96;0,4
108272;2026-03-19;C1030;11;24;1;1670,85;0,0;1136,18;Cartão de crédito;Online;1670,85;1136,18;534,67;0,32
108273;2025-06-30;C1730;6;25;1;80,62;0,05;40,31;Cartão de débito;Online;76,59;40,31;36,28;0,4737
108274;2025-08-18;C0800;16;11;1;551,35;0,2;303,24;PIX;Online;441,08;303,24;137,84;0,3125
108275;2025-08-12;C2485;15;22;3;4674,52;0,0;3646,13;Cartão de débito;Online;14023,56;10938,39;3085,17;0,22
108276;2026-03-27;C1775;13;15;1;312,26;0,1;181,11;Cartão de crédito;Online;281,03;181,11;99,92;0,3555
108277;2025-10-31;C0743;8;23;1;106,42;0,0;58,53;Cartão de crédito;Online;106,42;58,53;47,89;0,45
108278;2026-05-10;C1437;7;26;1;299,87;0,15;185,92;Boleto;Online;254,89;185,92;68,97;0,2706
108279;2025-10-02;C2191;15;3;1;1915,53;0,05;1494,11;Boleto;Marketplace;1819,75;1494,11;325,64;0,1789
108280;2025-04-19;C2299;6;4;1;73,19;0,1;36,59;PIX;Online;65,87;36,59;29,28;0,4445
108281;2026-03-19;C1191;8;4;1;283,39;0,0;155,86;Boleto;Marketplace;283,39;155,86;127,53;0,45
108282;2025-06-06;C1650;17;15;1;583,23;0,1;349,94;Boleto;Online;524,91;349,94;174,97;0,3333
108283;2025-10-18;C0659;3;5;2;24,0;0,1;10,8;Cartão de crédito;Marketplace;43,2;21,6;21,6;0,5
108284;2025-02-12;C0566;17;8;1;175,8;0,0;105,48;Boleto;Online;175,8;105,48;70,32;0,4
108285;2025-01-21;C1187;9;22;2;358,28;0,1;225,72;Boleto;Online;644,9;451,44;193,46;0,3
108286;2025-11-03;C2091;8;25;1;109,85;0,1;60,42;Cartão de crédito;Online;98,86;60,42;38,44;0,3888
108287;2026-05-27;C0992;12;3;2;1569,46;0,15;1067,23;Cartão de crédito;Marketplace;2668,08;2134,46;533,62;0,2
108288;2025-05-08;C1733;1;11;1;520,87;0,15;333,36;Boleto;Marketplace;442,74;333,36;109,38;0,2471
108289;2026-02-10;C2031;17;19;1;708,09;0,15;424,85;Boleto;Marketplace;601,88;424,85;177,03;0,2941
108290;2026-02-19;C1092;12;27;1;2273,01;0,2;1545,65;PIX;Marketplace;1818,41;1545,65;272,76;0,15
108291;2025-05-20;C1176;2;1;1;1376,78;0,1;922,44;Não informado;Marketplace;1239,1;922,44;316,66;0,2556
108292;2025-08-16;C2057;11;10;1;1982,27;0,1;1347,94;Cartão de crédito;Online;1784,04;1347,94;436,1;0,2444
108293;2025-12-04;C0728;10;25;1;212,97;0,15;110,74;Cartão de débito;Online;181,02;110,74;70,28;0,3882
108294;2026-01-13;C0705;4;27;1;1039,74;0,1;727,82;Cartão de débito;Online;935,77;727,82;207,95;0,2222
108295;2025-03-22;C0620;15;2;1;3155,51;0,0;2461,3;PIX;Online;3155,51;2461,3;694,21;0,22
108296;2025-08-08;C1222;16;2;1;580,34;0,1;319,19;Boleto;Marketplace;522,31;319,19;203,12;0,3889
108297;2025-01-02;C1184;15;27;1;4883,45;0,05;3809,09;Cartão de débito;Marketplace;4639,28;3809,09;830,19;0,1789
108298;2025-11-06;C0724;1;24;3;427,94;0,05;273,88;Boleto;Online;1219,63;821,64;397,99;0,3263
108299;2025-12-06;C0556;14;17;1;5287,37;0,05;3806,91;Cartão de débito;Marketplace;5023,0;3806,91;1216,09;0,2421
108300;2025-05-01;C2076;16;21;1;132,58;0,0;72,92;PIX;Marketplace;132,58;72,92;59,66;0,45
108301;2025-06-08;C1692;2;8;1;1040,12;0,0;696,88;Cartão de débito;Online;1040,12;696,88;343,24;0,33
108302;2025-05-09;C1935;16;21;1;415,31;0,0;228,42;Cartão de débito;Online;415,31;228,42;186,89;0,45
108303;2026-03-07;C0390;14;5;1;4757,9;0,1;3425,69;Boleto;Marketplace;4282,11;3425,69;856,42;0,2
108304;2026-04-26;C1162;13;21;5;407,18;0,0;236,16;Cartão de débito;Online;2035,9;1180,8;855,1;0,42
108305;2025-06-13;C0983;11;15;1;1226,54;0,0;834,05;Boleto;Online;1226,54;834,05;392,49;0,32
108306;2026-06-13;C1262;5;19;1;650,39;0,05;422,75;Boleto;Online;617,87;422,75;195,12;0,3158
108307;2025-12-01;C1325;4;4;1;887,02;0,1;620,91;Cartão de crédito;Marketplace;798,32;620,91;177,41;0,2222
108308;2025-11-28;C0477;8;22;3;81,49;0,0;44,82;Cartão de débito;Marketplace;244,47;134,46;110,01;0,45
108309;2026-02-07;C1534;2;5;1;990,43;0,0;663,59;PIX;Marketplace;990,43;663,59;326,84;0,33
108310;2026-04-04;C1773;15;27;1;3851,26;0,0;3003,98;PIX;Marketplace;3851,26;3003,98;847,28;0,22
108311;2026-06-20;C1107;14;7;2;4126,17;0,0;2970,84;Boleto;Online;8252,34;5941,68;2310,66;0,28
108312;2025-01-25;C0569;6;6;1;141,41;0,2;70,7;Cartão de crédito;Online;113,13;70,7;42,43;0,3751
108313;2026-01-21;C1051;9;17;1;358,67;0,05;225,96;Cartão de débito;Marketplace;340,74;225,96;114,78;0,3369
108314;2026-06-06;C2151;17;15;1;623,46;0,0;374,08;Cartão de débito;Online;623,46;374,08;249,38;0,4
108315;2025-10-27;C0676;16;8;2;446,34;0,2;245,49;Cartão de crédito;Online;714,14;490,98;223,16;0,3125
108316;2025-09-16;C2302;4;19;4;1137,26;0,0;796,08;Cartão de débito;Online;4549,04;3184,32;1364,72;0,3
108317;2025-11-15;C1732;11;1;1;795,64;0,0;541,04;Boleto;Marketplace;795,64;541,04;254,6;0,32
108318;2026-03-25;C1721;13;25;3;461,17;0,0;267,48;Cartão de crédito;Marketplace;1383,51;802,44;581,07;0,42
108319;2025-12-04;C0938;12;7;3;1541,45;0,1;1048,19;Cartão de débito;Marketplace;4161,92;3144,57;1017,35;0,2444
108320;2026-06-20;C1666;1;3;2;943,49;0,15;603,83;Cartão de débito;Marketplace;1603,93;1207,66;396,27;0,2471
108321;2026-03-17;C0754;2;15;2;1141,31;0,05;764,68;PIX;Marketplace;2168,49;1529,36;639,13;0,2947
108322;2025-03-18;C2413;7;8;1;587,04;0,05;363,96;Cartão de débito;Marketplace;557,69;363,96;193,73;0,3474
108323;2025-01-12;C1209;2;14;2;768,42;0,0;514,84;Cartão de débito;Online;1536,84;1029,68;507,16;0,33
108324;2025-09-10;C1351;3;17;3;53,62;0,0;24,13;Boleto;Marketplace;160,86;72,39;88,47;0,55
108325;2026-04-28;C1791;12;27;1;2065,01;0,0;1404,21;Cartão de débito;Marketplace;2065,01;1404,21;660,8;0,32
108326;2025-08-25;C1012;4;10;1;2278,93;0,05;1595,25;PIX;Marketplace;2164,98;1595,25;569,73;0,2632
108327;2025-01-06;C0514;12;2;1;726,63;0,1;494,11;PIX;Marketplace;653,97;494,11;159,86;0,2444
108328;2025-07-26;C0283;11;21;2;1196,29;0,1;813,48;PIX;Marketplace;2153,32;1626,96;526,36;0,2444
108329;2026-04-30;C1083;13;14;1;170,77;0,0;99,05;Cartão de crédito;Online;170,77;99,05;71,72;0,42
108330;2025-10-22;C0976;1;10;2;629,44;0,0;402,84;Cartão de débito;Marketplace;1258,88;805,68;453,2;0,36
108331;2026-06-09;C1534;10;20;1;152,99;0,05;79,55;Cartão de crédito;Online;145,34;79,55;65,79;0,4527
108332;2026-01-24;C2257;2;20;2;538,33;0,0;360,68;Boleto;Online;1076,66;721,36;355,3;0,33
108333;2025-08-11;C2056;16;18;1;152,04;0,0;83,62;Cartão de débito;Marketplace;152,04;83,62;68,42;0,45
108334;2025-06-28;C1332;17;22;1;462,8;0,15;277,68;Cartão de débito;Online;393,38;277,68;115,7;0,2941
108335;2026-03-20;C0213;9;8;2;530,72;0,1;334,35;Cartão de crédito;Marketplace;955,3;668,7;286,6;0,3
108336;2025-10-06;C0705;11;7;1;1026,46;0,1;697,99;Cartão de débito;Marketplace;923,81;697,99;225,82;0,2444
108337;2025-02-26;C1989;12;4;1;2039,58;0,05;1386,91;Cartão de débito;Marketplace;1937,6;1386,91;550,69;0,2842
108338;2026-02-15;C0402;14;9;3;4085,98;0,15;2941,91;Cartão de débito;Online;10419,25;8825,73;1593,52;0,1529
108339;2025-12-26;C0297;3;10;1;44,0;0,1;19,8;Boleto;Marketplace;39,6;19,8;19,8;0,5
108340;2025-01-13;C0998;17;8;1;196,16;0,0;117,7;Boleto;Online;196,16;117,7;78,46;0,4
108341;2025-03-26;C1308;7;4;2;806,02;0,15;499,73;PIX;Online;1370,23;999,46;370,77;0,2706
108342;2025-05-27;C1065;15;26;2;2954,06;0,0;2304,17;PIX;Online;5908,12;4608,34;1299,78;0,22
108343;2025-09-07;C1838;9;12;1;536,65;0,0;338,09;PIX;Marketplace;536,65;338,09;198,56;0,37
108344;2026-03-06;C0206;1;5;3;588,54;0,15;376,67;PIX;Online;1500,78;1130,01;370,77;0,2471
108345;2025-03-23;C0828;11;12;1;959,08;0,0;652,17;PIX;Online;959,08;652,17;306,91;0,32
108346;2026-04-09;C2316;7;8;1;277,85;0,0;172,27;Boleto;Marketplace;277,85;172,27;105,58;0,38
108347;2026-03-05;C0562;17;1;2;505,97;0,2;303,58;Cartão de crédito;Marketplace;809,55;607,16;202,39;0,25
108348;2025-11-12;C2277;4;3;4;1074,37;0,1;752,06;Cartão de débito;Online;3867,73;3008,24;859,49;0,2222
108349;2025-06-09;C0404;11;3;1;478,2;0,0;325,18;Cartão de débito;Marketplace;478,2;325,18;153,02;0,32
108350;2025-11-10;C1624;8;12;4;195,92;0,15;107,76;Cartão de débito;Marketplace;666,13;431,04;235,09;0,3529
108351;2025-12-25;C1452;15;21;2;1919,73;0,0;1497,39;PIX;Marketplace;3839,46;2994,78;844,68;0,22
108352;2025-01-17;C2289;3;25;1;70,73;0,0;31,83;Boleto;Marketplace;70,73;31,83;38,9;0,55
108353;2025-08-09;C1784;1;7;2;699,74;0,1;447,83;PIX;Marketplace;1259,53;895,66;363,87;0,2889
108354;2025-01-31;C0538;7;11;1;820,81;0,0;508,9;PIX;Online;820,81;508,9;311,91;0,38
108355;2025-09-23;C1710;17;22;1;162,32;0,15;97,39;Cartão de débito;Online;137,97;97,39;40,58;0,2941
108356;2025-08-05;C2145;15;6;1;3741,75;0,1;2918,57;Cartão de débito;Online;3367,58;2918,57;449,01;0,1333
108357;2025-05-18;C1142;4;11;2;1475,3;0,1;1032,71;PIX;Online;2655,54;2065,42;590,12;0,2222
108358;2026-02-12;C0764;3;21;3;64,47;0,0;29,01;Cartão de crédito;Online;193,41;87,03;106,38;0,55
108359;2025-01-07;C0290;1;26;1;887,35;0,1;567,9;Cartão de débito;Marketplace;798,62;567,9;230,72;0,2889
108360;2025-05-13;C0473;16;7;1;554,52;0,0;304,99;Cartão de crédito;Marketplace;554,52;304,99;249,53;0,45
108361;2026-05-31;C2409;1;19;1;512,83;0,05;328,21;Cartão de crédito;Online;487,19;328,21;158,98;0,3263
108362;2026-01-20;C0601;14;9;3;3388,19;0,0;2439,5;PIX;Online;10164,57;7318,5;2846,07;0,28
108363;2026-03-03;C1719;15;27;2;4907,94;0,0;3828,19;Cartão de crédito;Marketplace;9815,88;7656,38;2159,5;0,22
108364;2025-12-05;C1581;8;16;1;99,07;0,1;54,49;Cartão de débito;Online;89,16;54,49;34,67;0,3889
108365;2025-08-17;C0754;4;5;2;2186,96;0,0;1530,87;Cartão de débito;Online;4373,92;3061,74;1312,18;0,3
108366;2025-08-01;C1504;7;21;2;787,41;0,0;488,19;Boleto;Online;1574,82;976,38;598,44;0,38
108367;2025-06-20;C1107;10;1;3;113,33;0,05;58,93;Cartão de débito;Online;322,99;176,79;146,2;0,4526
108368;2025-11-22;C0682;10;1;1;366,29;0,2;190,47;Cartão de débito;Online;293,03;190,47;102,56;0,35
108369;2025-05-19;C1033;8;4;3;131,43;0,0;72,29;Cartão de crédito;Online;394,29;216,87;177,42;0,45
108370;2025-12-30;C1177;7;1;1;682,08;0,15;422,89;Boleto;Marketplace;579,77;422,89;156,88;0,2706
108371;2026-01-10;C0265;10;21;1;234,92;0,05;122,16;PIX;Online;223,17;122,16;101,01;0,4526
108372;2025-04-26;C0540;7;2;1;437,58;0,1;271,3;PIX;Marketplace;393,82;271,3;122,52;0,3111
108373;2025-09-24;C2403;17;15;1;121,84;0,1;73,1;Cartão de crédito;Online;109,66;73,1;36,56;0,3334
108374;2025-09-18;C0052;7;14;1;588,21;0,0;364,69;Cartão de débito;Marketplace;588,21;364,69;223,52;0,38
108375;2026-01-31;C1114;5;26;4;569,5;0,05;370,18;Cartão de crédito;Marketplace;2164,1;1480,72;683,38;0,3158
108376;2025-11-17;C2251;10;16;1;319,82;0,1;166,31;Cartão de crédito;Marketplace;287,84;166,31;121,53;0,4222
108377;2025-11-05;C1276;10;8;1;198,02;0,0;102,97;Boleto;Online;198,02;102,97;95,05;0,48
108378;2025-02-21;C0052;1;22;5;668,02;0,0;427,53;PIX;Online;3340,1;2137,65;1202,45;0,36
108379;2025-10-31;C1359;2;6;1;1494,2;0,0;1001,11;Cartão de débito;Online;1494,2;1001,11;493,09;0,33
108380;2025-07-20;C1999;14;11;4;4895,04;0,0;3524,43;Cartão de crédito;Online;19580,16;14097,72;5482,44;0,28
108381;2025-12-03;C1776;14;17;1;5661,45;0,15;4076,24;Cartão de crédito;Online;4812,23;4076,24;735,99;0,1529
108382;2025-09-21;C2496;10;18;1;176,47;0,2;91,76;Cartão de crédito;Marketplace;141,18;91,76;49,42;0,35
108383;2026-06-20;C2486;10;17;2;302,43;0,05;157,26;Boleto;Online;574,62;314,52;260,1;0,4526
108384;2026-05-28;C1310;9;15;2;584,44;0,0;368,2;Boleto;Online;1168,88;736,4;432,48;0,37
108385;2025-07-24;C0348;13;11;1;404,86;0,1;234,82;PIX;Marketplace;364,37;234,82;129,55;0,3555
108386;2025-03-12;C1283;9;11;1;374,43;0,2;235,89;Cartão de crédito;Marketplace;299,54;235,89;63,65;0,2125
108387;2025-11-12;C1882;9;17;1;206,21;0,2;129,91;Cartão de débito;Marketplace;164,97;129,91;35,06;0,2125
108388;2026-06-08;C0156;2;14;2;433,35;0,0;290,34;Cartão de débito;Online;866,7;580,68;286,02;0,33
108389;2026-05-22;C0212;6;20;1;154,49;0,05;77,25;Cartão de crédito;Marketplace;146,77;77,25;69,52;0,4737
108390;2025-08-29;C0615;6;11;2;214,37;0,05;107,19;Cartão de crédito;Marketplace;407,3;214,38;192,92;0,4737
108391;2026-04-09;C0940;11;21;1;1906,45;0,0;1296,39;Cartão de débito;Marketplace;1906,45;1296,39;610,06;0,32
108392;2025-04-03;C1858;12;1;3;1215,07;0,05;826,25;Cartão de débito;Online;3462,95;2478,75;984,2;0,2842
108393;2025-03-23;C0558;12;3;1;1074,89;0,05;730,93;Cartão de crédito;Marketplace;1021,15;730,93;290,22;0,2842
108394;2026-06-14;C1109;15;18;2;2622,04;0,1;2045,19;Boleto;Marketplace;4719,67;4090,38;629,29;0,1333
108395;2025-07-21;C0095;8;1;1;286,05;0,0;157,33;PIX;Marketplace;286,05;157,33;128,72;0,45
108396;2026-03-29;C0326;8;12;1;183,57;0,0;100,96;Cartão de crédito;Online;183,57;100,96;82,61;0,45
108397;2025-09-06;C1813;17;17;1;465,42;0,1;279,25;PIX;Online;418,88;279,25;139,63;0,3333
108398;2025-04-30;C1790;5;22;2;838,68;0,1;545,14;PIX;Online;1509,62;1090,28;419,34;0,2778
108399;2025-03-29;C2205;2;3;1;1449,15;0,1;970,93;Boleto;Marketplace;1304,24;970,93;333,31;0,2556
108400;2025-03-27;C1532;11;16;3;627,59;0,05;426,76;PIX;Online;1788,63;1280,28;508,35;0,2842
108401;2025-11-07;C0480;15;5;1;2901,23;0,1;2262,96;Boleto;Online;2611,11;2262,96;348,15;0,1333
108402;2025-12-25;C1234;14;11;3;4707,56;0,0;3389,44;Cartão de débito;Online;14122,68;10168,32;3954,36;0,28
108403;2025-08-16;C1516;11;23;1;1343,95;0,1;913,89;Boleto;Online;1209,56;913,89;295,67;0,2444
108404;2025-11-29;C1696;14;6;1;4725,73;0,1;3402,53;Cartão de débito;Online;4253,16;3402,53;850,63;0,2
108405;2025-05-26;C1485;7;2;2;756,7;0,1;469,15;Boleto;Online;1362,06;938,3;423,76;0,3111
108406;2025-03-30;C0175;3;1;1;84,53;0,15;38,04;Cartão de crédito;Online;71,85;38,04;33,81;0,4706
108407;2025-08-18;C0557;14;15;1;5966,94;0,0;4296,2;PIX;Online;5966,94;4296,2;1670,74;0,28
108408;2026-05-21;C1063;5;10;1;1018,37;0,1;661,94;Boleto;Online;916,53;661,94;254,59;0,2778
108409;2026-02-04;C1948;13;19;2;450,55;0,15;261,32;Boleto;Online;765,94;522,64;243,3;0,3176
108410;2025-06-19;C1028;6;24;1;231,6;0,15;115,8;Cartão de débito;Marketplace;196,86;115,8;81,06;0,4118
108411;2025-10-13;C2202;13;1;3;171,47;0,05;99,45;Cartão de crédito;Marketplace;488,69;298,35;190,34;0,3895
108412;2026-04-15;C2386;12;8;1;2259,18;0,0;1536,24;PIX;Online;2259,18;1536,24;722,94;0,32
108413;2025-03-13;C0245;3;4;4;62,46;0,0;28,11;PIX;Online;249,84;112,44;137,4;0,55
108414;2026-06-30;C1484;4;23;2;626,07;0,05;438,25;Cartão de débito;Online;1189,53;876,5;313,03;0,2632
108415;2025-08-22;C1525;7;7;1;263,11;0,0;163,13;PIX;Online;263,11;163,13;99,98;0,38
108416;2025-11-23;C0698;15;11;2;3730,5;0,2;2909,79;Boleto;Marketplace;5968,8;5819,58;149,22;0,025
108417;2026-02-23;C0501;6;22;4;112,74;0,1;56,37;Cartão de débito;Online;405,86;225,48;180,38;0,4444
108418;2026-02-17;C1640;2;9;2;1006,36;0,0;674,26;Boleto;Online;2012,72;1348,52;664,2;0,33
108419;2026-02-26;C2085;6;12;1;86,95;0,05;43,48;Cartão de débito;Online;82,6;43,48;39,12;0,4736
108420;2025-11-24;C1276;12;24;1;1203,36;0,15;818,28;PIX;Marketplace;1022,86;818,28;204,58;0,2
108421;2025-05-26;C2304;9;23;1;379,26;0,15;238,93;Cartão de débito;Marketplace;322,37;238,93;83,44;0,2588
108422;2025-03-26;C0649;11;7;1;1665,55;0,1;1132,57;Cartão de crédito;Marketplace;1499,0;1132,57;366,43;0,2444
108423;2026-03-26;C0644;7;2;2;796,88;0,0;494,07;Cartão de crédito;Marketplace;1593,76;988,14;605,62;0,38
108424;2025-01-20;C0690;10;2;5;267,56;0,0;139,13;PIX;Online;1337,8;695,65;642,15;0,48
108425;2025-07-04;C1127;17;1;3;307,09;0,1;184,25;Cartão de débito;Marketplace;829,14;552,75;276,39;0,3333
108426;2026-05-07;C1711;17;23;1;571,11;0,05;342,67;Boleto;Marketplace;542,55;342,67;199,88;0,3684
108427;2025-08-10;C2129;8;26;1;84,85;0,05;46,67;PIX;Online;80,61;46,67;33,94;0,421
108428;2026-03-10;C1656;12;23;2;1588,51;0,05;1080,19;PIX;Marketplace;3018,17;2160,38;857,79;0,2842
108429;2025-01-15;C0312;1;8;2;390,62;0,1;250,0;PIX;Online;703,12;500,0;203,12;0,2889
108430;2025-09-15;C0812;4;3;1;1442,14;0,15;1009,5;PIX;Online;1225,82;1009,5;216,32;0,1765
108431;2025-05-31;C0268;7;7;2;798,6;0,1;495,13;Cartão de débito;Online;1437,48;990,26;447,22;0,3111
108432;2025-10-09;C0036;7;27;2;814,68;0,15;505,1;PIX;Online;1384,96;1010,2;374,76;0,2706
108433;2025-10-29;C2352;8;2;1;133,45;0,15;73,4;Cartão de débito;Online;113,43;73,4;40,03;0,3529
108434;2025-11-25;C0545;13;26;1;196,04;0,15;113,7;Cartão de débito;Online;166,63;113,7;52,93;0,3176
108435;2025-08-04;C0558;5;23;1;622,98;0,0;404,94;Cartão de débito;Online;622,98;404,94;218,04;0,35
108436;2026-02-25;C1339;17;23;1;126,48;0,0;75,89;PIX;Marketplace;126,48;75,89;50,59;0,4
108437;2025-05-23;C2384;15;8;1;2614,11;0,0;2039,01;Cartão de crédito;Marketplace;2614,11;2039,01;575,1;0,22
108438;2025-09-08;C0035;6;14;2;128,13;0,0;64,06;PIX;Marketplace;256,26;128,12;128,14;0,5
108439;2025-11-20;C0095;5;13;1;432,62;0,1;281,2;PIX;Online;389,36;281,2;108,16;0,2778
108440;2026-04-16;C1482;3;16;1;48,11;0,1;21,65;Cartão de crédito;Marketplace;43,3;21,65;21,65;0,5
108441;2025-07-17;C0695;1;23;2;775,56;0,1;496,36;PIX;Online;1396,01;992,72;403,29;0,2889
108442;2026-06-23;C1189;16;7;3;221,62;0,1;121,89;Cartão de crédito;Online;598,37;365,67;232,7;0,3889
108443;2025-09-30;C2044;4;13;2;1827,86;0,0;1279,5;Cartão de crédito;Marketplace;3655,72;2559,0;1096,72;0,3
108444;2025-09-15;C1267;16;22;2;594,96;0,2;327,23;Boleto;Marketplace;951,94;654,46;297,48;0,3125
108445;2025-06-24;C1632;6;8;2;150,05;0,1;75,03;Cartão de débito;Marketplace;270,09;150,06;120,03;0,4444
108446;2025-04-08;C0423;12;5;1;1066,8;0,0;725,42;Boleto;Online;1066,8;725,42;341,38;0,32
108447;2025-12-11;C1261;4;16;1;1921,52;0,0;1345,06;Cartão de crédito;Marketplace;1921,52;1345,06;576,46;0,3
108448;2025-08-14;C2205;7;7;1;879,47;0,0;545,27;PIX;Online;879,47;545,27;334,2;0,38
108449;2025-06-24;C0637;1;21;3;840,5;0,0;537,92;Cartão de crédito;Online;2521,5;1613,76;907,74;0,36
108450;2025-04-22;C0498;14;1;2;3705,07;0,1;2667,65;PIX;Online;6669,13;5335,3;1333,83;0,2
108451;2026-03-06;C1250;17;11;4;452,82;0,1;271,69;Cartão de crédito;Online;1630,15;1086,76;543,39;0,3333
108452;2025-08-20;C1358;16;20;1;389,48;0,1;214,21;Cartão de débito;Marketplace;350,53;214,21;136,32;0,3889
108453;2026-01-01;C1305;2;17;1;1299,11;0,0;870,4;Boleto;Online;1299,11;870,4;428,71;0,33
108454;2025-09-17;C1463;4;11;2;765,99;0,0;536,19;Cartão de crédito;Online;1531,98;1072,38;459,6;0,3
108455;2025-01-23;C0092;16;12;5;313,94;0,0;172,67;Boleto;Marketplace;1569,7;863,35;706,35;0,45
108456;2026-05-22;C1774;3;12;2;66,73;0,0;30,03;Boleto;Marketplace;133,46;60,06;73,4;0,55
108457;2026-03-27;C1829;1;25;1;883,05;0,1;565,15;PIX;Online;794,74;565,15;229,59;0,2889
108458;2025-07-13;C1569;17;20;4;411,21;0,0;246,73;Cartão de débito;Marketplace;1644,84;986,92;657,92;0,4
108459;2025-12-10;C0733;5;4;1;806,71;0,0;524,36;Boleto;Online;806,71;524,36;282,35;0,35
108460;2026-05-03;C2396;15;27;1;3634,38;0,1;2834,82;Boleto;Marketplace;3270,94;2834,82;436,12;0,1333
108461;2026-04-10;C0538;1;4;1;975,46;0,0;624,29;PIX;Marketplace;975,46;624,29;351,17;0,36
108462;2025-01-24;C1933;13;16;1;166,32;0,05;96,47;Boleto;Marketplace;158,0;96,47;61,53;0,3894
108463;2025-11-03;C0213;4;7;1;1020,29;0,0;714,2;Cartão de débito;Marketplace;1020,29;714,2;306,09;0,3
108464;2025-04-16;C0757;15;2;4;4518,55;0,0;3524,47;Cartão de débito;Marketplace;18074,2;14097,88;3976,32;0,22
108465;2026-01-20;C2349;12;26;1;1940,4;0,1;1319,47;Boleto;Marketplace;1746,36;1319,47;426,89;0,2444
108466;2025-11-11;C0023;3;17;2;49,64;0,0;22,34;PIX;Online;99,28;44,68;54,6;0,55
108467;2026-02-24;C0001;17;17;1;442,5;0,0;265,5;Boleto;Online;442,5;265,5;177,0;0,4
108468;2025-08-26;C1965;13;5;2;154,08;0,05;89,37;PIX;Marketplace;292,75;178,74;114,01;0,3894
108469;2026-06-16;C1466;16;23;1;175,77;0,05;96,67;Cartão de crédito;Marketplace;166,98;96,67;70,31;0,4211
108470;2026-04-28;C0335;9;1;1;330,48;0,0;208,2;Cartão de crédito;Marketplace;330,48;208,2;122,28;0,37
108471;2026-03-09;C1999;6;20;1;105,55;0,05;52,77;Cartão de crédito;Marketplace;100,27;52,77;47,5;0,4737
108472;2026-03-19;C0059;17;23;1;108,23;0,0;64,94;PIX;Online;108,23;64,94;43,29;0,4
108473;2025-04-19;C0008;4;22;1;1838,5;0,05;1286,95;Boleto;Marketplace;1746,57;1286,95;459,62;0,2632
108474;2025-09-10;C1087;14;3;2;3782,15;0,0;2723,15;Boleto;Online;7564,3;5446,3;2118,0;0,28
108475;2025-03-31;C1474;2;1;1;595,31;0,1;398,86;Cartão de crédito;Online;535,78;398,86;136,92;0,2556
108476;2025-09-09;C0823;17;22;4;526,36;0,0;315,82;Cartão de crédito;Online;2105,44;1263,28;842,16;0,4
108477;2026-05-19;C1441;12;24;2;1517,09;0,0;1031,62;Boleto;Online;3034,18;2063,24;970,94;0,32
108478;2025-06-15;C1736;14;14;2;5067,03;0,0;3648,26;Boleto;Online;10134,06;7296,52;2837,54;0,28
108479;2025-09-21;C0536;6;6;2;126,61;0,15;63,3;Boleto;Online;215,24;126,6;88,64;0,4118
108480;2025-06-14;C2299;14;2;1;5914,91;0,1;4258,74;PIX;Marketplace;5323,42;4258,74;1064,68;0,2
108481;2025-06-08;C0090;13;9;1;420,36;0,0;243,81;Cartão de crédito;Online;420,36;243,81;176,55;0,42
108482;2025-06-28;C1446;14;27;1;4131,2;0,0;2974,46;Cartão de crédito;Marketplace;4131,2;2974,46;1156,74;0,28
108483;2026-02-24;C1873;9;6;1;406,8;0,1;256,28;PIX;Online;366,12;256,28;109,84;0,3
108484;2025-02-08;C1820;11;23;1;1607,09;0,0;1092,82;PIX;Online;1607,09;1092,82;514,27;0,32
108485;2026-03-23;C1011;2;13;1;1497,33;0,05;1003,21;PIX;Marketplace;1422,46;1003,21;419,25;0,2947
108486;2026-04-15;C1676;9;5;1;324,3;0,05;204,31;PIX;Marketplace;308,08;204,31;103,77;0,3368
108487;2025-08-06;C1867;8;7;1;229,45;0,0;126,2;Boleto;Marketplace;229,45;126,2;103,25;0,45
108488;2026-05-05;C1064;17;19;1;655,01;0,0;393,01;Boleto;Online;655,01;393,01;262,0;0,4
108489;2026-01-04;C1485;7;9;1;412,2;0,1;255,56;PIX;Online;370,98;255,56;115,42;0,3111
108490;2025-07-05;C2398;17;26;2;795,22;0,1;477,13;Cartão de crédito;Online;1431,4;954,26;477,14;0,3333
108491;2026-01-23;C1005;7;14;3;587,09;0,0;364,0;Cartão de crédito;Online;1761,27;1092,0;669,27;0,38
108492;2025-08-27;C2325;3;6;4;64,88;0,05;29,2;Cartão de crédito;Online;246,54;116,8;129,74;0,5262
108493;2026-03-10;C0004;12;19;1;1554,94;0,15;1057,36;Boleto;Online;1321,7;1057,36;264,34;0,2
108494;2025-02-18;C0777;8;27;1;92,1;0,05;50,66;Cartão de débito;Online;87,49;50,66;36,83;0,421
108495;2025-09-14;C1033;7;3;3;652,66;0,05;404,65;Cartão de débito;Marketplace;1860,08;1213,95;646,13;0,3474
108496;2025-07-04;C0610;9;9;1;356,03;0,2;224,3;Cartão de débito;Online;284,82;224,3;60,52;0,2125
108497;2025-05-15;C0428;9;22;1;218,35;0,0;137,56;Cartão de débito;Online;218,35;137,56;80,79;0,37
108498;2025-04-03;C0886;7;23;2;177,35;0,1;109,96;Boleto;Online;319,23;219,92;99,31;0,3111
108499;2026-02-11;C1910;13;19;4;183,7;0,05;106,55;PIX;Online;698,06;426,2;271,86;0,3895
108500;2025-04-11;C1159;10;25;1;184,83;0,0;96,11;Cartão de débito;Online;184,83;96,11;88,72;0,48
108501;2025-12-14;C0858;11;3;4;1881,06;0,15;1279,12;PIX;Marketplace;6395,6;5116,48;1279,12;0,2
108502;2026-02-04;C2457;9;20;1;366,98;0,0;231,2;Cartão de débito;Marketplace;366,98;231,2;135,78;0,37
108503;2025-04-12;C1764;8;27;2;195,96;0,0;107,78;Boleto;Marketplace;391,92;215,56;176,36;0,45
108504;2025-03-01;C2233;15;16;2;4958,91;0,05;3867,95;Cartão de crédito;Marketplace;9421,93;7735,9;1686,03;0,1789
108505;2025-01-28;C0212;11;4;1;991,82;0,1;674,44;Cartão de crédito;Marketplace;892,64;674,44;218,2;0,2444
108506;2026-04-28;C1858;12;21;1;1154,04;0,0;784,75;Cartão de crédito;Marketplace;1154,04;784,75;369,29;0,32
108507;2025-09-08;C1356;9;8;2;511,45;0,0;322,21;Cartão de débito;Marketplace;1022,9;644,42;378,48;0,37
108508;2025-06-02;C0629;8;11;2;92,89;0,15;51,09;Boleto;Marketplace;157,91;102,18;55,73;0,3529
108509;2026-06-04;C1326;11;14;2;1937,5;0,05;1317,5;Cartão de débito;Online;3681,25;2635,0;1046,25;0,2842
108510;2026-04-19;C1777;17;22;5;799,05;0,1;479,43;Cartão de crédito;Online;3595,72;2397,15;1198,57;0,3333
108511;2025-09-25;C2012;1;16;4;667,77;0,0;427,37;Boleto;Online;2671,08;1709,48;961,6;0,36
108512;2025-05-02;C1360;16;26;2;126,07;0,05;69,34;PIX;Online;239,53;138,68;100,85;0,421
108513;2025-12-01;C0141;1;26;3;913,13;0,1;584,4;Boleto;Marketplace;2465,45;1753,2;712,25;0,2889
108514;2025-04-09;C1045;15;5;1;2855,58;0,05;2227,35;PIX;Marketplace;2712,8;2227,35;485,45;0,1789
108515;2025-02-04;C2073;14;6;1;5960,58;0,05;4291,62;Boleto;Marketplace;5662,55;4291,62;1370,93;0,2421
108516;2025-06-05;C0557;16;16;2;273,71;0,1;150,54;Boleto;Marketplace;492,68;301,08;191,6;0,3889
108517;2025-04-06;C2309;7;1;1;580,58;0,0;359,96;Cartão de débito;Marketplace;580,58;359,96;220,62;0,38
108518;2025-01-14;C0308;1;11;1;848,28;0,05;542,9;Boleto;Online;805,87;542,9;262,97;0,3263
108519;2026-01-06;C1980;13;6;1;123,41;0,0;71,58;Cartão de crédito;Online;123,41;71,58;51,83;0,42
108520;2025-07-02;C2199;9;25;3;273,22;0,1;172,13;Cartão de débito;Online;737,69;516,39;221,3;0,3
108521;2025-02-18;C0512;17;24;1;369,89;0,15;221,93;Boleto;Online;314,41;221,93;92,48;0,2941
108522;2026-03-01;C0310;13;14;1;95,43;0,1;55,35;PIX;Marketplace;85,89;55,35;30,54;0,3556
108523;2025-01-06;C0940;15;11;2;1807,48;0,05;1409,83;Cartão de crédito;Online;3434,21;2819,66;614,55;0,1789
108524;2025-11-16;C1394;5;17;1;774,11;0,0;503,17;PIX;Online;774,11;503,17;270,94;0,35
108525;2025-04-06;C1776;13;15;1;324,66;0,0;188,3;Boleto;Online;324,66;188,3;136,36;0,42
108526;2026-02-01;C1818;5;5;2;722,24;0,05;469,46;Boleto;Online;1372,26;938,92;433,34;0,3158
108527;2026-02-04;C0985;12;16;2;1387,86;0,05;943,74;Cartão de crédito;Marketplace;2636,93;1887,48;749,45;0,2842
108528;2026-05-20;C0426;7;9;1;219,28;0,0;135,95;Cartão de débito;Marketplace;219,28;135,95;83,33;0,38
108529;2025-10-26;C0872;12;8;1;1031,14;0,15;701,18;Cartão de débito;Online;876,47;701,18;175,29;0,2
108530;2026-06-22;C0690;7;27;2;344,51;0,0;213,6;Boleto;Online;689,02;427,2;261,82;0,38
108531;2025-10-17;C1018;4;21;1;686,75;0,0;480,72;PIX;Marketplace;686,75;480,72;206,03;0,3
108532;2025-05-25;C1132;5;24;1;415,26;0,1;269,92;Cartão de crédito;Marketplace;373,73;269,92;103,81;0,2778
108533;2025-04-23;C0101;6;12;1;228,38;0,1;114,19;PIX;Online;205,54;114,19;91,35;0,4444
108534;2026-02-20;C1890;15;20;1;4729,38;0,2;3688,92;Cartão de débito;Marketplace;3783,5;3688,92;94,58;0,025
108535;2025-02-14;C1901;17;23;1;361,81;0,0;217,09;PIX;Online;361,81;217,09;144,72;0,4
108536;2026-03-11;C1956;11;6;3;1347,88;0,0;916,56;Cartão de crédito;Marketplace;4043,64;2749,68;1293,96;0,32
108537;2025-04-08;C1821;10;17;1;182,13;0,0;94,71;Cartão de crédito;Online;182,13;94,71;87,42;0,48
108538;2026-05-12;C0399;6;26;2;67,92;0,1;33,96;Cartão de crédito;Marketplace;122,26;67,92;54,34;0,4445
108539;2025-10-31;C0146;5;3;2;999,54;0,0;649,7;Cartão de débito;Marketplace;1999,08;1299,4;699,68;0,35
108540;2025-08-22;C1587;13;12;1;402,78;0,05;233,61;Boleto;Marketplace;382,64;233,61;149,03;0,3895
108541;2025-10-22;C0540;10;11;1;249,77;0,05;129,88;Boleto;Online;237,28;129,88;107,4;0,4526
108542;2026-04-17;C1533;9;4;1;214,59;0,1;135,19;Cartão de débito;Online;193,13;135,19;57,94;0,3
108543;2025-01-21;C0432;4;11;1;834,35;0,0;584,04;Cartão de crédito;Online;834,35;584,04;250,31;0,3
108544;2025-09-30;C0966;7;9;1;622,47;0,05;385,93;Cartão de débito;Online;591,35;385,93;205,42;0,3474
108545;2025-06-20;C0344;15;13;2;2483,04;0,0;1936,77;Cartão de crédito;Marketplace;4966,08;3873,54;1092,54;0,22
108546;2026-02-02;C1668;12;5;3;1782,09;0,1;1211,82;PIX;Marketplace;4811,64;3635,46;1176,18;0,2444
108547;2025-10-04;C0240;17;15;1;606,72;0,0;364,03;Cartão de débito;Marketplace;606,72;364,03;242,69;0,4
108548;2026-02-17;C2195;14;6;2;5325,21;0,05;3834,15;PIX;Marketplace;10117,9;7668,3;2449,6;0,2421
108549;2026-05-08;C1031;14;6;2;5043,38;0,0;3631,23;PIX;Marketplace;10086,76;7262,46;2824,3;0,28
108550;2025-08-23;C2331;16;12;1;114,89;0,05;63,19;PIX;Online;109,15;63,19;45,96;0,4211
108551;2025-11-30;C2286;10;18;1;319,5;0,0;166,14;PIX;Online;319,5;166,14;153,36;0,48
108552;2025-09-08;C1377;10;27;1;283,11;0,2;147,22;Boleto;Marketplace;226,49;147,22;79,27;0,35
108553;2025-12-07;C0912;6;4;1;110,87;0,05;55,44;PIX;Online;105,33;55,44;49,89;0,4737
108554;2025-09-07;C0557;16;23;2;478,57;0,0;263,21;PIX;Online;957,14;526,42;430,72;0,45
108555;2025-04-02;C0472;11;3;1;1143,52;0,15;777,59;Cartão de crédito;Marketplace;971,99;777,59;194,4;0,2
108556;2026-03-07;C2172;13;2;1;463,39;0,0;268,77;Boleto;Online;463,39;268,77;194,62;0,42
108557;2025-07-18;C0600;4;4;3;1787,59;0,05;1251,31;PIX;Marketplace;5094,63;3753,93;1340,7;0,2632
108558;2026-02-08;C0847;11;7;4;1249,39;0,05;849,59;Cartão de crédito;Online;4747,68;3398,36;1349,32;0,2842
108559;2026-03-31;C1612;6;21;1;189,79;0,05;94,89;Boleto;Online;180,3;94,89;85,41;0,4737
108560;2026-06-03;C2309;1;18;5;910,38;0,0;582,64;Cartão de crédito;Marketplace;4551,9;2913,2;1638,7;0,36
108561;2025-02-03;C0718;9;2;4;402,94;0,0;253,85;PIX;Online;1611,76;1015,4;596,36;0,37
108562;2025-09-13;C0264;12;13;2;1657,6;0,05;1127,17;Cartão de débito;Marketplace;3149,44;2254,34;895,1;0,2842
108563;2025-10-05;C0577;6;15;1;152,47;0,1;76,23;Cartão de débito;Online;137,22;76,23;60,99;0,4445
108564;2026-05-26;C1200;3;15;3;97,89;0,0;44,05;Boleto;Online;293,67;132,15;161,52;0,55
108565;2026-06-05;C0381;8;12;1;231,93;0,1;127,56;Cartão de crédito;Marketplace;208,74;127,56;81,18;0,3889
108566;2026-03-29;C0996;13;4;1;290,19;0,05;168,31;Boleto;Marketplace;275,68;168,31;107,37;0,3895
108567;2025-10-01;C2278;8;15;4;244,2;0,0;134,31;Cartão de débito;Online;976,8;537,24;439,56;0,45
108568;2026-03-03;C0354;6;2;4;155,59;0,05;77,8;Cartão de crédito;Marketplace;591,24;311,2;280,04;0,4736
108569;2026-05-05;C1777;4;7;1;2035,87;0,1;1425,11;Boleto;Marketplace;1832,28;1425,11;407,17;0,2222
108570;2026-06-20;C0730;13;1;3;209,1;0,1;121,28;Boleto;Marketplace;564,57;363,84;200,73;0,3555
108571;2025-02-14;C1078;6;7;1;157,8;0,05;78,9;Cartão de débito;Marketplace;149,91;78,9;71,01;0,4737
108572;2026-02-09;C1803;6;7;2;188,71;0,0;94,36;PIX;Marketplace;377,42;188,72;188,7;0,5
108573;2026-01-08;C1937;17;20;1;405,27;0,05;243,16;Boleto;Online;385,01;243,16;141,85;0,3684
108574;2026-01-04;C1990;13;10;1;401,36;0,0;232,79;Cartão de crédito;Marketplace;401,36;232,79;168,57;0,42
108575;2026-01-05;C2485;10;11;2;153,41;0,0;79,77;PIX;Online;306,82;159,54;147,28;0,48
108576;2025-04-16;C2219;7;3;2;781,31;0,0;484,41;PIX;Online;1562,62;968,82;593,8;0,38
108577;2025-12-01;C2095;12;16;2;1385,05;0,1;941,83;Cartão de débito;Online;2493,09;1883,66;609,43;0,2444
108578;2025-02-15;C1742;6;24;1;170,79;0,05;85,39;PIX;Online;162,25;85,39;76,86;0,4737
108579;2026-03-13;C1910;6;17;2;183,31;0,05;91,66;Cartão de crédito;Marketplace;348,29;183,32;164,97;0,4737
108580;2025-05-09;C1230;11;21;3;1476,86;0,1;1004,26;PIX;Marketplace;3987,52;3012,78;974,74;0,2444
108581;2025-09-10;C2309;17;14;1;748,61;0,0;449,17;PIX;Online;748,61;449,17;299,44;0,4
108582;2025-11-01;C1253;12;11;3;1671,17;0,05;1136,4;Cartão de crédito;Marketplace;4762,83;3409,2;1353,63;0,2842
108583;2025-07-18;C0033;12;7;4;2398,21;0,1;1630,78;PIX;Online;8633,56;6523,12;2110,44;0,2444
108584;2025-08-27;C1133;16;10;1;141,27;0,1;77,7;Boleto;Online;127,14;77,7;49,44;0,3889
108585;2025-02-01;C1052;9;13;2;410,25;0,1;258,46;PIX;Online;738,45;516,92;221,53;0,3
108586;2026-05-02;C0068;5;14;1;670,63;0,0;435,91;Cartão de débito;Online;670,63;435,91;234,72;0,35
108587;2025-10-14;C0272;15;11;1;1599,46;0,05;1247,58;Boleto;Online;1519,49;1247,58;271,91;0,1789
108588;2026-06-25;C0685;16;25;4;463,56;0,05;254,96;Boleto;Marketplace;1761,53;1019,84;741,69;0,421
108589;2026-05-27;C0083;16;6;2;271,47;0,05;149,31;Cartão de débito;Online;515,79;298,62;217,17;0,421
108590;2025-02-03;C0251;11;19;1;1811,0;0,2;1231,48;Cartão de débito;Marketplace;1448,8;1231,48;217,32;0,15
108591;2026-02-13;C0759;14;26;1;2912,63;0,1;2097,09;Boleto;Marketplace;2621,37;2097,09;524,28;0,2
108592;2025-02-11;C2386;14;2;1;3577,58;0,0;2575,86;Boleto;Online;3577,58;2575,86;1001,72;0,28
108593;2025-12-24;C1643;2;4;1;294,69;0,1;197,44;Cartão de crédito;Marketplace;265,22;197,44;67,78;0,2556
108594;2025-05-31;C1439;9;19;3;187,86;0,0;118,35;Cartão de débito;Marketplace;563,58;355,05;208,53;0,37
108595;2025-01-27;C1935;13;5;3;458,63;0,2;266,01;PIX;Online;1100,71;798,03;302,68;0,275
108596;2026-01-10;C1721;13;27;4;467,94;0,05;271,41;Cartão de débito;Marketplace;1778,17;1085,64;692,53;0,3895
108597;2025-05-08;C1404;12;19;1;2162,23;0,0;1470,32;Boleto;Marketplace;2162,23;1470,32;691,91;0,32
108598;2025-04-30;C1173;13;14;2;385,21;0,05;223,42;PIX;Marketplace;731,9;446,84;285,06;0,3895
108599;2026-03-13;C2346;15;17;2;2685,07;0,1;2094,35;PIX;Marketplace;4833,13;4188,7;644,43;0,1333
108600;2026-02-14;C2191;7;14;3;198,01;0,1;122,77;Cartão de crédito;Marketplace;534,63;368,31;166,32;0,3111
108601;2025-01-31;C0353;4;26;2;1170,6;0,05;819,42;PIX;Online;2224,14;1638,84;585,3;0,2632
108602;2026-05-12;C0777;17;19;2;420,49;0,05;252,29;Cartão de crédito;Online;798,93;504,58;294,35;0,3684
108603;2026-03-07;C0319;6;23;1;202,37;0,05;101,19;PIX;Marketplace;192,25;101,19;91,06;0,4737
108604;2025-02-06;C0371;3;7;1;27,78;0,0;12,5;PIX;Marketplace;27,78;12,5;15,28;0,55
108605;2025-12-22;C1023;7;25;1;252,91;0,05;156,8;Cartão de crédito;Marketplace;240,26;156,8;83,46;0,3474
108606;2025-01-30;C1590;13;10;1;427,98;0,05;248,23;PIX;Marketplace;406,58;248,23;158,35;0,3895
108607;2025-01-13;C2399;14;14;2;4459,35;0,0;3210,73;Cartão de débito;Online;8918,7;6421,46;2497,24;0,28
108608;2025-11-10;C2373;4;23;2;1787,87;0,1;1251,51;Cartão de crédito;Online;3218,17;2503,02;715,15;0,2222
108609;2026-05-05;C0561;8;9;2;154,56;0,2;85,01;Cartão de débito;Online;247,3;170,02;77,28;0,3125
108610;2025-09-07;C1237;4;24;3;2468,44;0,2;1727,91;Boleto;Online;5924,26;5183,73;740,53;0,125
108611;2025-10-22;C2426;10;3;1;174,27;0,05;90,62;Boleto;Online;165,56;90,62;74,94;0,4526
108612;2025-12-14;C1307;3;24;1;35,25;0,05;15,86;Cartão de débito;Online;33,49;15,86;17,63;0,5264
108613;2025-01-31;C2316;2;21;1;291,77;0,05;195,49;PIX;Marketplace;277,18;195,49;81,69;0,2947
108614;2025-08-06;C2156;9;24;1;358,61;0,0;225,92;Boleto;Marketplace;358,61;225,92;132,69;0,37
108615;2026-04-09;C1542;6;4;1;58,8;0,05;29,4;Cartão de crédito;Online;55,86;29,4;26,46;0,4737
108616;2025-05-05;C0947;11;12;1;1099,07;0,1;747,37;Cartão de débito;Online;989,16;747,37;241,79;0,2444
108617;2026-01-21;C0888;6;20;1;150,86;0,0;75,43;Cartão de débito;Marketplace;150,86;75,43;75,43;0,5
108618;2026-06-22;C1357;13;22;2;291,1;0,15;168,84;Cartão de crédito;Online;494,87;337,68;157,19;0,3176
108619;2026-01-17;C1995;2;13;1;1149,1;0,0;769,9;Boleto;Online;1149,1;769,9;379,2;0,33
108620;2025-02-19;C1878;11;6;1;554,24;0,0;376,88;Boleto;Online;554,24;376,88;177,36;0,32
108621;2026-03-27;C0348;6;4;3;53,72;0,0;26,86;Cartão de débito;Online;161,16;80,58;80,58;0,5
108622;2025-09-09;C1397;12;8;2;2243,57;0,05;1525,63;Boleto;Online;4262,78;3051,26;1211,52;0,2842
108623;2026-02-07;C0909;6;13;1;174,88;0,1;87,44;Boleto;Online;157,39;87,44;69,95;0,4444
108624;2025-02-08;C0171;10;3;3;274,46;0,0;142,72;PIX;Marketplace;823,38;428,16;395,22;0,48
108625;2026-06-01;C0290;7;1;1;452,81;0,0;280,74;Cartão de débito;Marketplace;452,81;280,74;172,07;0,38
108626;2025-03-27;C2276;14;4;2;3233,72;0,05;2328,28;Cartão de débito;Online;6144,07;4656,56;1487,51;0,2421
108627;2025-05-15;C2218;8;2;1;80,45;0,1;44,25;PIX;Marketplace;72,4;44,25;28,15;0,3888
108628;2025-10-22;C2498;8;18;1;179,42;0,0;98,68;Cartão de débito;Online;179,42;98,68;80,74;0,45
108629;2025-06-29;C1142;10;24;4;257,17;0,05;133,73;Boleto;Marketplace;977,25;534,92;442,33;0,4526
108630;2025-12-10;C2089;5;22;2;584,59;0,0;379,98;Cartão de débito;Marketplace;1169,18;759,96;409,22;0,35
108631;2025-09-09;C1187;2;10;1;1498,67;0,2;1004,11;Cartão de crédito;Online;1198,94;1004,11;194,83;0,1625
108632;2025-02-26;C2390;9;23;3;289,44;0,05;182,35;PIX;Marketplace;824,9;547,05;277,85;0,3368
108633;2025-07-20;C1851;12;3;3;1371,47;0,1;932,6;Boleto;Online;3702,97;2797,8;905,17;0,2444
108634;2025-06-15;C1745;4;16;1;1243,02;0,05;870,11;Cartão de crédito;Online;1180,87;870,11;310,76;0,2632
108635;2026-06-04;C1850;7;2;1;257,09;0,15;159,4;Cartão de crédito;Online;218,53;159,4;59,13;0,2706
108636;2025-08-02;C0635;7;25;4;589,94;0,05;365,76;PIX;Marketplace;2241,77;1463,04;778,73;0,3474
108637;2025-04-08;C0658;4;26;1;1340,95;0,1;938,66;Boleto;Marketplace;1206,86;938,66;268,2;0,2222
108638;2025-01-08;C1831;10;14;4;209,08;0,0;108,72;Cartão de débito;Online;836,32;434,88;401,44;0,48
108639;2025-02-08;C2023;3;14;1;38,5;0,1;17,32;Cartão de débito;Online;34,65;17,32;17,33;0,5001
108640;2025-04-01;C0717;1;19;1;708,42;0,0;453,39;Boleto;Online;708,42;453,39;255,03;0,36
108641;2025-10-03;C0522;11;24;1;520,35;0,0;353,84;Boleto;Online;520,35;353,84;166,51;0,32
108642;2026-04-06;C1109;11;16;4;1951,79;0,15;1327,22;Boleto;Marketplace;6636,09;5308,88;1327,21;0,2
108643;2025-11-09;C1583;8;10;2;155,26;0,05;85,39;Cartão de crédito;Marketplace;294,99;170,78;124,21;0,4211
108644;2025-09-18;C0524;1;14;1;650,9;0,1;416,58;Cartão de crédito;Marketplace;585,81;416,58;169,23;0,2889
108645;2025-03-23;C1477;15;21;1;3284,43;0,0;2561,86;PIX;Online;3284,43;2561,86;722,57;0,22
108646;2026-03-10;C1520;9;3;1;524,84;0,0;330,65;Cartão de débito;Online;524,84;330,65;194,19;0,37
108647;2025-01-24;C0935;6;17;2;134,25;0,0;67,12;PIX;Online;268,5;134,24;134,26;0,5
108648;2026-04-13;C2434;4;25;1;2147,53;0,1;1503,27;Cartão de débito;Online;1932,78;1503,27;429,51;0,2222
108649;2025-06-16;C0147;11;19;1;1281,01;0,05;871,09;Cartão de crédito;Online;1216,96;871,09;345,87;0,2842
108650;2026-03-20;C0821;3;2;5;33,08;0,05;14,89;Boleto;Marketplace;157,13;74,45;82,68;0,5262
108651;2026-01-09;C2277;1;13;1;882,37;0,05;564,72;PIX;Marketplace;838,25;564,72;273,53;0,3263
108652;2026-03-30;C0649;17;24;1;464,34;0,05;278,6;Cartão de débito;Marketplace;441,12;278,6;162,52;0,3684
108653;2025-05-04;C1413;11;5;1;1643,18;0,15;1117,36;PIX;Marketplace;1396,7;1117,36;279,34;0,2
108654;2026-03-25;C0967;10;16;1;340,27;0,15;176,94;Cartão de crédito;Online;289,23;176,94;112,29;0,3882
108655;2026-05-12;C0526;7;11;3;672,11;0,05;416,71;Cartão de crédito;Online;1915,51;1250,13;665,38;0,3474
108656;2026-01-10;C1783;15;3;4;4366,57;0,0;3405,92;Cartão de crédito;Online;17466,28;13623,68;3842,6;0,22
108657;2026-06-06;C1096;14;3;1;3693,58;0,1;2659,38;Cartão de débito;Online;3324,22;2659,38;664,84;0,2
108658;2025-04-14;C0608;6;20;1;70,81;0,0;35,41;Boleto;Marketplace;70,81;35,41;35,4;0,4999
108659;2025-09-28;C1767;2;8;1;664,68;0,0;445,34;PIX;Marketplace;664,68;445,34;219,34;0,33
108660;2026-03-30;C0420;7;23;1;302,15;0,0;187,33;Cartão de crédito;Online;302,15;187,33;114,82;0,38
108661;2026-06-01;C1824;5;19;3;207,08;0,05;134,6;Cartão de crédito;Marketplace;590,18;403,8;186,38;0,3158
108662;2026-05-09;C0925;17;7;1;341,64;0,15;204,98;Boleto;Online;290,39;204,98;85,41;0,2941
108663;2026-05-04;C1810;8;6;1;104,98;0,05;57,74;Cartão de crédito;Online;99,73;57,74;41,99;0,421
108664;2025-07-02;C1313;16;16;2;197,94;0,0;108,87;Boleto;Marketplace;395,88;217,74;178,14;0,45
108665;2025-02-01;C2056;13;18;3;397,64;0,0;230,63;PIX;Marketplace;1192,92;691,89;501,03;0,42
108666;2025-04-20;C1605;10;23;2;271,48;0,1;141,17;Boleto;Marketplace;488,66;282,34;206,32;0,4222
108667;2025-04-19;C1253;14;24;2;2937,32;0,1;2114,87;Boleto;Online;5287,18;4229,74;1057,44;0,2
108668;2026-02-11;C1134;1;20;2;546,72;0,1;349,9;Cartão de crédito;Online;984,1;699,8;284,3;0,2889
108669;2025-05-24;C2043;11;15;1;1493,14;0,05;1015,34;PIX;Online;1418,48;1015,34;403,14;0,2842
108670;2025-11-10;C1935;4;10;1;2412,37;0,0;1688,66;Cartão de débito;Marketplace;2412,37;1688,66;723,71;0,3
108671;2026-05-17;C1216;14;10;1;4481,26;0,1;3226,51;Cartão de débito;Marketplace;4033,13;3226,51;806,62;0,2
108672;2026-04-04;C2454;2;20;1;1426,5;0,1;955,76;PIX;Online;1283,85;955,76;328,09;0,2556
108673;2025-11-05;C1061;9;21;1;531,2;0,0;334,66;Cartão de débito;Online;531,2;334,66;196,54;0,37
108674;2025-09-27;C2089;13;8;5;453,88;0,05;263,25;PIX;Online;2155,93;1316,25;839,68;0,3895
108675;2025-09-28;C0526;8;15;3;152,22;0,05;83,72;Boleto;Marketplace;433,83;251,16;182,67;0,4211
108676;2025-12-05;C2221;9;21;1;351,54;0,0;221,47;Cartão de débito;Online;351,54;221,47;130,07;0,37
108677;2025-04-28;C1787;2;16;1;983,45;0,1;658,91;Cartão de débito;Marketplace;885,1;658,91;226,19;0,2556
108678;2026-06-21;C1312;17;11;4;302,76;0,05;181,66;Cartão de crédito;Marketplace;1150,49;726,64;423,85;0,3684
108679;2026-02-09;C2017;14;20;1;4338,97;0,05;3124,06;Cartão de débito;Marketplace;4122,02;3124,06;997,96;0,2421
108680;2026-06-05;C0523;14;11;2;5803,3;0,0;4178,38;Cartão de crédito;Online;11606,6;8356,76;3249,84;0,28
108681;2025-08-12;C0948;8;27;1;113,7;0,15;62,54;Cartão de débito;Marketplace;96,64;62,54;34,1;0,3529
108682;2025-01-26;C0583;8;19;2;168,05;0,05;92,43;Cartão de débito;Marketplace;319,3;184,86;134,44;0,421
108683;2025-03-19;C1475;8;17;1;131,08;0,0;72,09;PIX;Online;131,08;72,09;58,99;0,45
108684;2025-08-21;C2494;16;11;1;485,18;0,1;266,85;Cartão de débito;Marketplace;436,66;266,85;169,81;0,3889
108685;2026-06-24;C1152;17;24;1;606,24;0,05;363,74;Cartão de débito;Online;575,93;363,74;212,19;0,3684
108686;2025-03-17;C2402;10;23;1;114,55;0,05;59,57;Cartão de crédito;Online;108,82;59,57;49,25;0,4526
108687;2025-01-29;C1508;5;7;1;451,49;0,0;293,47;Boleto;Marketplace;451,49;293,47;158,02;0,35
108688;2026-06-18;C0610;9;3;2;382,17;0,0;240,77;Cartão de débito;Online;764,34;481,54;282,8;0,37
108689;2025-09-07;C0075;17;10;2;190,82;0,1;114,49;Boleto;Online;343,48;228,98;114,5;0,3334
108690;2025-01-07;C2189;13;1;4;374,83;0,15;217,4;Boleto;Online;1274,42;869,6;404,82;0,3177
108691;2026-05-31;C1922;13;19;2;278,44;0,2;161,5;Cartão de crédito;Online;445,5;323,0;122,5;0,275
108692;2025-10-29;C2133;12;5;3;1431,56;0,0;973,46;Boleto;Online;4294,68;2920,38;1374,3;0,32
108693;2026-05-05;C0255;11;4;1;1269,84;0,15;863,49;Boleto;Marketplace;1079,36;863,49;215,87;0,2
108694;2026-03-02;C1427;17;21;1;402,99;0,0;241,79;Cartão de crédito;Online;402,99;241,79;161,2;0,4
108695;2026-03-07;C2153;10;25;1;145,31;0,1;75,56;Cartão de débito;Marketplace;130,78;75,56;55,22;0,4222
108696;2026-01-29;C0729;10;6;2;264,75;0,0;137,67;Cartão de crédito;Online;529,5;275,34;254,16;0,48
108697;2025-03-15;C1811;5;4;1;1002,96;0,05;651,92;PIX;Online;952,81;651,92;300,89;0,3158
108698;2025-05-14;C0041;7;21;3;355,72;0,1;220,55;Cartão de débito;Online;960,44;661,65;298,79;0,3111
108699;2025-05-14;C1079;17;9;2;119,37;0,05;71,62;Cartão de débito;Marketplace;226,8;143,24;83,56;0,3684
108700;2025-08-07;C0887;17;14;1;427,1;0,0;256,26;Cartão de crédito;Online;427,1;256,26;170,84;0,4
108701;2025-10-05;C1982;17;25;1;293,67;0,15;176,2;Cartão de débito;Online;249,62;176,2;73,42;0,2941
108702;2026-06-13;C2337;12;26;3;1667,84;0,0;1134,13;Cartão de crédito;Marketplace;5003,52;3402,39;1601,13;0,32
108703;2026-04-20;C1162;15;2;2;4832,67;0,05;3769,48;Cartão de débito;Online;9182,07;7538,96;1643,11;0,1789
108704;2026-02-22;C2198;14;16;4;4182,11;0,05;3011,12;Cartão de débito;Marketplace;15892,02;12044,48;3847,54;0,2421
108705;2026-01-17;C0669;15;24;1;3354,35;0,1;2616,39;Cartão de crédito;Online;3018,92;2616,39;402,53;0,1333
108706;2025-03-13;C1615;12;15;2;1420,92;0,15;966,23;Cartão de crédito;Marketplace;2415,56;1932,46;483,1;0,2
108707;2026-05-19;C1807;2;14;4;1194,67;0,0;800,43;PIX;Online;4778,68;3201,72;1576,96;0,33
108708;2026-02-07;C1715;10;14;1;278,95;0,1;145,05;PIX;Marketplace;251,06;145,05;106,01;0,4222
108709;2025-01-08;C0891;4;4;1;538,24;0,05;376,77;Cartão de crédito;Online;511,33;376,77;134,56;0,2632
108710;2025-05-18;C1836;4;22;2;1311,82;0,0;918,27;Boleto;Online;2623,64;1836,54;787,1;0,3
108711;2025-02-07;C1862;1;10;3;553,22;0,1;354,06;Boleto;Online;1493,69;1062,18;431,51;0,2889
108712;2025-08-27;C0542;10;8;3;135,43;0,1;70,42;PIX;Marketplace;365,66;211,26;154,4;0,4223
108713;2026-01-21;C0966;8;7;2;136,13;0,15;74,87;Boleto;Online;231,42;149,74;81,68;0,353
108714;2025-09-08;C1696;7;5;1;177,91;0,0;110,3;Boleto;Marketplace;177,91;110,3;67,61;0,38
108715;2026-02-10;C0489;12;1;2;2216,4;0,15;1507,15;Cartão de crédito;Online;3767,88;3014,3;753,58;0,2
108716;2025-03-09;C1686;3;23;3;72,37;0,2;32,57;PIX;Online;173,69;97,71;75,98;0,4374
108717;2025-12-04;C1396;12;18;1;2076,18;0,0;1411,8;Boleto;Marketplace;2076,18;1411,8;664,38;0,32
108718;2025-02-05;C1814;13;6;3;468,07;0,05;271,48;Cartão de débito;Marketplace;1334,0;814,44;519,56;0,3895
108719;2026-04-15;C0260;17;20;1;690,88;0,15;414,53;PIX;Marketplace;587,25;414,53;172,72;0,2941
108720;2025-04-26;C1080;3;12;3;53,03;0,15;23,86;Cartão de débito;Marketplace;135,23;71,58;63,65;0,4707
108721;2026-04-18;C1290;15;9;3;3391,67;0,0;2645,5;Boleto;Online;10175,01;7936,5;2238,51;0,22
108722;2025-06-09;C1511;12;13;1;1650,2;0,15;1122,14;Cartão de crédito;Marketplace;1402,67;1122,14;280,53;0,2
108723;2025-06-21;C1335;12;4;3;1124,43;0,0;764,61;Cartão de crédito;Online;3373,29;2293,83;1079,46;0,32
108724;2025-06-28;C0137;7;26;1;572,09;0,0;354,7;Cartão de débito;Online;572,09;354,7;217,39;0,38
108725;2025-07-13;C1879;6;17;1;236,51;0,1;118,25;Cartão de débito;Marketplace;212,86;118,25;94,61;0,4445
108726;2025-09-04;C0609;1;11;2;940,31;0,0;601,8;Cartão de crédito;Online;1880,62;1203,6;677,02;0,36
108727;2025-06-24;C2224;5;26;2;363,02;0,0;235,96;Cartão de crédito;Marketplace;726,04;471,92;254,12;0,35
108728;2025-05-14;C1109;13;20;1;482,8;0,1;280,02;Cartão de crédito;Online;434,52;280,02;154,5;0,3556
108729;2025-10-03;C2425;16;25;2;351,87;0,0;193,53;Boleto;Online;703,74;387,06;316,68;0,45
108730;2025-01-16;C0717;7;26;1;589,41;0,1;365,43;PIX;Marketplace;530,47;365,43;165,04;0,3111
108731;2025-07-10;C0068;12;4;3;2341,3;0,1;1592,08;Boleto;Online;6321,51;4776,24;1545,27;0,2444
108732;2025-06-19;C2012;3;12;1;78,76;0,0;35,44;Cartão de débito;Marketplace;78,76;35,44;43,32;0,55
108733;2025-11-20;C0925;9;20;1;145,13;0,1;91,43;PIX;Online;130,62;91,43;39,19;0,3
108734;2026-03-03;C1199;11;10;1;1437,2;0,05;977,3;Cartão de débito;Online;1365,34;977,3;388,04;0,2842
108735;2025-09-27;C2124;13;24;1;402,58;0,15;233,5;Boleto;Online;342,19;233,5;108,69;0,3176
108736;2025-11-20;C1247;16;1;1;218,94;0,1;120,42;PIX;Marketplace;197,05;120,42;76,63;0,3889
108737;2025-08-11;C0556;17;2;1;366,8;0,15;220,08;Cartão de débito;Marketplace;311,78;220,08;91,7;0,2941
108738;2025-08-17;C0132;7;19;4;725,3;0,1;449,69;Boleto;Online;2611,08;1798,76;812,32;0,3111
108739;2025-09-26;C1226;5;4;1;972,38;0,0;632,05;Cartão de débito;Marketplace;972,38;632,05;340,33;0,35
108740;2025-03-02;C1451;13;3;1;366,7;0,0;212,69;Cartão de crédito;Marketplace;366,7;212,69;154,01;0,42
108741;2025-04-27;C1019;16;21;1;446,55;0,1;245,6;Boleto;Online;401,9;245,6;156,3;0,3889
108742;2025-10-25;C0172;4;18;1;2467,27;0,0;1727,09;Cartão de crédito;Online;2467,27;1727,09;740,18;0,3
108743;2026-04-12;C2290;10;8;5;334,47;0,05;173,92;Cartão de débito;Marketplace;1588,73;869,6;719,13;0,4526
108744;2025-11-18;C2004;14;26;1;3059,3;0,0;2202,7;Cartão de débito;Online;3059,3;2202,7;856,6;0,28
108745;2025-02-25;C0035;12;19;2;1092,22;0,0;742,71;Cartão de crédito;Online;2184,44;1485,42;699,02;0,32
108746;2025-02-21;C2324;12;8;4;2173,52;0,15;1477,99;Cartão de crédito;Online;7389,97;5911,96;1478,01;0,2
108747;2026-05-08;C2096;6;25;1;72,91;0,0;36,45;Cartão de débito;Marketplace;72,91;36,45;36,46;0,5001
108748;2025-10-20;C0227;11;24;2;1796,46;0,15;1221,59;PIX;Online;3053,98;2443,18;610,8;0,2
108749;2026-01-11;C1509;11;17;3;1216,22;0,0;827,03;Cartão de crédito;Marketplace;3648,66;2481,09;1167,57;0,32
108750;2025-06-12;C0717;9;13;4;477,29;0,0;300,69;Cartão de débito;Online;1909,16;1202,76;706,4;0,37
108751;2025-08-21;C1924;6;17;1;124,97;0,05;62,48;PIX;Marketplace;118,72;62,48;56,24;0,4737
108752;2026-02-19;C0879;2;20;1;1305,14;0,2;874,44;Boleto;Online;1044,11;874,44;169,67;0,1625
108753;2026-05-12;C0743;9;26;2;365,12;0,0;230,03;Cartão de crédito;Online;730,24;460,06;270,18;0,37
108754;2025-10-26;C0917;17;19;2;168,55;0,0;101,13;Boleto;Online;337,1;202,26;134,84;0,4
108755;2025-01-27;C1765;3;26;1;23,6;0,1;10,62;Cartão de débito;Marketplace;21,24;10,62;10,62;0,5
108756;2025-08-09;C1427;17;16;1;593,74;0,0;356,24;Cartão de débito;Online;593,74;356,24;237,5;0,4
108757;2025-12-25;C2048;1;4;1;549,22;0,2;351,5;Cartão de crédito;Online;439,38;351,5;87,88;0,2
108758;2025-07-01;C2221;2;16;2;390,45;0,0;261,6;Boleto;Online;780,9;523,2;257,7;0,33
108759;2025-11-30;C0916;14;12;1;5684,67;0,1;4092,96;Cartão de crédito;Marketplace;5116,2;4092,96;1023,24;0,2
108760;2026-05-22;C0613;4;3;2;1465,96;0,05;1026,17;Cartão de crédito;Online;2785,32;2052,34;732,98;0,2632
108761;2025-05-11;C2275;10;20;1;116,83;0,1;60,75;Cartão de débito;Marketplace;105,15;60,75;44,4;0,4223
108762;2025-10-26;C0486;1;3;2;624,2;0,2;399,49;Cartão de débito;Marketplace;998,72;798,98;199,74;0,2
108763;2025-06-05;C2428;1;1;1;513,9;0,1;328,9;Não informado;Marketplace;462,51;328,9;133,61;0,2889
108764;2025-10-02;C1581;4;25;1;780,27;0,05;546,19;Cartão de crédito;Online;741,26;546,19;195,07;0,2632
108765;2025-05-23;C1759;16;13;2;310,8;0,1;170,94;PIX;Marketplace;559,44;341,88;217,56;0,3889
108766;2026-03-05;C0156;8;27;2;293,26;0,1;161,29;Boleto;Online;527,87;322,58;205,29;0,3889
108767;2026-02-28;C2042;6;21;4;93,64;0,0;46,82;PIX;Online;374,56;187,28;187,28;0,5
108768;2026-06-09;C0240;4;15;1;1811,92;0,1;1268,34;Cartão de débito;Marketplace;1630,73;1268,34;362,39;0,2222
108769;2025-01-31;C1014;4;1;2;2069,12;0,0;1448,38;PIX;Online;4138,24;2896,76;1241,48;0,3
108770;2025-07-19;C0303;15;1;1;4388,2;0,0;3422,8;PIX;Marketplace;4388,2;3422,8;965,4;0,22
108771;2025-03-19;C1844;4;7;1;2039,92;0,15;1427,94;Cartão de débito;Marketplace;1733,93;1427,94;305,99;0,1765
108772;2025-03-22;C2408;13;8;4;405,04;0,15;234,92;PIX;Marketplace;1377,14;939,68;437,46;0,3177
108773;2025-07-05;C1751;3;9;2;44,13;0,0;19,86;Boleto;Marketplace;88,26;39,72;48,54;0,55
108774;2025-05-01;C2336;14;20;2;5945,54;0,1;4280,79;Cartão de crédito;Online;10701,97;8561,58;2140,39;0,2
108775;2025-01-01;C2206;10;10;1;85,89;0,0;44,66;Cartão de débito;Marketplace;85,89;44,66;41,23;0,48
108776;2026-02-18;C0483;9;22;2;527,4;0,1;332,26;PIX;Online;949,32;664,52;284,8;0,3
108777;2026-01-05;C1338;6;4;1;59,8;0,1;29,9;Cartão de crédito;Online;53,82;29,9;23,92;0,4444
108778;2026-02-15;C0475;14;10;1;4174,51;0,0;3005,65;Boleto;Marketplace;4174,51;3005,65;1168,86;0,28
108779;2025-09-11;C1891;12;4;1;2055,45;0,0;1397,71;PIX;Online;2055,45;1397,71;657,74;0,32
108780;2025-03-20;C0183;3;2;1;53,5;0,05;24,07;Cartão de crédito;Marketplace;50,82;24,07;26,75;0,5264
108781;2025-06-05;C2276;5;19;2;672,26;0,05;436,97;PIX;Marketplace;1277,29;873,94;403,35;0,3158
108782;2026-03-15;C0252;4;10;1;1769,77;0,0;1238,84;Cartão de crédito;Marketplace;1769,77;1238,84;530,93;0,3
108783;2025-09-30;C0739;7;26;1;385,21;0,0;238,83;Cartão de crédito;Marketplace;385,21;238,83;146,38;0,38
108784;2025-12-11;C0808;17;16;3;576,22;0,15;345,73;PIX;Online;1469,36;1037,19;432,17;0,2941
108785;2026-01-26;C0673;15;26;1;4942,91;0,1;3855,47;Cartão de crédito;Marketplace;4448,62;3855,47;593,15;0,1333
108786;2025-06-24;C0177;11;27;1;654,13;0,0;444,81;Boleto;Online;654,13;444,81;209,32;0,32
108787;2025-03-31;C1186;15;17;2;1792,19;0,05;1397,91;Boleto;Marketplace;3405,16;2795,82;609,34;0,1789
108788;2025-10-08;C0270;2;7;2;1408,41;0,0;943,63;Cartão de crédito;Marketplace;2816,82;1887,26;929,56;0,33
108789;2026-01-27;C0606;12;12;3;1826,09;0,05;1241,74;PIX;Online;5204,36;3725,22;1479,14;0,2842
108790;2025-01-04;C0806;10;23;1;82,26;0,1;42,78;Cartão de crédito;Online;74,03;42,78;31,25;0,4221
108791;2025-12-09;C1268;17;9;1;525,92;0,1;315,55;Não informado;Online;473,33;315,55;157,78;0,3333
108792;2025-05-26;C0472;17;19;1;513,27;0,15;307,96;Cartão de débito;Marketplace;436,28;307,96;128,32;0,2941
108793;2025-06-05;C0809;2;17;1;1123,87;0,0;752,99;Cartão de débito;Online;1123,87;752,99;370,88;0,33
108794;2025-05-06;C1850;7;7;1;337,17;0,0;209,05;PIX;Marketplace;337,17;209,05;128,12;0,38
108795;2025-01-02;C0800;9;3;1;552,0;0,1;347,76;Boleto;Online;496,8;347,76;149,04;0,3
108796;2025-02-26;C0881;2;22;1;1242,61;0,05;832,55;Boleto;Online;1180,48;832,55;347,93;0,2947
108797;2025-01-28;C2492;14;3;1;4278,78;0,05;3080,72;PIX;Marketplace;4064,84;3080,72;984,12;0,2421
108798;2026-01-29;C0329;3;23;1;34,56;0,0;15,55;PIX;Marketplace;34,56;15,55;19,01;0,5501
108799;2025-01-22;C1029;1;1;1;515,56;0,05;329,96;Cartão de crédito;Marketplace;489,78;329,96;159,82;0,3263
108800;2025-07-17;C2472;15;12;5;2140,46;0,0;1669,56;Cartão de crédito;Marketplace;10702,3;8347,8;2354,5;0,22
108801;2025-04-02;C0325;17;22;1;278,76;0,0;167,26;Boleto;Online;278,76;167,26;111,5;0,4
108802;2025-06-27;C0989;16;2;2;417,66;0,1;229,71;Cartão de débito;Marketplace;751,79;459,42;292,37;0,3889
108803;2025-07-17;C1917;15;7;1;2895,83;0,2;2258,75;Cartão de crédito;Marketplace;2316,66;2258,75;57,91;0,025
108804;2026-01-02;C2461;11;23;1;1220,79;0,1;830,14;Cartão de crédito;Online;1098,71;830,14;268,57;0,2444
108805;2025-09-30;C1269;5;25;1;466,63;0,0;303,31;PIX;Online;466,63;303,31;163,32;0,35
108806;2026-05-01;C1662;12;9;1;2489,03;0,05;1692,54;Cartão de crédito;Online;2364,58;1692,54;672,04;0,2842
108807;2025-05-31;C1661;7;7;3;574,07;0,0;355,92;Cartão de crédito;Marketplace;1722,21;1067,76;654,45;0,38
108808;2025-11-08;C1239;7;27;1;427,7;0,15;265,17;Cartão de débito;Online;363,54;265,17;98,37;0,2706
108809;2025-12-12;C1993;10;17;3;112,68;0,0;58,59;PIX;Online;338,04;175,77;162,27;0,48
108810;2025-10-23;C2073;5;26;1;1132,63;0,05;736,21;Cartão de crédito;Online;1076,0;736,21;339,79;0,3158
108811;2025-02-27;C1264;10;22;3;174,29;0,0;90,63;Cartão de débito;Online;522,87;271,89;250,98;0,48
108812;2025-06-30;C1379;2;24;1;1115,66;0,1;747,49;Boleto;Online;1004,09;747,49;256,6;0,2556
108813;2025-10-29;C1309;14;12;1;3879,17;0,0;2793,0;Boleto;Online;3879,17;2793,0;1086,17;0,28
108814;2025-11-01;C1947;11;18;4;1965,62;0,05;1336,62;Cartão de crédito;Marketplace;7469,36;5346,48;2122,88;0,2842
108815;2026-01-08;C0231;10;5;1;94,63;0,0;49,21;Cartão de crédito;Marketplace;94,63;49,21;45,42;0,48
108816;2025-02-27;C1611;9;7;1;540,44;0,1;340,48;PIX;Online;486,4;340,48;145,92;0,3
108817;2025-01-02;C0172;8;5;2;285,16;0,0;156,84;Cartão de débito;Marketplace;570,32;313,68;256,64;0,45
108818;2025-12-01;C0471;5;27;2;979,54;0,0;636,7;Cartão de débito;Online;1959,08;1273,4;685,68;0,35
108819;2026-06-18;C1710;15;9;2;4369,92;0,1;3408,54;PIX;Online;7865,86;6817,08;1048,78;0,1333
108820;2026-01-28;C0998;2;20;3;720,44;0,1;482,69;Cartão de débito;Online;1945,19;1448,07;497,12;0,2556
108821;2025-02-13;C2387;12;5;1;1959,36;0,15;1332,36;Cartão de débito;Online;1665,46;1332,36;333,1;0,2
108822;2025-12-30;C0508;6;21;1;232,46;0,1;116,23;Cartão de débito;Marketplace;209,21;116,23;92,98;0,4444
108823;2026-02-06;C0132;6;1;1;226,32;0,05;113,16;Boleto;Marketplace;215,0;113,16;101,84;0,4737
108824;2026-01-10;C0075;9;21;1;469,83;0,05;295,99;Boleto;Marketplace;446,34;295,99;150,35;0,3369
108825;2025-10-29;C2008;14;11;1;4942,05;0,15;3558,28;Cartão de crédito;Online;4200,74;3558,28;642,46;0,1529
108826;2026-06-30;C1487;5;19;2;871,98;0,05;566,79;Cartão de crédito;Online;1656,76;1133,58;523,18;0,3158
108827;2025-03-07;C0482;7;27;4;191,28;0,0;118,59;PIX;Marketplace;765,12;474,36;290,76;0,38
108828;2026-02-04;C0437;16;12;4;229,26;0,1;126,09;Boleto;Online;825,34;504,36;320,98;0,3889
108829;2025-05-22;C1604;6;5;2;154,94;0,0;77,47;PIX;Online;309,88;154,94;154,94;0,5
108830;2025-10-13;C0237;11;10;2;446,94;0,1;303,92;Cartão de débito;Online;804,49;607,84;196,65;0,2444
108831;2025-05-18;C0446;9;19;1;561,18;0,0;353,54;Boleto;Marketplace;561,18;353,54;207,64;0,37
108832;2025-04-28;C2287;11;7;3;1810,45;0,1;1231,11;PIX;Online;4888,22;3693,33;1194,89;0,2444
108833;2026-02-12;C1070;5;2;1;778,56;0,1;506,06;Boleto;Online;700,7;506,06;194,64;0,2778
108834;2025-07-11;C1556;5;13;1;218,17;0,0;141,81;PIX;Marketplace;218,17;141,81;76,36;0,35
108835;2025-05-13;C2317;8;14;1;153,01;0,0;84,16;Cartão de débito;Online;153,01;84,16;68,85;0,45
108836;2025-07-19;C1672;6;13;2;92,77;0,1;46,38;Cartão de crédito;Marketplace;166,99;92,76;74,23;0,4445
108837;2026-02-12;C0072;13;16;4;282,13;0,0;163,64;Cartão de débito;Online;1128,52;654,56;473,96;0,42
108838;2025-09-22;C0312;9;1;1;380,37;0,0;239,63;Cartão de crédito;Marketplace;380,37;239,63;140,74;0,37
108839;2026-05-11;C2437;13;21;2;346,8;0,0;201,14;PIX;Online;693,6;402,28;291,32;0,42
108840;2026-06-13;C2136;17;4;2;221,95;0,05;133,17;Cartão de débito;Marketplace;421,7;266,34;155,36;0,3684
108841;2025-09-15;C0231;3;1;1;53,22;0,05;23,95;Cartão de crédito;Online;50,56;23,95;26,61;0,5263
108842;2025-07-03;C2387;7;26;1;677,97;0,15;420,34;Cartão de débito;Marketplace;576,27;420,34;155,93;0,2706
108843;2025-12-21;C1536;5;17;1;317,51;0,05;206,38;Boleto;Marketplace;301,63;206,38;95,25;0,3158
108844;2025-09-06;C1716;8;7;2;248,7;0,0;136,78;PIX;Online;497,4;273,56;223,84;0,45
108845;2026-06-27;C1263;12;17;1;2355,69;0,15;1601,87;Boleto;Marketplace;2002,34;1601,87;400,47;0,2
108846;2025-04-18;C1421;2;23;3;1194,07;0,05;800,03;Cartão de débito;Marketplace;3403,1;2400,09;1003,01;0,2947
108847;2025-05-06;C0149;9;12;1;385,7;0,2;242,99;Cartão de crédito;Marketplace;308,56;242,99;65,57;0,2125
108848;2025-09-22;C0597;5;11;2;1095,52;0,0;712,09;Cartão de crédito;Marketplace;2191,04;1424,18;766,86;0,35
108849;2026-04-14;C0680;11;25;1;1015,8;0,0;690,74;Cartão de crédito;Online;1015,8;690,74;325,06;0,32
108850;2025-01-19;C1901;10;20;1;91,38;0,0;47,52;Boleto;Online;91,38;47,52;43,86;0,48
108851;2025-08-30;C0845;6;9;3;155,51;0,1;77,75;Cartão de crédito;Marketplace;419,88;233,25;186,63;0,4445
108852;2025-08-30;C0813;3;14;1;99,27;0,05;44,67;Cartão de crédito;Marketplace;94,31;44,67;49,64;0,5263
108853;2025-07-21;C1385;13;15;4;314,59;0,05;182,46;Cartão de crédito;Online;1195,44;729,84;465,6;0,3895
108854;2025-06-23;C2072;10;24;1;391,95;0,0;203,81;Cartão de débito;Marketplace;391,95;203,81;188,14;0,48
108855;2025-01-17;C1102;3;4;1;36,61;0,05;16,47;PIX;Online;34,78;16,47;18,31;0,5265
108856;2025-07-30;C2171;10;24;1;342,08;0,1;177,88;Boleto;Online;307,87;177,88;129,99;0,4222
108857;2026-01-15;C1899;12;19;1;1942,91;0,05;1321,18;Cartão de crédito;Online;1845,76;1321,18;524,58;0,2842
108858;2025-04-03;C1678;14;4;1;4897,12;0,0;3525,93;Cartão de crédito;Online;4897,12;3525,93;1371,19;0,28
108859;2026-06-05;C0457;13;13;1;283,03;0,0;164,16;PIX;Online;283,03;164,16;118,87;0,42
108860;2025-04-03;C1389;17;4;3;298,43;0,15;179,06;Cartão de débito;Online;761,0;537,18;223,82;0,2941
108861;2026-03-11;C2391;4;10;1;2259,17;0,05;1581,42;PIX;Online;2146,21;1581,42;564,79;0,2632
108862;2026-03-15;C0551;14;2;2;4063,77;0,0;2925,91;Boleto;Online;8127,54;5851,82;2275,72;0,28
108863;2025-04-24;C1821;12;14;1;1017,83;0,0;692,12;PIX;Online;1017,83;692,12;325,71;0,32
108864;2025-11-11;C1519;8;20;1;211,95;0,1;116,57;Boleto;Online;190,76;116,57;74,19;0,3889
108865;2025-03-01;C1650;16;6;2;380,33;0,1;209,18;Cartão de crédito;Marketplace;684,59;418,36;266,23;0,3889
108866;2025-08-12;C0172;11;23;1;946,45;0,0;643,59;Boleto;Marketplace;946,45;643,59;302,86;0,32
108867;2025-02-10;C0139;16;11;1;359,75;0,0;197,86;Cartão de débito;Marketplace;359,75;197,86;161,89;0,45
108868;2025-03-24;C0027;3;7;4;61,29;0,1;27,58;Boleto;Online;220,64;110,32;110,32;0,5
108869;2026-04-25;C1015;15;18;1;4335,98;0,15;3382,06;Não informado;Online;3685,58;3382,06;303,52;0,0824
108870;2025-05-04;C0125;12;12;2;2365,63;0,1;1608,63;Boleto;Marketplace;4258,13;3217,26;1040,87;0,2444
108871;2025-09-13;C0126;17;26;1;107,04;0,05;64,22;Cartão de crédito;Marketplace;101,69;64,22;37,47;0,3685
108872;2025-10-23;C2052;5;18;1;221,0;0,0;143,65;Boleto;Online;221,0;143,65;77,35;0,35
108873;2026-03-25;C1871;4;7;4;844,92;0,0;591,44;PIX;Marketplace;3379,68;2365,76;1013,92;0,3
108874;2026-02-01;C0461;1;15;2;976,69;0,0;625,08;PIX;Online;1953,38;1250,16;703,22;0,36
108875;2025-07-19;C1222;9;27;1;193,36;0,05;121,82;Cartão de crédito;Marketplace;183,69;121,82;61,87;0,3368
108876;2026-01-25;C0691;3;12;2;36,89;0,0;16,6;Cartão de crédito;Marketplace;73,78;33,2;40,58;0,55
108877;2025-09-13;C1389;17;14;2;199,94;0,05;119,96;PIX;Marketplace;379,89;239,92;139,97;0,3684
108878;2025-12-11;C1602;7;3;1;484,61;0,1;300,46;Cartão de crédito;Online;436,15;300,46;135,69;0,3111
108879;2025-07-31;C1434;16;22;3;573,19;0,1;315,25;Cartão de débito;Online;1547,61;945,75;601,86;0,3889
108880;2025-11-09;C0383;11;24;1;1890,25;0,1;1285,37;Cartão de débito;Online;1701,22;1285,37;415,85;0,2444
108881;2026-03-26;C0343;7;20;1;362,75;0,0;224,91;PIX;Online;362,75;224,91;137,84;0,38
108882;2026-02-25;C2140;12;2;1;2068,92;0,0;1406,87;Cartão de crédito;Online;2068,92;1406,87;662,05;0,32
108883;2025-03-06;C0692;12;13;1;891,36;0,0;606,12;PIX;Marketplace;891,36;606,12;285,24;0,32
108884;2025-08-31;C2145;13;6;1;210,8;0,15;122,26;Cartão de débito;Marketplace;179,18;122,26;56,92;0,3177
108885;2025-01-16;C0527;6;23;1;245,76;0,05;122,88;PIX;Marketplace;233,47;122,88;110,59;0,4737
108886;2025-08-09;C1925;15;6;2;1726,54;0,1;1346,7;Cartão de crédito;Marketplace;3107,77;2693,4;414,37;0,1333
108887;2025-01-24;C2326;8;4;2;109,12;0,0;60,02;PIX;Marketplace;218,24;120,04;98,2;0,45
108888;2025-12-18;C2197;14;26;2;3073,86;0,0;2213,18;PIX;Marketplace;6147,72;4426,36;1721,36;0,28
108889;2026-02-27;C0447;8;23;2;142,93;0,1;78,61;PIX;Online;257,27;157,22;100,05;0,3889
108890;2025-03-05;C0325;11;9;1;1634,7;0,15;1111,6;Cartão de crédito;Marketplace;1389,5;1111,6;277,9;0,2
108891;2026-04-11;C1289;11;5;3;1524,86;0,05;1036,9;PIX;Marketplace;4345,85;3110,7;1235,15;0,2842
108892;2026-04-24;C0515;6;27;2;113,15;0,0;56,58;PIX;Online;226,3;113,16;113,14;0,5
108893;2025-03-12;C0407;2;10;1;858,33;0,15;575,08;PIX;Online;729,58;575,08;154,5;0,2118
108894;2025-06-26;C0800;7;24;1;448,95;0,05;278,35;PIX;Marketplace;426,5;278,35;148,15;0,3474
108895;2025-12-28;C1125;1;25;2;801,29;0,05;512,83;Cartão de débito;Marketplace;1522,45;1025,66;496,79;0,3263
108896;2025-11-04;C2128;5;14;2;1012,03;0,1;657,82;Cartão de crédito;Online;1821,65;1315,64;506,01;0,2778
108897;2025-09-13;C0125;13;7;2;353,8;0,15;205,2;Boleto;Marketplace;601,46;410,4;191,06;0,3177
108898;2026-02-11;C1552;7;10;1;530,35;0,15;328,82;Cartão de crédito;Marketplace;450,8;328,82;121,98;0,2706
108899;2026-03-05;C0524;12;5;1;1849,83;0,2;1257,88;PIX;Online;1479,86;1257,88;221,98;0,15
108900;2025-06-05;C0957;14;22;2;5174,82;0,0;3725,87;Cartão de débito;Online;10349,64;7451,74;2897,9;0,28
108901;2025-03-13;C1001;17;13;1;763,21;0,0;457,93;Boleto;Marketplace;763,21;457,93;305,28;0,4
108902;2026-03-13;C1707;10;16;1;234,43;0,2;121,9;Cartão de crédito;Marketplace;187,54;121,9;65,64;0,35
108903;2025-03-30;C0750;1;16;1;943,67;0,05;603,95;Cartão de débito;Marketplace;896,49;603,95;292,54;0,3263
108904;2025-11-21;C1719;12;22;2;1181,89;0,0;803,69;PIX;Marketplace;2363,78;1607,38;756,4;0,32
108905;2026-01-25;C1067;2;26;1;1060,44;0,1;710,49;Boleto;Marketplace;954,4;710,49;243,91;0,2556
108906;2025-02-15;C1475;14;2;1;5523,88;0,0;3977,19;Cartão de crédito;Marketplace;5523,88;3977,19;1546,69;0,28
108907;2026-04-18;C0421;17;16;1;113,83;0,1;68,3;Boleto;Marketplace;102,45;68,3;34,15;0,3333
108908;2025-08-23;C2177;16;6;2;389,72;0,0;214,35;Cartão de crédito;Online;779,44;428,7;350,74;0,45
108909;2025-09-20;C1988;9;10;2;454,28;0,15;286,2;Boleto;Online;772,28;572,4;199,88;0,2588
108910;2026-06-03;C0254;4;2;1;2432,39;0,0;1702,67;Cartão de débito;Online;2432,39;1702,67;729,72;0,3
108911;2025-06-13;C1817;6;14;4;57,64;0,0;28,82;Cartão de débito;Online;230,56;115,28;115,28;0,5
108912;2025-07-14;C0102;4;26;2;529,67;0,0;370,77;Boleto;Marketplace;1059,34;741,54;317,8;0,3
108913;2026-05-31;C0507;9;4;2;510,49;0,1;321,61;Cartão de crédito;Online;918,88;643,22;275,66;0,3
108914;2025-02-03;C0987;1;3;3;464,5;0,05;297,28;Cartão de crédito;Online;1323,82;891,84;431,98;0,3263
108915;2025-04-13;C0557;14;6;1;2580,61;0,05;1858,04;PIX;Marketplace;2451,58;1858,04;593,54;0,2421
108916;2025-03-13;C2208;3;7;1;40,38;0,0;18,17;Cartão de crédito;Marketplace;40,38;18,17;22,21;0,55
108917;2026-02-02;C2324;17;10;1;596,94;0,1;358,16;Cartão de débito;Marketplace;537,25;358,16;179,09;0,3333
108918;2025-02-28;C1698;15;12;1;2874,78;0,05;2242,33;Boleto;Marketplace;2731,04;2242,33;488,71;0,1789
108919;2025-07-09;C1329;14;17;2;4676,97;0,1;3367,42;Cartão de crédito;Marketplace;8418,55;6734,84;1683,71;0,2
108920;2025-09-06;C0648;8;3;1;223,94;0,1;123,17;Boleto;Online;201,55;123,17;78,38;0,3889
108921;2025-12-19;C0528;12;14;1;1222,62;0,05;831,38;Boleto;Online;1161,49;831,38;330,11;0,2842
108922;2026-05-28;C1457;15;20;1;3650,09;0,05;2847,07;Boleto;Marketplace;3467,59;2847,07;620,52;0,1789
108923;2025-11-26;C1232;14;14;4;2929,77;0,0;2109,43;Boleto;Online;11719,08;8437,72;3281,36;0,28
108924;2026-01-02;C0850;15;10;1;4852,85;0,2;3785,22;Cartão de débito;Marketplace;3882,28;3785,22;97,06;0,025
108925;2026-03-11;C2465;13;22;2;252,85;0,15;146,65;Boleto;Marketplace;429,84;293,3;136,54;0,3177
108926;2026-06-13;C1750;10;25;2;262,53;0,0;136,52;Cartão de débito;Online;525,06;273,04;252,02;0,48
108927;2025-01-13;C1072;16;21;1;221,88;0,05;122,03;Boleto;Marketplace;210,79;122,03;88,76;0,4211
108928;2025-10-25;C2317;12;13;4;2177,77;0,0;1480,88;Cartão de débito;Marketplace;8711,08;5923,52;2787,56;0,32
108929;2025-01-03;C0977;17;17;1;170,59;0,05;102,35;Boleto;Online;162,06;102,35;59,71;0,3684
108930;2025-08-16;C0051;15;7;4;3633,36;0,05;2834,02;Não informado;Online;13806,77;11336,08;2470,69;0,1789
108931;2025-12-21;C1545;2;5;1;1298,04;0,1;869,69;Cartão de débito;Online;1168,24;869,69;298,55;0,2556
108932;2025-07-21;C0181;17;23;1;676,69;0,2;406,01;Cartão de débito;Marketplace;541,35;406,01;135,34;0,25
108933;2025-02-22;C1011;2;4;1;352,31;0,15;236,05;PIX;Marketplace;299,46;236,05;63,41;0,2117
108934;2025-06-14;C1913;8;20;2;108,77;0,0;59,82;PIX;Marketplace;217,54;119,64;97,9;0,45
108935;2026-01-14;C0350;1;20;1;957,53;0,2;612,82;Cartão de crédito;Marketplace;766,02;612,82;153,2;0,2
108936;2025-03-05;C1834;10;19;2;219,07;0,0;113,92;Cartão de débito;Marketplace;438,14;227,84;210,3;0,48
108937;2025-10-24;C1659;5;9;2;1017,06;0,0;661,09;PIX;Marketplace;2034,12;1322,18;711,94;0,35
108938;2025-12-16;C0440;3;27;2;86,92;0,05;39,11;Cartão de crédito;Online;165,15;78,22;86,93;0,5264
108939;2026-06-06;C0951;4;5;1;1782,63;0,05;1247,84;Boleto;Online;1693,5;1247,84;445,66;0,2632
108940;2025-08-26;C0242;10;3;1;347,79;0,1;180,85;Cartão de débito;Online;313,01;180,85;132,16;0,4222
108941;2025-12-11;C0728;12;1;1;2438,92;0,15;1658,47;Cartão de débito;Online;2073,08;1658,47;414,61;0,2
108942;2026-01-20;C2298;4;2;1;1023,49;0,0;716,44;Cartão de crédito;Online;1023,49;716,44;307,05;0,3
108943;2025-12-21;C0376;16;4;1;146,93;0,05;80,81;Cartão de débito;Online;139,58;80,81;58,77;0,421
108944;2025-06-07;C0807;10;27;1;188,58;0,05;98,06;PIX;Marketplace;179,15;98,06;81,09;0,4526
108945;2025-12-06;C0616;12;13;5;2000,17;0,0;1360,12;Cartão de débito;Marketplace;10000,85;6800,6;3200,25;0,32
108946;2026-01-25;C1912;13;9;2;112,05;0,0;64,99;PIX;Online;224,1;129,98;94,12;0,42
108947;2026-05-31;C1644;11;27;2;1802,54;0,1;1225,73;Boleto;Online;3244,57;2451,46;793,11;0,2444
108948;2026-06-28;C0564;6;26;2;66,16;0,05;33,08;Boleto;Marketplace;125,7;66,16;59,54;0,4737
108949;2025-04-12;C1485;10;14;1;305,16;0,1;158,68;Boleto;Online;274,64;158,68;115,96;0,4222
108950;2026-03-28;C0216;6;10;1;66,09;0,0;33,05;Cartão de crédito;Online;66,09;33,05;33,04;0,4999
108951;2025-01-09;C0260;7;8;1;420,77;0,05;260,88;Cartão de débito;Marketplace;399,73;260,88;138,85;0,3474
108952;2026-04-02;C0748;9;27;3;508,61;0,05;320,42;PIX;Marketplace;1449,54;961,26;488,28;0,3369
108953;2025-07-01;C0414;2;7;2;412,34;0,15;276,27;PIX;Online;700,98;552,54;148,44;0,2118
108954;2025-09-15;C0419;4;22;1;573,88;0,1;401,72;PIX;Online;516,49;401,72;114,77;0,2222
108955;2026-04-18;C0953;16;22;1;547,98;0,0;301,39;Cartão de crédito;Marketplace;547,98;301,39;246,59;0,45
108956;2025-04-04;C0180;1;13;4;484,05;0,0;309,79;Cartão de crédito;Marketplace;1936,2;1239,16;697,04;0,36
108957;2025-08-15;C0367;4;11;1;573,13;0,0;401,19;PIX;Marketplace;573,13;401,19;171,94;0,3
108958;2025-10-28;C1969;11;5;1;540,46;0,0;367,51;PIX;Marketplace;540,46;367,51;172,95;0,32
108959;2026-06-04;C1146;15;17;4;4299,45;0,1;3353,57;Cartão de débito;Marketplace;15478,02;13414,28;2063,74;0,1333
108960;2025-03-29;C0590;8;17;1;214,11;0,1;117,76;Cartão de débito;Marketplace;192,7;117,76;74,94;0,3889
108961;2026-05-14;C2205;15;11;3;4250,55;0,0;3315,43;Boleto;Marketplace;12751,65;9946,29;2805,36;0,22
108962;2026-04-07;C1627;11;18;1;969,3;0,0;659,12;Cartão de crédito;Online;969,3;659,12;310,18;0,32
108963;2026-03-31;C1779;13;26;1;285,77;0,2;165,75;Cartão de crédito;Online;228,62;165,75;62,87;0,275
108964;2025-02-16;C2258;7;21;1;694,27;0,15;430,45;Cartão de crédito;Marketplace;590,13;430,45;159,68;0,2706
108965;2025-10-05;C2237;7;21;1;597,33;0,0;370,34;Cartão de crédito;Online;597,33;370,34;226,99;0,38
108966;2026-03-20;C2256;6;14;1;110,46;0,05;55,23;PIX;Marketplace;104,94;55,23;49,71;0,4737
108967;2025-01-22;C1583;2;23;1;676,96;0,0;453,56;Cartão de débito;Online;676,96;453,56;223,4;0,33
108968;2026-06-08;C2251;12;19;2;2405,48;0,1;1635,73;PIX;Marketplace;4329,86;3271,46;1058,4;0,2444
108969;2026-05-26;C1336;7;14;1;729,21;0,1;452,11;Boleto;Online;656,29;452,11;204,18;0,3111
108970;2025-06-30;C0663;13;10;1;225,18;0,05;130,6;Cartão de débito;Online;213,92;130,6;83,32;0,3895
108971;2025-07-20;C1295;13;11;2;297,96;0,0;172,82;PIX;Online;595,92;345,64;250,28;0,42
108972;2025-10-07;C1211;6;4;1;136,26;0,1;68,13;Cartão de crédito;Marketplace;122,63;68,13;54,5;0,4444
108973;2025-11-12;C1381;7;25;5;524,64;0,15;325,28;Cartão de débito;Marketplace;2229,72;1626,4;603,32;0,2706
108974;2025-03-31;C0993;5;27;3;1053,29;0,15;684,64;Cartão de crédito;Online;2685,89;2053,92;631,97;0,2353
108975;2025-02-04;C2089;6;3;5;204,8;0,1;102,4;Cartão de débito;Online;921,6;512,0;409,6;0,4444
108976;2026-04-14;C1127;12;3;1;2348,01;0,1;1596,65;Boleto;Online;2113,21;1596,65;516,56;0,2444
108977;2025-08-27;C0557;12;8;5;1885,91;0,0;1282,42;PIX;Marketplace;9429,55;6412,1;3017,45;0,32
108978;2026-04-12;C0971;10;25;2;220,43;0,0;114,62;Cartão de débito;Marketplace;440,86;229,24;211,62;0,48
108979;2026-05-12;C1712;3;17;2;97,0;0,1;43,65;Cartão de débito;Online;174,6;87,3;87,3;0,5
108980;2026-03-06;C0111;9;11;1;348,74;0,15;219,71;PIX;Online;296,43;219,71;76,72;0,2588
108981;2025-04-03;C0390;13;15;2;219,01;0,1;127,03;Cartão de débito;Marketplace;394,22;254,06;140,16;0,3555
108982;2025-06-22;C1349;6;18;2;141,71;0,0;70,86;PIX;Marketplace;283,42;141,72;141,7;0,5
108983;2025-06-01;C1538;11;14;3;1861,61;0,05;1265,89;Cartão de débito;Marketplace;5305,59;3797,67;1507,92;0,2842
108984;2025-07-14;C0731;9;25;2;596,58;0,05;375,85;Cartão de débito;Online;1133,5;751,7;381,8;0,3368
108985;2025-01-09;C0759;5;26;2;410,04;0,0;266,53;PIX;Marketplace;820,08;533,06;287,02;0,35
108986;2025-01-10;C0102;9;16;1;290,54;0,0;183,04;Boleto;Online;290,54;183,04;107,5;0,37
108987;2026-05-27;C2476;7;17;3;525,19;0,05;325,62;Cartão de débito;Marketplace;1496,79;976,86;519,93;0,3474
108988;2025-07-22;C1075;1;13;1;417,16;0,0;266,98;PIX;Marketplace;417,16;266,98;150,18;0,36
108989;2026-05-16;C1571;1;18;3;402,02;0,05;257,29;PIX;Marketplace;1145,76;771,87;373,89;0,3263
108990;2025-10-23;C2290;9;12;1;498,9;0,05;314,31;Boleto;Marketplace;473,96;314,31;159,65;0,3368
108991;2026-05-20;C1777;11;4;2;1834,59;0,1;1247,52;PIX;Online;3302,26;2495,04;807,22;0,2444
108992;2025-01-26;C0013;1;25;1;834,93;0,1;534,36;Cartão de crédito;Online;751,44;534,36;217,08;0,2889
108993;2025-05-31;C0901;10;12;1;274,62;0,0;142,8;Cartão de débito;Online;274,62;142,8;131,82;0,48
108994;2025-07-08;C1081;6;4;2;210,53;0,0;105,27;Boleto;Marketplace;421,06;210,54;210,52;0,5
108995;2026-02-13;C1571;4;2;2;2429,87;0,05;1700,91;Cartão de crédito;Online;4616,75;3401,82;1214,93;0,2632
108996;2026-05-21;C1747;14;19;2;3478,96;0,1;2504,85;Cartão de débito;Online;6262,13;5009,7;1252,43;0,2
108997;2025-04-25;C0577;10;27;1;152,24;0,1;79,16;PIX;Marketplace;137,02;79,16;57,86;0,4223
108998;2025-11-02;C0307;9;2;2;258,68;0,0;162,97;PIX;Marketplace;517,36;325,94;191,42;0,37
108999;2025-08-17;C1803;4;15;4;1236,3;0,15;865,41;PIX;Marketplace;4203,42;3461,64;741,78;0,1765
109000;2025-12-05;C2099;15;14;1;2085,84;0,0;1626,96;Cartão de crédito;Online;2085,84;1626,96;458,88;0,22
109001;2025-06-10;C2443;13;14;1;390,92;0,1;226,73;Boleto;Marketplace;351,83;226,73;125,1;0,3556
109002;2025-03-29;C0307;6;21;1;113,1;0,0;56,55;Cartão de crédito;Marketplace;113,1;56,55;56,55;0,5
109003;2026-06-21;C1808;12;25;1;1715,66;0,1;1166,65;PIX;Online;1544,09;1166,65;377,44;0,2444
109004;2025-11-06;C2067;12;12;2;1466,5;0,1;997,22;Cartão de crédito;Online;2639,7;1994,44;645,26;0,2444
109005;2026-01-21;C2040;13;26;2;140,51;0,0;81,5;Cartão de débito;Marketplace;281,02;163,0;118,02;0,42
109006;2026-05-27;C1102;13;25;3;268,86;0,05;155,94;PIX;Online;766,25;467,82;298,43;0,3895
109007;2026-06-01;C0261;7;27;1;208,05;0,05;128,99;PIX;Online;197,65;128,99;68,66;0,3474
109008;2025-05-24;C2426;8;21;2;256,74;0,1;141,21;Cartão de débito;Online;462,13;282,42;179,71;0,3889
109009;2025-07-31;C0140;2;2;1;321,77;0,0;215,59;Cartão de débito;Marketplace;321,77;215,59;106,18;0,33
109010;2026-05-07;C0750;11;3;4;1903,87;0,0;1294,63;PIX;Marketplace;7615,48;5178,52;2436,96;0,32
109011;2026-02-25;C0124;3;10;1;72,66;0,15;32,7;Boleto;Marketplace;61,76;32,7;29,06;0,4705
109012;2026-01-05;C0807;8;14;2;296,3;0,1;162,97;Cartão de crédito;Online;533,34;325,94;207,4;0,3889
109013;2025-02-11;C1409;2;1;1;1485,83;0,0;995,51;PIX;Online;1485,83;995,51;490,32;0,33
109014;2025-07-19;C1479;15;11;1;2461,19;0,15;1919,73;Boleto;Marketplace;2092,01;1919,73;172,28;0,0824
109015;2025-01-02;C1304;13;4;1;137,02;0,0;79,47;PIX;Marketplace;137,02;79,47;57,55;0,42
109016;2025-05-04;C0382;13;6;1;175,94;0,15;102,05;Boleto;Online;149,55;102,05;47,5;0,3176
109017;2025-09-26;C1022;3;27;2;75,27;0,05;33,87;PIX;Marketplace;143,01;67,74;75,27;0,5263
109018;2026-03-30;C0091;12;22;1;2399,49;0,0;1631,65;Cartão de débito;Online;2399,49;1631,65;767,84;0,32
109019;2025-11-21;C0097;4;15;1;2481,03;0,1;1736,72;Boleto;Online;2232,93;1736,72;496,21;0,2222
109020;2026-03-18;C0530;12;26;1;2290,22;0,0;1557,35;Cartão de crédito;Online;2290,22;1557,35;732,87;0,32
109021;2025-09-20;C0362;12;9;1;1351,18;0,15;918,8;Boleto;Online;1148,5;918,8;229,7;0,2
109022;2026-02-07;C0002;9;24;1;197,55;0,0;124,46;Cartão de crédito;Online;197,55;124,46;73,09;0,37
109023;2026-05-30;C1332;17;9;1;376,31;0,05;225,79;Cartão de débito;Marketplace;357,49;225,79;131,7;0,3684
109024;2025-05-11;C1544;12;4;4;932,67;0,05;634,22;Boleto;Marketplace;3544,15;2536,88;1007,27;0,2842
109025;2025-01-05;C1030;16;21;1;325,52;0,05;179,04;Cartão de débito;Online;309,24;179,04;130,2;0,421
109026;2025-01-12;C0204;17;27;1;765,32;0,2;459,19;Não informado;Online;612,26;459,19;153,07;0,25
109027;2025-09-25;C0160;4;14;3;1991,85;0,0;1394,29;Cartão de crédito;Online;5975,55;4182,87;1792,68;0,3
109028;2025-11-20;C2019;2;25;1;1293,94;0,05;866,94;Boleto;Online;1229,24;866,94;362,3;0,2947
109029;2025-03-14;C0342;16;2;1;488,67;0,1;268,77;PIX;Marketplace;439,8;268,77;171,03;0,3889
109030;2026-02-07;C0888;16;1;1;315,17;0,1;173,34;Cartão de crédito;Online;283,65;173,34;110,31;0,3889
109031;2026-05-31;C1883;3;15;1;75,84;0,0;34,13;PIX;Marketplace;75,84;34,13;41,71;0,55
109032;2026-02-08;C1763;15;10;3;4745,5;0,05;3701,49;Boleto;Marketplace;13524,68;11104,47;2420,21;0,1789
109033;2026-06-07;C1202;9;16;1;263,77;0,1;166,18;Cartão de crédito;Marketplace;237,39;166,18;71,21;0,3
109034;2025-07-24;C0493;5;4;3;377,77;0,1;245,55;PIX;Marketplace;1019,98;736,65;283,33;0,2778
109035;2025-09-01;C2121;7;10;1;292,68;0,05;181,46;PIX;Marketplace;278,05;181,46;96,59;0,3474
109036;2025-01-09;C0693;2;4;1;619,77;0,15;415,25;Cartão de débito;Marketplace;526,8;415,25;111,55;0,2118
109037;2025-06-09;C0025;1;3;4;817,39;0,05;523,13;Cartão de débito;Online;3106,08;2092,52;1013,56;0,3263
109038;2025-01-16;C1069;8;14;2;164,67;0,1;90,57;Boleto;Online;296,41;181,14;115,27;0,3889
109039;2026-01-24;C1914;1;9;1;435,61;0,1;278,79;PIX;Online;392,05;278,79;113,26;0,2889
109040;2025-05-30;C2494;4;21;5;2236,92;0,0;1565,84;Cartão de crédito;Online;11184,6;7829,2;3355,4;0,3
109041;2025-04-23;C0930;14;7;2;3089,36;0,05;2224,34;Boleto;Marketplace;5869,78;4448,68;1421,1;0,2421
109042;2026-02-19;C1320;11;17;2;523,54;0,0;356,01;Cartão de crédito;Online;1047,08;712,02;335,06;0,32
109043;2026-05-28;C0461;7;23;3;390,14;0,05;241,89;Cartão de crédito;Online;1111,9;725,67;386,23;0,3474
109044;2026-01-22;C1278;12;22;3;921,11;0,05;626,35;Cartão de crédito;Online;2625,16;1879,05;746,11;0,2842
109045;2025-11-05;C2317;15;11;1;4751,88;0,1;3706,47;Boleto;Online;4276,69;3706,47;570,22;0,1333
109046;2025-01-02;C0412;2;14;1;823,95;0,0;552,05;Cartão de crédito;Online;823,95;552,05;271,9;0,33
109047;2025-02-16;C2397;17;3;1;336,97;0,0;202,18;Boleto;Online;336,97;202,18;134,79;0,4
109048;2025-10-06;C0807;6;5;1;79,54;0,1;39,77;PIX;Online;71,59;39,77;31,82;0,4445
109049;2025-04-03;C0482;2;25;1;1424,59;0,05;954,48;PIX;Online;1353,36;954,48;398,88;0,2947
109050;2025-08-25;C0339;5;2;1;632,39;0,0;411,05;Cartão de débito;Online;632,39;411,05;221,34;0,35
109051;2026-01-07;C2426;17;3;3;553,36;0,1;332,02;PIX;Marketplace;1494,07;996,06;498,01;0,3333
109052;2026-04-15;C2254;15;10;1;3185,84;0,0;2484,96;Boleto;Marketplace;3185,84;2484,96;700,88;0,22
109053;2025-09-26;C0508;1;8;2;603,14;0,05;386,01;Boleto;Marketplace;1145,97;772,02;373,95;0,3263
109054;2025-06-26;C0860;14;11;1;4508,5;0,2;3246,12;PIX;Marketplace;3606,8;3246,12;360,68;0,1
109055;2025-10-13;C0398;3;2;2;69,2;0,1;31,14;Cartão de crédito;Online;124,56;62,28;62,28;0,5
109056;2026-05-07;C2317;8;10;2;268,12;0,0;147,47;Cartão de débito;Online;536,24;294,94;241,3;0,45
109057;2025-01-25;C0530;8;8;1;279,1;0,2;153,51;Boleto;Marketplace;223,28;153,51;69,77;0,3125
109058;2026-04-10;C2083;13;11;4;402,2;0,0;233,28;Cartão de débito;Online;1608,8;933,12;675,68;0,42
109059;2025-08-02;C1529;7;5;3;534,83;0,1;331,59;Boleto;Marketplace;1444,04;994,77;449,27;0,3111
109060;2025-11-23;C0931;7;23;2;517,78;0,05;321,02;Cartão de débito;Online;983,78;642,04;341,74;0,3474
109061;2025-07-22;C0023;4;24;1;1183,22;0,05;828,25;Cartão de débito;Online;1124,06;828,25;295,81;0,2632
109062;2025-04-19;C1387;1;11;2;976,81;0,1;625,16;Não informado;Online;1758,26;1250,32;507,94;0,2889
109063;2025-02-13;C1983;4;24;4;1633,94;0,1;1143,76;Cartão de crédito;Online;5882,18;4575,04;1307,14;0,2222
109064;2026-06-01;C1820;17;11;1;461,92;0,05;277,15;Cartão de crédito;Online;438,82;277,15;161,67;0,3684
109065;2026-06-25;C2242;1;5;3;728,31;0,0;466,12;Cartão de débito;Online;2184,93;1398,36;786,57;0,36
109066;2026-02-13;C0090;1;16;2;320,36;0,0;205,03;Boleto;Online;640,72;410,06;230,66;0,36
109067;2026-02-16;C2383;7;9;3;487,88;0,1;302,49;Cartão de crédito;Marketplace;1317,28;907,47;409,81;0,3111
109068;2025-10-21;C1197;1;26;2;600,77;0,05;384,49;Cartão de crédito;Online;1141,46;768,98;372,48;0,3263
109069;2025-08-10;C0325;7;27;2;330,91;0,05;205,16;Não informado;Marketplace;628,73;410,32;218,41;0,3474
109070;2026-02-17;C0009;2;7;1;1480,77;0,15;992,12;PIX;Online;1258,65;992,12;266,53;0,2118
109071;2025-12-05;C0653;5;14;1;685,65;0,0;445,67;Cartão de crédito;Marketplace;685,65;445,67;239,98;0,35
109072;2026-06-27;C0140;8;16;1;249,15;0,0;137,03;Cartão de débito;Online;249,15;137,03;112,12;0,45
109073;2025-04-17;C0275;17;15;2;400,6;0,0;240,36;Cartão de crédito;Online;801,2;480,72;320,48;0,4
109074;2025-02-28;C1943;15;4;1;4780,05;0,0;3728,44;PIX;Online;4780,05;3728,44;1051,61;0,22
109075;2026-03-14;C1517;1;15;2;949,71;0,05;607,81;PIX;Online;1804,45;1215,62;588,83;0,3263
109076;2025-07-03;C1573;13;19;2;210,23;0,0;121,93;PIX;Marketplace;420,46;243,86;176,6;0,42
109077;2025-04-28;C2078;16;22;2;515,74;0,0;283,66;PIX;Marketplace;1031,48;567,32;464,16;0,45
109078;2025-08-17;C2259;3;2;4;39,37;0,0;17,72;Cartão de crédito;Online;157,48;70,88;86,6;0,5499
109079;2025-05-26;C1221;8;19;1;108,5;0,05;59,68;Cartão de crédito;Marketplace;103,07;59,68;43,39;0,421
109080;2026-04-05;C0493;14;23;1;4484,41;0,0;3228,78;Cartão de débito;Online;4484,41;3228,78;1255,63;0,28
109081;2025-04-25;C0346;8;23;1;283,77;0,2;156,07;Cartão de crédito;Online;227,02;156,07;70,95;0,3125
109082;2026-05-14;C0233;4;8;1;1396,47;0,0;977,53;PIX;Online;1396,47;977,53;418,94;0,3
109083;2025-05-30;C1814;14;14;3;3869,59;0,1;2786,1;Cartão de crédito;Online;10447,89;8358,3;2089,59;0,2
109084;2025-10-09;C0033;2;5;1;1393,47;0,1;933,62;Cartão de débito;Marketplace;1254,12;933,62;320,5;0,2556
109085;2025-01-27;C0169;7;9;2;349,5;0,0;216,69;PIX;Online;699,0;433,38;265,62;0,38
109086;2026-02-21;C1941;3;5;1;31,15;0,0;14,02;Cartão de débito;Online;31,15;14,02;17,13;0,5499
109087;2025-06-11;C1462;5;3;1;381,38;0,15;247,9;Boleto;Marketplace;324,17;247,9;76,27;0,2353
109088;2025-11-15;C0056;15;14;2;2475,05;0,05;1930,54;Cartão de débito;Marketplace;4702,6;3861,08;841,52;0,1789
109089;2025-06-05;C0282;3;2;1;73,83;0,15;33,22;Cartão de débito;Marketplace;62,76;33,22;29,54;0,4707
109090;2025-03-31;C1888;10;3;3;206,72;0,05;107,49;Cartão de débito;Online;589,15;322,47;266,68;0,4527
109091;2025-12-05;C0613;8;16;4;189,69;0,05;104,33;Boleto;Marketplace;720,82;417,32;303,5;0,421
109092;2026-04-19;C0330;5;17;3;410,23;0,0;266,65;Boleto;Online;1230,69;799,95;430,74;0,35
109093;2026-05-14;C1139;17;2;3;173,25;0,1;103,95;Boleto;Marketplace;467,78;311,85;155,93;0,3333
109094;2025-04-16;C0598;1;15;1;678,91;0,05;434,5;Boleto;Marketplace;644,96;434,5;210,46;0,3263
109095;2025-10-31;C2040;1;22;1;433,53;0,0;277,46;PIX;Online;433,53;277,46;156,07;0,36
109096;2025-09-14;C1890;10;27;3;188,3;0,05;97,92;Cartão de crédito;Marketplace;536,66;293,76;242,9;0,4526
109097;2026-01-12;C1133;3;8;5;49,87;0,1;22,44;PIX;Online;224,42;112,2;112,22;0,5
109098;2025-08-25;C1127;7;25;1;560,39;0,0;347,44;Boleto;Online;560,39;347,44;212,95;0,38
109099;2025-09-12;C1335;13;18;3;439,2;0,1;254,74;Cartão de crédito;Online;1185,84;764,22;421,62;0,3555
109100;2026-03-06;C2193;13;23;1;326,04;0,15;189,1;Cartão de débito;Marketplace;277,13;189,1;88,03;0,3176
109101;2025-02-22;C2363;16;7;2;599,66;0,15;329,81;PIX;Marketplace;1019,42;659,62;359,8;0,3529
109102;2026-01-18;C2076;11;18;4;791,57;0,0;538,27;Cartão de crédito;Online;3166,28;2153,08;1013,2;0,32
109103;2025-01-15;C1157;2;21;1;799,01;0,05;535,34;Cartão de crédito;Marketplace;759,06;535,34;223,72;0,2947
109104;2025-12-22;C1160;15;1;3;3340,9;0,05;2605,9;PIX;Online;9521,56;7817,7;1703,86;0,1789
109105;2025-09-13;C1578;11;25;1;782,11;0,1;531,83;Boleto;Online;703,9;531,83;172,07;0,2445
109106;2025-08-22;C1824;10;27;1;304,82;0,05;158,51;PIX;Marketplace;289,58;158,51;131,07;0,4526
109107;2026-02-28;C1495;2;17;2;1265,19;0,0;847,68;Cartão de débito;Marketplace;2530,38;1695,36;835,02;0,33
109108;2026-01-26;C1612;4;7;1;1061,95;0,0;743,37;Boleto;Online;1061,95;743,37;318,58;0,3
109109;2026-03-28;C0019;14;11;3;3484,21;0,05;2508,63;PIX;Online;9930,0;7525,89;2404,11;0,2421
109110;2026-02-25;C0418;13;17;3;410,69;0,1;238,2;Cartão de crédito;Online;1108,86;714,6;394,26;0,3556
109111;2025-12-05;C0660;14;1;1;3437,29;0,0;2474,85;Cartão de crédito;Online;3437,29;2474,85;962,44;0,28
109112;2025-01-15;C1632;3;9;1;38,29;0,0;17,23;Cartão de crédito;Online;38,29;17,23;21,06;0,55
109113;2025-03-31;C0502;7;10;1;171,36;0,05;106,24;PIX;Online;162,79;106,24;56,55;0,3474
109114;2026-05-17;C0795;16;25;1;215,99;0,1;118,79;Cartão de crédito;Marketplace;194,39;118,79;75,6;0,3889
109115;2025-07-19;C1309;6;17;1;240,98;0,0;120,49;Cartão de crédito;Online;240,98;120,49;120,49;0,5
109116;2025-03-13;C2396;16;3;1;352,18;0,1;193,7;Boleto;Marketplace;316,96;193,7;123,26;0,3889
109117;2025-11-21;C1919;13;15;1;416,74;0,1;241,71;Cartão de débito;Marketplace;375,07;241,71;133,36;0,3556
109118;2025-09-13;C1793;2;22;4;1099,6;0,15;736,73;Boleto;Marketplace;3738,64;2946,92;791,72;0,2118
109119;2025-12-11;C1246;13;27;1;475,44;0,0;275,76;Cartão de crédito;Marketplace;475,44;275,76;199,68;0,42
109120;2025-10-01;C2480;6;24;3;116,58;0,05;58,29;Boleto;Online;332,25;174,87;157,38;0,4737
109121;2025-10-28;C1283;9;21;3;575,98;0,0;362,87;Cartão de débito;Marketplace;1727,94;1088,61;639,33;0,37
109122;2025-10-05;C2306;11;21;2;840,87;0,1;571,79;Cartão de crédito;Online;1513,57;1143,58;369,99;0,2444
109123;2025-04-26;C0043;2;25;1;940,47;0,1;630,11;Cartão de débito;Marketplace;846,42;630,11;216,31;0,2556
109124;2025-12-26;C1260;14;18;1;3201,33;0,0;2304,96;Boleto;Marketplace;3201,33;2304,96;896,37;0,28
109125;2026-01-18;C2086;10;21;1;249,58;0,1;129,78;Cartão de crédito;Online;224,62;129,78;94,84;0,4222
109126;2026-05-23;C0907;2;22;2;1218,62;0,0;816,48;PIX;Marketplace;2437,24;1632,96;804,28;0,33
109127;2025-02-16;C2030;8;17;1;144,81;0,1;79,65;Boleto;Marketplace;130,33;79,65;50,68;0,3889
109128;2025-03-03;C0235;9;1;4;375,87;0,05;236,8;Cartão de crédito;Marketplace;1428,31;947,2;481,11;0,3368
109129;2026-04-10;C0980;14;15;2;4543,5;0,15;3271,32;Cartão de crédito;Marketplace;7723,95;6542,64;1181,31;0,1529
109130;2026-06-29;C2297;8;2;1;154,46;0,05;84,95;Cartão de crédito;Online;146,74;84,95;61,79;0,4211
109131;2025-11-01;C0202;7;25;3;261,6;0,1;162,19;Cartão de débito;Marketplace;706,32;486,57;219,75;0,3111
109132;2025-02-08;C1549;9;9;1;508,92;0,0;320,62;Boleto;Online;508,92;320,62;188,3;0,37
109133;2025-10-25;C2345;2;21;1;758,84;0,0;508,42;Cartão de débito;Online;758,84;508,42;250,42;0,33
109134;2026-05-06;C1486;13;23;2;288,7;0,0;167,45;Cartão de débito;Online;577,4;334,9;242,5;0,42
109135;2025-02-17;C0125;11;14;4;1646,18;0,05;1119,4;PIX;Online;6255,48;4477,6;1777,88;0,2842
109136;2025-12-11;C2448;16;10;1;100,97;0,15;55,53;PIX;Marketplace;85,82;55,53;30,29;0,3529
109137;2025-07-11;C0712;2;4;1;1325,05;0,0;887,78;PIX;Online;1325,05;887,78;437,27;0,33
109138;2026-03-31;C0549;9;5;2;324,94;0,1;204,71;Cartão de débito;Online;584,89;409,42;175,47;0,3
109139;2025-05-13;C2352;4;19;2;1221,57;0,15;855,1;Boleto;Online;2076,67;1710,2;366,47;0,1765
109140;2026-06-21;C1469;6;13;3;158,68;0,1;79,34;Não informado;Marketplace;428,44;238,02;190,42;0,4444
109141;2025-01-15;C2416;2;6;1;1128,84;0,05;756,32;Boleto;Online;1072,4;756,32;316,08;0,2947
109142;2026-03-12;C0836;9;13;1;484,35;0,0;305,14;PIX;Online;484,35;305,14;179,21;0,37
109143;2025-07-16;C0172;2;1;1;1413,35;0,0;946,94;Boleto;Marketplace;1413,35;946,94;466,41;0,33
109144;2025-10-31;C2020;10;17;3;92,47;0,0;48,08;Cartão de crédito;Marketplace;277,41;144,24;133,17;0,48
109145;2025-08-19;C0190;17;17;1;352,44;0,1;211,46;Cartão de crédito;Online;317,2;211,46;105,74;0,3334
109146;2026-05-30;C0120;14;9;3;4806,34;0,05;3460,56;PIX;Online;13698,07;10381,68;3316,39;0,2421
109147;2025-05-17;C1094;8;10;1;86,87;0,05;47,78;Cartão de débito;Marketplace;82,53;47,78;34,75;0,4211
109148;2026-05-26;C0329;15;18;1;4464,55;0,05;3482,35;Cartão de débito;Online;4241,32;3482,35;758,97;0,1789
109149;2025-05-03;C1818;1;18;1;562,81;0,0;360,2;Cartão de crédito;Online;562,81;360,2;202,61;0,36
109150;2025-04-18;C2458;12;26;1;2282,63;0,0;1552,19;Boleto;Marketplace;2282,63;1552,19;730,44;0,32
109151;2025-02-01;C0893;11;25;1;1060,36;0,0;721,04;Boleto;Online;1060,36;721,04;339,32;0,32
109152;2025-10-01;C0462;16;20;4;130,09;0,0;71,55;PIX;Marketplace;520,36;286,2;234,16;0,45
109153;2025-01-05;C1113;7;20;5;777,17;0,1;481,85;Cartão de crédito;Online;3497,26;2409,25;1088,01;0,3111
109154;2026-06-23;C2091;13;4;1;171,34;0,05;99,38;PIX;Online;162,77;99,38;63,39;0,3894
109155;2026-04-26;C0514;8;3;4;96,19;0,0;52,9;Cartão de crédito;Marketplace;384,76;211,6;173,16;0,45
109156;2026-05-09;C1283;15;3;2;1133,35;0,2;884,01;Boleto;Online;1813,36;1768,02;45,34;0,025
109157;2025-09-22;C2050;14;13;2;3918,27;0,1;2821,15;Cartão de crédito;Online;7052,89;5642,3;1410,59;0,2
109158;2025-10-15;C0291;12;18;1;2071,28;0,1;1408,47;Não informado;Online;1864,15;1408,47;455,68;0,2444
109159;2025-09-01;C0729;10;3;1;361,4;0,0;187,93;PIX;Marketplace;361,4;187,93;173,47;0,48
109160;2026-03-09;C0883;10;17;1;211,05;0,05;109,75;Cartão de crédito;Marketplace;200,5;109,75;90,75;0,4526
109161;2025-04-10;C1489;15;10;1;3823,89;0,05;2982,63;Cartão de débito;Online;3632,7;2982,63;650,07;0,1789
109162;2025-04-12;C0443;15;16;2;4864,15;0,1;3794,04;Cartão de crédito;Marketplace;8755,47;7588,08;1167,39;0,1333
109163;2026-05-27;C0220;12;13;2;1586,54;0,0;1078,85;Cartão de débito;Online;3173,08;2157,7;1015,38;0,32
109164;2025-07-04;C2157;7;18;1;626,43;0,2;388,39;Cartão de crédito;Marketplace;501,14;388,39;112,75;0,225
109165;2025-07-20;C1103;13;25;2;300,93;0,15;174,54;Cartão de crédito;Online;511,58;349,08;162,5;0,3176
109166;2025-06-16;C1357;13;19;1;118,01;0,05;68,45;PIX;Online;112,11;68,45;43,66;0,3894
109167;2025-11-10;C0448;16;18;2;327,46;0,05;180,1;Cartão de crédito;Online;622,17;360,2;261,97;0,4211
109168;2025-01-13;C1965;16;21;3;158,58;0,0;87,22;Boleto;Online;475,74;261,66;214,08;0,45
109169;2026-04-09;C2169;5;3;2;977,09;0,05;635,11;Boleto;Marketplace;1856,47;1270,22;586,25;0,3158
109170;2025-08-08;C0486;10;8;2;118,51;0,0;61,63;Cartão de débito;Online;237,02;123,26;113,76;0,48
109171;2025-07-01;C0932;7;13;2;711,61;0,1;441,2;Cartão de crédito;Online;1280,9;882,4;398,5;0,3111
109172;2025-12-27;C0124;12;27;3;1470,24;0,0;999,76;Boleto;Marketplace;4410,72;2999,28;1411,44;0,32
109173;2026-01-29;C2182;5;11;2;630,37;0,05;409,74;Cartão de crédito;Online;1197,7;819,48;378,22;0,3158
109174;2025-07-30;C1079;8;16;1;120,82;0,0;66,45;PIX;Online;120,82;66,45;54,37;0,45
109175;2026-05-20;C0865;11;11;1;1054,24;0,05;716,88;PIX;Marketplace;1001,53;716,88;284,65;0,2842
109176;2026-01-01;C2431;13;17;1;134,48;0,15;78,0;Cartão de crédito;Online;114,31;78,0;36,31;0,3176
109177;2025-11-15;C0655;2;10;2;920,81;0,0;616,94;Cartão de débito;Online;1841,62;1233,88;607,74;0,33
109178;2025-01-08;C1183;10;4;2;323,27;0,1;168,1;Cartão de crédito;Online;581,89;336,2;245,69;0,4222
109179;2025-07-29;C0035;5;20;3;694,78;0,0;451,61;Cartão de débito;Online;2084,34;1354,83;729,51;0,35
109180;2026-04-13;C1427;6;4;1;109,15;0,0;54,58;Cartão de débito;Online;109,15;54,58;54,57;0,5
109181;2026-01-15;C2097;9;20;3;186,98;0,0;117,8;PIX;Online;560,94;353,4;207,54;0,37
109182;2025-06-08;C1419;8;2;1;86,4;0,05;47,52;PIX;Online;82,08;47,52;34,56;0,4211
109183;2025-06-23;C2238;3;19;2;63,87;0,1;28,74;PIX;Marketplace;114,97;57,48;57,49;0,5
109184;2025-10-15;C1419;1;9;1;542,41;0,0;347,14;Não informado;Online;542,41;347,14;195,27;0,36
109185;2025-10-28;C1683;17;11;3;153,96;0,1;92,38;PIX;Marketplace;415,69;277,14;138,55;0,3333
109186;2025-10-15;C0757;3;16;1;96,01;0,0;43,2;Cartão de crédito;Online;96,01;43,2;52,81;0,55
109187;2025-11-10;C0662;13;1;1;462,26;0,05;268,11;Cartão de débito;Marketplace;439,15;268,11;171,04;0,3895
109188;2025-04-28;C1431;4;4;1;1933,59;0,05;1353,51;Boleto;Online;1836,91;1353,51;483,4;0,2632
109189;2025-12-24;C1655;1;1;1;734,92;0,0;470,35;Boleto;Marketplace;734,92;470,35;264,57;0,36
109190;2026-05-06;C1619;15;26;2;3930,37;0,0;3065,69;Boleto;Marketplace;7860,74;6131,38;1729,36;0,22
109191;2025-04-09;C0705;2;9;1;487,81;0,05;326,83;Boleto;Marketplace;463,42;326,83;136,59;0,2947
109192;2026-05-11;C0128;5;9;1;612,1;0,05;397,87;Boleto;Online;581,5;397,87;183,63;0,3158
109193;2025-06-04;C1784;15;17;1;2851,36;0,15;2224,06;Cartão de débito;Online;2423,66;2224,06;199,6;0,0824
109194;2025-07-30;C1930;5;26;2;296,18;0,15;192,52;Cartão de débito;Marketplace;503,51;385,04;118,47;0,2353
109195;2025-12-29;C0362;15;2;1;4800,66;0,0;3744,51;Cartão de crédito;Online;4800,66;3744,51;1056,15;0,22
109196;2025-07-15;C1722;8;4;1;162,51;0,0;89,38;PIX;Online;162,51;89,38;73,13;0,45
109197;2026-02-14;C0197;12;18;1;882,85;0,0;600,34;PIX;Online;882,85;600,34;282,51;0,32
109198;2025-10-19;C1111;16;9;4;328,0;0,15;180,4;Cartão de débito;Marketplace;1115,2;721,6;393,6;0,3529
109199;2025-05-16;C0807;1;27;2;613,13;0,1;392,4;PIX;Marketplace;1103,63;784,8;318,83;0,2889
109200;2025-04-26;C1536;2;6;1;266,36;0,0;178,46;Boleto;Marketplace;266,36;178,46;87,9;0,33
109201;2026-06-14;C2142;9;17;1;302,08;0,2;190,31;PIX;Marketplace;241,66;190,31;51,35;0,2125
109202;2026-06-11;C0979;1;17;2;848,8;0,1;543,23;Cartão de crédito;Online;1527,84;1086,46;441,38;0,2889
109203;2025-10-15;C2170;9;15;1;540,84;0,05;340,73;PIX;Online;513,8;340,73;173,07;0,3368
109204;2025-11-20;C1509;10;12;1;81,73;0,0;42,5;Cartão de débito;Online;81,73;42,5;39,23;0,48
109205;2026-06-15;C2377;5;4;2;519,98;0,05;337,99;Cartão de crédito;Online;987,96;675,98;311,98;0,3158
109206;2026-03-03;C2222;14;3;4;3289,92;0,1;2368,74;Cartão de débito;Online;11843,71;9474,96;2368,75;0,2
109207;2025-12-17;C0142;6;10;1;213,17;0,0;106,58;Cartão de crédito;Marketplace;213,17;106,58;106,59;0,5
109208;2026-02-05;C1905;12;15;1;857,23;0,0;582,92;Boleto;Online;857,23;582,92;274,31;0,32
109209;2026-05-16;C0159;17;19;1;428,45;0,1;257,07;Cartão de débito;Online;385,6;257,07;128,53;0,3333
109210;2025-04-07;C0450;15;24;3;4111,34;0,15;3206,85;Boleto;Marketplace;10483,92;9620,55;863,37;0,0824
109211;2026-01-12;C2054;12;7;1;1121,56;0,1;762,66;Boleto;Marketplace;1009,4;762,66;246,74;0,2444
109212;2025-03-01;C2243;7;10;1;745,47;0,0;462,19;PIX;Online;745,47;462,19;283,28;0,38
109213;2025-04-07;C1768;5;1;2;1027,88;0,05;668,12;Cartão de débito;Online;1952,97;1336,24;616,73;0,3158
109214;2025-11-28;C1861;11;21;4;1749,31;0,0;1189,53;Cartão de débito;Marketplace;6997,24;4758,12;2239,12;0,32
109215;2026-05-22;C1717;5;18;2;1079,57;0,0;701,72;Cartão de débito;Marketplace;2159,14;1403,44;755,7;0,35
109216;2025-03-05;C1119;15;27;3;1065,83;0,05;831,35;Cartão de crédito;Online;3037,62;2494,05;543,57;0,1789
109217;2026-03-05;C0908;11;3;1;557,83;0,1;379,32;Boleto;Marketplace;502,05;379,32;122,73;0,2445
109218;2026-01-26;C1139;8;12;1;124,92;0,0;68,71;Cartão de débito;Online;124,92;68,71;56,21;0,45
109219;2026-05-27;C1267;12;5;1;1043,85;0,05;709,82;Cartão de crédito;Online;991,66;709,82;281,84;0,2842
109220;2025-02-24;C1718;9;23;2;249,85;0,05;157,41;Boleto;Online;474,72;314,82;159,9;0,3368
109221;2025-08-05;C1771;15;8;1;3847,24;0,1;3000,85;PIX;Online;3462,52;3000,85;461,67;0,1333
109222;2025-07-05;C1111;7;22;2;334,2;0,0;207,2;Boleto;Marketplace;668,4;414,4;254,0;0,38
109223;2026-03-04;C2461;17;14;2;417,44;0,0;250,46;PIX;Online;834,88;500,92;333,96;0,4
109224;2025-08-10;C0131;1;3;1;558,35;0,0;357,34;Cartão de débito;Online;558,35;357,34;201,01;0,36
109225;2025-03-24;C0165;12;1;4;1298,99;0,1;883,31;Cartão de crédito;Online;4676,36;3533,24;1143,12;0,2444
109226;2025-09-19;C0903;2;18;1;1241,09;0,1;831,53;PIX;Marketplace;1116,98;831,53;285,45;0,2556
109227;2025-12-12;C1586;15;27;1;4575,51;0,15;3568,9;Boleto;Marketplace;3889,18;3568,9;320,28;0,0824
109228;2025-01-17;C1807;5;10;1;708,66;0,0;460,63;Boleto;Online;708,66;460,63;248,03;0,35
109229;2025-04-06;C0706;15;12;5;2178,32;0,1;1699,09;Cartão de crédito;Marketplace;9802,44;8495,45;1306,99;0,1333
109230;2025-03-15;C0590;12;8;1;2426,51;0,0;1650,03;Boleto;Marketplace;2426,51;1650,03;776,48;0,32
109231;2025-06-05;C2085;14;13;2;4858,21;0,0;3497,91;Cartão de crédito;Marketplace;9716,42;6995,82;2720,6;0,28
109232;2025-12-24;C1246;2;24;2;1491,09;0,05;999,03;Boleto;Marketplace;2833,07;1998,06;835,01;0,2947
109233;2026-05-01;C1848;3;24;2;64,24;0,2;28,91;Cartão de crédito;Marketplace;102,78;57,82;44,96;0,4374
109234;2025-07-28;C0840;3;2;2;31,87;0,0;14,34;Cartão de débito;Marketplace;63,74;28,68;35,06;0,55
109235;2025-02-25;C0250;7;15;1;198,74;0,05;123,22;PIX;Online;188,8;123,22;65,58;0,3474
109236;2025-03-12;C1921;4;25;4;1583,28;0,1;1108,3;Cartão de débito;Online;5699,81;4433,2;1266,61;0,2222
109237;2025-02-24;C0768;4;19;1;827,24;0,05;579,07;Cartão de débito;Online;785,88;579,07;206,81;0,2632
109238;2025-05-21;C0623;3;6;1;60,87;0,0;27,39;PIX;Online;60,87;27,39;33,48;0,55
109239;2026-03-26;C0495;12;26;1;961,12;0,1;653,56;Cartão de débito;Marketplace;865,01;653,56;211,45;0,2444
109240;2025-01-13;C0016;5;22;3;669,29;0,0;435,04;Cartão de débito;Marketplace;2007,87;1305,12;702,75;0,35
109241;2025-10-03;C1056;2;14;1;1387,03;0,0;929,31;Boleto;Marketplace;1387,03;929,31;457,72;0,33
109242;2025-02-27;C1466;3;11;1;83,71;0,05;37,67;PIX;Marketplace;79,52;37,67;41,85;0,5263
109243;2025-12-03;C0629;7;7;3;636,66;0,0;394,73;Cartão de débito;Online;1909,98;1184,19;725,79;0,38
109244;2025-06-15;C0816;6;19;1;244,37;0,1;122,19;PIX;Online;219,93;122,19;97,74;0,4444
109245;2026-06-15;C0750;7;11;2;311,89;0,0;193,37;Cartão de crédito;Marketplace;623,78;386,74;237,04;0,38
109246;2026-01-20;C0704;17;11;1;300,64;0,2;180,38;Cartão de crédito;Marketplace;240,51;180,38;60,13;0,25
109247;2026-03-28;C0520;6;22;2;239,48;0,0;119,74;PIX;Marketplace;478,96;239,48;239,48;0,5
109248;2025-11-11;C0223;12;7;1;2137,81;0,05;1453,71;Cartão de débito;Online;2030,92;1453,71;577,21;0,2842
109249;2025-08-23;C2103;12;1;2;2129,8;0,1;1448,26;PIX;Marketplace;3833,64;2896,52;937,12;0,2444
109250;2026-01-26;C0924;1;25;1;967,12;0,1;618,96;Cartão de débito;Marketplace;870,41;618,96;251,45;0,2889
109251;2025-08-16;C2277;12;3;2;1309,91;0,05;890,74;Boleto;Online;2488,83;1781,48;707,35;0,2842
109252;2025-08-08;C0773;5;23;3;1059,45;0,0;688,64;PIX;Online;3178,35;2065,92;1112,43;0,35
109253;2026-03-25;C0059;16;4;1;474,68;0,15;261,07;PIX;Online;403,48;261,07;142,41;0,353
109254;2025-04-12;C0068;6;2;1;116,09;0,15;58,05;Cartão de débito;Online;98,68;58,05;40,63;0,4117
109255;2026-01-01;C0541;10;12;5;113,27;0,0;58,9;Boleto;Marketplace;566,35;294,5;271,85;0,48
109256;2026-05-02;C0343;2;8;1;535,48;0,0;358,77;Cartão de débito;Online;535,48;358,77;176,71;0,33
109257;2026-02-16;C0209;16;2;5;190,48;0,1;104,76;Cartão de crédito;Online;857,16;523,8;333,36;0,3889
109258;2025-04-09;C2126;6;20;1;140,55;0,1;70,28;Boleto;Marketplace;126,5;70,28;56,22;0,4444
109259;2025-03-17;C0305;3;12;1;66,51;0,0;29,93;Cartão de débito;Online;66,51;29,93;36,58;0,55
109260;2025-01-11;C1856;7;17;2;895,27;0,05;555,07;Cartão de débito;Online;1701,01;1110,14;590,87;0,3474
109261;2026-01-15;C1761;16;14;4;175,29;0,0;96,41;Cartão de crédito;Marketplace;701,16;385,64;315,52;0,45
109262;2026-01-03;C2227;15;26;2;4156,08;0,1;3241,74;Cartão de crédito;Online;7480,94;6483,48;997,46;0,1333
109263;2026-03-19;C1916;10;13;2;383,75;0,0;199,55;Cartão de débito;Marketplace;767,5;399,1;368,4;0,48
109264;2025-08-14;C2006;1;4;1;727,4;0,1;465,54;Cartão de débito;Online;654,66;465,54;189,12;0,2889
109265;2026-06-18;C0778;11;10;1;1155,99;0,1;786,07;Boleto;Marketplace;1040,39;786,07;254,32;0,2444
109266;2025-08-22;C0759;8;5;1;144,95;0,0;79,72;Boleto;Online;144,95;79,72;65,23;0,45
109267;2025-09-15;C0422;5;12;2;346,99;0,0;225,54;Cartão de crédito;Online;693,98;451,08;242,9;0,35
109268;2026-05-29;C1714;10;5;1;116,1;0,15;60,37;Boleto;Marketplace;98,68;60,37;38,31;0,3882
109269;2025-10-16;C2051;10;17;1;319,64;0,0;166,21;Boleto;Online;319,64;166,21;153,43;0,48
109270;2025-10-16;C0625;5;14;1;281,22;0,0;182,79;PIX;Marketplace;281,22;182,79;98,43;0,35
109271;2025-03-04;C0305;14;9;5;2600,0;0,15;1872,0;Cartão de crédito;Online;11050,0;9360,0;1690,0;0,1529
109272;2025-04-08;C2308;7;20;1;342,84;0,15;212,56;Cartão de débito;Online;291,41;212,56;78,85;0,2706
109273;2025-06-23;C2344;12;10;1;2194,55;0,1;1492,29;Cartão de débito;Marketplace;1975,1;1492,29;482,81;0,2444
109274;2025-02-17;C0824;9;5;1;411,22;0,1;259,07;Cartão de débito;Online;370,1;259,07;111,03;0,3
109275;2026-02-25;C2178;12;10;1;770,76;0,0;524,12;Cartão de crédito;Marketplace;770,76;524,12;246,64;0,32
109276;2025-07-29;C2340;16;26;1;162,1;0,0;89,16;Cartão de débito;Marketplace;162,1;89,16;72,94;0,45
109277;2025-02-13;C0276;13;23;1;403,16;0,1;233,83;PIX;Online;362,84;233,83;129,01;0,3556
109278;2025-12-09;C0388;7;5;2;710,03;0,1;440,22;Cartão de débito;Marketplace;1278,05;880,44;397,61;0,3111
109279;2025-12-14;C0063;16;2;2;242,59;0,05;133,42;PIX;Marketplace;460,92;266,84;194,08;0,4211
109280;2026-03-08;C2430;11;20;2;411,04;0,15;279,51;PIX;Marketplace;698,77;559,02;139,75;0,2
109281;2025-09-09;C0511;4;25;2;1456,04;0,0;1019,23;Boleto;Marketplace;2912,08;2038,46;873,62;0,3
109282;2025-10-29;C1008;10;12;1;145,08;0,0;75,44;Boleto;Online;145,08;75,44;69,64;0,48
109283;2025-09-04;C0708;2;18;1;779,48;0,1;522,25;Cartão de crédito;Marketplace;701,53;522,25;179,28;0,2556
109284;2025-10-05;C0874;14;13;1;3973,25;0,05;2860,74;PIX;Online;3774,59;2860,74;913,85;0,2421
109285;2026-04-19;C0539;5;6;1;307,4;0,1;199,81;Cartão de crédito;Marketplace;276,66;199,81;76,85;0,2778
109286;2026-05-11;C1687;7;8;2;224,66;0,05;139,29;Boleto;Marketplace;426,85;278,58;148,27;0,3474
109287;2025-02-25;C1990;13;14;1;174,88;0,05;101,43;Cartão de crédito;Marketplace;166,14;101,43;64,71;0,3895
109288;2026-05-18;C2087;8;8;4;288,62;0,0;158,74;Cartão de crédito;Online;1154,48;634,96;519,52;0,45
109289;2025-12-14;C2062;10;12;1;258,93;0,0;134,64;Boleto;Marketplace;258,93;134,64;124,29;0,48
109290;2026-05-19;C1860;2;18;1;520,85;0,0;348,97;Boleto;Marketplace;520,85;348,97;171,88;0,33
109291;2026-03-18;C1556;12;15;3;1808,75;0,1;1229,95;Cartão de crédito;Marketplace;4883,62;3689,85;1193,77;0,2444
109292;2025-03-03;C1014;9;2;2;192,58;0,1;121,33;Cartão de débito;Marketplace;346,64;242,66;103,98;0,3
109293;2025-12-07;C0987;3;13;2;95,49;0,1;42,97;Cartão de crédito;Online;171,88;85,94;85,94;0,5
109294;2026-02-24;C0413;9;15;2;509,61;0,0;321,05;Cartão de crédito;Online;1019,22;642,1;377,12;0,37
109295;2025-12-18;C1303;8;12;2;160,95;0,0;88,52;Cartão de débito;Online;321,9;177,04;144,86;0,45
109296;2026-03-27;C0066;11;20;2;977,65;0,05;664,8;Cartão de débito;Marketplace;1857,54;1329,6;527,94;0,2842
109297;2026-03-26;C0755;16;16;1;101,7;0,0;55,94;PIX;Online;101,7;55,94;45,76;0,45
109298;2025-11-03;C1150;10;22;2;232,69;0,2;121,0;Boleto;Online;372,3;242,0;130,3;0,35
109299;2026-05-01;C1760;6;14;1;206,06;0,05;103,03;PIX;Online;195,76;103,03;92,73;0,4737
109300;2026-05-13;C0495;10;1;2;220,0;0,1;114,4;Cartão de débito;Marketplace;396,0;228,8;167,2;0,4222
109301;2026-02-12;C1023;14;14;2;3678,01;0,2;2648,17;Cartão de crédito;Marketplace;5884,82;5296,34;588,48;0,1
109302;2026-02-19;C1060;13;13;1;285,72;0,05;165,72;Cartão de crédito;Online;271,43;165,72;105,71;0,3895
109303;2026-04-12;C1566;10;3;1;226,3;0,0;117,68;Cartão de crédito;Online;226,3;117,68;108,62;0,48
109304;2025-04-25;C0967;1;19;2;412,72;0,0;264,14;PIX;Marketplace;825,44;528,28;297,16;0,36
109305;2025-03-21;C1773;12;6;1;2350,84;0,1;1598,57;Cartão de crédito;Online;2115,76;1598,57;517,19;0,2444
109306;2025-08-22;C1917;12;6;1;934,0;0,05;635,12;Cartão de débito;Marketplace;887,3;635,12;252,18;0,2842
109307;2025-02-24;C1443;1;14;1;710,59;0,15;454,78;Cartão de crédito;Marketplace;604,0;454,78;149,22;0,2471
109308;2025-05-26;C0827;12;7;4;752,27;0,05;511,54;Cartão de débito;Marketplace;2858,63;2046,16;812,47;0,2842
109309;2025-07-25;C2374;16;16;3;564,53;0,0;310,49;Cartão de débito;Online;1693,59;931,47;762,12;0,45
109310;2025-01-02;C2181;16;7;1;536,93;0,1;295,31;Boleto;Online;483,24;295,31;187,93;0,3889
109311;2025-04-05;C2345;17;16;1;129,5;0,15;77,7;Boleto;Marketplace;110,08;77,7;32,38;0,2941
109312;2025-12-30;C0358;12;9;5;1636,53;0,05;1112,84;Cartão de débito;Marketplace;7773,52;5564,2;2209,32;0,2842
109313;2025-03-12;C0758;6;3;2;61,46;0,1;30,73;Cartão de débito;Marketplace;110,63;61,46;49,17;0,4445
109314;2025-12-01;C2077;7;2;3;632,97;0,0;392,44;PIX;Online;1898,91;1177,32;721,59;0,38
109315;2025-12-25;C1814;16;13;5;535,27;0,0;294,4;PIX;Online;2676,35;1472,0;1204,35;0,45
109316;2026-01-19;C0567;4;20;2;1029,82;0,0;720,87;Boleto;Marketplace;2059,64;1441,74;617,9;0,3
109317;2025-04-30;C2472;3;21;3;33,9;0,2;15,25;Boleto;Online;81,36;45,75;35,61;0,4377
109318;2026-06-28;C0254;3;25;1;95,81;0,1;43,11;Cartão de crédito;Marketplace;86,23;43,11;43,12;0,5001
109319;2026-05-19;C0645;9;12;3;284,65;0,15;179,33;Cartão de crédito;Marketplace;725,86;537,99;187,87;0,2588
109320;2025-12-27;C0139;3;17;1;38,41;0,1;17,28;Boleto;Marketplace;34,57;17,28;17,29;0,5001
109321;2025-07-12;C0509;2;14;1;608,79;0,0;407,89;Boleto;Online;608,79;407,89;200,9;0,33
109322;2025-09-09;C1635;2;26;1;995,91;0,0;667,26;PIX;Online;995,91;667,26;328,65;0,33
109323;2026-06-13;C1508;17;19;1;396,65;0,0;237,99;Boleto;Marketplace;396,65;237,99;158,66;0,4
109324;2025-05-06;C1786;7;19;1;379,59;0,1;235,35;Cartão de crédito;Marketplace;341,63;235,35;106,28;0,3111
109325;2026-06-18;C1616;4;5;1;1574,2;0,15;1101,94;Cartão de crédito;Online;1338,07;1101,94;236,13;0,1765
109326;2025-02-06;C1313;9;12;1;487,86;0,1;307,35;Cartão de débito;Marketplace;439,07;307,35;131,72;0,3
109327;2025-10-03;C2084;13;11;1;411,31;0,0;238,56;Boleto;Online;411,31;238,56;172,75;0,42
109328;2025-02-17;C0870;9;15;3;277,31;0,05;174,71;Boleto;Online;790,33;524,13;266,2;0,3368
109329;2025-01-01;C1941;12;16;1;2122,39;0,05;1443,23;Cartão de débito;Marketplace;2016,27;1443,23;573,04;0,2842
109330;2025-03-29;C0332;5;6;3;570,7;0,2;370,96;PIX;Online;1369,68;1112,88;256,8;0,1875
109331;2025-11-03;C2436;5;18;2;527,77;0,05;343,05;PIX;Online;1002,76;686,1;316,66;0,3158
109332;2025-08-19;C2118;17;27;4;709,98;0,0;425,99;Boleto;Marketplace;2839,92;1703,96;1135,96;0,4
109333;2026-06-25;C1173;10;1;1;331,24;0,1;172,24;PIX;Online;298,12;172,24;125,88;0,4222
109334;2025-06-19;C1235;13;23;1;203,06;0,1;117,77;Cartão de débito;Online;182,75;117,77;64,98;0,3556
109335;2025-06-19;C2078;10;3;2;180,27;0,1;93,74;PIX;Online;324,49;187,48;137,01;0,4222
109336;2025-10-10;C0132;17;16;1;607,71;0,15;364,63;Cartão de crédito;Online;516,55;364,63;151,92;0,2941
109337;2026-02-04;C1942;14;8;2;4133,91;0,15;2976,42;Cartão de crédito;Online;7027,65;5952,84;1074,81;0,1529
109338;2025-04-21;C0275;12;1;2;2232,28;0,1;1517,95;Cartão de débito;Online;4018,1;3035,9;982,2;0,2444
109339;2025-12-23;C1521;12;21;2;1205,41;0,15;819,68;Cartão de crédito;Online;2049,2;1639,36;409,84;0,2
109340;2025-01-10;C1961;3;6;2;84,7;0,0;38,12;Cartão de débito;Online;169,4;76,24;93,16;0,5499
109341;2025-01-15;C1347;17;14;1;559,39;0,0;335,63;Boleto;Marketplace;559,39;335,63;223,76;0,4
109342;2026-01-07;C1027;7;23;1;195,76;0,05;121,37;PIX;Marketplace;185,97;121,37;64,6;0,3474
109343;2026-04-11;C0524;2;8;2;373,07;0,0;249,96;Cartão de débito;Online;746,14;499,92;246,22;0,33
109344;2026-01-06;C1313;10;8;1;262,19;0,05;136,34;PIX;Online;249,08;136,34;112,74;0,4526
109345;2026-01-12;C2223;14;16;1;2794,01;0,0;2011,69;PIX;Online;2794,01;2011,69;782,32;0,28
109346;2025-04-20;C0943;4;18;4;2100,45;0,1;1470,31;PIX;Online;7561,62;5881,24;1680,38;0,2222
109347;2026-03-12;C0107;5;9;1;386,57;0,1;251,27;Cartão de débito;Marketplace;347,91;251,27;96,64;0,2778
109348;2025-04-16;C2011;14;27;1;3075,69;0,15;2214,5;PIX;Online;2614,34;2214,5;399,84;0,1529
109349;2026-02-17;C0968;13;13;4;370,83;0,1;215,08;Boleto;Marketplace;1334,99;860,32;474,67;0,3556
109350;2025-06-12;C2352;4;18;2;565,96;0,1;396,17;Cartão de crédito;Marketplace;1018,73;792,34;226,39;0,2222
109351;2026-05-08;C0171;10;25;1;125,45;0,0;65,23;Cartão de débito;Marketplace;125,45;65,23;60,22;0,48
109352;2025-07-17;C1213;14;17;1;5295,99;0,0;3813,11;Cartão de crédito;Marketplace;5295,99;3813,11;1482,88;0,28
109353;2026-02-15;C1176;3;19;1;39,93;0,1;17,97;Boleto;Online;35,94;17,97;17,97;0,5
109354;2025-01-27;C0789;16;16;1;145,76;0,0;80,17;Cartão de débito;Online;145,76;80,17;65,59;0,45
109355;2025-11-12;C2333;3;22;4;47,69;0,05;21,46;Boleto;Online;181,22;85,84;95,38;0,5263
109356;2025-08-20;C1042;8;6;1;177,55;0,15;97,65;Boleto;Online;150,92;97,65;53,27;0,353
109357;2026-05-19;C2395;4;18;1;1353,79;0,1;947,65;Cartão de crédito;Marketplace;1218,41;947,65;270,76;0,2222
109358;2025-02-01;C1550;4;26;1;1520,63;0,0;1064,44;Cartão de débito;Marketplace;1520,63;1064,44;456,19;0,3
109359;2025-07-14;C0865;7;22;2;595,74;0,1;369,36;Boleto;Online;1072,33;738,72;333,61;0,3111
109360;2026-05-07;C0127;8;13;1;188,93;0,2;103,91;Cartão de débito;Online;151,14;103,91;47,23;0,3125
109361;2025-04-17;C0783;1;25;1;772,52;0,05;494,41;Cartão de crédito;Online;733,89;494,41;239,48;0,3263
109362;2025-03-05;C1781;1;23;2;800,76;0,15;512,49;PIX;Online;1361,29;1024,98;336,31;0,2471
109363;2025-11-03;C2391;3;6;1;43,61;0,05;19,62;Boleto;Marketplace;41,43;19,62;21,81;0,5264
109364;2025-10-19;C1865;17;14;3;312,7;0,2;187,62;PIX;Online;750,48;562,86;187,62;0,25
109365;2025-04-29;C2006;10;12;1;326,82;0,0;169,95;Não informado;Marketplace;326,82;169,95;156,87;0,48
109366;2025-05-30;C0793;3;4;3;38,11;0,15;17,15;Cartão de débito;Marketplace;97,18;51,45;45,73;0,4706
109367;2025-10-18;C0886;17;13;1;322,35;0,15;193,41;Boleto;Marketplace;274,0;193,41;80,59;0,2941
109368;2025-04-06;C1395;15;5;1;2490,56;0,05;1942,64;Cartão de crédito;Online;2366,03;1942,64;423,39;0,1789
109369;2025-09-20;C0265;5;24;1;503,35;0,1;327,18;Cartão de crédito;Marketplace;453,02;327,18;125,84;0,2778
109370;2025-12-16;C0156;12;15;1;1200,18;0,05;816,12;Cartão de débito;Marketplace;1140,17;816,12;324,05;0,2842
109371;2026-01-11;C1069;1;26;1;886,46;0,05;567,33;Cartão de crédito;Online;842,14;567,33;274,81;0,3263
109372;2025-09-12;C0699;10;3;5;272,1;0,15;141,49;PIX;Marketplace;1156,42;707,45;448,97;0,3882
109373;2025-03-30;C1523;3;7;2;80,58;0,1;36,26;Cartão de crédito;Marketplace;145,04;72,52;72,52;0,5
109374;2025-12-16;C0236;13;17;1;113,44;0,05;65,8;Cartão de crédito;Online;107,77;65,8;41,97;0,3894
109375;2026-05-19;C0463;7;8;3;746,52;0,15;462,84;Cartão de crédito;Marketplace;1903,63;1388,52;515,11;0,2706
109376;2025-09-04;C0062;16;27;1;574,11;0,05;315,76;Boleto;Online;545,4;315,76;229,64;0,421
109377;2025-04-09;C0741;5;22;1;328,7;0,05;213,66;Boleto;Marketplace;312,26;213,66;98,6;0,3158
109378;2026-01-24;C2124;10;18;1;112,71;0,05;58,61;Cartão de débito;Marketplace;107,07;58,61;48,46;0,4526
109379;2025-04-29;C0320;10;4;2;205,69;0,0;106,96;Cartão de débito;Online;411,38;213,92;197,46;0,48
109380;2026-03-20;C1423;12;5;4;1863,95;0,0;1267,49;Cartão de crédito;Online;7455,8;5069,96;2385,84;0,32
109381;2026-01-31;C0912;2;12;1;913,58;0,05;612,1;PIX;Marketplace;867,9;612,1;255,8;0,2947
109382;2025-03-31;C1790;10;3;2;322,33;0,1;167,61;Cartão de crédito;Marketplace;580,19;335,22;244,97;0,4222
109383;2025-05-10;C0259;12;26;1;748,87;0,1;509,23;Cartão de débito;Marketplace;673,98;509,23;164,75;0,2444
109384;2026-03-16;C0821;5;3;2;581,79;0,05;378,16;PIX;Marketplace;1105,4;756,32;349,08;0,3158
109385;2025-12-28;C1054;16;13;1;396,19;0,15;217,9;Cartão de débito;Online;336,76;217,9;118,86;0,353
109386;2025-11-22;C0031;3;10;3;44,24;0,05;19,91;Boleto;Marketplace;126,08;59,73;66,35;0,5263
109387;2025-04-25;C1711;12;27;2;1907,01;0,1;1296,77;PIX;Marketplace;3432,62;2593,54;839,08;0,2444
109388;2026-02-20;C1465;15;19;1;4885,46;0,0;3810,66;PIX;Marketplace;4885,46;3810,66;1074,8;0,22
109389;2026-01-26;C2157;17;15;3;365,51;0,0;219,31;Boleto;Online;1096,53;657,93;438,6;0,4
109390;2026-06-07;C1386;2;7;1;301,11;0,0;201,74;Cartão de débito;Marketplace;301,11;201,74;99,37;0,33
109391;2025-03-02;C0035;2;1;2;331,84;0,0;222,33;Não informado;Online;663,68;444,66;219,02;0,33
109392;2025-03-25;C2290;7;24;3;298,09;0,2;184,82;Cartão de débito;Online;715,42;554,46;160,96;0,225
109393;2025-10-09;C2056;8;23;1;266,83;0,1;146,76;PIX;Online;240,15;146,76;93,39;0,3889
109394;2025-02-26;C1905;17;18;2;498,54;0,1;299,12;PIX;Marketplace;897,37;598,24;299,13;0,3333
109395;2026-01-19;C2382;5;6;1;363,07;0,1;236,0;Boleto;Marketplace;326,76;236,0;90,76;0,2778
109396;2025-10-29;C1705;3;15;3;68,43;0,0;30,79;Cartão de crédito;Marketplace;205,29;92,37;112,92;0,5501
109397;2026-06-08;C1980;9;19;1;357,03;0,15;224,93;Boleto;Online;303,48;224,93;78,55;0,2588
109398;2026-05-28;C1359;1;20;1;694,05;0,05;444,19;Boleto;Marketplace;659,35;444,19;215,16;0,3263
109399;2025-11-23;C0603;11;5;1;1299,63;0,05;883,75;Cartão de crédito;Online;1234,65;883,75;350,9;0,2842
109400;2026-03-14;C2258;9;26;3;512,46;0,05;322,85;PIX;Online;1460,51;968,55;491,96;0,3368
109401;2025-02-23;C1520;14;17;1;3717,98;0,1;2676,95;Cartão de débito;Marketplace;3346,18;2676,95;669,23;0,2
109402;2025-07-06;C1693;7;21;1;786,42;0,05;487,58;Cartão de débito;Marketplace;747,1;487,58;259,52;0,3474
109403;2025-04-23;C1276;2;26;1;538,4;0,0;360,73;Cartão de débito;Marketplace;538,4;360,73;177,67;0,33
109404;2026-06-08;C2040;14;17;1;5898,67;0,15;4247,04;Boleto;Online;5013,87;4247,04;766,83;0,1529
109405;2025-10-04;C1193;11;9;1;787,09;0,0;535,22;PIX;Online;787,09;535,22;251,87;0,32
109406;2026-04-28;C1265;11;2;2;1081,42;0,15;735,37;Boleto;Marketplace;1838,41;1470,74;367,67;0,2
109407;2026-05-17;C0928;13;15;1;330,88;0,05;191,91;Cartão de débito;Online;314,34;191,91;122,43;0,3895
109408;2025-03-23;C2044;12;20;2;1747,3;0,1;1188,16;Boleto;Marketplace;3145,14;2376,32;768,82;0,2444
109409;2025-11-25;C1678;17;1;2;239,59;0,0;143,75;Boleto;Marketplace;479,18;287,5;191,68;0,4
109410;2025-12-16;C1843;13;20;4;272,69;0,1;158,16;Boleto;Online;981,68;632,64;349,04;0,3556
109411;2025-01-20;C0697;12;5;1;2087,91;0,15;1419,78;Boleto;Online;1774,72;1419,78;354,94;0,2
109412;2025-12-06;C0289;10;10;4;390,06;0,0;202,83;Boleto;Online;1560,24;811,32;748,92;0,48
109413;2025-05-14;C1009;11;21;1;1406,65;0,0;956,52;Cartão de crédito;Online;1406,65;956,52;450,13;0,32
109414;2026-02-15;C1173;12;25;1;2169,9;0,1;1475,53;Boleto;Marketplace;1952,91;1475,53;477,38;0,2444
109415;2026-04-11;C1908;2;27;1;992,33;0,1;664,86;Cartão de crédito;Marketplace;893,1;664,86;228,24;0,2556
109416;2025-08-08;C0421;12;20;2;1014,02;0,15;689,53;Cartão de débito;Online;1723,83;1379,06;344,77;0,2
109417;2026-03-16;C1964;17;26;2;782,36;0,0;469,42;Boleto;Marketplace;1564,72;938,84;625,88;0,4
109418;2026-04-04;C2465;2;18;1;938,91;0,1;629,07;Cartão de débito;Online;845,02;629,07;215,95;0,2556
109419;2025-04-16;C1928;3;17;1;83,91;0,1;37,76;Boleto;Online;75,52;37,76;37,76;0,5
109420;2025-02-01;C0104;5;25;1;296,36;0,05;192,63;Cartão de crédito;Marketplace;281,54;192,63;88,91;0,3158
109421;2025-04-06;C1591;3;8;1;58,47;0,2;26,31;Cartão de crédito;Online;46,78;26,31;20,47;0,4376
109422;2026-03-31;C0826;14;17;3;3717,17;0,0;2676,36;PIX;Marketplace;11151,51;8029,08;3122,43;0,28
109423;2025-05-27;C1815;17;14;2;144,31;0,05;86,59;Cartão de débito;Online;274,19;173,18;101,01;0,3684
109424;2026-04-02;C1903;9;8;1;532,28;0,1;335,34;PIX;Marketplace;479,05;335,34;143,71;0,3
109425;2026-03-31;C2121;8;2;1;175,5;0,0;96,53;Cartão de débito;Marketplace;175,5;96,53;78,97;0,45
109426;2026-04-06;C0678;16;20;2;224,29;0,0;123,36;Cartão de crédito;Marketplace;448,58;246,72;201,86;0,45
109427;2025-04-10;C2013;6;24;1;61,14;0,1;30,57;Cartão de crédito;Online;55,03;30,57;24,46;0,4445
109428;2026-03-21;C1059;8;6;1;107,33;0,1;59,03;Boleto;Marketplace;96,6;59,03;37,57;0,3889
109429;2025-03-21;C1875;8;9;2;123,92;0,05;68,16;PIX;Marketplace;235,45;136,32;99,13;0,421
109430;2025-09-11;C2281;10;19;1;204,9;0,05;106,55;Boleto;Marketplace;194,66;106,55;88,11;0,4526
109431;2025-03-10;C0918;11;23;1;1175,78;0,1;799,53;Cartão de crédito;Marketplace;1058,2;799,53;258,67;0,2444
109432;2025-03-30;C1467;13;20;2;80,34;0,1;46,6;Cartão de crédito;Online;144,61;93,2;51,41;0,3555
109433;2025-11-30;C0483;17;21;2;248,27;0,2;148,96;PIX;Marketplace;397,23;297,92;99,31;0,25
109434;2025-06-15;C2236;15;23;1;3070,9;0,2;2395,3;Cartão de crédito;Online;2456,72;2395,3;61,42;0,025
109435;2025-04-14;C0489;8;9;3;234,44;0,1;128,94;Boleto;Online;632,99;386,82;246,17;0,3889
109436;2026-06-25;C0863;2;21;1;1442,91;0,0;966,75;Boleto;Marketplace;1442,91;966,75;476,16;0,33
109437;2025-03-08;C1619;9;9;4;175,35;0,0;110,47;Não informado;Online;701,4;441,88;259,52;0,37
109438;2026-02-04;C2176;8;22;1;192,61;0,1;105,94;Cartão de débito;Marketplace;173,35;105,94;67,41;0,3889
109439;2026-05-20;C0513;5;23;1;838,79;0,1;545,21;Boleto;Marketplace;754,91;545,21;209,7;0,2778
109440;2025-05-10;C0831;4;5;2;1234,33;0,1;864,03;Boleto;Online;2221,79;1728,06;493,73;0,2222
109441;2026-06-08;C2310;14;10;4;4051,04;0,0;2916,75;Boleto;Online;16204,16;11667,0;4537,16;0,28
109442;2025-01-10;C2181;5;15;1;491,47;0,0;319,46;Cartão de débito;Marketplace;491,47;319,46;172,01;0,35
109443;2025-02-15;C1865;5;9;1;329,88;0,15;214,42;Boleto;Online;280,4;214,42;65,98;0,2353
109444;2025-07-20;C1197;16;17;1;506,71;0,1;278,69;PIX;Online;456,04;278,69;177,35;0,3889
109445;2025-10-24;C0483;8;18;1;131,21;0,1;72,17;Cartão de débito;Marketplace;118,09;72,17;45,92;0,3889
109446;2025-06-21;C2311;10;25;1;243,77;0,15;126,76;Cartão de crédito;Online;207,2;126,76;80,44;0,3882
109447;2025-10-14;C2008;13;27;5;468,0;0,1;271,44;Cartão de crédito;Online;2106,0;1357,2;748,8;0,3556
109448;2026-06-06;C0991;1;24;2;450,58;0,0;288,37;Boleto;Marketplace;901,16;576,74;324,42;0,36
109449;2025-09-19;C1391;2;2;1;1275,76;0,1;854,76;Boleto;Marketplace;1148,18;854,76;293,42;0,2556
109450;2025-11-08;C0615;7;5;1;301,74;0,05;187,08;Boleto;Online;286,65;187,08;99,57;0,3474
109451;2025-08-17;C0152;15;18;3;2715,48;0,05;2118,07;Cartão de débito;Marketplace;7739,12;6354,21;1384,91;0,1789
109452;2025-09-14;C0919;10;1;1;141,3;0,1;73,48;PIX;Marketplace;127,17;73,48;53,69;0,4222
109453;2025-06-04;C1818;9;27;1;406,45;0,0;256,06;Cartão de crédito;Marketplace;406,45;256,06;150,39;0,37
109454;2025-04-07;C1138;16;8;2;551,58;0,1;303,37;Cartão de crédito;Online;992,84;606,74;386,1;0,3889
109455;2026-06-02;C0608;10;7;2;179,61;0,2;93,4;Cartão de crédito;Marketplace;287,38;186,8;100,58;0,35
109456;2025-06-02;C0442;8;20;3;267,39;0,1;147,06;Cartão de débito;Online;721,95;441,18;280,77;0,3889
109457;2025-06-01;C1532;4;15;3;1926,24;0,05;1348,37;Cartão de débito;Online;5489,78;4045,11;1444,67;0,2632
109458;2025-10-23;C0244;13;26;1;169,35;0,0;98,22;PIX;Online;169,35;98,22;71,13;0,42
109459;2025-08-29;C0354;3;14;1;28,62;0,1;12,88;PIX;Marketplace;25,76;12,88;12,88;0,5
109460;2026-01-29;C0985;14;2;2;3389,56;0,1;2440,48;PIX;Marketplace;6101,21;4880,96;1220,25;0,2
109461;2025-12-24;C1927;11;25;1;1922,44;0,1;1307,26;Cartão de débito;Marketplace;1730,2;1307,26;422,94;0,2444
109462;2025-12-28;C0868;6;9;5;164,84;0,15;82,42;Boleto;Marketplace;700,57;412,1;288,47;0,4118
109463;2026-05-25;C0870;4;7;5;1362,22;0,0;953,55;Cartão de débito;Marketplace;6811,1;4767,75;2043,35;0,3
109464;2025-01-05;C0474;9;14;2;492,95;0,0;310,56;Cartão de débito;Online;985,9;621,12;364,78;0,37
109465;2025-07-09;C0340;12;5;1;1722,38;0,1;1171,22;Boleto;Marketplace;1550,14;1171,22;378,92;0,2444
109466;2025-05-17;C0017;14;22;1;2547,58;0,2;1834,26;Cartão de débito;Online;2038,06;1834,26;203,8;0,1
109467;2025-06-17;C0427;6;15;1;121,03;0,05;60,52;Cartão de débito;Online;114,98;60,52;54,46;0,4736
109468;2026-05-28;C0303;13;3;2;220,81;0,0;128,07;Cartão de débito;Online;441,62;256,14;185,48;0,42
109469;2026-06-28;C0559;6;22;1;117,42;0,1;58,71;Boleto;Marketplace;105,68;58,71;46,97;0,4445
109470;2026-02-01;C0822;8;22;2;115,07;0,0;63,29;PIX;Marketplace;230,14;126,58;103,56;0,45
109471;2025-02-28;C0225;14;9;1;3480,18;0,05;2505,73;Cartão de débito;Marketplace;3306,17;2505,73;800,44;0,2421
109472;2025-11-08;C0389;13;24;2;103,02;0,05;59,75;Cartão de débito;Online;195,74;119,5;76,24;0,3895
109473;2026-05-10;C0190;4;11;2;1660,02;0,05;1162,01;Cartão de débito;Online;3154,04;2324,02;830,02;0,2632
109474;2025-12-23;C0403;16;8;1;324,11;0,15;178,26;Cartão de débito;Marketplace;275,49;178,26;97,23;0,3529
109475;2025-01-02;C0469;2;3;1;993,39;0,1;665,57;Boleto;Marketplace;894,05;665,57;228,48;0,2556
109476;2025-05-18;C1090;2;17;2;1172,79;0,0;785,77;Boleto;Marketplace;2345,58;1571,54;774,04;0,33
109477;2025-06-04;C0563;15;18;3;2816,07;0,1;2196,53;Cartão de débito;Online;7603,39;6589,59;1013,8;0,1333
109478;2025-05-23;C1419;1;20;1;843,95;0,1;540,13;Cartão de crédito;Online;759,56;540,13;219,43;0,2889
109479;2026-05-05;C0004;13;5;1;237,36;0,2;137,67;Boleto;Marketplace;189,89;137,67;52,22;0,275
109480;2025-05-31;C0344;17;7;1;195,82;0,1;117,49;Cartão de débito;Online;176,24;117,49;58,75;0,3334
109481;2026-06-20;C0195;2;23;1;1201,72;0,1;805,15;PIX;Marketplace;1081,55;805,15;276,4;0,2556
109482;2026-04-11;C1218;2;6;2;403,63;0,0;270,43;Cartão de crédito;Marketplace;807,26;540,86;266,4;0,33
109483;2026-06-29;C1061;1;27;1;961,27;0,2;615,21;Cartão de débito;Online;769,02;615,21;153,81;0,2
109484;2025-03-21;C0332;11;1;1;1448,25;0,0;984,81;Cartão de crédito;Online;1448,25;984,81;463,44;0,32
109485;2026-01-06;C0678;2;6;1;954,39;0,0;639,44;PIX;Marketplace;954,39;639,44;314,95;0,33
109486;2025-08-07;C0703;1;17;1;352,44;0,1;225,56;Cartão de crédito;Online;317,2;225,56;91,64;0,2889
109487;2026-05-22;C0607;15;5;2;1951,46;0,05;1522,14;Cartão de crédito;Online;3707,77;3044,28;663,49;0,1789
109488;2025-02-13;C1877;17;9;2;206,91;0,05;124,15;PIX;Marketplace;393,13;248,3;144,83;0,3684
109489;2026-04-18;C0451;10;19;1;288,55;0,1;150,05;Boleto;Marketplace;259,7;150,05;109,65;0,4222
109490;2025-08-19;C0138;9;26;1;169,87;0,0;107,02;Boleto;Marketplace;169,87;107,02;62,85;0,37
109491;2025-06-24;C1792;1;9;1;463,59;0,05;296,7;PIX;Online;440,41;296,7;143,71;0,3263
109492;2026-06-17;C1539;13;18;1;486,06;0,0;281,91;Boleto;Marketplace;486,06;281,91;204,15;0,42
109493;2025-01-29;C1383;1;27;2;654,07;0,0;418,6;Cartão de débito;Online;1308,14;837,2;470,94;0,36
109494;2025-08-14;C0262;1;1;1;647,04;0,0;414,11;PIX;Online;647,04;414,11;232,93;0,36
109495;2025-11-21;C1065;5;10;1;286,83;0,1;186,44;PIX;Marketplace;258,15;186,44;71,71;0,2778
109496;2026-05-26;C2242;4;20;1;1255,53;0,1;878,87;Cartão de crédito;Marketplace;1129,98;878,87;251,11;0,2222
109497;2025-01-27;C1982;11;13;1;1907,4;0,05;1297,03;Boleto;Online;1812,03;1297,03;515,0;0,2842
109498;2025-07-19;C2189;1;11;2;353,26;0,15;226,09;Cartão de crédito;Marketplace;600,54;452,18;148,36;0,247
109499;2025-01-06;C1121;11;2;2;1916,71;0,05;1303,36;Cartão de crédito;Online;3641,75;2606,72;1035,03;0,2842
109500;2026-03-13;C0741;4;10;3;1859,21;0,0;1301,45;PIX;Marketplace;5577,63;3904,35;1673,28;0,3
109501;2025-03-30;C1977;8;14;2;276,1;0,0;151,86;PIX;Online;552,2;303,72;248,48;0,45
109502;2026-02-24;C1871;2;23;1;1394,37;0,1;934,23;Boleto;Marketplace;1254,93;934,23;320,7;0,2556
109503;2025-04-21;C0167;16;3;5;191,88;0,0;105,53;Boleto;Online;959,4;527,65;431,75;0,45
109504;2025-04-03;C1745;9;25;3;432,35;0,0;272,38;PIX;Marketplace;1297,05;817,14;479,91;0,37
109505;2026-01-30;C0179;1;4;2;915,71;0,0;586,05;Cartão de crédito;Online;1831,42;1172,1;659,32;0,36
109506;2025-04-20;C2237;15;11;3;2193,17;0,15;1710,67;Boleto;Online;5592,58;5132,01;460,57;0,0824
109507;2026-03-13;C1019;3;26;1;90,87;0,1;40,89;Boleto;Online;81,78;40,89;40,89;0,5
109508;2025-07-02;C1272;6;3;1;168,12;0,1;84,06;Cartão de débito;Online;151,31;84,06;67,25;0,4445
109509;2026-06-30;C0841;8;12;2;217,78;0,15;119,78;Cartão de crédito;Marketplace;370,23;239,56;130,67;0,3529
109510;2025-07-05;C0828;7;13;2;714,22;0,1;442,82;Cartão de crédito;Marketplace;1285,6;885,64;399,96;0,3111
109511;2025-08-18;C0664;11;15;1;1488,85;0,05;1012,42;PIX;Online;1414,41;1012,42;401,99;0,2842
109512;2026-04-22;C0374;5;7;3;275,42;0,1;179,02;Boleto;Online;743,63;537,06;206,57;0,2778
109513;2026-04-30;C1752;9;10;1;271,71;0,05;171,18;Cartão de débito;Marketplace;258,12;171,18;86,94;0,3368
109514;2025-12-31;C1798;8;3;1;152,0;0,0;83,6;PIX;Marketplace;152,0;83,6;68,4;0,45
109515;2026-01-05;C1428;4;23;1;2363,15;0,05;1654,2;Cartão de débito;Online;2244,99;1654,2;590,79;0,2632
109516;2025-04-11;C1127;3;8;2;74,06;0,2;33,33;Boleto;Marketplace;118,5;66,66;51,84;0,4375
109517;2025-12-20;C1923;5;18;1;276,01;0,0;179,41;Boleto;Online;276,01;179,41;96,6;0,35
109518;2025-05-23;C0226;8;15;3;290,09;0,05;159,55;PIX;Marketplace;826,76;478,65;348,11;0,4211
109519;2026-04-26;C0705;10;9;1;164,58;0,0;85,58;Cartão de débito;Marketplace;164,58;85,58;79,0;0,48
109520;2026-04-09;C1489;17;7;3;212,29;0,0;127,37;Boleto;Online;636,87;382,11;254,76;0,4
109521;2026-02-26;C2405;13;4;1;494,87;0,0;287,02;PIX;Online;494,87;287,02;207,85;0,42
109522;2025-08-10;C1935;3;9;1;42,74;0,1;19,23;Cartão de débito;Online;38,47;19,23;19,24;0,5001
109523;2025-12-08;C1675;13;21;1;186,12;0,05;107,95;Cartão de débito;Marketplace;176,81;107,95;68,86;0,3895
109524;2026-05-28;C0631;10;3;1;167,51;0,2;87,11;Cartão de débito;Marketplace;134,01;87,11;46,9;0,35
109525;2025-07-23;C1967;2;8;3;1181,4;0,05;791,54;Cartão de crédito;Marketplace;3366,99;2374,62;992,37;0,2947
109526;2025-01-02;C2056;6;3;2;167,8;0,1;83,9;PIX;Marketplace;302,04;167,8;134,24;0,4444
109527;2026-01-28;C0663;10;13;1;253,95;0,0;132,05;Boleto;Online;253,95;132,05;121,9;0,48
109528;2025-06-01;C0744;4;12;1;2488,27;0,15;1741,79;Cartão de débito;Online;2115,03;1741,79;373,24;0,1765
109529;2026-01-04;C0771;8;27;1;98,1;0,0;53,95;Boleto;Marketplace;98,1;53,95;44,15;0,4501
109530;2026-04-26;C1730;5;6;1;1073,09;0,1;697,51;Cartão de crédito;Online;965,78;697,51;268,27;0,2778
109531;2025-04-30;C0696;2;25;3;977,75;0,1;655,09;Cartão de crédito;Online;2639,92;1965,27;674,65;0,2556
109532;2025-07-16;C0359;2;7;2;481,53;0,1;322,63;Cartão de débito;Online;866,75;645,26;221,49;0,2555
109533;2026-04-11;C1029;15;3;2;3477,0;0,05;2712,06;Boleto;Marketplace;6606,3;5424,12;1182,18;0,1789
109534;2025-05-09;C0398;5;9;1;309,67;0,05;201,29;Boleto;Online;294,19;201,29;92,9;0,3158
109535;2025-03-03;C0297;14;13;1;4597,62;0,05;3310,29;Cartão de débito;Online;4367,74;3310,29;1057,45;0,2421
109536;2025-11-08;C1081;14;17;1;4219,73;0,0;3038,21;PIX;Online;4219,73;3038,21;1181,52;0,28
109537;2026-02-18;C0293;2;17;2;1415,28;0,0;948,24;Cartão de crédito;Marketplace;2830,56;1896,48;934,08;0,33
109538;2025-03-21;C1641;15;4;1;4213,22;0,1;3286,31;Boleto;Marketplace;3791,9;3286,31;505,59;0,1333
109539;2025-02-14;C1621;4;20;1;1365,04;0,2;955,53;Cartão de crédito;Online;1092,03;955,53;136,5;0,125
109540;2026-04-19;C1559;3;7;3;65,7;0,05;29,57;Cartão de crédito;Online;187,24;88,71;98,53;0,5262
109541;2025-07-20;C2494;14;10;3;5544,53;0,0;3992,06;Cartão de débito;Marketplace;16633,59;11976,18;4657,41;0,28
109542;2026-02-24;C1969;5;4;1;390,38;0,1;253,75;PIX;Online;351,34;253,75;97,59;0,2778
109543;2026-04-11;C1037;2;16;2;421,41;0,15;282,34;Cartão de débito;Online;716,4;564,68;151,72;0,2118
109544;2025-09-02;C2393;3;17;1;78,23;0,0;35,2;Cartão de crédito;Online;78,23;35,2;43,03;0,55
109545;2025-11-21;C2377;10;2;1;369,78;0,15;192,29;Cartão de crédito;Online;314,31;192,29;122,02;0,3882
109546;2025-12-21;C1064;4;16;2;1372,38;0,05;960,67;PIX;Marketplace;2607,52;1921,34;686,18;0,2632
109547;2025-01-04;C1936;17;24;3;522,32;0,1;313,39;Cartão de débito;Marketplace;1410,26;940,17;470,09;0,3333
109548;2025-11-25;C0488;4;3;1;830,68;0,1;581,48;PIX;Marketplace;747,61;581,48;166,13;0,2222
109549;2025-06-20;C2021;14;12;2;4610,13;0,1;3319,29;Cartão de débito;Online;8298,23;6638,58;1659,65;0,2
109550;2026-04-12;C1559;9;12;1;368,58;0,1;232,21;Cartão de débito;Marketplace;331,72;232,21;99,51;0,3
109551;2025-01-16;C0811;7;21;3;634,23;0,0;393,22;PIX;Marketplace;1902,69;1179,66;723,03;0,38
109552;2026-03-31;C1428;17;10;2;224,52;0,2;134,71;Cartão de débito;Marketplace;359,23;269,42;89,81;0,25
109553;2026-06-19;C1312;6;18;2;227,54;0,1;113,77;Cartão de crédito;Marketplace;409,57;227,54;182,03;0,4444
109554;2026-04-11;C0615;16;10;3;156,08;0,15;85,84;Cartão de crédito;Online;398,0;257,52;140,48;0,353
109555;2026-03-10;C1021;9;13;4;481,92;0,05;303,61;Cartão de crédito;Marketplace;1831,3;1214,44;616,86;0,3368
109556;2025-03-20;C1784;8;3;1;222,17;0,15;122,19;Cartão de débito;Online;188,84;122,19;66,65;0,3529
109557;2026-06-25;C1589;15;21;1;3837,5;0,05;2993,25;Cartão de crédito;Online;3645,62;2993,25;652,37;0,1789
109558;2025-02-21;C0799;6;23;2;182,58;0,0;91,29;Cartão de crédito;Marketplace;365,16;182,58;182,58;0,5
109559;2026-02-19;C1378;16;13;2;499,79;0,0;274,88;PIX;Online;999,58;549,76;449,82;0,45
109560;2026-06-23;C0349;5;2;1;222,97;0,05;144,93;Cartão de débito;Online;211,82;144,93;66,89;0,3158
109561;2026-01-11;C2225;13;18;1;263,15;0,1;152,63;Cartão de débito;Online;236,83;152,63;84,2;0,3555
109562;2026-05-20;C2385;8;15;2;138,1;0,2;75,95;PIX;Marketplace;220,96;151,9;69,06;0,3125
109563;2025-06-06;C0539;7;13;1;837,73;0,1;519,39;Boleto;Marketplace;753,96;519,39;234,57;0,3111
109564;2025-06-13;C0580;9;12;1;448,87;0,0;282,79;Cartão de débito;Marketplace;448,87;282,79;166,08;0,37
109565;2025-12-24;C0491;8;14;1;221,57;0,1;121,86;Boleto;Online;199,41;121,86;77,55;0,3889
109566;2026-04-29;C0682;13;11;2;117,23;0,15;67,99;Cartão de débito;Online;199,29;135,98;63,31;0,3177
109567;2026-06-04;C0129;10;1;1;172,3;0,05;89,6;Cartão de débito;Marketplace;163,68;89,6;74,08;0,4526
109568;2025-01-18;C1623;4;3;2;1358,17;0,2;950,72;PIX;Marketplace;2173,07;1901,44;271,63;0,125
109569;2026-05-10;C2411;12;26;1;2085,6;0,1;1418,21;PIX;Marketplace;1877,04;1418,21;458,83;0,2444
109570;2025-05-04;C0947;17;14;3;704,03;0,1;422,42;Cartão de débito;Online;1900,88;1267,26;633,62;0,3333
109571;2026-03-11;C1686;4;24;1;1151,93;0,05;806,35;Cartão de crédito;Marketplace;1094,33;806,35;287,98;0,2632
109572;2025-10-21;C1154;6;18;1;245,03;0,0;122,52;Cartão de crédito;Online;245,03;122,52;122,51;0,5
109573;2025-07-23;C0702;5;23;1;689,61;0,1;448,25;Boleto;Online;620,65;448,25;172,4;0,2778
109574;2025-02-11;C0712;2;17;2;1344,01;0,0;900,49;Boleto;Marketplace;2688,02;1800,98;887,04;0,33
109575;2025-04-01;C0237;17;9;1;277,4;0,05;166,44;Cartão de débito;Online;263,53;166,44;97,09;0,3684
109576;2025-06-22;C1823;17;25;1;373,96;0,1;224,38;PIX;Marketplace;336,56;224,38;112,18;0,3333
109577;2025-09-13;C0733;7;3;1;520,59;0,0;322,77;Cartão de crédito;Online;520,59;322,77;197,82;0,38
109578;2025-07-14;C0002;7;4;2;853,67;0,1;529,28;Cartão de crédito;Online;1536,61;1058,56;478,05;0,3111
109579;2026-02-17;C0119;15;18;4;3960,02;0,05;3088,82;Cartão de crédito;Marketplace;15048,08;12355,28;2692,8;0,1789
109580;2025-10-11;C0722;9;9;1;537,91;0,05;338,88;Cartão de crédito;Online;511,01;338,88;172,13;0,3368
109581;2025-11-29;C0719;7;15;1;552,16;0,15;342,34;Cartão de débito;Online;469,34;342,34;127,0;0,2706
109582;2025-07-03;C1749;8;15;2;289,97;0,1;159,48;PIX;Marketplace;521,95;318,96;202,99;0,3889
109583;2025-03-31;C2376;8;16;4;284,41;0,0;156,43;PIX;Marketplace;1137,64;625,72;511,92;0,45
109584;2026-03-30;C0262;17;4;4;346,56;0,0;207,94;Cartão de débito;Marketplace;1386,24;831,76;554,48;0,4
109585;2025-01-28;C2004;15;5;2;1761,42;0,0;1373,91;PIX;Online;3522,84;2747,82;775,02;0,22
109586;2025-05-23;C1689;8;12;2;161,14;0,2;88,63;Cartão de crédito;Online;257,82;177,26;80,56;0,3125
109587;2025-01-15;C1365;7;16;1;310,36;0,15;192,42;PIX;Online;263,81;192,42;71,39;0,2706
109588;2026-06-21;C0734;2;18;2;826,72;0,1;553,9;Cartão de débito;Online;1488,1;1107,8;380,3;0,2556
109589;2025-07-30;C2305;10;25;1;272,31;0,0;141,6;Cartão de débito;Online;272,31;141,6;130,71;0,48
109590;2025-02-14;C0322;14;13;1;4094,94;0,05;2948,36;Cartão de débito;Online;3890,19;2948,36;941,83;0,2421
109591;2025-12-04;C1661;12;23;1;2436,18;0,1;1656,6;Cartão de crédito;Marketplace;2192,56;1656,6;535,96;0,2444
109592;2025-12-06;C0513;16;1;1;469,79;0,0;258,38;PIX;Online;469,79;258,38;211,41;0,45
109593;2025-07-18;C1286;9;4;1;311,27;0,0;196,1;Boleto;Marketplace;311,27;196,1;115,17;0,37
109594;2025-11-22;C0993;15;22;2;3900,15;0,0;3042,12;PIX;Online;7800,3;6084,24;1716,06;0,22
109595;2025-09-18;C2368;9;14;2;350,84;0,0;221,03;Cartão de débito;Marketplace;701,68;442,06;259,62;0,37
109596;2026-06-27;C1856;12;13;5;1929,07;0,15;1311,77;Cartão de crédito;Marketplace;8198,55;6558,85;1639,7;0,2
109597;2026-06-16;C1680;15;15;1;2833,25;0,05;2209,93;Boleto;Marketplace;2691,59;2209,93;481,66;0,1789
109598;2025-02-27;C0100;6;5;5;183,46;0,0;91,73;Cartão de crédito;Marketplace;917,3;458,65;458,65;0,5
109599;2025-07-11;C0451;5;20;3;912,47;0,05;593,11;Cartão de débito;Marketplace;2600,54;1779,33;821,21;0,3158
109600;2025-10-27;C0002;14;15;2;2953,67;0,0;2126,64;Cartão de crédito;Marketplace;5907,34;4253,28;1654,06;0,28
109601;2025-11-01;C2333;15;5;1;4246,07;0,0;3311,93;Cartão de crédito;Marketplace;4246,07;3311,93;934,14;0,22
109602;2025-09-03;C2058;1;11;2;307,78;0,2;196,98;PIX;Online;492,45;393,96;98,49;0,2
109603;2025-07-11;C1801;13;21;2;164,27;0,1;95,28;PIX;Marketplace;295,69;190,56;105,13;0,3555
109604;2026-03-02;C1910;11;6;3;1543,94;0,15;1049,88;Cartão de débito;Marketplace;3937,05;3149,64;787,41;0,2
109605;2025-06-10;C0738;5;21;3;905,48;0,0;588,56;PIX;Marketplace;2716,44;1765,68;950,76;0,35
109606;2026-05-05;C2099;3;1;3;29,94;0,1;13,47;Cartão de débito;Online;80,84;40,41;40,43;0,5001
109607;2026-02-12;C1508;13;9;1;488,17;0,0;283,14;Boleto;Online;488,17;283,14;205,03;0,42
109608;2026-05-22;C1866;9;12;1;267,31;0,05;168,41;Boleto;Marketplace;253,94;168,41;85,53;0,3368
109609;2026-01-24;C0722;1;14;1;634,29;0,1;405,95;Cartão de crédito;Online;570,86;405,95;164,91;0,2889
109610;2025-07-10;C1013;2;5;1;1189,82;0,0;797,18;Boleto;Online;1189,82;797,18;392,64;0,33
109611;2025-03-03;C0958;16;22;2;299,82;0,0;164,9;Cartão de crédito;Marketplace;599,64;329,8;269,84;0,45
109612;2025-01-03;C0744;6;12;1;218,49;0,0;109,25;Boleto;Online;218,49;109,25;109,24;0,5
109613;2026-03-14;C2491;10;11;1;221,16;0,05;115,0;Cartão de crédito;Online;210,1;115,0;95,1;0,4526
109614;2025-09-30;C1364;3;18;1;77,19;0,0;34,74;Cartão de crédito;Marketplace;77,19;34,74;42,45;0,5499
109615;2025-01-01;C0631;9;16;1;190,02;0,0;119,71;Cartão de débito;Online;190,02;119,71;70,31;0,37
109616;2025-12-27;C2347;1;26;1;685,21;0,05;438,53;Cartão de débito;Online;650,95;438,53;212,42;0,3263
109617;2025-12-24;C0248;12;19;5;1276,73;0,0;868,18;Cartão de débito;Online;6383,65;4340,9;2042,75;0,32
109618;2025-10-20;C1708;9;15;2;330,02;0,15;207,91;PIX;Online;561,03;415,82;145,21;0,2588
109619;2026-02-10;C1377;16;24;1;276,7;0,15;152,19;Cartão de crédito;Online;235,2;152,19;83,01;0,3529
109620;2025-12-14;C1211;4;13;3;1543,84;0,0;1080,69;Não informado;Online;4631,52;3242,07;1389,45;0,3
109621;2025-08-16;C0742;6;14;2;249,94;0,0;124,97;Cartão de crédito;Online;499,88;249,94;249,94;0,5
109622;2026-05-29;C1275;12;21;3;2255,77;0,0;1533,92;Boleto;Marketplace;6767,31;4601,76;2165,55;0,32
109623;2025-01-10;C0712;15;16;1;4268,43;0,15;3329,38;Cartão de débito;Marketplace;3628,17;3329,38;298,79;0,0824
109624;2026-06-23;C1087;15;1;1;2071,1;0,15;1615,46;Cartão de crédito;Marketplace;1760,44;1615,46;144,98;0,0824
109625;2025-04-24;C1195;6;9;1;96,46;0,1;48,23;Cartão de débito;Online;86,81;48,23;38,58;0,4444
109626;2025-06-23;C1146;11;17;2;784,89;0,05;533,73;Cartão de débito;Marketplace;1491,29;1067,46;423,83;0,2842
109627;2026-03-31;C0806;3;3;1;38,61;0,05;17,37;Boleto;Online;36,68;17,37;19,31;0,5264
109628;2025-02-28;C1585;12;13;1;1251,8;0,1;851,22;Boleto;Marketplace;1126,62;851,22;275,4;0,2444
109629;2025-06-16;C1543;3;18;1;71,38;0,05;32,12;Não informado;Marketplace;67,81;32,12;35,69;0,5263
109630;2025-06-16;C1144;6;6;1;212,84;0,05;106,42;PIX;Marketplace;202,2;106,42;95,78;0,4737
109631;2026-03-31;C0704;1;7;1;407,77;0,15;260,97;Cartão de débito;Marketplace;346,6;260,97;85,63;0,2471
109632;2025-06-09;C2205;11;14;1;1921,35;0,05;1306,52;Boleto;Online;1825,28;1306,52;518,76;0,2842
109633;2026-06-21;C0377;6;21;1;113,03;0,1;56,52;Cartão de débito;Online;101,73;56,52;45,21;0,4444
109634;2025-07-30;C1482;3;19;1;97,39;0,05;43,83;Boleto;Marketplace;92,52;43,83;48,69;0,5263
109635;2025-07-16;C1075;9;11;2;548,17;0,05;345,35;Boleto;Online;1041,52;690,7;350,82;0,3368
109636;2025-07-30;C2350;6;18;1;68,36;0,15;34,18;Cartão de crédito;Online;58,11;34,18;23,93;0,4118
109637;2025-04-23;C2296;14;14;2;5342,03;0,0;3846,26;Cartão de crédito;Marketplace;10684,06;7692,52;2991,54;0,28
109638;2025-01-16;C1703;13;16;1;288,06;0,1;167,07;Cartão de débito;Marketplace;259,25;167,07;92,18;0,3556
109639;2025-02-02;C1037;2;24;3;1479,89;0,05;991,53;Cartão de crédito;Marketplace;4217,69;2974,59;1243,1;0,2947
109640;2025-06-30;C0245;3;3;1;88,71;0,05;39,92;Cartão de débito;Marketplace;84,27;39,92;44,35;0,5263
109641;2025-09-22;C1016;10;13;2;115,65;0,0;60,14;Cartão de débito;Marketplace;231,3;120,28;111,02;0,48
109642;2025-05-03;C2372;4;27;4;1897,49;0,1;1328,24;Boleto;Online;6830,96;5312,96;1518,0;0,2222
109643;2026-06-26;C1343;2;17;2;1009,1;0,05;676,1;Boleto;Online;1917,29;1352,2;565,09;0,2947
109644;2025-04-18;C2492;16;17;3;316,4;0,05;174,02;Cartão de crédito;Marketplace;901,74;522,06;379,68;0,4211
109645;2026-04-02;C2033;6;1;3;102,99;0,1;51,49;Cartão de crédito;Online;278,07;154,47;123,6;0,4445
109646;2025-10-29;C2044;6;12;1;168,51;0,1;84,25;PIX;Marketplace;151,66;84,25;67,41;0,4445
109647;2026-02-20;C0480;15;24;1;1319,85;0,1;1029,48;Boleto;Marketplace;1187,86;1029,48;158,38;0,1333
109648;2025-01-16;C2418;1;3;3;377,93;0,1;241,88;PIX;Marketplace;1020,41;725,64;294,77;0,2889
109649;2025-01-11;C1208;1;8;1;431,44;0,0;276,12;Cartão de débito;Marketplace;431,44;276,12;155,32;0,36
109650;2026-05-14;C1285;5;17;3;1058,02;0,0;687,71;Boleto;Marketplace;3174,06;2063,13;1110,93;0,35
109651;2025-11-04;C0598;4;20;1;1707,76;0,05;1195,43;PIX;Marketplace;1622,37;1195,43;426,94;0,2632
109652;2026-03-26;C0149;12;19;1;904,01;0,05;614,73;PIX;Marketplace;858,81;614,73;244,08;0,2842
109653;2025-03-15;C0107;7;3;1;150,31;0,1;93,19;Cartão de crédito;Marketplace;135,28;93,19;42,09;0,3111
109654;2025-10-22;C1255;8;10;1;233,81;0,1;128,6;Cartão de débito;Marketplace;210,43;128,6;81,83;0,3889
109655;2025-05-11;C1212;6;13;1;154,08;0,05;77,04;Cartão de débito;Online;146,38;77,04;69,34;0,4737
109656;2025-12-09;C0573;5;16;3;453,51;0,0;294,78;Boleto;Online;1360,53;884,34;476,19;0,35
109657;2025-03-10;C1972;7;23;3;486,46;0,0;301,61;Cartão de débito;Marketplace;1459,38;904,83;554,55;0,38
109658;2026-04-08;C2427;8;24;1;293,6;0,05;161,48;Cartão de débito;Online;278,92;161,48;117,44;0,4211
109659;2026-01-09;C2080;16;19;2;180,9;0,1;99,5;Boleto;Marketplace;325,62;199,0;126,62;0,3889
109660;2025-09-30;C1515;17;15;1;499,46;0,15;299,68;Cartão de débito;Marketplace;424,54;299,68;124,86;0,2941
109661;2025-01-10;C1367;10;8;1;387,01;0,1;201,25;PIX;Online;348,31;201,25;147,06;0,4222
109662;2026-02-26;C0444;1;6;1;828,55;0,0;530,27;Cartão de débito;Marketplace;828,55;530,27;298,28;0,36
109663;2025-03-26;C0608;11;20;3;1669,31;0,0;1135,13;PIX;Marketplace;5007,93;3405,39;1602,54;0,32
109664;2025-07-22;C0789;2;4;1;584,63;0,05;391,7;Cartão de débito;Online;555,4;391,7;163,7;0,2947
109665;2026-05-23;C1959;12;27;1;2133,93;0,1;1451,07;PIX;Online;1920,54;1451,07;469,47;0,2444
109666;2025-09-10;C1322;10;6;1;89,28;0,05;46,43;Cartão de crédito;Marketplace;84,82;46,43;38,39;0,4526
109667;2025-09-17;C2286;11;11;1;1583,68;0,05;1076,9;Boleto;Marketplace;1504,5;1076,9;427,6;0,2842
109668;2025-03-31;C0583;11;9;1;610,19;0,2;414,93;PIX;Online;488,15;414,93;73,22;0,15
109669;2026-02-02;C1661;8;6;1;234,68;0,05;129,07;Cartão de crédito;Marketplace;222,95;129,07;93,88;0,4211
109670;2025-11-09;C0899;7;20;1;875,65;0,0;542,9;Cartão de crédito;Marketplace;875,65;542,9;332,75;0,38
109671;2025-03-05;C0716;5;1;1;1013,5;0,15;658,77;Boleto;Online;861,48;658,77;202,71;0,2353
109672;2025-02-27;C1581;9;3;4;541,38;0,1;341,07;Cartão de débito;Marketplace;1948,97;1364,28;584,69;0,3
109673;2026-03-11;C0272;10;15;1;171,72;0,1;89,29;Cartão de débito;Marketplace;154,55;89,29;65,26;0,4223
109674;2026-04-18;C2332;16;3;1;585,86;0,05;322,22;Boleto;Marketplace;556,57;322,22;234,35;0,4211
109675;2025-08-01;C0946;9;14;1;199,72;0,0;125,82;PIX;Marketplace;199,72;125,82;73,9;0,37
109676;2025-01-24;C0085;14;24;1;3285,61;0,05;2365,64;Cartão de débito;Marketplace;3121,33;2365,64;755,69;0,2421
109677;2025-11-11;C0297;17;4;2;602,68;0,1;361,61;Cartão de débito;Marketplace;1084,82;723,22;361,6;0,3333
109678;2026-05-21;C2194;14;4;2;3158,3;0,0;2273,98;Cartão de débito;Marketplace;6316,6;4547,96;1768,64;0,28
109679;2025-07-06;C0052;14;27;1;5030,08;0,1;3621,66;Cartão de débito;Online;4527,07;3621,66;905,41;0,2
109680;2026-06-26;C0431;3;20;1;67,77;0,1;30,5;Boleto;Online;60,99;30,5;30,49;0,4999
109681;2026-06-24;C1004;9;22;2;267,5;0,05;168,53;Boleto;Marketplace;508,25;337,06;171,19;0,3368
109682;2026-06-03;C0265;5;17;3;766,87;0,05;498,47;Boleto;Online;2185,58;1495,41;690,17;0,3158
109683;2025-10-07;C2420;13;12;1;133,44;0,0;77,4;Cartão de crédito;Online;133,44;77,4;56,04;0,42
109684;2026-01-26;C2191;11;19;1;1081,07;0,15;735,13;Boleto;Marketplace;918,91;735,13;183,78;0,2
109685;2025-02-12;C0473;12;13;2;742,91;0,0;505,18;Boleto;Online;1485,82;1010,36;475,46;0,32
109686;2025-06-14;C0252;5;14;2;1022,5;0,1;664,62;Boleto;Online;1840,5;1329,24;511,26;0,2778
109687;2026-03-13;C1966;9;19;2;149,56;0,0;94,22;Cartão de débito;Marketplace;299,12;188,44;110,68;0,37
109688;2025-09-12;C0581;15;24;1;4712,49;0,1;3675,74;PIX;Online;4241,24;3675,74;565,5;0,1333
109689;2025-11-06;C0928;6;24;2;135,39;0,1;67,69;Cartão de débito;Online;243,7;135,38;108,32;0,4445
109690;2026-05-09;C0237;15;10;2;4841,74;0,0;3776,56;Boleto;Online;9683,48;7553,12;2130,36;0,22
109691;2026-05-10;C2310;2;4;2;989,51;0,0;662,97;Boleto;Marketplace;1979,02;1325,94;653,08;0,33
109692;2026-06-19;C1798;13;5;2;101,68;0,1;58,97;Cartão de débito;Marketplace;183,02;117,94;65,08;0,3556
109693;2026-01-30;C1698;6;21;1;62,14;0,05;31,07;Boleto;Online;59,03;31,07;27,96;0,4737
109694;2025-10-01;C1918;17;19;3;689,79;0,0;413,87;PIX;Marketplace;2069,37;1241,61;827,76;0,4
109695;2025-04-16;C2358;15;23;1;2636,14;0,05;2056,19;Cartão de débito;Online;2504,33;2056,19;448,14;0,1789
109696;2026-03-27;C1854;16;6;2;409,7;0,1;225,34;PIX;Marketplace;737,46;450,68;286,78;0,3889
109697;2025-12-30;C1734;4;16;1;773,56;0,0;541,49;Cartão de débito;Marketplace;773,56;541,49;232,07;0,3
109698;2025-05-08;C2304;8;13;2;223,22;0,0;122,77;Boleto;Marketplace;446,44;245,54;200,9;0,45
109699;2025-01-17;C0261;12;2;3;1191,83;0,0;810,44;PIX;Online;3575,49;2431,32;1144,17;0,32
109700;2026-01-14;C1654;1;2;1;597,06;0,0;382,12;PIX;Online;597,06;382,12;214,94;0,36
109701;2026-05-20;C0868;4;23;1;824,56;0,0;577,19;Boleto;Online;824,56;577,19;247,37;0,3
109702;2025-05-07;C1824;6;11;2;74,34;0,15;37,17;Cartão de crédito;Online;126,38;74,34;52,04;0,4118
109703;2026-02-15;C2090;12;18;1;1089,42;0,1;740,81;PIX;Marketplace;980,48;740,81;239,67;0,2444
109704;2025-09-08;C2020;17;18;1;480,39;0,05;288,23;PIX;Online;456,37;288,23;168,14;0,3684
109705;2025-05-22;C1223;12;10;4;978,62;0,0;665,46;Cartão de crédito;Marketplace;3914,48;2661,84;1252,64;0,32
109706;2025-04-12;C1022;15;19;2;1189,94;0,15;928,15;Cartão de crédito;Online;2022,9;1856,3;166,6;0,0824
109707;2026-04-23;C0614;8;19;4;291,8;0,1;160,49;Boleto;Marketplace;1050,48;641,96;408,52;0,3889
109708;2025-05-13;C1696;7;13;4;809,2;0,0;501,7;PIX;Online;3236,8;2006,8;1230,0;0,38
109709;2025-04-20;C0005;12;8;3;814,1;0,1;553,59;Cartão de débito;Online;2198,07;1660,77;537,3;0,2444
109710;2025-02-11;C1845;2;14;1;580,5;0,0;388,94;Boleto;Online;580,5;388,94;191,56;0,33
109711;2026-05-19;C1287;7;17;2;817,86;0,0;507,07;PIX;Marketplace;1635,72;1014,14;621,58;0,38
109712;2025-11-30;C1406;1;25;3;925,6;0,05;592,38;Boleto;Online;2637,96;1777,14;860,82;0,3263
109713;2025-08-29;C2137;7;12;3;469,95;0,0;291,37;Boleto;Marketplace;1409,85;874,11;535,74;0,38
109714;2025-06-08;C1150;13;15;1;443,03;0,1;256,96;Cartão de débito;Marketplace;398,73;256,96;141,77;0,3556
109715;2026-04-23;C1483;8;8;1;289,6;0,0;159,28;Cartão de crédito;Online;289,6;159,28;130,32;0,45
109716;2025-08-22;C1374;8;21;2;93,88;0,05;51,63;Cartão de crédito;Online;178,37;103,26;75,11;0,4211
109717;2026-05-12;C1513;9;26;1;526,0;0,1;331,38;Boleto;Marketplace;473,4;331,38;142,02;0,3
109718;2025-07-09;C0280;12;15;1;2334,0;0,0;1587,12;PIX;Online;2334,0;1587,12;746,88;0,32
109719;2025-10-07;C2265;15;14;2;1560,89;0,1;1217,49;Boleto;Online;2809,6;2434,98;374,62;0,1333
109720;2025-10-03;C1366;17;19;2;408,63;0,0;245,18;Boleto;Online;817,26;490,36;326,9;0,4
109721;2026-05-23;C2277;10;2;1;203,73;0,15;105,94;Cartão de crédito;Marketplace;173,17;105,94;67,23;0,3882
109722;2026-06-17;C1865;10;4;2;310,41;0,1;161,41;Boleto;Online;558,74;322,82;235,92;0,4222
109723;2025-06-25;C1319;12;7;2;2329,83;0,0;1584,28;Cartão de crédito;Online;4659,66;3168,56;1491,1;0,32
109724;2025-09-30;C0905;11;21;1;1711,59;0,1;1163,88;Cartão de crédito;Marketplace;1540,43;1163,88;376,55;0,2444
109725;2025-09-28;C2305;12;14;1;2261,12;0,0;1537,56;Boleto;Marketplace;2261,12;1537,56;723,56;0,32
109726;2025-01-21;C1659;10;24;1;384,61;0,0;200,0;Boleto;Marketplace;384,61;200,0;184,61;0,48
109727;2025-07-26;C2114;10;4;1;145,29;0,0;75,55;Boleto;Marketplace;145,29;75,55;69,74;0,48
109728;2026-04-14;C2066;6;14;1;140,51;0,05;70,25;PIX;Online;133,48;70,25;63,23;0,4737
109729;2025-07-29;C0379;17;10;1;442,16;0,05;265,3;Cartão de débito;Marketplace;420,05;265,3;154,75;0,3684
109730;2026-06-22;C0891;2;3;2;881,31;0,1;590,48;Boleto;Online;1586,36;1180,96;405,4;0,2556
109731;2025-07-29;C2413;17;10;1;290,24;0,0;174,14;PIX;Online;290,24;174,14;116,1;0,4
109732;2025-07-09;C1329;16;11;4;598,37;0,1;329,1;Cartão de crédito;Marketplace;2154,13;1316,4;837,73;0,3889
109733;2026-02-15;C2447;6;13;1;231,69;0,0;115,84;Boleto;Online;231,69;115,84;115,85;0,5
109734;2025-01-29;C1491;10;15;1;104,57;0,1;54,38;Não informado;Marketplace;94,11;54,38;39,73;0,4222
109735;2025-12-02;C0547;1;27;1;342,79;0,0;219,39;Boleto;Online;342,79;219,39;123,4;0,36
109736;2026-06-23;C0169;15;3;2;1126,78;0,05;878,89;Boleto;Online;2140,88;1757,78;383,1;0,1789
109737;2025-03-21;C1659;5;25;1;1165,97;0,1;757,88;Cartão de débito;Marketplace;1049,37;757,88;291,49;0,2778
109738;2025-04-04;C0134;12;8;3;1634,81;0,0;1111,67;PIX;Marketplace;4904,43;3335,01;1569,42;0,32
109739;2025-01-08;C0511;5;8;2;1025,45;0,1;666,54;Cartão de débito;Online;1845,81;1333,08;512,73;0,2778
109740;2026-06-30;C0705;2;15;1;1499,26;0,05;1004,5;PIX;Online;1424,3;1004,5;419,8;0,2947
109741;2025-04-06;C1383;4;15;3;817,82;0,05;572,47;PIX;Marketplace;2330,79;1717,41;613,38;0,2632
109742;2026-03-27;C0383;6;3;1;244,31;0,15;122,16;Cartão de crédito;Online;207,66;122,16;85,5;0,4117
109743;2025-08-13;C2140;17;3;1;377,41;0,15;226,45;Cartão de crédito;Online;320,8;226,45;94,35;0,2941
109744;2026-05-27;C1313;9;18;1;355,35;0,1;223,87;Cartão de crédito;Marketplace;319,82;223,87;95,95;0,3
109745;2025-10-21;C0070;7;8;1;281,28;0,0;174,39;Cartão de crédito;Marketplace;281,28;174,39;106,89;0,38
109746;2025-11-01;C0959;9;11;1;347,4;0,0;218,86;Cartão de crédito;Online;347,4;218,86;128,54;0,37
109747;2025-06-28;C2456;16;5;4;500,02;0,15;275,01;Cartão de crédito;Marketplace;1700,07;1100,04;600,03;0,3529
109748;2025-01-14;C1152;17;23;3;739,22;0,05;443,53;Cartão de crédito;Marketplace;2106,78;1330,59;776,19;0,3684
109749;2026-02-08;C2036;3;20;1;23,95;0,1;10,78;PIX;Marketplace;21,56;10,78;10,78;0,5
109750;2025-03-18;C1284;15;9;2;2422,32;0,15;1889,41;Boleto;Marketplace;4117,94;3778,82;339,12;0,0824
109751;2026-02-05;C0997;2;10;1;1436,65;0,05;962,56;Cartão de débito;Online;1364,82;962,56;402,26;0,2947
109752;2025-05-12;C0430;10;21;2;140,95;0,05;73,29;Boleto;Marketplace;267,8;146,58;121,22;0,4527
109753;2025-08-18;C2082;2;2;1;400,37;0,1;268,25;Cartão de débito;Online;360,33;268,25;92,08;0,2555
109754;2025-07-06;C0945;10;23;1;390,39;0,1;203,0;PIX;Marketplace;351,35;203,0;148,35;0,4222
109755;2025-06-17;C1776;16;14;1;285,27;0,1;156,9;Cartão de débito;Marketplace;256,74;156,9;99,84;0,3889
109756;2025-06-21;C1873;13;11;2;189,95;0,05;110,17;Boleto;Marketplace;360,9;220,34;140,56;0,3895
109757;2026-02-27;C0191;16;2;4;484,65;0,05;266,56;PIX;Marketplace;1841,67;1066,24;775,43;0,421
109758;2025-06-19;C1304;11;19;1;1321,86;0,1;898,86;Boleto;Marketplace;1189,67;898,86;290,81;0,2444
109759;2025-06-20;C1219;9;13;2;235,46;0,05;148,34;PIX;Marketplace;447,37;296,68;150,69;0,3368
109760;2025-03-18;C0027;10;16;3;290,46;0,0;151,04;Cartão de débito;Marketplace;871,38;453,12;418,26;0,48
109761;2026-03-05;C2446;12;8;4;2281,31;0,05;1551,29;Cartão de débito;Online;8668,98;6205,16;2463,82;0,2842
109762;2025-06-09;C2089;3;22;1;94,13;0,0;42,36;Cartão de crédito;Online;94,13;42,36;51,77;0,55
109763;2026-02-17;C1198;12;18;1;741,64;0,1;504,32;Cartão de débito;Marketplace;667,48;504,32;163,16;0,2444
109764;2026-01-05;C1985;6;27;1;57,56;0,0;28,78;Cartão de crédito;Marketplace;57,56;28,78;28,78;0,5
109765;2025-08-09;C2499;1;19;2;673,17;0,05;430,83;Boleto;Marketplace;1279,02;861,66;417,36;0,3263
109766;2025-12-08;C0022;8;21;1;172,72;0,0;95,0;Cartão de débito;Online;172,72;95,0;77,72;0,45
109767;2026-05-25;C0746;8;11;4;287,74;0,1;158,26;Cartão de débito;Online;1035,86;633,04;402,82;0,3889
109768;2025-08-19;C2321;3;4;1;66,28;0,1;29,83;PIX;Online;59,65;29,83;29,82;0,4999
109769;2026-04-14;C1267;8;26;1;281,47;0,1;154,81;PIX;Marketplace;253,32;154,81;98,51;0,3889
109770;2025-02-07;C1485;15;6;1;3854,38;0,05;3006,42;Boleto;Online;3661,66;3006,42;655,24;0,1789
109771;2026-01-19;C1226;12;3;1;828,3;0,05;563,24;Cartão de crédito;Marketplace;786,88;563,24;223,64;0,2842
109772;2025-01-18;C2014;11;12;1;1263,53;0,0;859,2;PIX;Online;1263,53;859,2;404,33;0,32
109773;2026-06-30;C0327;17;9;1;612,1;0,1;367,26;Cartão de débito;Marketplace;550,89;367,26;183,63;0,3333
109774;2025-06-23;C1739;12;17;2;977,96;0,05;665,01;Cartão de crédito;Marketplace;1858,12;1330,02;528,1;0,2842
109775;2025-08-16;C0020;3;25;2;93,14;0,05;41,91;Boleto;Online;176,97;83,82;93,15;0,5264
109776;2026-06-29;C2255;12;16;1;772,47;0,05;525,28;Cartão de crédito;Online;733,85;525,28;208,57;0,2842
109777;2025-07-26;C0402;14;18;1;4547,92;0,2;3274,5;Cartão de crédito;Online;3638,34;3274,5;363,84;0,1
109778;2025-07-21;C2177;7;18;3;451,55;0,0;279,96;PIX;Online;1354,65;839,88;514,77;0,38
109779;2025-10-09;C0654;13;6;2;144,15;0,1;83,61;Cartão de crédito;Marketplace;259,47;167,22;92,25;0,3555
109780;2025-12-05;C0844;9;6;1;266,73;0,05;168,04;Boleto;Marketplace;253,39;168,04;85,35;0,3368
109781;2026-04-21;C0829;17;24;1;412,08;0,05;247,25;PIX;Online;391,48;247,25;144,23;0,3684
109782;2025-05-23;C0828;1;7;2;930,0;0,0;595,2;PIX;Online;1860,0;1190,4;669,6;0,36
109783;2025-04-11;C1351;7;9;1;754,24;0,2;467,63;Boleto;Marketplace;603,39;467,63;135,76;0,225
109784;2026-06-22;C1822;12;16;1;2199,21;0,05;1495,46;Cartão de crédito;Online;2089,25;1495,46;593,79;0,2842
109785;2025-04-22;C1100;16;3;1;521,45;0,05;286,8;Cartão de débito;Online;495,38;286,8;208,58;0,4211
109786;2025-06-06;C0966;14;10;1;5559,49;0,0;4002,83;Cartão de crédito;Online;5559,49;4002,83;1556,66;0,28
109787;2026-06-07;C1719;9;2;2;425,07;0,0;267,79;Cartão de débito;Marketplace;850,14;535,58;314,56;0,37
109788;2025-12-19;C1984;4;15;1;1043,21;0,0;730,25;Boleto;Marketplace;1043,21;730,25;312,96;0,3
109789;2025-09-05;C1409;8;3;1;280,67;0,05;154,37;PIX;Marketplace;266,64;154,37;112,27;0,4211
109790;2026-05-06;C0320;16;6;1;500,76;0,1;275,42;PIX;Marketplace;450,68;275,42;175,26;0,3889
109791;2026-04-03;C0963;3;25;1;81,53;0,0;36,69;PIX;Marketplace;81,53;36,69;44,84;0,55
109792;2025-09-13;C0256;11;23;4;1541,32;0,1;1048,1;Boleto;Online;5548,75;4192,4;1356,35;0,2444
109793;2025-10-05;C2038;8;27;3;126,75;0,0;69,71;Cartão de débito;Marketplace;380,25;209,13;171,12;0,45
109794;2026-02-25;C0347;13;24;2;133,66;0,15;77,52;Boleto;Online;227,22;155,04;72,18;0,3177
109795;2026-03-29;C1519;12;11;1;1494,36;0,05;1016,16;Boleto;Marketplace;1419,64;1016,16;403,48;0,2842
109796;2025-09-26;C0510;17;14;1;725,72;0,0;435,43;Cartão de crédito;Marketplace;725,72;435,43;290,29;0,4
109797;2025-09-11;C0295;11;21;3;994,49;0,15;676,25;Cartão de crédito;Marketplace;2535,95;2028,75;507,2;0,2
109798;2025-03-30;C1645;4;10;1;2078,4;0,05;1454,88;PIX;Marketplace;1974,48;1454,88;519,6;0,2632
109799;2026-04-19;C1552;5;26;1;283,42;0,1;184,22;Boleto;Marketplace;255,08;184,22;70,86;0,2778
109800;2025-11-14;C0686;11;1;1;1558,81;0,1;1059,99;Cartão de crédito;Online;1402,93;1059,99;342,94;0,2444
109801;2025-04-22;C2482;4;2;1;1481,27;0,0;1036,89;Boleto;Online;1481,27;1036,89;444,38;0,3
109802;2026-06-19;C1469;14;24;2;4696,44;0,0;3381,44;Cartão de débito;Online;9392,88;6762,88;2630,0;0,28
109803;2025-03-30;C1457;2;19;1;1261,19;0,1;845,0;Boleto;Marketplace;1135,07;845,0;290,07;0,2556
109804;2025-04-15;C0838;3;10;2;54,65;0,0;24,59;PIX;Online;109,3;49,18;60,12;0,55
109805;2025-12-16;C0075;6;16;1;72,64;0,1;36,32;Boleto;Marketplace;65,38;36,32;29,06;0,4445
109806;2026-05-03;C2300;5;23;2;514,33;0,05;334,31;PIX;Online;977,23;668,62;308,61;0,3158
109807;2025-05-28;C1885;11;16;3;1497,36;0,0;1018,2;Boleto;Marketplace;4492,08;3054,6;1437,48;0,32
109808;2025-04-03;C1873;3;25;1;88,03;0,1;39,61;Cartão de crédito;Marketplace;79,23;39,61;39,62;0,5001
109809;2026-03-30;C0731;3;27;2;38,56;0,05;17,35;Cartão de crédito;Online;73,26;34,7;38,56;0,5263
109810;2025-07-14;C2071;14;10;1;3977,13;0,1;2863,53;Cartão de débito;Online;3579,42;2863,53;715,89;0,2
109811;2026-05-30;C1985;4;26;3;2314,61;0,15;1620,23;Cartão de débito;Online;5902,26;4860,69;1041,57;0,1765
109812;2025-05-25;C1086;15;4;2;4209,17;0,1;3283,15;PIX;Online;7576,51;6566,3;1010,21;0,1333
109813;2025-04-24;C1558;10;12;1;289,86;0,0;150,73;PIX;Online;289,86;150,73;139,13;0,48
109814;2026-05-04;C1125;14;21;1;4543,23;0,1;3271,13;PIX;Marketplace;4088,91;3271,13;817,78;0,2
109815;2025-05-13;C0599;2;1;4;978,17;0,0;655,37;PIX;Marketplace;3912,68;2621,48;1291,2;0,33
109816;2025-06-07;C2424;16;14;1;135,9;0,15;74,75;Boleto;Online;115,52;74,75;40,77;0,3529
109817;2026-02-05;C0179;1;18;3;435,92;0,05;278,99;Cartão de crédito;Marketplace;1242,37;836,97;405,4;0,3263
109818;2025-06-08;C0530;10;27;2;321,81;0,15;167,34;PIX;Online;547,08;334,68;212,4;0,3882
109819;2026-01-16;C1662;16;14;3;199,01;0,05;109,46;Boleto;Online;567,18;328,38;238,8;0,421
109820;2026-03-23;C0273;4;14;1;1262,07;0,0;883,45;PIX;Marketplace;1262,07;883,45;378,62;0,3
109821;2026-03-14;C2458;7;5;5;304,87;0,1;189,02;Cartão de débito;Online;1371,92;945,1;426,82;0,3111
109822;2025-11-10;C1714;13;17;2;491,49;0,1;285,06;Cartão de débito;Marketplace;884,68;570,12;314,56;0,3556
109823;2025-01-03;C2063;14;16;1;4759,71;0,05;3426,99;PIX;Online;4521,72;3426,99;1094,73;0,2421
109824;2026-01-22;C2435;11;18;3;1282,04;0,0;871,79;Cartão de débito;Online;3846,12;2615,37;1230,75;0,32
109825;2025-10-19;C2332;7;12;1;296,24;0,1;183,67;Cartão de crédito;Online;266,62;183,67;82,95;0,3111
109826;2025-12-09;C0876;13;9;1;210,92;0,0;122,33;Cartão de crédito;Marketplace;210,92;122,33;88,59;0,42
109827;2025-11-26;C2067;15;25;2;4078,82;0,1;3181,48;Boleto;Online;7341,88;6362,96;978,92;0,1333
109828;2025-03-05;C1179;9;11;3;316,41;0,05;199,34;PIX;Marketplace;901,77;598,02;303,75;0,3368
109829;2026-06-11;C0714;1;2;2;424,44;0,0;271,64;Cartão de crédito;Marketplace;848,88;543,28;305,6;0,36
109830;2025-07-26;C0337;16;25;1;420,29;0,0;231,16;Boleto;Marketplace;420,29;231,16;189,13;0,45
109831;2025-10-22;C1773;3;11;4;33,51;0,1;15,08;Cartão de débito;Marketplace;120,64;60,32;60,32;0,5
109832;2026-01-24;C0253;10;17;2;167,38;0,05;87,04;PIX;Marketplace;318,02;174,08;143,94;0,4526
109833;2025-02-21;C1047;12;18;4;2475,8;0,1;1683,54;Boleto;Online;8912,88;6734,16;2178,72;0,2444
109834;2026-04-05;C2164;11;3;4;1386,11;0,05;942,55;Boleto;Online;5267,22;3770,2;1497,02;0,2842
109835;2025-03-20;C2312;16;9;3;170,41;0,0;93,73;Boleto;Online;511,23;281,19;230,04;0,45
109836;2026-02-11;C2228;8;27;1;105,44;0,0;57,99;PIX;Marketplace;105,44;57,99;47,45;0,45
109837;2025-06-10;C0703;14;8;3;3298,96;0,05;2375,25;PIX;Online;9402,04;7125,75;2276,29;0,2421
109838;2025-08-28;C1619;15;24;1;3700,88;0,05;2886,69;Boleto;Online;3515,84;2886,69;629,15;0,1789
109839;2026-06-18;C0944;17;16;1;433,13;0,1;259,88;Cartão de crédito;Marketplace;389,82;259,88;129,94;0,3333
109840;2026-05-09;C0255;14;15;1;3779,46;0,15;2721,21;Cartão de crédito;Marketplace;3212,54;2721,21;491,33;0,1529
109841;2025-11-23;C1939;16;24;4;594,34;0,0;326,89;Boleto;Marketplace;2377,36;1307,56;1069,8;0,45
109842;2026-02-10;C1043;10;15;2;184,91;0,15;96,15;Boleto;Online;314,35;192,3;122,05;0,3883
109843;2025-02-22;C1878;15;3;3;3243,21;0,0;2529,7;Cartão de crédito;Marketplace;9729,63;7589,1;2140,53;0,22
109844;2025-08-03;C2141;2;26;2;345,2;0,05;231,28;PIX;Online;655,88;462,56;193,32;0,2947
109845;2025-12-05;C1637;14;12;2;4854,64;0,15;3495,34;PIX;Marketplace;8252,89;6990,68;1262,21;0,1529
109846;2025-08-16;C0616;4;27;2;2122,61;0,2;1485,83;PIX;Online;3396,18;2971,66;424,52;0,125
109847;2025-03-30;C1650;4;17;1;2190,06;0,1;1533,04;PIX;Marketplace;1971,05;1533,04;438,01;0,2222
109848;2025-03-29;C0843;5;12;1;474,69;0,1;308,55;Boleto;Online;427,22;308,55;118,67;0,2778
109849;2026-05-20;C1555;17;22;1;236,11;0,2;141,67;Cartão de débito;Online;188,89;141,67;47,22;0,25
109850;2025-05-09;C1808;3;1;2;49,93;0,0;22,47;Cartão de débito;Online;99,86;44,94;54,92;0,55
109851;2025-12-03;C1175;2;12;1;329,99;0,2;221,09;Boleto;Marketplace;263,99;221,09;42,9;0,1625
109852;2025-05-31;C0161;11;2;1;685,43;0,05;466,09;PIX;Online;651,16;466,09;185,07;0,2842
109853;2026-04-02;C0123;15;22;1;1208,21;0,1;942,4;PIX;Marketplace;1087,39;942,4;144,99;0,1333
109854;2026-04-07;C2298;11;3;1;500,83;0,15;340,56;Cartão de crédito;Online;425,71;340,56;85,15;0,2
109855;2025-09-02;C1610;10;18;1;82,15;0,1;42,72;Boleto;Marketplace;73,94;42,72;31,22;0,4222
109856;2025-09-20;C1122;12;14;1;2097,04;0,1;1425,99;Boleto;Marketplace;1887,34;1425,99;461,35;0,2444
109857;2025-03-05;C1776;3;20;1;92,02;0,05;41,41;Boleto;Online;87,42;41,41;46,01;0,5263
109858;2025-11-12;C0871;12;19;5;1514,08;0,05;1029,57;PIX;Online;7191,88;5147,85;2044,03;0,2842
109859;2025-03-08;C0079;9;4;1;383,21;0,2;241,42;PIX;Online;306,57;241,42;65,15;0,2125
109860;2026-04-02;C1469;11;25;2;1552,81;0,05;1055,91;Cartão de débito;Online;2950,34;2111,82;838,52;0,2842
109861;2025-11-04;C2172;2;9;2;1042,85;0,1;698,71;Boleto;Online;1877,13;1397,42;479,71;0,2556
109862;2025-01-12;C1291;2;25;3;1348,12;0,2;903,24;PIX;Marketplace;3235,49;2709,72;525,77;0,1625
109863;2025-07-28;C2414;4;19;3;1304,69;0,0;913,28;PIX;Online;3914,07;2739,84;1174,23;0,3
109864;2025-07-10;C1492;14;18;3;4282,59;0,1;3083,46;Cartão de débito;Marketplace;11562,99;9250,38;2312,61;0,2
109865;2026-03-06;C0688;15;3;1;4450,37;0,05;3471,29;Cartão de débito;Marketplace;4227,85;3471,29;756,56;0,1789
109866;2026-02-13;C1128;16;19;1;102,74;0,15;56,51;Cartão de débito;Online;87,33;56,51;30,82;0,3529
109867;2025-10-06;C0678;2;19;1;858,08;0,0;574,91;Cartão de crédito;Online;858,08;574,91;283,17;0,33
109868;2025-01-21;C2184;8;17;2;81,46;0,15;44,8;Boleto;Marketplace;138,48;89,6;48,88;0,353
109869;2026-02-09;C1470;15;11;1;2177,81;0,0;1698,69;Boleto;Marketplace;2177,81;1698,69;479,12;0,22
109870;2026-04-25;C1786;8;12;1;183,39;0,05;100,86;Cartão de crédito;Online;174,22;100,86;73,36;0,4211
109871;2025-08-14;C2154;13;26;1;128,3;0,0;74,41;Não informado;Online;128,3;74,41;53,89;0,42
109872;2026-01-11;C2330;17;14;2;371,4;0,1;222,84;PIX;Marketplace;668,52;445,68;222,84;0,3333
109873;2026-06-03;C2341;15;13;1;4684,21;0,15;3653,68;Cartão de débito;Marketplace;3981,58;3653,68;327,9;0,0824
109874;2025-12-02;C1294;4;21;1;1251,67;0,0;876,17;PIX;Online;1251,67;876,17;375,5;0,3
109875;2026-04-09;C0303;3;4;5;96,14;0,05;43,26;Cartão de débito;Marketplace;456,66;216,3;240,36;0,5263
109876;2025-07-19;C2167;12;8;1;2265,02;0,0;1540,21;Boleto;Online;2265,02;1540,21;724,81;0,32
109877;2025-03-18;C1104;5;21;1;1126,67;0,15;732,34;PIX;Marketplace;957,67;732,34;225,33;0,2353
109878;2025-09-03;C0577;16;6;1;334,91;0,05;184,2;PIX;Online;318,16;184,2;133,96;0,421
109879;2025-12-27;C0613;13;12;2;133,2;0,0;77,26;Cartão de crédito;Online;266,4;154,52;111,88;0,42
109880;2025-12-17;C0964;13;13;3;140,43;0,2;81,45;PIX;Marketplace;337,03;244,35;92,68;0,275
109881;2025-05-31;C1068;17;17;1;778,78;0,05;467,27;Cartão de débito;Marketplace;739,84;467,27;272,57;0,3684
109882;2026-01-02;C1683;6;27;1;221,43;0,1;110,72;Cartão de crédito;Marketplace;199,29;110,72;88,57;0,4444
109883;2026-06-16;C1146;13;5;1;84,09;0,15;48,77;PIX;Online;71,48;48,77;22,71;0,3177
109884;2026-03-05;C1087;2;7;2;448,66;0,0;300,6;PIX;Online;897,32;601,2;296,12;0,33
109885;2025-09-12;C1011;11;6;1;1826,74;0,05;1242,18;Cartão de débito;Marketplace;1735,4;1242,18;493,22;0,2842
109886;2026-03-12;C0702;7;10;1;636,87;0,0;394,86;Cartão de débito;Marketplace;636,87;394,86;242,01;0,38
109887;2025-04-01;C1212;7;7;2;492,57;0,1;305,39;PIX;Marketplace;886,63;610,78;275,85;0,3111
109888;2026-05-21;C1635;16;6;1;186,45;0,15;102,55;PIX;Online;158,48;102,55;55,93;0,3529
109889;2025-04-20;C1183;15;16;1;4036,08;0,0;3148,14;Cartão de crédito;Online;4036,08;3148,14;887,94;0,22
109890;2025-06-18;C0431;8;13;1;202,04;0,1;111,12;PIX;Marketplace;181,84;111,12;70,72;0,3889
109891;2025-12-26;C0196;15;13;1;3231,01;0,1;2520,19;Boleto;Online;2907,91;2520,19;387,72;0,1333
109892;2025-09-15;C2188;8;25;1;121,22;0,05;66,67;PIX;Marketplace;115,16;66,67;48,49;0,4211
109893;2025-05-25;C0652;9;6;2;235,49;0,05;148,36;Boleto;Online;447,43;296,72;150,71;0,3368
109894;2026-06-30;C0374;14;15;1;4235,66;0,05;3049,68;Cartão de débito;Marketplace;4023,88;3049,68;974,2;0,2421
109895;2025-08-17;C2421;6;24;4;84,51;0,05;42,26;Cartão de débito;Marketplace;321,14;169,04;152,1;0,4736
109896;2025-04-16;C0348;9;8;2;518,88;0,0;326,89;Cartão de débito;Marketplace;1037,76;653,78;383,98;0,37
109897;2025-04-22;C1641;17;27;1;409,41;0,15;245,65;Boleto;Marketplace;348,0;245,65;102,35;0,2941
109898;2025-06-25;C0184;7;6;1;399,04;0,1;247,4;Cartão de débito;Online;359,14;247,4;111,74;0,3111
109899;2025-10-01;C1820;1;16;1;489,78;0,0;313,46;Cartão de crédito;Online;489,78;313,46;176,32;0,36
109900;2025-01-17;C1556;8;22;2;243,54;0,0;133,95;Cartão de débito;Online;487,08;267,9;219,18;0,45
109901;2025-12-11;C0413;3;3;1;69,86;0,1;31,44;PIX;Online;62,87;31,44;31,43;0,4999
109902;2025-02-24;C1060;5;21;1;855,35;0,1;555,98;PIX;Online;769,82;555,98;213,84;0,2778
109903;2026-02-19;C2344;9;27;1;350,22;0,0;220,64;Boleto;Marketplace;350,22;220,64;129,58;0,37
109904;2025-06-21;C1052;15;13;2;2460,62;0,1;1919,28;Cartão de crédito;Online;4429,12;3838,56;590,56;0,1333
109905;2025-04-20;C0576;17;16;2;513,71;0,1;308,23;Cartão de débito;Marketplace;924,68;616,46;308,22;0,3333
109906;2025-04-28;C0290;2;23;2;360,82;0,1;241,75;PIX;Marketplace;649,48;483,5;165,98;0,2556
109907;2025-01-17;C0956;16;8;1;384,03;0,0;211,22;Boleto;Online;384,03;211,22;172,81;0,45
109908;2026-05-05;C0369;6;22;1;96,2;0,1;48,1;Cartão de crédito;Online;86,58;48,1;38,48;0,4444
109909;2026-04-05;C2485;2;5;1;1212,36;0,05;812,28;Cartão de débito;Marketplace;1151,74;812,28;339,46;0,2947
109910;2026-05-08;C0329;17;21;1;372,38;0,05;223,43;Boleto;Online;353,76;223,43;130,33;0,3684
109911;2026-06-30;C2148;2;24;1;1383,9;0,1;927,21;Cartão de crédito;Online;1245,51;927,21;318,3;0,2556
109912;2026-04-26;C0940;14;9;2;4859,45;0,15;3498,8;Cartão de débito;Online;8261,06;6997,6;1263,46;0,1529
109913;2026-03-23;C0616;14;7;3;3063,17;0,1;2205,48;Cartão de crédito;Marketplace;8270,56;6616,44;1654,12;0,2
109914;2025-02-07;C1032;9;10;2;300,38;0,1;189,24;Cartão de crédito;Online;540,68;378,48;162,2;0,3
109915;2025-07-31;C0402;14;22;4;4428,42;0,0;3188,46;Cartão de crédito;Online;17713,68;12753,84;4959,84;0,28
109916;2026-02-04;C1582;16;27;1;546,82;0,1;300,75;PIX;Marketplace;492,14;300,75;191,39;0,3889
109917;2025-09-16;C1342;13;22;4;221,39;0,05;128,41;Cartão de crédito;Online;841,28;513,64;327,64;0,3895
109918;2025-10-01;C0629;12;13;2;1612,93;0,05;1096,79;PIX;Online;3064,57;2193,58;870,99;0,2842
109919;2026-04-30;C1985;1;22;3;642,74;0,1;411,35;PIX;Online;1735,4;1234,05;501,35;0,2889
109920;2025-08-24;C0026;9;1;4;190,0;0,1;119,7;PIX;Marketplace;684,0;478,8;205,2;0,3
109921;2026-05-12;C1117;13;2;2;248,63;0,15;144,21;Cartão de débito;Online;422,67;288,42;134,25;0,3176
109922;2026-05-03;C2187;10;27;1;193,44;0,1;100,59;Boleto;Online;174,1;100,59;73,51;0,4222
109923;2026-06-01;C1939;4;23;2;1729,55;0,05;1210,68;Cartão de crédito;Online;3286,14;2421,36;864,78;0,2632
109924;2025-10-09;C0138;16;12;3;163,23;0,05;89,78;PIX;Online;465,21;269,34;195,87;0,421
109925;2025-10-04;C1370;16;2;2;503,32;0,1;276,83;Cartão de débito;Online;905,98;553,66;352,32;0,3889
109926;2026-05-17;C0470;6;9;2;232,21;0,05;116,11;Cartão de débito;Online;441,2;232,22;208,98;0,4737
109927;2025-04-26;C2411;11;15;1;1552,64;0,1;1055,8;Boleto;Online;1397,38;1055,8;341,58;0,2444
109928;2025-01-18;C1368;4;25;5;1508,79;0,0;1056,15;Cartão de crédito;Online;7543,95;5280,75;2263,2;0,3
109929;2026-01-14;C0471;7;12;1;405,49;0,05;251,4;Cartão de crédito;Marketplace;385,22;251,4;133,82;0,3474
109930;2025-10-04;C2330;6;8;1;76,48;0,05;38,24;Cartão de crédito;Marketplace;72,66;38,24;34,42;0,4737
109931;2025-04-22;C0190;17;24;2;526,39;0,1;315,83;Cartão de débito;Marketplace;947,5;631,66;315,84;0,3333
109932;2025-11-24;C2293;7;6;1;758,17;0,0;470,07;Cartão de crédito;Online;758,17;470,07;288,1;0,38
109933;2026-03-27;C0841;1;13;4;879,26;0,05;562,73;Cartão de crédito;Online;3341,19;2250,92;1090,27;0,3263
109934;2025-07-05;C0828;3;21;1;49,5;0,1;22,28;PIX;Marketplace;44,55;22,28;22,27;0,4999
109935;2026-01-12;C1215;10;18;2;215,74;0,0;112,18;Boleto;Online;431,48;224,36;207,12;0,48
109936;2025-12-11;C2124;16;13;1;106,0;0,15;58,3;Cartão de crédito;Marketplace;90,1;58,3;31,8;0,3529
109937;2025-11-13;C0257;11;8;4;955,38;0,15;649,66;Cartão de crédito;Marketplace;3248,29;2598,64;649,65;0,2
109938;2025-07-26;C0417;5;11;2;445,37;0,1;289,49;Boleto;Online;801,67;578,98;222,69;0,2778
109939;2026-05-20;C1811;8;21;2;145,98;0,0;80,29;Cartão de crédito;Marketplace;291,96;160,58;131,38;0,45
109940;2025-02-24;C0975;7;2;1;795,92;0,15;493,47;PIX;Marketplace;676,53;493,47;183,06;0,2706
109941;2025-11-09;C0465;8;23;1;295,78;0,05;162,68;Boleto;Marketplace;280,99;162,68;118,31;0,421
109942;2026-01-18;C2102;17;10;1;298,67;0,0;179,2;Cartão de débito;Online;298,67;179,2;119,47;0,4
109943;2025-04-19;C1007;13;16;1;313,93;0,0;182,08;Boleto;Online;313,93;182,08;131,85;0,42
109944;2026-05-28;C0975;5;25;1;258,17;0,05;167,81;Cartão de débito;Marketplace;245,26;167,81;77,45;0,3158
109945;2025-09-20;C0504;1;19;1;464,74;0,05;297,43;Boleto;Marketplace;441,5;297,43;144,07;0,3263
109946;2026-06-18;C2008;11;13;3;1280,65;0,1;870,84;PIX;Marketplace;3457,76;2612,52;845,24;0,2444
109947;2025-07-19;C0864;2;13;1;388,06;0,0;260,0;Boleto;Online;388,06;260,0;128,06;0,33
109948;2025-12-09;C0770;12;17;2;2265,57;0,1;1540,59;PIX;Online;4078,03;3081,18;996,85;0,2444
109949;2025-02-08;C0023;1;1;1;333,96;0,1;213,73;Cartão de débito;Online;300,56;213,73;86,83;0,2889
109950;2026-05-28;C1947;11;19;1;1049,82;0,15;713,88;PIX;Online;892,35;713,88;178,47;0,2
109951;2026-01-22;C2067;5;8;1;940,76;0,0;611,49;Cartão de crédito;Marketplace;940,76;611,49;329,27;0,35
109952;2026-02-28;C1146;14;19;1;5552,66;0,05;3997,92;Cartão de débito;Marketplace;5275,03;3997,92;1277,11;0,2421
109953;2026-03-15;C0979;8;25;3;291,03;0,05;160,07;Cartão de débito;Online;829,44;480,21;349,23;0,421
109954;2025-09-11;C0353;6;6;2;57,51;0,05;28,75;PIX;Online;109,27;57,5;51,77;0,4738
109955;2025-03-27;C2142;11;23;5;1120,56;0,2;761,98;PIX;Marketplace;4482,24;3809,9;672,34;0,15
109956;2026-04-18;C0569;3;15;2;74,32;0,05;33,44;Cartão de crédito;Online;141,21;66,88;74,33;0,5264
109957;2025-12-20;C2101;4;23;2;2430,42;0,1;1701,29;Cartão de débito;Online;4374,76;3402,58;972,18;0,2222
109958;2025-12-08;C2031;4;4;1;2423,69;0,1;1696,58;Boleto;Marketplace;2181,32;1696,58;484,74;0,2222
109959;2025-02-14;C1254;3;16;1;84,49;0,0;38,02;PIX;Online;84,49;38,02;46,47;0,55
109960;2025-08-14;C2012;7;16;2;680,5;0,0;421,91;Cartão de crédito;Online;1361,0;843,82;517,18;0,38
109961;2025-04-26;C2081;2;12;1;923,13;0,05;618,5;Cartão de débito;Marketplace;876,97;618,5;258,47;0,2947
109962;2026-05-21;C0471;10;12;1;263,84;0,15;137,2;Boleto;Online;224,26;137,2;87,06;0,3882
109963;2026-01-08;C2353;15;19;2;2305,08;0,0;1797,96;Cartão de crédito;Marketplace;4610,16;3595,92;1014,24;0,22
109964;2026-01-04;C0757;13;17;1;88,18;0,1;51,14;PIX;Online;79,36;51,14;28,22;0,3556
109965;2025-04-14;C1944;15;6;1;2432,72;0,15;1897,52;Boleto;Online;2067,81;1897,52;170,29;0,0824
109966;2026-05-25;C1406;12;22;4;2069,4;0,0;1407,19;Boleto;Marketplace;8277,6;5628,76;2648,84;0,32
109967;2026-03-07;C1274;10;26;3;92,07;0,05;47,88;Cartão de débito;Online;262,4;143,64;118,76;0,4526
109968;2025-12-17;C2208;13;18;3;235,51;0,1;136,6;Cartão de débito;Marketplace;635,88;409,8;226,08;0,3555
109969;2025-04-16;C0578;8;11;1;183,23;0,05;100,78;PIX;Marketplace;174,07;100,78;73,29;0,421
109970;2025-10-25;C2234;12;7;1;2051,44;0,0;1394,98;PIX;Online;2051,44;1394,98;656,46;0,32
109971;2026-01-30;C2372;17;20;3;150,0;0,05;90,0;Boleto;Marketplace;427,5;270,0;157,5;0,3684
109972;2025-03-27;C1981;8;11;1;286,4;0,15;157,52;Cartão de crédito;Marketplace;243,44;157,52;85,92;0,3529
109973;2026-04-12;C2039;17;16;1;526,76;0,0;316,06;PIX;Online;526,76;316,06;210,7;0,4
109974;2025-02-07;C0900;8;17;1;165,92;0,1;91,26;Cartão de débito;Online;149,33;91,26;58,07;0,3889
109975;2025-04-20;C1362;15;11;2;2010,03;0,15;1567,82;Cartão de crédito;Online;3417,05;3135,64;281,41;0,0824
109976;2025-09-07;C1146;15;18;5;2909,36;0,0;2269,3;Boleto;Marketplace;14546,8;11346,5;3200,3;0,22
109977;2025-12-02;C0595;5;9;1;317,16;0,0;206,15;PIX;Online;317,16;206,15;111,01;0,35
109978;2025-01-26;C1250;17;6;4;491,64;0,0;294,98;PIX;Online;1966,56;1179,92;786,64;0,4
109979;2025-07-03;C1886;17;9;1;414,7;0,1;248,82;Boleto;Online;373,23;248,82;124,41;0,3333
109980;2025-11-21;C0120;7;22;2;620,63;0,15;384,79;PIX;Online;1055,07;769,58;285,49;0,2706
109981;2025-03-13;C1253;2;12;1;1452,89;0,15;973,44;Cartão de crédito;Marketplace;1234,96;973,44;261,52;0,2118
109982;2025-01-08;C0248;5;9;1;230,9;0,0;150,09;Boleto;Marketplace;230,9;150,09;80,81;0,35
109983;2025-11-25;C2357;3;20;1;60,97;0,0;27,44;Cartão de crédito;Marketplace;60,97;27,44;33,53;0,5499
109984;2025-07-13;C1337;14;20;1;3421,13;0,1;2463,21;Cartão de crédito;Online;3079,02;2463,21;615,81;0,2
109985;2025-08-06;C0753;4;12;1;2027,01;0,15;1418,91;Boleto;Marketplace;1722,96;1418,91;304,05;0,1765
109986;2026-05-21;C0281;16;1;1;103,67;0,1;57,02;Cartão de débito;Marketplace;93,3;57,02;36,28;0,3889
109987;2026-04-09;C1003;3;23;2;55,07;0,05;24,78;PIX;Online;104,63;49,56;55,07;0,5263
109988;2026-04-01;C0214;7;23;1;331,9;0,05;205,78;Cartão de crédito;Marketplace;315,3;205,78;109,52;0,3474
109989;2025-04-17;C0239;17;18;4;329,42;0,1;197,65;Boleto;Marketplace;1185,91;790,6;395,31;0,3333
109990;2025-08-13;C2300;3;6;1;98,13;0,1;44,16;Cartão de crédito;Marketplace;88,32;44,16;44,16;0,5
109991;2025-01-10;C1448;13;15;1;383,61;0,15;222,49;Boleto;Marketplace;326,07;222,49;103,58;0,3177
109992;2026-02-06;C1551;16;18;1;320,29;0,0;176,16;PIX;Online;320,29;176,16;144,13;0,45
109993;2025-08-23;C0749;17;5;1;271,68;0,0;163,01;Boleto;Marketplace;271,68;163,01;108,67;0,4
109994;2025-09-12;C1799;12;15;3;1025,08;0,0;697,05;PIX;Online;3075,24;2091,15;984,09;0,32
109995;2026-06-10;C1557;12;5;1;1290,0;0,0;877,2;Cartão de débito;Marketplace;1290,0;877,2;412,8;0,32
109996;2025-08-09;C1763;9;10;1;390,02;0,0;245,71;Cartão de débito;Online;390,02;245,71;144,31;0,37
109997;2026-03-08;C0834;8;15;2;150,56;0,1;82,81;Cartão de crédito;Marketplace;271,01;165,62;105,39;0,3889
109998;2025-08-07;C1977;13;15;2;195,81;0,05;113,57;Cartão de crédito;Online;372,04;227,14;144,9;0,3895
109999;2025-08-16;C2168;17;21;4;777,13;0,2;466,28;Boleto;Marketplace;2486,82;1865,12;621,7;0,25
110000;2025-03-19;C0797;15;3;1;3037,11;0,1;2368,95;PIX;Marketplace;2733,4;2368,95;364,45;0,1333
