id_pedido,data_pedido,id_cliente,produto,categoria,quantidade,preco_unitario,desconto,custo_unitario,estado,regiao,forma_pagamento,canal
100001,2025-01-26,C1127,Teclado,Eletrônicos,1,197.68,0,118.61,AC,Norte,Cartão de crédito,Marketplace
100002,2025-01-31,C0384,Monitor,Eletrônicos,1,1609.64,0,1094.56,RS,Sul,Boleto,Online
100003,2025-10-12,C0027,Cabo USB,Acessórios,2,32.77,0.05,14.75,PE,Nordeste,Cartão de débito,Online
100004,2025-04-15,C0380,Cadeira,Escritório,1,1217.96,0,852.57,PE,Nordeste,Cartão de crédito,Marketplace
100005,2026-01-23,C0323,Teclado,Eletrônicos,2,680.58,0.1,408.35,PB,Nordeste,Cartão de débito,Online
100006,2025-08-22,C1186,Monitor,Eletrônicos,5,2239.57,0.15,1522.91,RN,Nordeste,PIX,Marketplace
100007,2025-06-16,C1517,Mesa,Escritório,1,1472.28,0.1,1001.15,PA,Norte,Cartão de crédito,Online
100008,2025-06-17,C1894,Air Fryer,Casa,1,992.67,0.1,635.31,MT,Centro-Oeste,Cartão de débito,Marketplace
100009,2025-08-23,C0132,Monitor,Eletrônicos,3,1422.1,0,967.03,MS,Centro-Oeste,PIX,Online
100010,2026-02-10,C1880,Hub USB,Acessórios,1,110.72,0.1,60.9,MT,Centro-Oeste,PIX,Marketplace
100011,2026-01-06,C0899,Suporte para Monitor,Escritório,5,169.17,0.05,93.04,AP,Norte,Cartão de crédito,Online
100012,2025-06-13,C1730,Mouse,Eletrônicos,2,241.6,0.05,140.13,SE,Nordeste,PIX,Online
100013,2025-10-01,C1394,Teclado,Eletrônicos,1,404.34,0.05,242.6,AC,Norte,PIX,Online
100014,2025-04-19,C1223,Carregador,Acessórios,3,151.53,0,75.77,PB,Nordeste,Cartão de débito,Online
100015,2026-05-16,C0080,Cadeira,Escritório,1,1225.96,0.2,858.17,RR,Norte,PIX,Online
100016,2025-09-04,C2324,Monitor,Eletrônicos,4,854.18,0.05,580.84,RJ,Sudeste,Cartão de débito,Online
100017,2025-06-19,C1086,Hub USB,Acessórios,1,213.45,0.2,117.4,MT,Centro-Oeste,Cartão de débito,Marketplace
100018,2026-01-18,C1795,Suporte para Monitor,Escritório,3,325.74,0,179.16,RJ,Sudeste,PIX,Online
100019,2025-08-14,C0030,Air Fryer,Casa,1,741.77,0,474.73,MG,Sudeste,PIX,Online
100020,2025-09-01,C1141,Carregador,Acessórios,2,92.85,0,46.42,MS,Centro-Oeste,Boleto,Online
100021,2026-02-21,C0780,Hub USB,Acessórios,1,224.98,0.05,123.74,AL,Nordeste,Boleto,Online
100022,2025-03-04,C1650,Teclado,Eletrônicos,2,660.41,0,396.25,RS,Sul,Cartão de débito,Marketplace
100023,2026-03-09,C0752,Mouse,Eletrônicos,1,184.92,0.15,107.25,SE,Nordeste,Cartão de crédito,Online
100024,2025-04-06,C0969,Notebook,Eletrônicos,1,4199.74,0,3023.81,RN,Nordeste,Cartão de crédito,Online
100025,2025-01-03,C1600,Suporte para Monitor,Escritório,1,492.04,0.05,270.62,AL,Nordeste,Boleto,Online
100026,2025-10-31,C0892,Cafeteira,Casa,4,779.18,0.05,506.47,AC,Norte,PIX,Online
100027,2026-05-04,C2060,Monitor,Eletrônicos,3,1656.03,0,1126.1,GO,Centro-Oeste,Cartão de crédito,Online
100028,2025-03-11,C0964,Smartphone,Eletrônicos,1,4766.38,0.05,3717.78,MS,Centro-Oeste,Cartão de crédito,Online
100029,2026-06-20,C1296,Luminária,Escritório,4,145.36,0.1,75.59,BA,Nordeste,PIX,Marketplace
100030,2025-11-04,C1873,Mouse,Eletrônicos,1,395.78,0,229.55,SE,Nordeste,Cartão de crédito,Online
100031,2026-06-03,C1087,Cafeteira,Casa,1,549.01,0,356.86,BA,Nordeste,PIX,Marketplace
100032,2026-03-25,C2226,Headset,Eletrônicos,2,608.76,0.2,377.43,AM,Norte,Cartão de crédito,Marketplace
100033,2025-05-18,C1084,Teclado,Eletrônicos,1,174.93,0.05,104.96,PE,Nordeste,PIX,Online
100034,2025-07-28,C1082,Cadeira,Escritório,1,1002.24,0.15,701.57,MG,Sudeste,Cartão de crédito,Marketplace
100035,2025-02-15,C0015,Aspirador,Casa,1,413.52,0.2,277.06,SC,Sul,Boleto,Marketplace
100036,2025-04-25,C0309,Notebook,Eletrônicos,4,4918.57,0,3541.37,MG,Sudeste,PIX,Online
100037,2025-05-11,C0172,Luminária,Escritório,1,367.67,0.1,191.19,MG,Sudeste,PIX,Online
100038,2025-04-16,C1449,Air Fryer,Casa,2,918.89,0.05,588.09,DF,Centro-Oeste,Cartão de débito,Online
100039,2025-07-01,C1689,Headset,Eletrônicos,1,702.42,0,435.5,AL,Nordeste,Cartão de débito,Marketplace
100040,2025-04-21,C1567,Headset,Eletrônicos,3,793.94,0,492.24,TO,Norte,Boleto,Marketplace
100041,2025-08-22,C0914,Liquidificador,Casa,1,212.7,0,134.0,RJ,Sudeste,PIX,Marketplace
100042,2026-02-14,C2197,Carregador,Acessórios,1,55.52,0.15,27.76,PE,Nordeste,Cartão de débito,Marketplace
100043,2025-04-22,C2444,Monitor,Eletrônicos,1,2011.38,0,1367.74,DF,Centro-Oeste,Cartão de crédito,Marketplace
100044,2025-09-18,C0182,Cafeteira,Casa,2,201.69,0.15,131.1,MT,Centro-Oeste,Cartão de débito,Marketplace
100045,2025-03-13,C1353,Luminária,Escritório,2,292.28,0,151.99,CE,Nordeste,PIX,Marketplace
100046,2026-02-17,C1212,Cadeira,Escritório,2,883.68,0.1,618.58,RN,Nordeste,Cartão de débito,Marketplace
100047,2025-01-01,C1245,Suporte para Monitor,Escritório,1,314.94,0.05,173.22,AM,Norte,PIX,Marketplace
100048,2026-03-29,C0876,Cabo USB,Acessórios,1,83.5,0.2,37.58,AC,Norte,Cartão de débito,Online
100049,2026-06-12,C1373,Liquidificador,Casa,1,576.96,0,363.48,CE,Nordeste,Cartão de débito,Online
100050,2025-01-26,C0190,Mouse,Eletrônicos,1,279.56,0.1,162.14,RJ,Sudeste,Boleto,Marketplace
100051,2026-01-29,C2025,Cafeteira,Casa,1,347.57,0.1,225.92,AP,Norte,Cartão de crédito,Marketplace
100052,2025-06-30,C2122,Air Fryer,Casa,1,690.18,0.15,441.72,ES,Sudeste,Boleto,Online
100053,2026-06-28,C2290,Cabo USB,Acessórios,2,96.0,0.15,43.2,DF,Centro-Oeste,Boleto,Marketplace
100054,2026-05-02,C1844,Headset,Eletrônicos,1,335.43,0.1,207.97,AP,Norte,Boleto,Online
100055,2026-03-27,C0318,Aspirador,Casa,2,543.12,0,363.89,MT,Centro-Oeste,Cartão de crédito,Online
100056,2025-08-25,C1569,Mouse,Eletrônicos,2,376.7,0,218.49,AL,Nordeste,PIX,Marketplace
100057,2025-03-05,C0848,Luminária,Escritório,3,204.63,0.1,106.41,RO,Norte,Cartão de crédito,Marketplace
100058,2025-01-07,C1441,Hub USB,Acessórios,1,165.8,0.15,91.19,TO,Norte,Boleto,Online
100059,2025-08-13,C1118,Hub USB,Acessórios,1,86.39,0,47.51,PA,Norte,Boleto,Online
100060,2025-05-11,C2188,Cabo USB,Acessórios,1,51.52,0.05,23.18,SP,Sudeste,Cartão de crédito,Marketplace
100061,2026-04-18,C0745,Mouse,Eletrônicos,1,239.22,0,138.75,MA,Nordeste,PIX,Marketplace
100062,2026-03-08,C1034,Aspirador,Casa,3,837.88,0.1,561.38,MG,Sudeste,PIX,Online
100063,2025-02-11,C0128,Smartphone,Eletrônicos,4,1797.44,0,1402.0,PR,Sul,Cartão de débito,Online
100064,2025-04-28,C2311,Hub USB,Acessórios,4,182.31,0,100.27,PB,Nordeste,Cartão de débito,Online
100065,2025-11-15,C0443,Headset,Eletrônicos,2,846.67,0.05,524.94,RN,Nordeste,Boleto,Online
100066,2025-09-06,C0418,Smartphone,Eletrônicos,2,2206.33,0.1,1720.94,RR,Norte,Cartão de crédito,Online
100067,2026-06-30,C1755,Mesa,Escritório,2,510.33,0.1,347.02,SP,Sudeste,Boleto,Marketplace
100068,2026-03-20,C1484,Teclado,Eletrônicos,2,680.1,0.1,408.06,AL,Nordeste,Cartão de débito,Marketplace
100069,2026-04-22,C1785,Hub USB,Acessórios,3,210.34,0,115.69,BA,Nordeste,Cartão de crédito,Marketplace
100070,2025-09-07,C1904,Cabo USB,Acessórios,2,73.46,0,33.06,PI,Nordeste,PIX,Online
100071,2025-08-06,C1454,Hub USB,Acessórios,2,154.87,0.15,85.18,RO,Norte,PIX,Online
100072,2025-07-15,C0351,Carregador,Acessórios,1,131.29,0.05,65.64,BA,Nordeste,Boleto,Marketplace
100073,2025-01-18,C0382,Cabo USB,Acessórios,1,52.35,0,23.56,PA,Norte,PIX,Marketplace
100074,2025-12-19,C1743,Carregador,Acessórios,5,160.08,0.05,80.04,SE,Nordeste,PIX,Marketplace
100075,2025-08-25,C0495,Aspirador,Casa,2,644.43,0.1,431.77,AP,Norte,Cartão de débito,Online
100076,2026-05-11,C1133,Cafeteira,Casa,2,1176.61,0.05,764.8,CE,Nordeste,Cartão de crédito,Online
100077,2025-08-21,C1479,Liquidificador,Casa,1,126.79,0.05,79.88,PE,Nordeste,Cartão de crédito,Online
100078,2025-05-10,C2011,Liquidificador,Casa,1,125.89,0,79.31,PI,Nordeste,Boleto,Marketplace
100079,2025-02-22,C1035,Headset,Eletrônicos,4,508.3,0.1,315.15,RN,Nordeste,Boleto,Online
100080,2025-06-05,C0612,Monitor,Eletrônicos,3,2408.43,0,1637.73,BA,Nordeste,Cartão de crédito,Marketplace
100081,2026-06-20,C1559,Air Fryer,Casa,1,609.9,0.15,390.34,AL,Nordeste,PIX,Online
100082,2025-08-01,C0865,Teclado,Eletrônicos,1,156.83,0,94.1,MT,Centro-Oeste,Cartão de crédito,Online
100083,2026-02-23,C1846,Notebook,Eletrônicos,2,4144.69,0,2984.18,CE,Nordeste,PIX,Marketplace
100084,2025-08-28,C1084,Smartphone,Eletrônicos,2,3500.23,0.1,2730.18,RS,Sul,Boleto,Online
100085,2025-06-02,C1089,Air Fryer,Casa,3,349.99,0,223.99,CE,Nordeste,PIX,Marketplace
100086,2026-04-25,C1246,Teclado,Eletrônicos,2,759.87,0.05,455.92,PI,Nordeste,Boleto,Online
100087,2026-03-19,C1321,Monitor,Eletrônicos,2,746.56,0,507.66,PA,Norte,Cartão de crédito,Marketplace
100088,2025-06-29,C1928,Monitor,Eletrônicos,1,1496.01,0,1017.29,MS,Centro-Oeste,Boleto,Marketplace
100089,2026-04-27,C1426,Smartphone,Eletrônicos,1,2284.23,0,1781.7,SC,Sul,PIX,Marketplace
100090,2025-10-23,C1641,Hub USB,Acessórios,3,201.02,0.05,110.56,MA,Nordeste,PIX,Marketplace
100091,2026-02-18,C2108,Teclado,Eletrônicos,3,100.81,0.15,60.49,SE,Nordeste,Boleto,Online
100092,2026-06-15,C1482,Cafeteira,Casa,2,698.49,0.05,454.02,MG,Sudeste,Cartão de débito,Marketplace
100093,2025-10-22,C1795,Mouse,Eletrônicos,3,283.58,0,164.48,AM,Norte,Cartão de débito,Online
100094,2025-01-15,C2263,Liquidificador,Casa,1,227.86,0.1,143.55,ES,Sudeste,Boleto,Online
100095,2026-05-26,C1196,Mouse,Eletrônicos,1,194.84,0.1,113.01,PI,Nordeste,Cartão de débito,Marketplace
100096,2026-01-28,C0781,Mouse,Eletrônicos,4,293.46,0.15,170.21,RJ,Sudeste,PIX,Marketplace
100097,2026-06-04,C1095,Cadeira,Escritório,3,1065.68,0,745.98,MS,Centro-Oeste,Boleto,Online
100098,2026-05-11,C1414,Cabo USB,Acessórios,1,81.03,0.05,36.46,MA,Nordeste,Cartão de débito,Online
100099,2025-08-28,C1683,Suporte para Monitor,Escritório,1,472.35,0.1,259.79,RR,Norte,Boleto,Marketplace
100100,2026-05-23,C0152,Mouse,Eletrônicos,1,485.45,0,281.56,ES,Sudeste,Boleto,Online
100101,2026-04-13,C0063,Carregador,Acessórios,2,132.0,0.1,66.0,PR,Sul,Cartão de crédito,Marketplace
100102,2025-12-13,C1629,Aspirador,Casa,2,1314.71,0.15,880.86,MT,Centro-Oeste,Boleto,Marketplace
100103,2025-02-06,C0281,Hub USB,Acessórios,1,230.57,0,126.81,BA,Nordeste,Cartão de crédito,Marketplace
100104,2025-04-13,C1818,Teclado,Eletrônicos,1,309.63,0,185.78,MA,Nordeste,Cartão de crédito,Marketplace
100105,2026-01-19,C1765,Mesa,Escritório,1,1249.87,0.05,849.91,RR,Norte,Cartão de débito,Online
100106,2025-03-22,C2497,Headset,Eletrônicos,3,614.78,0,381.16,MS,Centro-Oeste,Cartão de débito,Online
100107,2025-09-18,C1883,Cabo USB,Acessórios,1,20.75,0.1,9.34,CE,Nordeste,Cartão de débito,Online
100108,2025-12-20,C2407,Cabo USB,Acessórios,1,96.96,0.1,43.63,SE,Nordeste,PIX,Online
100109,2026-05-10,C0437,Suporte para Monitor,Escritório,1,385.96,0.05,212.28,RO,Norte,PIX,Online
100110,2025-10-09,C0034,Suporte para Monitor,Escritório,2,442.9,0.1,243.59,MG,Sudeste,Boleto,Marketplace
100111,2025-12-27,C0898,Air Fryer,Casa,2,734.62,0.1,470.16,AC,Norte,Cartão de débito,Online
100112,2025-11-13,C1806,Monitor,Eletrônicos,1,1356.75,0,922.59,CE,Nordeste,PIX,Marketplace
100113,2025-07-25,C0542,Headset,Eletrônicos,2,807.35,0.05,500.56,GO,Centro-Oeste,PIX,Online
100114,2026-05-09,C1209,Aspirador,Casa,2,673.39,0,451.17,RJ,Sudeste,Cartão de débito,Online
100115,2026-01-10,C0370,Suporte para Monitor,Escritório,2,106.96,0.05,58.83,SE,Nordeste,PIX,Marketplace
100116,2026-01-16,C0444,Suporte para Monitor,Escritório,2,335.74,0.1,184.66,MT,Centro-Oeste,PIX,Online
100117,2026-04-21,C1238,Smartphone,Eletrônicos,2,1466.7,0,1144.03,MG,Sudeste,PIX,Marketplace
100118,2025-04-10,C0962,Teclado,Eletrônicos,3,194.96,0.05,116.98,PA,Norte,Boleto,Online
100119,2025-04-12,C2005,Luminária,Escritório,2,380.5,0,197.86,RO,Norte,PIX,Online
100120,2026-04-01,C0968,Cabo USB,Acessórios,3,27.95,0.1,12.58,MT,Centro-Oeste,PIX,Online
100121,2025-10-10,C0778,Suporte para Monitor,Escritório,4,574.51,0.1,315.98,RJ,Sudeste,,Online
100122,2025-12-08,C0998,Monitor,Eletrônicos,5,2116.56,0,1439.26,TO,Norte,Cartão de débito,Online
100123,2025-12-03,C0605,Air Fryer,Casa,2,717.19,0,459.0,PR,Sul,Cartão de débito,Marketplace
100124,2025-04-23,C0106,Headset,Eletrônicos,1,418.68,0.1,259.58,MS,Centro-Oeste,PIX,Online
100125,2025-09-29,C0215,Headset,Eletrônicos,1,465.72,0,288.75,RJ,Sudeste,Boleto,Marketplace
100126,2026-06-10,C2432,Mesa,Escritório,1,1206.14,0.15,820.18,MG,Sudeste,PIX,Marketplace
100127,2025-03-04,C1962,Notebook,Eletrônicos,3,3991.96,0,2874.21,RO,Norte,Boleto,Online
100128,2025-11-26,C2492,Smartphone,Eletrônicos,1,1504.77,0.1,1173.72,MS,Centro-Oeste,PIX,Marketplace
100129,2025-10-29,C1859,Carregador,Acessórios,1,136.04,0.1,68.02,ES,Sudeste,Cartão de débito,Marketplace
100130,2025-08-22,C1695,Cabo USB,Acessórios,1,56.28,0.05,25.33,ES,Sudeste,PIX,Marketplace
100131,2025-09-19,C1534,Cadeira,Escritório,4,1873.64,0.05,1311.55,RJ,Sudeste,Cartão de crédito,Online
100132,2025-04-09,C1527,Luminária,Escritório,3,258.04,0.05,134.18,MT,Centro-Oeste,PIX,Online
100133,2025-12-29,C1733,Luminária,Escritório,3,310.74,0.2,161.58,DF,Centro-Oeste,PIX,Marketplace
100134,2026-06-04,C0872,Teclado,Eletrônicos,1,437.53,0.1,262.52,PB,Nordeste,PIX,Online
100135,2025-08-20,C1758,Aspirador,Casa,3,1468.18,0.1,983.68,DF,Centro-Oeste,Cartão de crédito,Marketplace
100136,2025-07-04,C1120,Notebook,Eletrônicos,2,3581.45,0,2578.64,SP,Sudeste,Cartão de débito,Online
100137,2025-03-13,C0582,Suporte para Monitor,Escritório,2,585.91,0,322.25,GO,Centro-Oeste,Cartão de débito,Marketplace
100138,2026-04-10,C1397,Luminária,Escritório,1,179.72,0,93.45,MS,Centro-Oeste,Cartão de crédito,Online
100139,2025-06-11,C0204,Mouse,Eletrônicos,2,194.28,0.1,112.68,PI,Nordeste,Boleto,Marketplace
100140,2025-08-09,C2099,Aspirador,Casa,1,787.39,0,527.55,PA,Norte,Boleto,Marketplace
100141,2025-08-14,C1619,Monitor,Eletrônicos,5,798.61,0,543.05,RS,Sul,Cartão de débito,Marketplace
100142,2025-12-02,C0492,Liquidificador,Casa,1,478.57,0,301.5,RN,Nordeste,Cartão de débito,Marketplace
100143,2026-02-11,C0174,Smartphone,Eletrônicos,1,2839.02,0,2214.44,MA,Nordeste,Boleto,Marketplace
100144,2025-10-24,C0472,Luminária,Escritório,1,389.18,0,202.37,DF,Centro-Oeste,Boleto,Marketplace
100145,2026-03-24,C0434,Smartphone,Eletrônicos,1,3355.49,0.05,2617.28,RN,Nordeste,PIX,Marketplace
100146,2025-12-08,C0689,Air Fryer,Casa,1,743.26,0.05,475.69,RS,Sul,PIX,Marketplace
100147,2025-08-30,C0422,Mouse,Eletrônicos,1,162.85,0.1,94.45,AP,Norte,Cartão de crédito,Online
100148,2026-04-21,C2310,Hub USB,Acessórios,2,178.76,0.15,98.32,MS,Centro-Oeste,PIX,Marketplace
100149,2026-03-27,C0280,Mouse,Eletrônicos,1,345.18,0.1,200.2,MS,Centro-Oeste,Cartão de crédito,Marketplace
100150,2025-03-17,C1272,Carregador,Acessórios,1,57.52,0.05,28.76,CE,Nordeste,Cartão de crédito,Online
100151,2026-01-29,C1896,Carregador,Acessórios,2,240.85,0.1,120.42,MG,Sudeste,Boleto,Online
100152,2026-05-03,C2054,Cadeira,Escritório,1,623.75,0,436.62,TO,Norte,PIX,Online
100153,2025-06-26,C0161,Carregador,Acessórios,1,137.55,0.05,68.78,GO,Centro-Oeste,Cartão de débito,Marketplace
100154,2025-10-17,C1587,Mesa,Escritório,1,941.39,0.05,640.15,RR,Norte,PIX,Online
100155,2025-04-07,C2286,Cadeira,Escritório,2,1068.29,0.1,747.8,PA,Norte,Cartão de débito,Marketplace
100156,2025-05-25,C1433,Smartphone,Eletrônicos,1,3624.22,0.1,2826.89,PR,Sul,Cartão de crédito,Marketplace
100157,2025-12-03,C0524,Suporte para Monitor,Escritório,2,514.48,0.1,282.96,PA,Norte,Cartão de crédito,Marketplace
100158,2026-01-06,C0075,Carregador,Acessórios,1,86.05,0,43.02,AP,Norte,Boleto,Online
100159,2025-05-21,C0635,Air Fryer,Casa,1,891.1,0,570.3,AP,Norte,Cartão de crédito,Marketplace
100160,2026-01-21,C0632,Mouse,Eletrônicos,1,429.16,0.1,248.91,RR,Norte,Cartão de débito,Marketplace
100161,2026-02-25,C1493,Monitor,eletronicos,2,1127.55,0.05,766.73,CE,Nordeste,Boleto,Online
100162,2025-11-13,C1922,Air Fryer,Casa,3,435.81,0.1,278.92,MS,Centro-Oeste,Boleto,Marketplace
100163,2026-01-27,C2060,Liquidificador,Casa,1,583.81,0.1,367.8,RR,Norte,Cartão de débito,Marketplace
100164,2026-05-08,C1521,Monitor,Eletrônicos,2,884.66,0.1,601.57,ES,Sudeste,PIX,Online
100165,2025-10-07,C1841,Headset,Eletrônicos,3,260.51,0.05,161.52,BA,Nordeste,Boleto,Marketplace
100166,2026-03-01,C0219,Notebook,Eletrônicos,1,3808.87,0.05,2742.39,RJ,Sudeste,PIX,Online
100167,2025-11-23,C0406,Notebook,Eletrônicos,3,4774.86,0.1,3437.9,PR,Sul,Cartão de crédito,Marketplace
100168,2025-05-23,C1922,Hub USB,Acessórios,1,81.16,0,44.64,PE,Nordeste,Cartão de débito,Online
100169,2026-03-10,C0456,Carregador,Acessórios,2,97.53,0,48.77,BA,Nordeste,Boleto,Marketplace
100170,2025-04-24,C2048,Smartphone,Eletrônicos,2,1065.74,0.05,831.28,BA,Nordeste,Cartão de débito,Marketplace
100171,2025-01-02,C1446,Luminária,Escritório,1,213.3,0.1,110.92,RJ,Sudeste,PIX,Online
100172,2026-06-04,C2080,Carregador,Acessórios,2,128.09,0.05,64.05,AM,Norte,Boleto,Marketplace
100173,2025-01-17,C1463,Aspirador,Casa,2,681.0,0.1,456.27,AM,Norte,Cartão de crédito,Marketplace
100174,2025-02-15,C1444,Mouse,Eletrônicos,1,421.67,0,244.57,AP,Norte,Boleto,Marketplace
100175,2025-05-19,C0259,Headset,Eletrônicos,2,857.7,0,531.77,RS,Sul,Cartão de crédito,Online
100176,2025-11-20,C1271,Monitor,Eletrônicos,1,2480.42,0.05,1686.69,PE,Nordeste,Cartão de crédito,Online
100177,2026-01-01,C0196,Liquidificador,Casa,3,279.32,0,175.97,PB,Nordeste,Boleto,Marketplace
100178,2026-01-31,C1389,Cabo USB,Acessórios,4,59.7,0.05,26.87,RR,Norte,PIX,Online
100179,2025-03-22,C1764,Luminária,Escritório,2,343.15,0.05,178.44,MA,Nordeste,Cartão de crédito,Online
100180,2025-10-30,C1256,Cadeira,Escritório,1,1935.33,0,1354.73,SE,Nordeste,PIX,Marketplace
100181,2025-12-28,C1782,Monitor,Eletrônicos,1,2464.05,0.15,1675.55,RJ,Sudeste,Boleto,Marketplace
100182,2025-06-13,C0128,Carregador,Acessórios,1,171.51,0.1,85.75,MG,Sudeste,Cartão de débito,Online
100183,2026-01-11,C1484,Air Fryer,Casa,1,697.07,0.1,446.12,PA,Norte,Boleto,Marketplace
100184,2026-03-31,C0315,Mesa,Escritório,2,1247.14,0.05,848.06,AM,Norte,PIX,Online
100185,2025-01-27,C0763,Teclado,Eletrônicos,1,370.89,0.05,222.53,PE,Nordeste,PIX,Marketplace
100186,2025-10-20,C2012,Cafeteira,Casa,1,335.73,0,218.22,SC,Sul,Boleto,Online
100187,2025-12-22,C0266,Cadeira,Escritório,1,1080.72,0,756.5,SC,Sul,Cartão de débito,Marketplace
100188,2025-08-18,C0498,Carregador,Acessórios,5,208.41,0,104.2,PI,Nordeste,Cartão de crédito,Marketplace
100189,2026-04-24,C2260,Mesa,Escritório,1,1814.79,0,1234.06,RN,Nordeste,Boleto,Marketplace
100190,2025-03-17,C0514,Luminária,Escritório,4,285.55,0.05,148.49,PA,Norte,PIX,Online
100191,2025-05-13,C1773,Headset,Eletrônicos,1,801.16,0.1,496.72,GO,Centro-Oeste,Cartão de débito,Marketplace
100192,2025-06-15,C1322,Headset,Eletrônicos,4,319.1,0.15,197.84,GO,Centro-Oeste,,Online
100193,2025-07-21,C2257,Aspirador,Casa,1,1031.28,0.1,690.96,RJ,Sudeste,Cartão de débito,Online
100194,2025-12-12,C2309,Headset,Eletrônicos,1,797.84,0,494.66,AM,Norte,PIX,Online
100195,2025-02-01,C2040,Luminária,Escritório,3,254.58,0.1,132.38,CE,Nordeste,Boleto,Online
100196,2025-11-01,C1858,Suporte para Monitor,Escritório,1,129.96,0.05,71.48,PI,Nordeste,Boleto,Online
100197,2025-05-28,C1281,Cadeira,Escritório,3,1138.63,0.2,797.04,PB,Nordeste,Boleto,Online
100198,2026-06-12,C2301,Mesa,Escritório,1,786.78,0,535.01,SE,Nordeste,Cartão de débito,Online
100199,2025-02-21,C1189,Teclado,Eletrônicos,4,704.91,0.05,422.95,SC,Sul,PIX,Marketplace
100200,2025-06-13,C2041,Cafeteira,Casa,5,666.82,0.15,433.43,PI,Nordeste,Cartão de crédito,Online
100201,2026-06-02,C1873,Suporte para Monitor,Escritório,4,207.57,0.05,114.16,MG,Sudeste,PIX,Marketplace
100202,2025-10-20,C2199,Hub USB,Acessórios,1,103.65,0,57.01,PE,Nordeste,PIX,Marketplace
100203,2025-02-16,C1641,Mesa,Escritório,1,1298.91,0.05,883.26,CE,Nordeste,Cartão de crédito,Marketplace
100204,2026-04-07,C2253,Carregador,Acessórios,1,247.82,0.1,123.91,ES,Sudeste,Cartão de débito,Online
100205,2026-01-18,C1389,Suporte para Monitor,Escritório,2,282.8,0,155.54,DF,Centro-Oeste,Boleto,Online
100206,2025-02-09,C0562,Monitor,Eletrônicos,2,2147.14,0.05,1460.06,PR,Sul,Cartão de débito,Marketplace
100207,2025-06-16,C1610,Cadeira,Escritório,5,1978.64,0,1385.05,MA,Nordeste,Boleto,Marketplace
100208,2025-01-18,C1509,Hub USB,Acessórios,1,104.11,0.05,57.26,CE,Nordeste,Cartão de crédito,Marketplace
100209,2025-08-22,C0211,Aspirador,Casa,2,463.14,0.1,310.3,DF,Centro-Oeste,Boleto,Online
100210,2025-02-02,C2346,Air Fryer,Casa,4,376.93,0,241.24,MA,Nordeste,Boleto,Online
100211,2025-07-28,C1681,Luminária,Escritório,1,275.67,0.05,143.35,AC,Norte,Cartão de crédito,Online
100212,2025-08-01,C2298,Carregador,Acessórios,1,182.45,0.05,91.22,MA,Nordeste,Cartão de débito,Marketplace
100213,2025-12-29,C1083,Cadeira,Escritório,2,884.53,0,619.17,MT,Centro-Oeste,PIX,Online
100214,2025-10-23,C0850,Liquidificador,Casa,2,354.72,0.05,223.47,MT,Centro-Oeste,PIX,Marketplace
100215,2026-01-24,C1617,Teclado,Eletrônicos,3,768.23,0.1,460.94,CE,Nordeste,Cartão de crédito,Marketplace
100216,2025-12-21,C1812,Smartphone,Eletrônicos,2,3989.35,0,3111.69,TO,Norte,PIX,Marketplace
100217,2025-04-22,C2404,Mouse,Eletrônicos,1,101.32,0.15,58.77,BA,Nordeste,Cartão de débito,Online
100218,2026-02-28,C1353,Teclado,Eletrônicos,2,170.38,0.1,102.23,SP,Sudeste,Cartão de débito,Marketplace
100219,2026-05-04,C0817,Hub USB,Acessórios,2,143.19,0,78.75,MG,Sudeste,Cartão de crédito,Online
100220,2025-06-29,C1712,Monitor,Eletrônicos,3,1016.42,0.15,691.17,TO,Norte,Boleto,Marketplace
100221,2025-10-24,C0154,Headset,Eletrônicos,1,575.97,0,357.1,MA,Nordeste,PIX,Marketplace
100222,2026-05-21,C0550,Carregador,Acessórios,3,143.6,0,71.8,ES,Sudeste,PIX,Online
100223,2025-09-21,C0763,Cabo USB,Acessórios,1,46.97,0,21.14,PA,Norte,Cartão de débito,Online
100224,2026-03-14,C2111,Suporte para Monitor,Escritório,1,300.42,0,165.23,PR,Sul,Boleto,Marketplace
100225,2025-01-07,C1069,Air Fryer,Casa,1,612.71,0,392.13,MA,Nordeste,PIX,Online
100226,2026-01-04,C0968,Aspirador,Casa,1,397.78,0,266.51,RN,Nordeste,PIX,Online
100227,2026-01-12,C0905,Liquidificador,Casa,1,184.11,0,115.99,AC,Norte,PIX,Marketplace
100228,2025-08-12,C1014,Hub USB,Acessórios,2,211.08,0.1,116.09,GO,Centro-Oeste,Boleto,Marketplace
100229,2025-04-25,C0253,Smartphone,Eletrônicos,3,4611.55,0,3597.01,MT,Centro-Oeste,Cartão de débito,Online
100230,2026-06-17,C1810,Cadeira,Escritório,1,910.8,0.05,637.56,RJ,Sudeste,Boleto,Online
100231,2025-05-16,C2103,Cabo USB,Acessórios,1,65.11,0.05,29.3,PA,Norte,PIX,Online
100232,2025-09-18,C0013,Suporte para Monitor,Escritório,2,389.16,0,214.04,PB,Nordeste,Cartão de crédito,Online
100233,2026-04-29,C0130,Smartphone,Eletrônicos,1,1719.93,0,1341.55,AM,Norte,Boleto,Marketplace
100234,2026-04-05,C1547,Suporte para Monitor,Escritório,1,441.37,0.1,242.75,MT,Centro-Oeste,Cartão de débito,Marketplace
100235,2025-07-02,C2201,Teclado,Eletrônicos,1,189.14,0.2,113.48,TO,Norte,Cartão de crédito,Online
100236,2026-04-20,C2231,Liquidificador,Casa,1,302.05,0,190.29,SE,Nordeste,PIX,Online
100237,2025-07-13,C0463,Aspirador,Casa,1,1075.25,0.1,720.42,SP,Sudeste,Cartão de débito,Online
100238,2025-04-14,C2433,Smartphone,Eletrônicos,1,3391.14,0.1,2645.09,MG,Sudeste,Cartão de débito,Online
100239,2026-03-26,C0960,Suporte para Monitor,Escritório,1,477.19,0.1,262.45,PR,Sul,PIX,Online
100240,2025-11-25,C0971,Cadeira,Escritório,1,786.52,0.1,550.56,BA,Nordeste,Boleto,Marketplace
100241,2025-03-04,C2281,Aspirador,Casa,4,1349.64,0.15,904.26,AM,Norte,Boleto,Marketplace
100242,2025-12-19,C1562,Monitor,Eletrônicos,2,1273.72,0.05,866.13,PR,Sul,PIX,Marketplace
100243,2026-04-30,C0988,Headset,Eletrônicos,3,375.55,0.1,232.84,RR,Norte,Boleto,Online
100244,2026-03-03,C2283,Luminária,Escritório,1,204.29,0,106.23,MA,Nordeste,Cartão de crédito,Marketplace
100245,2025-04-05,C2194,Mesa,Escritório,2,704.77,0,479.24,PA,Norte,Cartão de crédito,Online
100246,2025-08-11,C1964,Cafeteira,Casa,1,1107.03,0,719.57,SP,Sudeste,Cartão de débito,Online
100247,2026-05-06,C0994,Teclado,Eletrônicos,2,592.64,0.05,355.58,BA,Nordeste,PIX,Marketplace
100248,2026-04-23,C2186,Suporte para Monitor,Escritório,2,254.21,0.05,139.82,PI,Nordeste,Boleto,Online
100249,2025-11-24,C0833,Hub USB,Acessórios,1,171.06,0.05,94.08,BA,Nordeste,Cartão de débito,Online
100250,2026-03-04,C1210,Aspirador,Casa,1,662.33,0.05,443.76,TO,Norte,Cartão de débito,Marketplace
100251,2025-09-21,C2002,Cadeira,Escritório,4,1783.39,0.05,1248.37,SC,Sul,PIX,Online
100252,2026-05-16,C0754,Mouse,Eletrônicos,3,307.7,0.1,178.47,MG,Sudeste,Cartão de crédito,Online
100253,2025-01-07,C1690,Monitor,Eletrônicos,1,1835.26,0,1247.98,PR,Sul,Cartão de crédito,Online
100254,2026-04-12,C1529,Carregador,Acessórios,1,177.55,0.15,88.78,PI,Nordeste,Boleto,Online
100255,2026-06-29,C2260,Notebook,Eletrônicos,1,2558.54,0.1,1842.15,MT,Centro-Oeste,PIX,Online
100256,2026-03-17,C0735,Carregador,Acessórios,1,69.26,0,34.63,RS,Sul,PIX,Marketplace
100257,2026-02-11,C0324,Aspirador,Casa,1,757.53,0.05,507.55,RO,Norte,Cartão de débito,Marketplace
100258,2025-02-02,C0383,Smartphone,Eletrônicos,1,2508.68,0.05,1956.77,AM,Norte,Cartão de crédito,Online
100259,2026-05-27,C1778,Smartphone,Eletrônicos,2,2325.08,0.2,1813.56,ES,Sudeste,Cartão de crédito,Online
100260,2026-05-02,C1111,Cafeteira,Casa,1,274.35,0.15,178.33,MT,Centro-Oeste,Cartão de crédito,Online
100261,2025-01-17,C0849,Cadeira,Escritório,2,2004.51,0.1,1403.16,RN,Nordeste,Cartão de crédito,Marketplace
100262,2025-09-04,C2322,Headset,Eletrônicos,3,441.87,0.15,273.96,MA,Nordeste,Boleto,Online
100263,2026-05-28,C1417,Smartphone,Eletrônicos,1,2748.35,0.1,2143.71,MA,Nordeste,Boleto,Marketplace
100264,2025-10-07,C1846,Notebook,Eletrônicos,1,3745.34,0.15,2696.64,AL,Nordeste,Cartão de débito,Marketplace
100265,2025-10-30,C1010,Smartphone,Eletrônicos,2,1328.15,0,1035.96,RO,Norte,Cartão de débito,Marketplace
100266,2026-01-05,C0437,Cadeira,Escritório,1,2385.92,0.05,1670.14,AP,Norte,PIX,Online
100267,2025-03-31,C0768,Mouse,Eletrônicos,1,313.93,0.05,182.08,ES,Sudeste,Cartão de crédito,Online
100268,2025-04-06,C2446,Mesa,Escritório,2,919.09,0.05,624.98,CE,Nordeste,Boleto,Marketplace
100269,2025-09-06,C2343,Smartphone,Eletrônicos,1,3741.26,0,2918.18,PE,Nordeste,PIX,Marketplace
100270,2025-05-30,C0260,Hub USB,Acessórios,1,140.71,0,77.39,RR,Norte,Cartão de crédito,Marketplace
100271,2025-09-10,C2031,Aspirador,Casa,2,494.44,0,331.27,CE,Nordeste,Cartão de crédito,Marketplace
100272,2026-01-25,C1350,Cadeira,Escritório,1,1361.23,0.1,952.86,AM,Norte,Cartão de débito,Marketplace
100273,2025-07-25,C1963,Cadeira,Escritório,1,2429.15,0.2,1700.4,CE,Nordeste,Boleto,Online
100274,2026-01-21,C1149,Cadeira,Escritório,3,1285.87,0,900.11,MS,Centro-Oeste,Cartão de débito,Online
100275,2026-04-18,C0859,Notebook,Eletrônicos,1,3519.66,0.1,2534.16,TO,Norte,Boleto,Marketplace
100276,2025-11-07,C0992,Mouse,Eletrônicos,1,144.74,0.05,83.95,RN,Nordeste,Cartão de crédito,Marketplace
100277,2026-02-15,C2189,Hub USB,Acessórios,1,282.49,0.1,155.37,MT,Centro-Oeste,Cartão de crédito,Marketplace
100278,2025-04-22,C1017,Smartphone,Eletrônicos,2,2420.04,0.1,1887.63,MG,Sudeste,Boleto,Marketplace
100279,2025-04-19,C0044,Luminária,Escritório,1,151.04,0.1,78.54,MT,Centro-Oeste,Cartão de débito,Marketplace
100280,2026-02-05,C1897,Mesa,Escritório,2,1341.74,0.05,912.38,PB,Nordeste,Cartão de crédito,Marketplace
100281,2025-10-30,C1704,Teclado,Eletrônicos,4,160.1,0.1,96.06,AC,Norte,Cartão de débito,Marketplace
100282,2025-12-18,C1866,Liquidificador,Casa,2,370.14,0,233.19,ES,Sudeste,Boleto,Marketplace
100283,2025-03-10,C1230,Cadeira,Escritório,1,1921.56,0,1345.09,MA,Nordeste,Cartão de crédito,Online
100284,2026-06-13,C0715,Air Fryer,Casa,2,531.69,0.05,340.28,SE,Nordeste,Cartão de débito,Marketplace
100285,2025-07-10,C1771,Headset,Eletrônicos,1,703.04,0.15,435.88,SE,Nordeste,Boleto,Marketplace
100286,2025-08-08,C0843,Notebook,Eletrônicos,1,4963.16,0.1,3573.48,MS,Centro-Oeste,Cartão de crédito,Online
100287,2025-11-30,C0808,Mesa,Escritório,1,819.77,0.15,557.44,GO,Centro-Oeste,PIX,Marketplace
100288,2025-04-27,C1426,Suporte para Monitor,Escritório,1,328.93,0,180.91,PA,Norte,PIX,Online
100289,2025-11-17,C0483,Mouse,Eletrônicos,1,129.12,0.05,74.89,PR,Sul,Boleto,Marketplace
100290,2026-01-28,C1733,Mouse,Eletrônicos,1,346.91,0.1,201.21,AM,Norte,Cartão de débito,Online
100291,2025-10-23,C0575,Hub USB,Acessórios,1,265.24,0.1,145.88,PB,Nordeste,Cartão de crédito,Marketplace
100292,2025-07-19,C1573,Mouse,Eletrônicos,4,292.28,0.05,169.52,PA,Norte,Boleto,Marketplace
100293,2026-05-16,C0686,Cabo USB,Acessórios,1,22.47,0.1,10.11,CE,Nordeste,Cartão de crédito,Marketplace
100294,2025-10-23,C0689,Air Fryer,Casa,2,695.96,0.1,445.41,PI,Nordeste,Cartão de crédito,Online
100295,2026-01-11,C2221,Aspirador,Casa,3,302.01,0.1,202.35,MT,Centro-Oeste,Cartão de débito,Marketplace
100296,2025-09-11,C1220,Teclado,Eletrônicos,3,122.56,0,73.54,TO,Norte,Cartão de crédito,Marketplace
100297,2025-08-31,C0860,Teclado,Eletrônicos,3,511.55,0.05,306.93,RO,Norte,Boleto,Online
100298,2025-07-31,C0848,Mouse,Eletrônicos,3,319.43,0.05,185.27,DF,Centro-Oeste,Cartão de débito,Marketplace
100299,2025-10-24,C2346,Liquidificador,Casa,1,531.85,0.2,335.07,PA,Norte,Cartão de crédito,Online
100300,2025-03-02,C1136,Luminária,Escritório,3,120.6,0.15,62.71,BA,Nordeste,Cartão de débito,Marketplace
100301,2026-02-07,C2005,Air Fryer,Casa,1,742.68,0.1,475.32,RN,Nordeste,Boleto,Online
100302,2026-02-17,C2112,Smartphone,Eletrônicos,2,3778.81,0.15,2947.47,SE,Nordeste,Boleto,Marketplace
100303,2025-04-06,C1878,Notebook,Eletrônicos,2,4940.51,0.15,3557.17,RR,Norte,Boleto,Online
100304,2025-08-05,C2027,Luminária,Escritório,1,345.07,0,179.44,MS,Centro-Oeste,Cartão de débito,Marketplace
100305,2025-02-19,C0189,Cadeira,Escritório,1,2067.78,0.05,1447.45,ES,Sudeste,Cartão de débito,Marketplace
100306,2025-01-01,C1753,Cabo USB,Acessórios,1,75.09,0,33.79,AM,Norte,PIX,Online
100307,2025-04-06,C1477,Aspirador,Casa,1,714.8,0.15,478.92,SC,Sul,Cartão de crédito,Marketplace
100308,2025-08-28,C1759,Liquidificador,Casa,2,457.78,0,288.4,PI,Nordeste,Cartão de crédito,Online
100309,2026-06-16,C1823,Air Fryer,Casa,1,786.92,0.1,503.63,AL,Nordeste,Cartão de débito,Marketplace
100310,2025-08-23,C1570,Smartphone,Eletrônicos,1,4223.83,0,3294.59,PB,Nordeste,PIX,Online
100311,2025-05-17,C0586,Suporte para Monitor,Escritório,1,381.65,0.1,209.91,SC,Sul,Boleto,Marketplace
100312,2025-06-05,C1687,Cafeteira,Casa,2,642.38,0,417.55,ES,Sudeste,Cartão de débito,Online
100313,2025-12-26,C1759,Suporte para Monitor,Escritório,1,169.92,0,93.46,RJ,Sudeste,Cartão de débito,Marketplace
100314,2025-11-05,C0842,Notebook,Eletrônicos,1,4283.33,0.1,3084.0,CE,Nordeste,Cartão de crédito,Online
100315,2026-01-31,C0462,Hub USB,Acessórios,1,220.38,0,121.21,SP,Sudeste,PIX,Marketplace
100316,2026-02-01,C2329,Mouse,Eletrônicos,1,309.47,0,179.49,PI,Nordeste,Cartão de crédito,Online
100317,2025-01-15,C1074,Smartphone,Eletrônicos,1,4690.32,0.15,3658.45,RN,Nordeste,PIX,Marketplace
100318,2026-02-16,C0338,Luminária,Escritório,2,252.05,0,131.07,RJ,Sudeste,PIX,Online
100319,2025-07-28,C0637,Carregador,Acessórios,1,128.15,0.1,64.08,TO,Norte,Cartão de crédito,Marketplace
100320,2025-09-02,C0238,Luminária,Escritório,1,375.88,0,195.46,DF,Centro-Oeste,Cartão de crédito,Marketplace
100321,2025-05-03,C0052,Headset,Eletrônicos,2,676.12,0,419.19,PB,Nordeste,PIX,Online
100322,2025-05-10,C1101,Mesa,Escritório,2,588.89,0.15,400.45,MA,Nordeste,Boleto,Marketplace
100323,2025-03-07,C1078,Carregador,Acessórios,2,165.33,0,82.67,SE,Nordeste,PIX,Online
100324,2025-06-20,C1507,Hub USB,Acessórios,1,250.13,0.15,137.57,PA,Norte,Cartão de crédito,Online
100325,2025-01-03,C0181,Carregador,Acessórios,3,52.46,0,26.23,PB,Nordeste,Boleto,Online
100326,2025-02-06,C2265,Headset,Eletrônicos,3,685.52,0.1,425.02,BA,Nordeste,PIX,Online
100327,2025-11-24,C1112,Luminária,Escritório,3,262.89,0,136.7,PA,Norte,Cartão de crédito,Online
100328,2026-06-13,C0189,Air Fryer,Casa,4,348.25,0.05,222.88,CE,Nordeste,PIX,Marketplace
100329,2026-04-13,C0033,Smartphone,Eletrônicos,1,2166.38,0.1,1689.78,AC,Norte,Cartão de débito,Marketplace
100330,2026-05-21,C0801,Mesa,Escritório,2,1274.49,0.1,866.65,PR,Sul,Cartão de crédito,Marketplace
100331,2025-08-27,C2219,Notebook,Eletrônicos,1,5438.51,0.15,3915.73,MA,Nordeste,Cartão de crédito,Marketplace
100332,2025-04-17,C0841,Liquidificador,Casa,1,234.32,0.05,147.62,MG,Sudeste,Cartão de débito,Marketplace
100333,2025-02-14,C0949,Smartphone,Eletrônicos,3,3079.04,0.1,2401.65,PB,Nordeste,Boleto,Online
100334,2026-06-02,C0547,Teclado,Eletrônicos,2,376.05,0.05,225.63,MG,Sudeste,Boleto,Online
100335,2025-10-26,C1070,Air Fryer,Casa,3,948.23,0.05,606.87,TO,Norte,PIX,Marketplace
100336,2025-10-06,C0957,Cabo USB,Acessórios,1,36.22,0.1,16.3,MS,Centro-Oeste,Cartão de crédito,Online
100337,2025-06-18,C1842,Teclado,Eletrônicos,1,384.56,0.05,230.74,AP,Norte,Cartão de débito,Marketplace
100338,2026-04-20,C1086,Liquidificador,Casa,3,163.4,0.1,102.94,CE,Nordeste,Cartão de crédito,Online
100339,2025-06-01,C0374,Cadeira,Escritório,2,2436.8,0.05,1705.76,MG,Sudeste,PIX,Marketplace
100340,2025-02-01,C1657,Headset,Eletrônicos,3,566.97,0.05,351.52,ES,Sudeste,Boleto,Online
100341,2025-05-05,C0049,Mouse,Eletrônicos,1,408.0,0,236.64,RS,Sul,Boleto,Marketplace
100342,2025-09-23,C0308,Smartphone,Eletrônicos,1,1257.89,0.15,981.15,SE,Nordeste,Cartão de débito,Online
100343,2025-05-06,C0175,Cadeira,Escritório,4,601.28,0.15,420.9,AL,Nordeste,Boleto,Marketplace
100344,2026-01-27,C1748,Notebook,Eletrônicos,1,3251.51,0,2341.09,PE,Nordeste,Boleto,Online
100345,2025-09-09,C1209,Monitor,Eletrônicos,1,2289.0,0.05,1556.52,RJ,Sudeste,PIX,Marketplace
100346,2026-03-06,C0817,Mouse,Eletrônicos,2,414.82,0,240.6,RR,Norte,Cartão de crédito,Marketplace
100347,2026-05-07,C2231,Mesa,Escritório,2,950.45,0.05,646.31,MA,Nordeste,Boleto,Marketplace
100348,2025-01-27,C1307,Headset,Eletrônicos,2,171.98,0.1,106.63,PE,Nordeste,Cartão de crédito,Marketplace
100349,2026-01-02,C2393,Carregador,Acessórios,5,244.8,0,122.4,PA,Norte,Cartão de débito,Marketplace
100350,2025-08-13,C2359,Monitor,Eletrônicos,3,2135.3,0.05,1452.0,TO,Norte,Cartão de débito,Online
100351,2025-11-22,C1470,Air Fryer,Casa,3,319.74,0.1,204.63,MS,Centro-Oeste,Cartão de débito,Online
100352,2025-11-13,C0720,Hub USB,Acessórios,1,99.86,0,54.92,BA,Nordeste,Cartão de crédito,Marketplace
100353,2025-12-06,C0826,Notebook,Eletrônicos,3,3692.66,0,2658.72,RR,Norte,PIX,Online
100354,2025-06-01,C2403,Notebook,Eletrônicos,2,2995.78,0,2156.96,GO,Centro-Oeste,PIX,Online
100355,2026-02-10,C2401,Mesa,Escritório,1,882.82,0,600.32,SC,Sul,Boleto,Marketplace
100356,2025-06-28,C2302,Cadeira,Escritório,2,2357.69,0.1,1650.38,BA,Nordeste,Cartão de débito,Marketplace
100357,2025-10-29,C0522,Liquidificador,Casa,1,120.86,0.1,76.14,MS,Centro-Oeste,Boleto,Online
100358,2025-11-22,C0905,Headset,Eletrônicos,2,228.08,0.05,141.41,MA,Nordeste,Cartão de crédito,Online
100359,2025-11-24,C0688,Mesa,Escritório,2,1940.93,0.1,1319.83,PA,Norte,PIX,Marketplace
100360,2025-09-29,C0859,Notebook,Eletrônicos,1,2737.28,0,1970.84,ES,Sudeste,Cartão de crédito,Online
100361,2026-03-25,C1719,Suporte para Monitor,Escritório,4,542.28,0.05,298.25,RN,Nordeste,PIX,Marketplace
100362,2026-05-06,C2368,Teclado,Eletrônicos,2,581.01,0,348.61,RJ,Sudeste,Cartão de crédito,Marketplace
100363,2025-11-23,C1070,Notebook,Eletrônicos,4,2759.7,0,1986.98,RN,Nordeste,Cartão de débito,Online
100364,2025-12-13,C2434,Smartphone,Eletrônicos,5,4572.9,0.1,3566.86,AL,Nordeste,Cartão de débito,Marketplace
100365,2025-02-24,C0415,Headset,Eletrônicos,1,880.8,0.05,546.1,MT,Centro-Oeste,PIX,Marketplace
100366,2025-09-01,C0393,Liquidificador,Casa,1,394.45,0.1,248.5,PR,Sul,Cartão de crédito,Marketplace
100367,2026-03-14,C0359,Notebook,Eletrônicos,1,4817.07,0.1,3468.29,RS,Sul,Cartão de crédito,Online
100368,2025-06-24,C1196,Cafeteira,Casa,4,673.57,0,437.82,RR,Norte,Boleto,Marketplace
100369,2025-09-29,C0374,Hub USB,Acessórios,2,165.26,0.05,90.89,RN,Nordeste,PIX,Online
100370,2025-02-15,C1079,Cabo USB,Acessórios,1,41.07,0.1,18.48,MS,Centro-Oeste,Cartão de crédito,Online
100371,2025-03-29,C1409,Teclado,Eletrônicos,3,389.79,0.1,233.87,BA,Nordeste,Cartão de crédito,Marketplace
100372,2026-03-05,C2194,Carregador,Acessórios,2,237.27,0.05,118.64,BA,Nordeste,Boleto,Marketplace
100373,2026-02-09,C0143,Smartphone,Eletrônicos,1,4601.82,0.1,3589.42,PA,Norte,Cartão de débito,Online
100374,2025-06-27,C0685,Cabo USB,Acessórios,4,84.68,0,38.11,AL,Nordeste,Cartão de crédito,Marketplace
100375,2025-06-01,C2438,Cafeteira,Casa,1,1110.8,0.15,722.02,RJ,Sudeste,Cartão de crédito,Marketplace
100376,2025-11-30,C1132,Suporte para Monitor,Escritório,1,558.58,0,307.22,RO,Norte,Boleto,Online
100377,2025-06-03,C0608,Luminária,Escritório,2,266.46,0.2,138.56,ES,Sudeste,Cartão de crédito,Online
100378,2025-12-19,C1684,Liquidificador,Casa,1,434.3,0.05,273.61,PI,Nordeste,Cartão de crédito,Online
100379,2026-02-17,C0590,Aspirador,Casa,2,1101.02,0.05,737.68,RN,Nordeste,PIX,Online
100380,2026-05-02,C1101,Monitor,Eletrônicos,3,736.42,0.1,500.77,CE,Nordeste,PIX,Marketplace
100381,2025-04-11,C0934,Hub USB,Acessórios,1,294.33,0.05,161.88,TO,Norte,PIX,Marketplace
100382,2025-04-02,C0770,Luminária,Escritório,1,372.3,0.05,193.6,PI,Nordeste,PIX,Online
100383,2025-06-12,C0269,Carregador,Acessórios,1,151.36,0,75.68,GO,Centro-Oeste,Cartão de crédito,Online
100384,2025-07-25,C0237,Cafeteira,Casa,1,656.45,0.15,426.69,RO,Norte,Cartão de débito,Marketplace
100385,2026-04-21,C2069,Mesa,Escritório,1,1876.92,0.1,1276.31,BA,Nordeste,PIX,Marketplace
100386,2025-07-01,C1944,Cabo USB,Acessórios,2,47.98,0,21.59,PE,Nordeste,Cartão de crédito,Marketplace
100387,2026-01-31,C0204,Notebook,Eletrônicos,1,4502.9,0.2,3242.09,BA,Nordeste,Cartão de débito,Online
100388,2026-02-24,C2103,Aspirador,Casa,1,1225.38,0.1,821.0,SP,Sudeste,Boleto,Online
100389,2025-01-09,C0917,Headset,Eletrônicos,1,753.81,0,467.36,RO,Norte,PIX,Marketplace
100390,2025-12-24,C1881,Suporte para Monitor,Escritório,1,333.35,0.1,183.34,TO,Norte,Boleto,Online
100391,2026-06-08,C1533,Notebook,Eletrônicos,2,4578.2,0,3296.3,PA,Norte,Cartão de crédito,Marketplace
100392,2025-12-11,C1133,Smartphone,Eletrônicos,2,4445.97,0,3467.86,RO,Norte,PIX,Online
100393,2026-06-14,C0985,Mouse,Eletrônicos,3,418.28,0.1,242.6,DF,Centro-Oeste,Boleto,Marketplace
100394,2025-01-27,C2038,Mouse,Eletrônicos,5,188.96,0.05,109.6,RN,Nordeste,Cartão de crédito,Online
100395,2025-08-16,C2190,Cadeira,Escritório,2,1451.47,0.15,1016.03,PB,Nordeste,PIX,Online
100396,2025-10-28,C0400,Headset,Eletrônicos,1,705.69,0.1,437.53,MT,Centro-Oeste,Cartão de débito,Marketplace
100397,2025-08-16,C1456,Smartphone,Eletrônicos,1,4485.73,0.05,3498.87,MA,Nordeste,PIX,Marketplace
100398,2026-04-20,C0483,Liquidificador,Casa,1,535.87,0.05,337.6,DF,Centro-Oeste,Cartão de crédito,Marketplace
100399,2026-05-28,C0491,Cafeteira,Casa,3,581.67,0,378.09,MG,Sudeste,Cartão de débito,Online
100400,2025-12-17,C1677,Cafeteira,Casa,5,1092.85,0.2,710.35,PR,Sul,PIX,Online
100401,2026-05-15,C1363,Smartphone,Eletrônicos,2,1707.3,0.1,1331.69,SP,Sudeste,Boleto,Marketplace
100402,2025-06-22,C2361,Cafeteira,Casa,2,689.58,0.1,448.23,RJ,Sudeste,Cartão de débito,Marketplace
100403,2026-02-18,C1758,Luminária,Escritório,4,202.66,0,105.38,RS,Sul,PIX,Online
100404,2026-06-28,C0781,Cadeira,Escritório,1,508.25,0.1,355.77,BA,Nordeste,PIX,Marketplace
100405,2025-04-16,C1572,Mouse,Eletrônicos,1,208.57,0,120.97,MG,Sudeste,PIX,Marketplace
100406,2026-06-17,C2443,Cabo USB,Acessórios,1,54.69,0.1,24.61,PR,Sul,PIX,Marketplace
100407,2025-07-12,C0676,Mesa,Escritório,4,1869.13,0.05,1271.01,BA,Nordeste,Cartão de débito,Online
100408,2025-01-23,C2416,Cafeteira,Casa,1,323.16,0.1,210.05,RR,Norte,Cartão de crédito,Marketplace
100409,2025-02-19,C2433,Aspirador,Casa,5,1077.46,0.1,721.9,SP,Sudeste,,Online
100410,2026-03-31,C1558,Luminária,Escritório,1,160.88,0.1,83.66,RS,Sul,Cartão de crédito,Marketplace
100411,2025-04-14,C2132,Luminária,Escritório,1,273.8,0,142.38,TO,Norte,Cartão de crédito,Online
100412,2025-04-27,C0436,Liquidificador,Casa,1,412.32,0.1,259.76,TO,Norte,Cartão de débito,Marketplace
100413,2025-10-30,C0657,Luminária,Escritório,1,238.83,0,124.19,PI,Nordeste,PIX,Online
100414,2025-01-14,C0365,Notebook,Eletrônicos,3,5423.31,0.1,3904.78,PR,Sul,Cartão de crédito,Online
100415,2025-09-20,C0947,Teclado,Eletrônicos,1,784.1,0,470.46,MG,Sudeste,Cartão de crédito,Online
100416,2025-10-25,C1476,Monitor,Eletrônicos,3,1262.87,0.1,858.75,ES,Sudeste,Cartão de crédito,Online
100417,2025-06-24,C1347,Mouse,Eletrônicos,1,263.84,0.1,153.03,AC,Norte,Cartão de crédito,Marketplace
100418,2025-07-07,C0467,Cadeira,Escritório,1,2424.62,0,1697.23,RN,Nordeste,Boleto,Marketplace
100419,2025-04-26,C0543,Headset,Eletrônicos,2,193.98,0.15,120.27,SC,Sul,Cartão de crédito,Marketplace
100420,2026-03-25,C0743,Hub USB,Acessórios,2,251.42,0.1,138.28,PA,Norte,Cartão de débito,Marketplace
100421,2025-04-26,C1685,Hub USB,Acessórios,1,93.93,0.1,51.66,SP,Sudeste,Cartão de débito,Marketplace
100422,2026-06-20,C0391,Carregador,Acessórios,1,195.33,0.05,97.67,PA,Norte,Boleto,Online
100423,2025-01-12,C0643,Monitor,Eletrônicos,1,1544.72,0.05,1050.41,SC,Sul,Cartão de crédito,Marketplace
100424,2025-09-04,C1356,Cadeira,Escritório,4,600.7,0,420.49,AM,Norte,Boleto,Marketplace
100425,2025-03-22,C1881,Air Fryer,Casa,1,701.12,0,448.72,PI,Nordeste,Boleto,Marketplace
100426,2026-05-25,C0073,Teclado,Eletrônicos,1,388.64,0.05,233.18,SP,Sudeste,Cartão de crédito,Marketplace
100427,2025-07-31,C1869,Carregador,Acessórios,4,122.67,0,61.34,BA,Nordeste,Boleto,Marketplace
100428,2026-01-08,C1854,Hub USB,Acessórios,1,247.05,0,135.88,MA,Nordeste,PIX,Marketplace
100429,2026-01-18,C0436,Carregador,Acessórios,1,82.83,0,41.41,RO,Norte,Boleto,Online
100430,2025-07-20,C0769,Aspirador,Casa,1,1315.24,0,881.21,TO,Norte,Cartão de débito,Marketplace
100431,2026-03-01,C0191,Teclado,Eletrônicos,4,686.23,0.05,411.74,AP,Norte,Boleto,Marketplace
100432,2025-05-18,C2044,Carregador,Acessórios,1,197.24,0.05,98.62,AL,Nordeste,Boleto,Online
100433,2025-05-12,C0425,Headset,Eletrônicos,1,600.41,0.15,372.25,GO,Centro-Oeste,Boleto,Marketplace
100434,2025-10-08,C1630,Air Fryer,Casa,4,979.34,0.05,626.78,PR,Sul,Cartão de débito,Marketplace
100435,2025-11-03,C2244,Carregador,Acessórios,3,192.37,0.15,96.19,AM,Norte,Cartão de débito,Online
100436,2025-10-25,C1415,Cafeteira,Casa,4,332.67,0.1,216.24,SC,Sul,PIX,Online
100437,2026-05-07,C2388,Mesa,Escritório,2,1467.45,0.05,997.87,AC,Norte,PIX,Marketplace
100438,2026-06-20,C0437,Notebook,Eletrônicos,1,3008.64,0.1,2166.22,RS,Sul,PIX,Online
100439,2025-09-14,C0600,Liquidificador,Casa,3,451.49,0,284.44,AP,Norte,Cartão de crédito,Marketplace
100440,2025-04-15,C2302,Cabo USB,Acessórios,3,79.39,0.05,35.73,BA,Nordeste,PIX,Online
100441,2026-02-01,C1707,Suporte para Monitor,Escritório,4,587.91,0,323.35,MT,Centro-Oeste,Cartão de crédito,Online
100442,2025-07-27,C1815,Aspirador,Casa,3,1389.36,0.1,930.87,AM,Norte,PIX,Online
100443,2025-10-29,C1839,Cafeteira,Casa,1,882.66,0,573.73,SC,Sul,Cartão de crédito,Marketplace
100444,2026-03-15,C1144,Monitor,Eletrônicos,2,934.12,0.05,635.2,PE,Nordeste,Cartão de crédito,Marketplace
100445,2025-06-08,C0164,Cabo USB,Acessórios,1,45.81,0,20.61,AM,Norte,PIX,Marketplace
100446,2025-03-16,C1302,Mesa,Escritório,1,1931.18,0.05,1313.2,RR,Norte,Cartão de débito,Marketplace
100447,2025-04-05,C1432,Suporte para Monitor,Escritório,1,206.68,0,113.67,PB,Nordeste,PIX,Online
100448,2026-05-02,C2300,Carregador,Acessórios,3,246.23,0,123.11,PA,Norte,PIX,Marketplace
100449,2025-09-07,C0164,Air Fryer,Casa,2,524.66,0.15,335.78,ES,Sudeste,Boleto,Marketplace
100450,2025-01-26,C2118,Liquidificador,Casa,3,299.98,0.1,188.99,SE,Nordeste,Boleto,Online
100451,2025-07-17,C1313,Liquidificador,Casa,1,575.14,0,362.34,AP,Norte,Cartão de crédito,Online
100452,2025-08-07,C1738,Cafeteira,Casa,3,405.58,0.1,263.63,AC,Norte,Boleto,Online
100453,2025-01-25,C1881,Mouse,Eletrônicos,2,95.91,0,55.63,SC,Sul,PIX,Online
100454,2025-09-22,C1670,Air Fryer,Casa,1,741.15,0.05,474.34,SP,Sudeste,Boleto,Online
100455,2025-03-06,C2399,Notebook,Eletrônicos,1,5468.88,0.05,3937.59,GO,Centro-Oeste,Cartão de crédito,Marketplace
100456,2025-03-30,C1154,Liquidificador,Casa,2,330.08,0.05,207.95,PA,Norte,Cartão de crédito,Marketplace
100457,2025-08-14,C0559,Headset,Eletrônicos,2,747.58,0.1,463.5,CE,Nordeste,Cartão de débito,Marketplace
100458,2025-01-12,C2268,Mesa,Escritório,3,626.2,0,425.82,MS,Centro-Oeste,Boleto,Online
100459,2025-08-04,C1409,Liquidificador,Casa,1,554.7,0.15,349.46,PR,Sul,Cartão de débito,Online
100460,2025-09-16,C0796,Air Fryer,Casa,1,769.68,0.05,492.6,MG,Sudeste,Boleto,Online
100461,2025-03-10,C1027,Liquidificador,Casa,1,468.28,0.05,295.02,MA,Nordeste,PIX,Online
100462,2025-04-13,C1168,Air Fryer,Casa,2,930.08,0,595.25,SE,Nordeste,PIX,Marketplace
100463,2026-01-09,C1296,Mouse,Eletrônicos,4,150.83,0,87.48,RR,Norte,Cartão de débito,Marketplace
100464,2026-01-04,C0551,Aspirador,Casa,2,664.45,0.05,445.18,SE,Nordeste,PIX,Marketplace
100465,2025-04-22,C0720,Hub USB,Acessórios,2,98.03,0,53.92,TO,Norte,Cartão de débito,Online
100466,2025-03-20,C0309,Aspirador,Casa,3,1311.98,0.1,879.03,TO,Norte,Boleto,Online
100467,2025-09-24,C2227,Monitor,Eletrônicos,3,1671.42,0.1,1136.57,PR,Sul,PIX,Marketplace
100468,2025-10-25,C0549,Air Fryer,Casa,1,657.29,0.05,420.67,GO,Centro-Oeste,Cartão de crédito,Online
100469,2026-06-11,C0575,Headset,Eletrônicos,1,284.36,0.15,176.3,PA,Norte,Cartão de débito,Marketplace
100470,2025-02-11,C0897,Mesa,Escritório,2,770.8,0,524.14,BA,Nordeste,Cartão de crédito,Online
100471,2026-01-05,C1590,Carregador,Acessórios,1,140.93,0,70.47,AM,Norte,PIX,Online
100472,2025-10-08,C1079,Carregador,Acessórios,2,164.03,0.05,82.02,RN,Nordeste,PIX,Online
100473,2025-09-15,C1542,Carregador,Acessórios,4,94.58,0.05,47.29,TO,Norte,PIX,Marketplace
100474,2025-01-07,C2056,Hub USB,Acessórios,3,176.78,0,97.23,GO,Centro-Oeste,PIX,Online
100475,2025-07-11,C0645,Mouse,Eletrônicos,1,381.27,0,221.14,BA,Nordeste,Boleto,Marketplace
100476,2026-05-09,C1962,Teclado,Eletrônicos,1,513.55,0.1,308.13,AL,Nordeste,,Online
100477,2025-05-11,C2350,Monitor,Eletrônicos,2,942.5,0.05,640.9,MS,Centro-Oeste,Cartão de débito,Online
100478,2025-09-22,C0738,Headset,Eletrônicos,1,454.09,0.2,281.54,AM,Norte,Cartão de crédito,Marketplace
100479,2025-08-10,C1840,Smartphone,Eletrônicos,2,2885.65,0.05,2250.81,BA,Nordeste,Boleto,Online
100480,2026-06-08,C1084,Headset,Eletrônicos,1,664.19,0.15,411.8,DF,Centro-Oeste,Cartão de crédito,Online
100481,2026-01-30,C0542,Suporte para Monitor,Escritório,1,201.17,0.15,110.64,GO,Centro-Oeste,Boleto,Online
100482,2025-07-01,C1950,Teclado,Eletrônicos,3,519.87,0.15,311.92,MT,Centro-Oeste,Cartão de crédito,Online
100483,2025-05-14,C2472,Hub USB,Acessórios,1,80.26,0.15,44.14,PA,Norte,Boleto,Marketplace
100484,2025-02-14,C2171,Mesa,Escritório,1,1901.47,0.05,1293.0,AP,Norte,Boleto,Marketplace
100485,2026-03-12,C0549,Teclado,Eletrônicos,1,636.1,0.15,381.66,RJ,Sudeste,PIX,Marketplace
100486,2025-07-13,C0023,Aspirador,Casa,2,1236.78,0.05,828.64,ES,Sudeste,Cartão de crédito,Marketplace
100487,2025-11-20,C1675,Cafeteira,Casa,1,354.78,0.1,230.61,PE,Nordeste,PIX,Marketplace
100488,2025-10-10,C1628,Mesa,Escritório,2,1061.17,0.1,721.6,PI,Nordeste,Cartão de débito,Marketplace
100489,2025-09-17,C1257,Hub USB,Acessórios,2,250.32,0.05,137.68,PR,Sul,Cartão de crédito,Online
100490,2025-06-15,C0411,Cabo USB,Acessórios,1,52.04,0,23.42,MT,Centro-Oeste,Cartão de crédito,Online
100491,2025-01-06,C0374,Suporte para Monitor,Escritório,3,335.83,0.1,184.71,RJ,Sudeste,Cartão de crédito,Marketplace
100492,2026-01-15,C0328,Air Fryer,Casa,2,807.15,0.15,516.58,RN,Nordeste,PIX,Online
100493,2026-05-22,C1799,Headset,Eletrônicos,1,787.93,0.15,488.52,GO,Centro-Oeste,PIX,Online
100494,2026-06-07,C2113,Monitor,Eletrônicos,2,1807.34,0.1,1228.99,PB,Nordeste,Cartão de débito,Online
100495,2025-03-30,C1131,Headset,Eletrônicos,2,414.85,0.05,257.21,MS,Centro-Oeste,Cartão de débito,Online
100496,2025-04-03,C2252,Smartphone,Eletrônicos,1,4319.06,0.15,3368.87,PB,Nordeste,PIX,Marketplace
100497,2025-07-19,C1863,Air Fryer,Casa,4,702.43,0,449.56,AL,Nordeste,Cartão de crédito,Online
100498,2025-10-29,C1393,Carregador,Acessórios,4,210.59,0.2,105.3,MT,Centro-Oeste,PIX,Marketplace
100499,2026-05-11,C0997,Suporte para Monitor,Escritório,2,580.62,0.05,319.34,SE,Nordeste,Cartão de crédito,Marketplace
100500,2025-09-22,C0277,Teclado,Eletrônicos,1,652.06,0,391.24,RO,Norte,Cartão de débito,Marketplace
100501,2025-12-28,C2116,Luminária,Escritório,1,304.26,0,158.22,CE,Nordeste,Cartão de crédito,Marketplace
100502,2025-03-19,C2272,Cadeira,Escritório,4,1453.11,0.05,1017.18,MS,Centro-Oeste,PIX,Online
100503,2026-05-26,C0818,Cafeteira,Casa,1,442.06,0,287.34,BA,Nordeste,Cartão de débito,Online
100504,2025-06-09,C0437,Mesa,Escritório,1,525.58,0.2,357.39,PI,Nordeste,Cartão de crédito,Online
100505,2026-01-16,C1292,Hub USB,Acessórios,1,296.78,0.15,163.23,PE,Nordeste,Boleto,Online
100506,2025-10-14,C1630,Carregador,Acessórios,1,165.33,0,82.67,RR,Norte,Boleto,Marketplace
100507,2026-05-30,C1423,Monitor,Eletrônicos,1,1935.41,0,1316.08,ES,Sudeste,Boleto,Marketplace
100508,2025-01-13,C0864,Notebook,Eletrônicos,1,2852.62,0.05,2053.89,PE,Nordeste,Cartão de débito,Marketplace
100509,2025-10-03,C1931,Air Fryer,Casa,4,540.17,0,345.71,AL,Nordeste,Cartão de débito,Marketplace
100510,2026-01-09,C1641,Mesa,Escritório,1,687.82,0,467.72,MS,Centro-Oeste,Cartão de débito,Online
100511,2025-08-30,C2275,Aspirador,Casa,1,726.1,0,486.49,AC,Norte,Cartão de débito,Marketplace
100512,2025-06-30,C1727,Notebook,Eletrônicos,1,5984.47,0.1,4308.82,GO,Centro-Oeste,PIX,Marketplace
100513,2025-09-14,C2303,Liquidificador,Casa,3,142.9,0,90.03,SC,Sul,Cartão de crédito,Online
100514,2026-05-03,C0395,Aspirador,Casa,1,668.32,0.05,447.77,MT,Centro-Oeste,PIX,Marketplace
100515,2026-02-26,C0497,Notebook,Eletrônicos,1,4878.55,0.1,3512.56,MS,Centro-Oeste,Cartão de débito,Marketplace
100516,2025-11-29,C2091,Mesa,Escritório,1,1578.44,0.15,1073.34,RN,Nordeste,PIX,Marketplace
100517,2025-06-21,C1382,Mouse,Eletrônicos,1,337.17,0.05,195.56,RJ,Sudeste,Cartão de crédito,Online
100518,2025-08-22,C1285,Cadeira,Escritório,1,1082.71,0,757.9,AM,Norte,Boleto,Marketplace
100519,2026-01-07,C2405,Cabo USB,Acessórios,1,56.02,0,25.21,SP,Sudeste,Cartão de débito,Online
100520,2025-03-23,C0863,Aspirador,Casa,1,378.76,0,253.77,PI,Nordeste,Cartão de crédito,Online
100521,2026-06-21,C0341,Suporte para Monitor,Escritório,1,409.05,0,224.98,RN,Nordeste,PIX,Online
100522,2025-10-18,C1816,Air Fryer,Casa,2,391.89,0.1,250.81,SP,Sudeste,Cartão de crédito,Marketplace
100523,2026-05-03,C1914,Cadeira,Escritório,4,1581.17,0,1106.82,SE,Nordeste,Cartão de débito,Online
100524,2026-03-22,C2145,Cabo USB,Acessórios,2,62.7,0.15,28.22,PI,Nordeste,Cartão de débito,Online
100525,2025-11-12,C1499,Cabo USB,Acessórios,1,32.46,0,14.61,GO,Centro-Oeste,Cartão de débito,Marketplace
100526,2026-04-26,C2192,Liquidificador,Casa,1,562.6,0.15,354.44,PI,Nordeste,PIX,Online
100527,2025-10-27,C2446,Luminária,Escritório,1,82.31,0.05,42.8,AL,Nordeste,Boleto,Marketplace
100528,2025-06-17,C1597,Air Fryer,Casa,3,454.41,0,290.82,AM,Norte,Cartão de débito,Marketplace
100529,2026-06-29,C1102,Liquidificador,Casa,1,529.67,0,333.69,CE,Nordeste,Cartão de crédito,Marketplace
100530,2025-10-06,C2016,Cabo USB,Acessórios,1,21.55,0,9.7,MT,Centro-Oeste,Cartão de crédito,Online
100531,2025-10-16,C1103,Teclado,Eletrônicos,1,406.89,0,244.13,RJ,Sudeste,Cartão de débito,Online
100532,2025-08-11,C1401,Hub USB,Acessórios,1,252.86,0.05,139.07,PB,Nordeste,Boleto,Online
100533,2025-03-24,C0599,Cadeira,Escritório,1,2051.31,0,1435.92,PI,Nordeste,Cartão de débito,Online
100534,2026-01-26,C0052,Aspirador,Casa,1,1210.18,0,810.82,AP,Norte,Boleto,Online
100535,2025-07-23,C1888,Monitor,Eletrônicos,2,869.13,0.1,591.01,RS,Sul,Boleto,Marketplace
100536,2025-11-27,C0650,Liquidificador,Casa,2,140.25,0.15,88.36,GO,Centro-Oeste,Cartão de crédito,Marketplace
100537,2025-11-02,C0814,Hub USB,Acessórios,1,91.46,0.1,50.3,ES,Sudeste,Cartão de débito,Marketplace
100538,2025-01-16,C0686,Cadeira,Escritório,2,1669.39,0.05,1168.57,BA,Nordeste,Cartão de crédito,Online
100539,2025-06-08,C1522,Hub USB,Acessórios,2,134.72,0.05,74.1,PA,Norte,PIX,Online
100540,2025-12-31,C0631,Monitor,Eletrônicos,2,2124.64,0,1444.76,BA,Nordeste,PIX,Marketplace
100541,2025-07-17,C0088,Cabo USB,Acessórios,2,48.65,0,21.89,MG,Sudeste,Boleto,Marketplace
100542,2026-05-17,C0778,Liquidificador,Casa,2,380.94,0,239.99,SE,Nordeste,PIX,Online
100543,2026-06-28,C0635,Smartphone,Eletrônicos,1,4277.67,0.05,3336.58,SE,Nordeste,Cartão de crédito,Marketplace
100544,2025-01-20,C1492,Headset,Eletrônicos,2,329.09,0.1,204.04,PA,Norte,Boleto,Online
100545,2026-05-25,C2259,Carregador,Acessórios,1,106.63,0.05,53.31,MA,Nordeste,Cartão de crédito,Online
100546,2025-03-10,C0180,Carregador,Acessórios,3,75.95,0.15,37.98,RS,Sul,Cartão de crédito,Marketplace
100547,2025-04-12,C0131,Cafeteira,Casa,2,1036.3,0.1,673.6,GO,Centro-Oeste,PIX,Online
100548,2025-08-15,C2482,Mesa,Escritório,2,420.94,0.15,286.24,AM,Norte,Boleto,Online
100549,2025-03-04,C1479,Cabo USB,Acessórios,2,95.06,0.05,42.78,PB,Nordeste,Cartão de crédito,Marketplace
100550,2025-02-11,C0289,Carregador,Acessórios,3,65.59,0,32.8,GO,Centro-Oeste,Cartão de crédito,Online
100551,2026-06-29,C1579,Air Fryer,Casa,1,668.33,0,427.73,AM,Norte,Cartão de débito,Marketplace
100552,2026-01-02,C1879,Teclado,Eletrônicos,2,398.95,0,239.37,RR,Norte,Cartão de débito,Marketplace
100553,2025-12-12,C0648,Carregador,Acessórios,1,169.98,0.15,84.99,MA,Nordeste,PIX,Marketplace
100554,2026-03-17,C1325,Luminária,Escritório,2,260.21,0,135.31,AP,Norte,PIX,Marketplace
100555,2026-04-04,C1627,Cabo USB,Acessórios,1,22.77,0,10.25,SP,Sudeste,Cartão de débito,Marketplace
100556,2025-11-04,C0909,Notebook,Eletrônicos,1,3602.17,0.1,2593.56,RO,Norte,PIX,Online
100557,2025-02-08,C1886,Teclado,Eletrônicos,1,196.89,0.05,118.13,MS,Centro-Oeste,Cartão de débito,Online
100558,2025-11-04,C0377,Aspirador,Casa,2,961.33,0,644.09,RJ,Sudeste,PIX,Marketplace
100559,2026-05-15,C2361,Headset,Eletrônicos,3,221.52,0.1,137.34,MG,Sudeste,Boleto,Online
100560,2025-12-09,C1426,Monitor,Eletrônicos,3,1481.75,0.15,1007.59,ES,Sudeste,Cartão de débito,Online
100561,2025-02-25,C1249,Suporte para Monitor,Escritório,1,259.66,0.05,142.81,MA,Nordeste,Cartão de débito,Online
100562,2026-02-07,C1826,Monitor,Eletrônicos,2,1735.46,0,1180.11,AL,Nordeste,PIX,Marketplace
100563,2025-05-16,C1377,Mouse,Eletrônicos,1,320.01,0,185.61,RN,Nordeste,PIX,Online
100564,2026-05-29,C1780,Suporte para Monitor,Escritório,2,165.19,0,90.85,MT,Centro-Oeste,Cartão de débito,Marketplace
100565,2025-07-20,C2299,Suporte para Monitor,Escritório,2,467.83,0,257.31,RJ,Sudeste,PIX,Marketplace
100566,2025-04-02,C0461,Cadeira,Escritório,2,1347.08,0,942.96,MA,Nordeste,PIX,Online
100567,2025-06-23,C1433,Liquidificador,Casa,2,595.28,0.05,375.03,PR,Sul,Boleto,Online
100568,2025-07-24,C1532,Air Fryer,Casa,1,809.94,0,518.36,AC,Norte,Cartão de crédito,Online
100569,2025-10-22,C0057,Mouse,Eletrônicos,1,417.8,0,242.32,PI,Nordeste,Cartão de crédito,Marketplace
100570,2025-08-05,C0835,Cafeteira,Casa,1,950.36,0.05,617.73,DF,Centro-Oeste,Cartão de débito,Online
100571,2026-06-24,C0179,Suporte para Monitor,Escritório,1,130.06,0,71.53,RO,Norte,PIX,Online
100572,2025-01-09,C0273,Cabo USB,Acessórios,1,41.7,0.15,18.77,PA,Norte,PIX,Online
100573,2025-10-27,C1584,Notebook,Eletrônicos,1,3832.45,0.2,2759.36,ES,Sudeste,PIX,Marketplace
100574,2025-07-10,C0815,Smartphone,Eletrônicos,1,2831.95,0.15,2208.92,SP,Sudeste,Cartão de crédito,Online
100575,2025-11-09,C1367,Carregador,Acessórios,1,198.88,0,99.44,PA,Norte,PIX,Marketplace
100576,2025-08-30,C2054,Liquidificador,Casa,1,149.76,0,94.35,RN,Nordeste,Cartão de crédito,Marketplace
100577,2025-06-05,C1400,Air Fryer,Casa,3,759.85,0,486.3,RN,Nordeste,Cartão de débito,Marketplace
100578,2025-06-06,C1747,Air Fryer,Casa,4,936.81,0,599.56,MT,Centro-Oeste,Cartão de débito,Online
100579,2025-07-27,C0566,Mouse,Eletrônicos,1,376.16,0.05,218.17,PR,Sul,Boleto,Online
100580,2025-11-22,C0278,Headset,Eletrônicos,2,861.45,0,534.1,MA,Nordeste,Cartão de débito,Online
100581,2026-02-28,C1685,Cadeira,Escritório,1,1991.22,0.1,1393.85,AM,Norte,PIX,Online
100582,2025-04-20,C0539,Cafeteira,Casa,1,962.45,0.1,625.59,PE,Nordeste,Cartão de débito,Online
100583,2025-01-27,C1472,Air Fryer,Casa,1,845.88,0,541.36,DF,Centro-Oeste,Boleto,Marketplace
100584,2026-02-01,C2013,Headset,Eletrônicos,1,272.84,0,169.16,AL,Nordeste,Cartão de crédito,Marketplace
100585,2025-08-16,C0831,Luminária,Escritório,2,101.16,0.15,52.6,SE,Nordeste,Boleto,Marketplace
100586,2025-09-10,C1752,Cabo USB,Acessórios,1,23.35,0.1,10.51,RN,Nordeste,PIX,Marketplace
100587,2025-02-09,C2133,Carregador,Acessórios,1,141.38,0.15,70.69,BA,Nordeste,Boleto,Online
100588,2026-06-13,C0202,Suporte para Monitor,Escritório,1,319.78,0.15,175.88,AP,Norte,PIX,Marketplace
100589,2026-03-09,C1206,Headset,Eletrônicos,2,190.91,0.05,118.36,PR,Sul,Boleto,Marketplace
100590,2026-05-28,C0464,Smartphone,Eletrônicos,1,3341.79,0.15,2606.6,MT,Centro-Oeste,Cartão de débito,Marketplace
100591,2025-11-28,C1847,Luminária,Escritório,1,225.18,0.15,117.09,RS,Sul,Boleto,Online
100592,2025-11-28,C0672,Aspirador,Casa,2,404.43,0,270.97,SE,Nordeste,PIX,Online
100593,2026-01-29,C2096,Carregador,Acessórios,2,81.98,0.05,40.99,MG,Sudeste,Cartão de débito,Marketplace
100594,2025-06-16,C0593,Mouse,Eletrônicos,1,379.06,0.05,219.85,CE,Nordeste,Boleto,Marketplace
100595,2025-05-01,C0539,Headset,Eletrônicos,4,152.65,0.1,94.64,SP,Sudeste,Boleto,Marketplace
100596,2025-01-06,C2491,Hub USB,Acessórios,3,132.33,0.05,72.78,PI,Nordeste,Boleto,Marketplace
100597,2025-03-23,C2463,Cabo USB,Acessórios,2,39.58,0.05,17.81,DF,Centro-Oeste,Cartão de débito,Online
100598,2025-06-01,C0226,Headset,Eletrônicos,2,177.54,0.15,110.07,PA,Norte,PIX,Marketplace
100599,2025-02-20,C0447,Smartphone,Eletrônicos,1,1712.99,0.1,1336.13,DF,Centro-Oeste,Cartão de débito,Marketplace
100600,2025-02-06,C0382,Mesa,Escritório,2,916.51,0.15,623.23,TO,Norte,Cartão de crédito,Marketplace
100601,2025-10-27,C1929,Smartphone,Eletrônicos,1,3778.48,0,2947.21,GO,Centro-Oeste,Boleto,Online
100602,2025-03-01,C0448,Cafeteira,Casa,2,1179.35,0.05,766.58,RJ,Sudeste,,Marketplace
100603,2025-11-21,C1064,Luminária,Escritório,1,398.41,0.05,207.17,PR,Sul,Boleto,Marketplace
100604,2025-07-04,C2497,Hub USB,Acessórios,1,143.91,0,79.15,ES,Sudeste,Cartão de crédito,Marketplace
100605,2025-08-01,C1699,Teclado,Eletrônicos,1,333.65,0.05,200.19,AM,Norte,Cartão de débito,Online
100606,2025-10-16,C1043,Cafeteira,Casa,2,507.77,0.05,330.05,MA,Nordeste,Cartão de crédito,Online
100607,2025-12-16,C1623,Cadeira,Escritório,2,1731.99,0,1212.39,SC,Sul,Cartão de débito,Marketplace
100608,2026-05-06,C1944,Cadeira,Escritório,2,1791.3,0.05,1253.91,AM,Norte,Boleto,Marketplace
100609,2026-02-28,C0230,Cabo USB,Acessórios,3,43.95,0.1,19.78,MA,Nordeste,Cartão de crédito,Online
100610,2025-12-29,C0272,Cadeira,Escritório,4,1060.92,0,742.64,RN,Nordeste,Cartão de débito,Marketplace
100611,2025-04-30,C1263,Headset,Eletrônicos,2,385.87,0,239.24,AL,Nordeste,Cartão de crédito,Marketplace
100612,2026-01-16,C1852,Air Fryer,Casa,3,511.84,0.05,327.58,SC,Sul,Cartão de crédito,Marketplace
100613,2025-07-26,C0380,Monitor,Eletrônicos,1,744.88,0.05,506.52,GO,Centro-Oeste,Cartão de débito,Online
100614,2026-05-11,C2145,Cadeira,Escritório,1,1154.68,0.1,808.28,ES,Sudeste,Cartão de débito,Online
100615,2026-04-16,C1588,Monitor,Eletrônicos,2,1640.22,0,1115.35,MG,Sudeste,Cartão de crédito,Marketplace
100616,2025-02-17,C0423,Cabo USB,Acessórios,1,72.72,0,32.72,MS,Centro-Oeste,PIX,Online
100617,2025-07-25,C0789,Cadeira,Escritório,1,1564.55,0.1,1095.18,PA,Norte,,Marketplace
100618,2025-06-11,C1121,Mouse,Eletrônicos,1,482.49,0.05,279.84,ES,Sudeste,Cartão de débito,Marketplace
100619,2025-10-05,C0580,Cadeira,Escritório,4,2108.01,0.05,1475.61,SC,Sul,Cartão de crédito,Marketplace
100620,2026-03-31,C0208,Cadeira,Escritório,1,1441.47,0.1,1009.03,ES,Sudeste,Boleto,Online
100621,2026-03-13,C1606,Smartphone,Eletrônicos,1,3384.49,0.05,2639.9,TO,Norte,Boleto,Marketplace
100622,2025-12-07,C0812,Liquidificador,Casa,2,442.02,0.05,278.47,AP,Norte,Boleto,Online
100623,2026-04-25,C0399,Smartphone,Eletrônicos,1,3737.91,0.1,2915.57,SE,Nordeste,Boleto,Online
100624,2025-05-28,C1057,Air Fryer,Casa,3,574.45,0.1,367.65,PA,Norte,PIX,Marketplace
100625,2026-05-15,C0124,Cabo USB,Acessórios,1,29.03,0.05,13.06,SC,Sul,PIX,Marketplace
100626,2026-06-05,C0422,Mouse,Eletrônicos,1,379.99,0,220.39,MT,Centro-Oeste,Cartão de crédito,Marketplace
100627,2026-02-15,C2419,Cabo USB,Acessórios,1,69.67,0.05,31.35,PI,Nordeste,Boleto,Online
100628,2025-08-02,C2421,Cadeira,Escritório,1,2460.41,0.05,1722.29,MA,Nordeste,Cartão de débito,Online
100629,2026-05-14,C0469,Smartphone,Eletrônicos,2,2851.63,0.05,2224.27,TO,Norte,Boleto,Online
100630,2026-02-20,C0286,Liquidificador,Casa,2,449.04,0.05,282.9,TO,Norte,Boleto,Marketplace
100631,2025-03-04,C0371,Hub USB,Acessórios,1,110.56,0.05,60.81,AP,Norte,Cartão de crédito,Online
100632,2026-04-09,C2177,Mouse,Eletrônicos,1,338.54,0.05,196.35,RS,Sul,PIX,Marketplace
100633,2026-03-22,C1411,Liquidificador,Casa,5,399.71,0.1,251.82,GO,Centro-Oeste,Boleto,Online
100634,2025-03-05,C1513,Liquidificador,Casa,3,584.59,0,368.29,MT,Centro-Oeste,PIX,Online
100635,2025-02-01,C0964,Liquidificador,Casa,1,403.28,0.1,254.07,RO,Norte,Boleto,Marketplace
100636,2026-03-22,C2233,Suporte para Monitor,Escritório,1,186.71,0,102.69,MT,Centro-Oeste,Boleto,Marketplace
100637,2025-06-07,C1182,Luminária,Escritório,5,294.42,0,153.1,RJ,Sudeste,Cartão de crédito,Online
100638,2026-03-24,C0557,Hub USB,Acessórios,1,221.29,0.05,121.71,SE,Nordeste,Boleto,Online
100639,2026-06-06,C1738,Cabo USB,Acessórios,2,56.0,0.05,25.2,SC,Sul,Boleto,Online
100640,2025-08-31,C2056,Hub USB,Acessórios,1,283.84,0.05,156.11,MG,Sudeste,Cartão de crédito,Marketplace
100641,2025-04-26,C2377,Mesa,Escritório,1,1504.8,0,1023.26,AC,Norte,PIX,Marketplace
100642,2025-03-22,C2144,Carregador,Acessórios,3,67.69,0.05,33.84,AC,Norte,Cartão de crédito,Marketplace
100643,2025-12-18,C2192,Monitor,Eletrônicos,2,1543.96,0.05,1049.89,PI,Nordeste,PIX,Marketplace
100644,2025-10-29,C1185,Mesa,Escritório,1,1512.08,0.05,1028.21,CE,Nordeste,PIX,Online
100645,2025-06-23,C2347,Hub USB,Acessórios,1,297.88,0.1,163.83,DF,Centro-Oeste,Cartão de crédito,Marketplace
100646,2025-03-26,C0520,Hub USB,Acessórios,1,267.32,0,147.03,PR,Sul,PIX,Marketplace
100647,2025-01-15,C0457,Aspirador,Casa,2,1387.66,0.1,929.73,PA,Norte,Boleto,Marketplace
100648,2025-09-25,C0968,Headset,Eletrônicos,1,749.53,0.15,464.71,MA,Nordeste,Cartão de crédito,Online
100649,2026-05-23,C1692,Mouse,Eletrônicos,2,179.94,0.05,104.37,AM,Norte,Cartão de débito,Online
100650,2025-02-25,C1083,Mesa,Escritório,2,585.59,0,398.2,RN,Nordeste,Boleto,Marketplace
100651,2026-06-30,C0958,Hub USB,Acessórios,1,235.23,0.05,129.38,PR,Sul,Boleto,Online
100652,2026-04-05,C1565,Liquidificador,Casa,2,581.65,0.1,366.44,MG,Sudeste,Cartão de crédito,Marketplace
100653,2025-10-07,C1373,Luminária,Escritório,1,336.74,0,175.1,MS,Centro-Oeste,Boleto,Marketplace
100654,2025-07-19,C2130,Air Fryer,Casa,1,783.19,0,501.24,MT,Centro-Oeste,Cartão de crédito,Online
100655,2025-01-13,C1685,Smartphone,Eletrônicos,1,1415.63,0.05,1104.19,BA,Nordeste,PIX,Marketplace
100656,2025-02-04,C0098,Cafeteira,Casa,2,256.88,0.05,166.97,TO,Norte,Cartão de débito,Online
100657,2025-03-30,C2477,Teclado,Eletrônicos,1,559.48,0.15,335.69,MS,Centro-Oeste,Cartão de débito,Online
100658,2025-09-17,C1207,Headset,eletronicos,1,852.14,0.1,528.33,PE,Nordeste,,Marketplace
100659,2025-06-15,C0304,Aspirador,Casa,1,327.98,0.05,219.75,MG,Sudeste,PIX,Marketplace
100660,2026-03-28,C0285,Headset,Eletrônicos,1,846.44,0.1,524.79,SC,Sul,Boleto,Online
100661,2026-03-18,C0895,Mouse,Eletrônicos,2,124.62,0.05,72.28,PE,Nordeste,Cartão de crédito,Online
100662,2025-03-14,C2341,Smartphone,Eletrônicos,2,4108.95,0,3204.98,PI,Nordeste,Cartão de débito,Online
100663,2026-02-04,C1092,Monitor,Eletrônicos,1,1293.7,0.05,879.72,SP,Sudeste,Boleto,Marketplace
100664,2026-02-18,C0288,Luminária,Escritório,1,81.06,0.2,42.15,TO,Norte,Boleto,Online
100665,2025-12-08,C1241,Mesa,Escritório,1,1411.64,0.2,959.92,RJ,Sudeste,PIX,Marketplace
100666,2026-04-16,C1188,Smartphone,Eletrônicos,2,1706.47,0,1331.05,RN,Nordeste,Cartão de débito,Marketplace
100667,2025-04-20,C1472,Suporte para Monitor,Escritório,1,542.61,0.05,298.44,RS,Sul,Cartão de débito,Online
100668,2025-01-26,C2429,Cafeteira,Casa,1,588.77,0.1,382.7,AM,Norte,PIX,Marketplace
100669,2025-01-17,C0152,Cabo USB,Acessórios,1,47.02,0.1,21.16,RN,Nordeste,Cartão de crédito,Online
100670,2026-04-15,C2198,Carregador,Acessórios,1,165.87,0.15,82.94,MG,Sudeste,Cartão de débito,Marketplace
100671,2026-04-28,C0188,Notebook,Eletrônicos,1,4770.75,0,3434.94,AM,Norte,Cartão de crédito,Marketplace
100672,2026-04-13,C0700,Teclado,Eletrônicos,3,144.77,0.1,86.86,ES,Sudeste,Boleto,Online
100673,2025-07-27,C1746,Smartphone,Eletrônicos,1,4343.58,0.1,3387.99,RN,Nordeste,PIX,Online
100674,2025-11-26,C0874,Mouse,Eletrônicos,2,329.1,0,190.88,ES,Sudeste,PIX,Online
100675,2025-06-22,C1516,Luminária,Escritório,2,220.37,0.15,114.59,MG,Sudeste,Cartão de débito,Online
100676,2025-06-11,C0065,Suporte para Monitor,Escritório,3,140.36,0,77.2,RJ,Sudeste,PIX,Marketplace
100677,2025-05-10,C0845,Hub USB,Acessórios,1,139.61,0.05,76.79,BA,Nordeste,Cartão de débito,Online
100678,2026-05-27,C0361,Headset,Eletrônicos,2,736.94,0,456.9,SP,Sudeste,Cartão de débito,Online
100679,2026-06-27,C0392,Teclado,Eletrônicos,2,703.91,0.2,422.35,GO,Centro-Oeste,Cartão de débito,Marketplace
100680,2025-10-11,C0218,Cafeteira,Casa,1,996.61,0.1,647.8,PI,Nordeste,Boleto,Online
100681,2025-02-14,C0222,Headset,Eletrônicos,2,363.8,0.05,225.56,MA,Nordeste,Boleto,Online
100682,2025-02-23,C2202,Teclado,Eletrônicos,1,649.84,0.05,389.9,ES,Sudeste,Cartão de crédito,Online
100683,2025-11-30,C1717,Cabo USB,Acessórios,1,74.15,0,33.37,AP,Norte,Cartão de crédito,Marketplace
100684,2025-04-11,C0972,Air Fryer,Casa,2,908.92,0.05,581.71,BA,Nordeste,Cartão de crédito,Marketplace
100685,2025-02-25,C1786,Hub USB,Acessórios,1,284.14,0.05,156.28,RN,Nordeste,PIX,Online
100686,2025-07-18,C1469,Cabo USB,Acessórios,4,36.18,0,16.28,RO,Norte,Cartão de crédito,Marketplace
100687,2025-04-24,C1907,Mouse,Eletrônicos,1,151.9,0,88.1,CE,Nordeste,Cartão de débito,Online
100688,2025-03-30,C1687,Air Fryer,Casa,3,642.45,0.2,411.17,MS,Centro-Oeste,Boleto,Marketplace
100689,2025-01-15,C1754,Aspirador,Casa,2,558.32,0,374.07,MS,Centro-Oeste,Cartão de débito,Online
100690,2026-03-04,C0182,Notebook,Eletrônicos,1,4147.28,0.1,2986.04,MG,Sudeste,Boleto,Marketplace
100691,2025-04-11,C1854,Hub USB,Acessórios,1,98.28,0.1,54.05,RO,Norte,Boleto,Online
100692,2026-01-03,C1212,Mouse,Eletrônicos,1,499.56,0,289.74,PA,Norte,PIX,Online
100693,2025-01-25,C1864,Cabo USB,Acessórios,1,31.09,0.1,13.99,SC,Sul,PIX,Marketplace
100694,2025-03-14,C1577,Notebook,Eletrônicos,3,3665.17,0,2638.92,AL,Nordeste,PIX,Online
100695,2025-12-10,C0225,Smartphone,Eletrônicos,1,4640.02,0.05,3619.22,MG,Sudeste,Cartão de crédito,Marketplace
100696,2026-04-22,C0168,Mesa,Escritório,1,680.43,0.05,462.69,RJ,Sudeste,Cartão de débito,Online
100697,2025-09-02,C2211,Cadeira,Escritório,1,1456.99,0.15,1019.89,MS,Centro-Oeste,Cartão de débito,Online
100698,2025-12-28,C1096,Cadeira,Escritório,1,1345.86,0,942.1,PB,Nordeste,PIX,Marketplace
100699,2026-05-29,C2158,Hub USB,Acessórios,3,183.44,0.05,100.89,TO,Norte,PIX,Marketplace
100700,2025-03-09,C0772,Mesa,Escritório,3,1132.6,0,770.17,SC,Sul,PIX,Online
100701,2025-06-18,C1131,Teclado,Eletrônicos,1,203.57,0,122.14,RS,Sul,Cartão de crédito,Marketplace
100702,2025-05-16,C1942,Luminária,Escritório,1,222.04,0.1,115.46,CE,Nordeste,,Online
100703,2025-08-26,C2129,Notebook,Eletrônicos,2,3940.92,0,2837.46,AM,Norte,PIX,Marketplace
100704,2026-04-01,C1876,Carregador,Acessórios,1,76.39,0.1,38.2,SC,Sul,PIX,Online
100705,2026-01-16,C1181,Hub USB,Acessórios,2,90.41,0.05,49.73,SE,Nordeste,Cartão de débito,Online
100706,2025-07-06,C0719,Liquidificador,Casa,3,452.57,0.1,285.12,PR,Sul,Cartão de débito,Online
100707,2025-02-12,C1297,Teclado,Eletrônicos,2,408.62,0.05,245.17,RS,Sul,Cartão de crédito,Marketplace
100708,2025-06-01,C1528,Mesa,Escritório,1,1960.75,0.05,1333.31,ES,Sudeste,Cartão de crédito,Marketplace
100709,2025-05-29,C1877,Hub USB,Acessórios,4,114.33,0.2,62.88,MT,Centro-Oeste,PIX,Marketplace
100710,2025-10-24,C2350,Hub USB,Acessórios,2,255.91,0.1,140.75,SE,Nordeste,PIX,Online
100711,2025-02-11,C0572,Hub USB,Acessórios,2,105.71,0,58.14,DF,Centro-Oeste,Cartão de débito,Marketplace
100712,2025-04-05,C1337,Mesa,Escritório,1,1426.1,0.05,969.75,BA,Nordeste,PIX,Online
100713,2025-03-27,C2206,Notebook,Eletrônicos,3,4869.72,0.2,3506.2,GO,Centro-Oeste,Boleto,Online
100714,2025-11-22,C2471,Hub USB,Acessórios,2,287.55,0.15,158.15,PB,Nordeste,Boleto,Online
100715,2026-01-14,C1582,Luminária,Escritório,1,171.09,0.05,88.97,SE,Nordeste,Cartão de crédito,Online
100716,2026-03-02,C1813,Cabo USB,Acessórios,1,84.45,0.2,38.0,AL,Nordeste,,Online
100717,2025-05-28,C0852,Smartphone,Eletrônicos,1,4953.53,0.05,3863.75,MA,Nordeste,Cartão de crédito,Marketplace
100718,2025-01-07,C1678,Smartphone,Eletrônicos,2,2093.32,0,1632.79,SE,Nordeste,Cartão de débito,Online
100719,2026-01-26,C1186,Headset,Eletrônicos,2,181.67,0.1,112.64,TO,Norte,PIX,Marketplace
100720,2025-08-18,C0110,Cabo USB,Acessórios,2,32.32,0,14.54,AM,Norte,Boleto,Online
100721,2026-03-04,C0735,Liquidificador,Casa,1,450.16,0,283.6,ES,Sudeste,PIX,Marketplace
100722,2026-01-06,C2381,Smartphone,Eletrônicos,1,2744.27,0,2140.53,PA,Norte,Boleto,Online
100723,2026-06-09,C2357,Mesa,Escritório,1,815.26,0.05,554.38,PR,Sul,PIX,Marketplace
100724,2026-01-01,C0669,Mouse,Eletrônicos,1,231.69,0.1,134.38,PB,Nordeste,Cartão de crédito,Marketplace
100725,2026-06-27,C0315,Liquidificador,Casa,1,487.89,0,307.37,ES,Sudeste,Cartão de débito,Marketplace
100726,2025-11-05,C1112,Cadeira,Escritório,2,1876.69,0,1313.68,MS,Centro-Oeste,PIX,Online
100727,2025-05-21,C2123,Notebook,Eletrônicos,1,5225.83,0.05,3762.6,SC,Sul,Cartão de crédito,Online
100728,2026-05-31,C0906,Mouse,Eletrônicos,3,413.94,0.05,240.09,RO,Norte,Cartão de crédito,Marketplace
100729,2025-03-20,C0478,Cabo USB,Acessórios,3,93.87,0.05,42.24,CE,Nordeste,PIX,Online
100730,2026-06-20,C1402,Cabo USB,Acessórios,1,44.37,0.1,19.97,ES,Sudeste,Cartão de débito,Online
100731,2025-08-21,C1260,Mouse,Eletrônicos,1,134.69,0,78.12,RO,Norte,Cartão de crédito,Online
100732,2026-05-11,C1767,Notebook,Eletrônicos,1,2877.36,0.1,2071.7,GO,Centro-Oeste,Cartão de crédito,Marketplace
100733,2025-09-17,C0178,Teclado,Eletrônicos,1,567.31,0.1,340.39,RR,Norte,Cartão de crédito,Online
100734,2025-07-09,C1440,Cafeteira,Casa,1,345.56,0.1,224.61,PE,Nordeste,PIX,Marketplace
100735,2026-05-28,C0991,Headset,Eletrônicos,1,201.25,0.1,124.78,AP,Norte,Cartão de crédito,Online
100736,2025-10-16,C0704,Cafeteira,Casa,3,737.13,0.2,479.13,ES,Sudeste,Cartão de débito,Marketplace
100737,2025-07-09,C1801,Mesa,Escritório,2,571.72,0.1,388.77,RN,Nordeste,Boleto,Online
100738,2025-08-22,C1670,Carregador,Acessórios,1,246.92,0,123.46,ES,Sudeste,Cartão de débito,Marketplace
100739,2025-10-23,C2283,Mesa,Escritório,2,531.6,0.05,361.49,RN,Nordeste,PIX,Marketplace
100740,2026-03-31,C0926,Liquidificador,Casa,2,259.48,0.15,163.47,RS,Sul,Cartão de crédito,Marketplace
100741,2025-07-03,C0053,Mesa,Escritório,5,1186.64,0,806.92,SE,Nordeste,Cartão de crédito,Online
100742,2026-02-09,C1641,Mouse,Eletrônicos,2,490.58,0.1,284.54,SC,Sul,Cartão de crédito,Marketplace
100743,2025-12-13,C0821,Cafeteira,Casa,2,1190.66,0,773.93,TO,Norte,Boleto,Marketplace
100744,2025-10-07,C1640,Aspirador,Casa,1,1083.35,0.2,725.84,PI,Nordeste,PIX,Online
100745,2025-04-21,C0501,Cabo USB,Acessórios,1,59.78,0.1,26.9,PR,Sul,Cartão de crédito,Online
100746,2025-03-11,C2041,Monitor,Eletrônicos,2,2449.73,0.05,1665.82,PA,Norte,PIX,Online
100747,2025-04-09,C0314,Liquidificador,Casa,2,369.58,0.05,232.84,SE,Nordeste,Cartão de débito,Marketplace
100748,2026-05-18,C2068,Hub USB,Acessórios,1,155.6,0.15,85.58,MT,Centro-Oeste,Cartão de crédito,Online
100749,2025-05-02,C1572,Luminária,Escritório,1,352.92,0.05,183.52,MG,Sudeste,Cartão de crédito,Online
100750,2025-06-18,C2014,Liquidificador,Casa,1,269.98,0.05,170.09,AP,Norte,Cartão de crédito,Marketplace
100751,2026-05-03,C2303,Hub USB,Acessórios,3,191.47,0.05,105.31,PI,Nordeste,Boleto,Marketplace
100752,2025-11-25,C0252,Liquidificador,Casa,1,141.66,0.1,89.25,PB,Nordeste,Cartão de crédito,Marketplace
100753,2025-04-10,C1754,Suporte para Monitor,Escritório,1,278.68,0.05,153.27,PA,Norte,Cartão de débito,Online
100754,2025-11-16,C2428,Air Fryer,Casa,1,781.59,0.15,500.22,ES,Sudeste,PIX,Online
100755,2025-11-30,C0154,Notebook,Eletrônicos,1,5521.79,0.05,3975.69,AL,Nordeste,PIX,Online
100756,2025-01-23,C1297,Hub USB,Acessórios,1,165.87,0.05,91.23,RR,Norte,Boleto,Online
100757,2025-12-11,C2035,Cafeteira,Casa,1,964.9,0,627.19,DF,Centro-Oeste,PIX,Marketplace
100758,2025-07-26,C2036,Luminária,Escritório,2,391.71,0,203.69,MT,Centro-Oeste,Cartão de débito,Marketplace
100759,2025-02-18,C1218,Aspirador,Casa,5,752.53,0,504.2,AC,Norte,Cartão de crédito,Online
100760,2025-10-07,C0276,Cadeira,Escritório,2,1562.13,0.05,1093.49,PB,Nordeste,Cartão de crédito,Marketplace
100761,2025-11-04,C1774,Carregador,Acessórios,2,112.67,0.05,56.34,PE,Nordeste,Boleto,Online
100762,2026-06-13,C0765,Notebook,Eletrônicos,2,3245.33,0.2,2336.64,AC,Norte,Boleto,Marketplace
100763,2025-03-03,C2140,Luminária,Escritório,1,228.0,0,118.56,AC,Norte,PIX,Marketplace
100764,2025-11-23,C0264,Luminária,Escritório,2,350.71,0,182.37,CE,Nordeste,Cartão de débito,Marketplace
100765,2026-02-20,C0977,Air Fryer,Casa,1,434.34,0,277.98,TO,Norte,PIX,Marketplace
100766,2026-03-23,C1729,Hub USB,Acessórios,2,88.14,0,48.48,PR,Sul,Cartão de crédito,Marketplace
100767,2025-06-30,C0173,Aspirador,Casa,4,857.3,0,574.39,RJ,Sudeste,PIX,Marketplace
100768,2026-02-21,C1489,Smartphone,Eletrônicos,2,4542.88,0.05,3543.45,TO,Norte,Cartão de débito,Online
100769,2026-05-28,C0495,Teclado,Eletrônicos,1,680.29,0.15,408.17,GO,Centro-Oeste,PIX,Marketplace
100770,2025-09-01,C2457,Smartphone,Eletrônicos,1,4226.75,0,3296.87,MS,Centro-Oeste,Boleto,Online
100771,2025-08-12,C0591,Luminária,Escritório,1,148.51,0,77.23,AL,Nordeste,PIX,Online
100772,2026-01-19,C0463,Hub USB,Acessórios,1,173.23,0.1,95.28,PE,Nordeste,Cartão de débito,Marketplace
100773,2026-01-12,C1263,Hub USB,Acessórios,1,292.7,0.1,160.99,TO,Norte,Cartão de crédito,Online
100774,2026-01-29,C1267,Aspirador,Casa,2,1125.77,0.15,754.27,PA,Norte,Cartão de crédito,Online
100775,2026-02-02,C0033,Cabo USB,Acessórios,3,51.44,0.2,23.15,PE,Nordeste,PIX,Online
100776,2025-11-01,C0862,Air Fryer,Casa,3,412.16,0.05,263.78,MA,Nordeste,Boleto,Online
100777,2025-03-24,C2014,Aspirador,Casa,1,766.2,0.1,513.35,RO,Norte,Boleto,Online
100778,2025-09-25,C2074,Headset,Eletrônicos,1,465.65,0.1,288.7,MT,Centro-Oeste,PIX,Marketplace
100779,2025-02-23,C0753,Notebook,Eletrônicos,2,5268.57,0,3793.37,RN,Nordeste,Cartão de débito,Marketplace
100780,2025-03-26,C0454,Cadeira,Escritório,1,1532.73,0.2,1072.91,TO,Norte,Cartão de débito,Marketplace
100781,2026-04-08,C1960,Cadeira,Escritório,3,767.02,0,536.91,MS,Centro-Oeste,PIX,Marketplace
100782,2025-03-28,C1698,Cafeteira,Casa,1,593.49,0.05,385.77,TO,Norte,Cartão de débito,Online
100783,2025-08-23,C0365,Notebook,Eletrônicos,4,3193.93,0.1,2299.63,SC,Sul,Cartão de crédito,Marketplace
100784,2025-09-24,C0612,Luminária,Escritório,1,197.73,0.15,102.82,ES,Sudeste,Cartão de crédito,Marketplace
100785,2026-05-22,C0486,Cabo USB,Acessórios,1,36.25,0.15,16.31,TO,Norte,PIX,Marketplace
100786,2026-01-27,C0534,Hub USB,Acessórios,1,125.45,0,69.0,TO,Norte,PIX,Online
100787,2025-07-04,C1674,Luminária,Escritório,2,89.21,0.2,46.39,BA,Nordeste,Boleto,Online
100788,2026-04-15,C0352,Mesa,Escritório,1,613.13,0,416.93,RO,Norte,Boleto,Online
100789,2026-03-10,C2447,Suporte para Monitor,Escritório,1,147.64,0,81.2,MA,Nordeste,Cartão de débito,Marketplace
100790,2025-02-16,C0022,Mesa,Escritório,1,1391.45,0,946.19,RN,Nordeste,PIX,Online
100791,2025-07-03,C1067,Monitor,Eletrônicos,1,1587.11,0,1079.23,SE,Nordeste,Cartão de débito,Online
100792,2026-06-28,C1774,Cadeira,Escritório,1,733.68,0,513.58,PR,Sul,Boleto,Marketplace
100793,2026-03-17,C1159,Mesa,Escritório,3,821.15,0.1,558.38,PE,Nordeste,PIX,Marketplace
100794,2025-11-20,C2013,Headset,Eletrônicos,2,263.45,0.15,163.34,PA,Norte,Boleto,Online
100795,2025-06-02,C0224,Cafeteira,Casa,1,235.86,0,153.31,RO,Norte,Boleto,Marketplace
100796,2026-05-22,C0168,Teclado,Eletrônicos,1,792.17,0.05,475.3,SE,Nordeste,Boleto,Online
100797,2025-05-07,C1432,Mouse,Eletrônicos,1,444.63,0,257.89,SC,Sul,PIX,Online
100798,2026-06-23,C2338,Notebook,Eletrônicos,1,5721.45,0,4119.44,PI,Nordeste,Cartão de crédito,Marketplace
100799,2025-10-19,C0500,Notebook,Eletrônicos,1,4566.18,0.2,3287.65,TO,Norte,PIX,Online
100800,2025-03-25,C1886,Notebook,Eletrônicos,3,4808.39,0.05,3462.04,PE,Nordeste,Cartão de crédito,Marketplace
100801,2026-04-09,C1331,Monitor,Eletrônicos,4,2499.68,0.15,1699.78,RR,Norte,Cartão de débito,Online
100802,2025-10-17,C1324,Monitor,Eletrônicos,2,2038.84,0.05,1386.41,DF,Centro-Oeste,Boleto,Online
100803,2025-09-19,C0730,Suporte para Monitor,Escritório,1,485.44,0.05,266.99,SP,Sudeste,Cartão de débito,Online
100804,2026-02-17,C1168,Suporte para Monitor,Escritório,2,577.22,0,317.47,CE,Nordeste,Boleto,Marketplace
100805,2025-05-15,C1471,Liquidificador,Casa,2,519.39,0.05,327.22,PI,Nordeste,Boleto,Marketplace
100806,2025-10-02,C2307,Hub USB,Acessórios,2,99.85,0.05,54.92,PB,Nordeste,Cartão de débito,Marketplace
100807,2025-04-06,C0166,Luminária,Escritório,1,391.45,0.1,203.55,AM,Norte,Cartão de débito,Marketplace
100808,2026-06-22,C0344,Carregador,Acessórios,1,137.47,0.15,68.73,PI,Nordeste,PIX,Online
100809,2025-11-04,C1019,Mouse,Eletrônicos,1,204.1,0,118.38,RJ,Sudeste,Cartão de crédito,Online
100810,2026-03-12,C1692,Carregador,Acessórios,1,182.17,0.05,91.08,PE,Nordeste,PIX,Marketplace
100811,2026-05-31,C0067,Smartphone,Eletrônicos,1,3646.31,0,2844.12,SC,Sul,Boleto,Online
100812,2026-03-03,C1220,Smartphone,Eletrônicos,1,3896.38,0.1,3039.18,SE,Nordeste,PIX,Marketplace
100813,2025-08-05,C0759,Headset,Eletrônicos,1,886.64,0,549.72,PA,Norte,Cartão de crédito,Marketplace
100814,2025-01-06,C1618,Notebook,Eletrônicos,1,3101.07,0.05,2232.77,RO,Norte,Boleto,Marketplace
100815,2026-01-05,C1618,Liquidificador,Casa,3,162.06,0,102.1,RS,Sul,Cartão de crédito,Online
100816,2025-01-28,C0858,Cafeteira,Casa,1,345.15,0,224.35,TO,Norte,Cartão de débito,Online
100817,2026-04-20,C0607,Liquidificador,Casa,1,130.47,0,82.2,PR,Sul,Boleto,Marketplace
100818,2025-01-21,C1842,Hub USB,Acessórios,2,124.29,0.05,68.36,TO,Norte,Boleto,Online
100819,2025-01-09,C0421,Cadeira,Escritório,2,1926.19,0.2,1348.33,PI,Nordeste,PIX,Online
100820,2026-02-14,C1992,Hub USB,Acessórios,1,239.42,0.15,131.68,TO,Norte,Boleto,Online
100821,2026-06-25,C0078,Monitor,Eletrônicos,1,1268.53,0,862.6,AM,Norte,Boleto,Marketplace
100822,2026-05-22,C1421,Teclado,Eletrônicos,1,405.36,0,243.22,AC,Norte,Cartão de débito,Marketplace
100823,2026-03-25,C0951,Mesa,Escritório,1,1340.25,0.1,911.37,DF,Centro-Oeste,Boleto,Online
100824,2026-02-04,C1708,Liquidificador,Casa,3,443.09,0.1,279.15,RR,Norte,Boleto,Online
100825,2025-10-17,C0354,Cafeteira,Casa,2,329.1,0,213.92,DF,Centro-Oeste,Boleto,Online
100826,2026-05-21,C1244,Luminária,Escritório,1,258.19,0.2,134.26,PB,Nordeste,PIX,Marketplace
100827,2025-06-28,C2063,Headset,Eletrônicos,1,197.75,0.05,122.61,DF,Centro-Oeste,Cartão de débito,Online
100828,2026-05-14,C1057,Air Fryer,Casa,5,849.42,0.1,543.63,AP,Norte,PIX,Online
100829,2025-04-17,C0207,Carregador,Acessórios,4,137.57,0.05,68.78,TO,Norte,Cartão de crédito,Online
100830,2025-02-12,C2078,Teclado,Eletrônicos,1,540.95,0.15,324.57,PB,Nordeste,Cartão de débito,Marketplace
100831,2026-06-03,C2042,Cabo USB,Acessórios,2,27.94,0.1,12.57,MA,Nordeste,Cartão de débito,Online
100832,2026-03-26,C1703,Cafeteira,Casa,2,206.59,0.1,134.28,PI,Nordeste,PIX,Marketplace
100833,2025-06-25,C0350,Carregador,Acessórios,1,193.04,0.05,96.52,AM,Norte,Cartão de débito,Online
100834,2026-03-08,C0935,Carregador,Acessórios,1,135.76,0.15,67.88,SE,Nordeste,PIX,Online
100835,2025-05-30,C0041,Cabo USB,Acessórios,2,61.39,0,27.63,MA,Nordeste,PIX,Marketplace
100836,2026-03-21,C0252,Headset,Eletrônicos,1,177.82,0.15,110.25,PR,Sul,Cartão de crédito,Marketplace
100837,2026-02-16,C2268,Luminária,Escritório,3,310.9,0,161.67,PB,Nordeste,Cartão de crédito,Marketplace
100838,2025-05-31,C1655,Carregador,Acessórios,1,91.03,0.05,45.52,RR,Norte,Boleto,Marketplace
100839,2025-07-22,C1236,Suporte para Monitor,Escritório,1,368.72,0.05,202.8,AC,Norte,Cartão de débito,Marketplace
100840,2025-04-06,C2096,Cafeteira,Casa,2,721.34,0.1,468.87,SC,Sul,Cartão de crédito,Online
100841,2025-09-05,C1245,Aspirador,Casa,2,1483.69,0,994.07,MG,Sudeste,PIX,Marketplace
100842,2025-12-29,C0508,Carregador,Acessórios,1,180.19,0,90.09,CE,Nordeste,,Marketplace
100843,2025-08-30,C2383,Cadeira,Escritório,2,2288.68,0.1,1602.08,MT,Centro-Oeste,Cartão de débito,Marketplace
100844,2025-10-19,C2347,Liquidificador,Casa,2,462.89,0.05,291.62,BA,Nordeste,Cartão de crédito,Marketplace
100845,2025-07-17,C1480,Carregador,Acessórios,1,79.31,0.05,39.66,AL,Nordeste,Cartão de crédito,Online
100846,2026-03-12,C0533,Monitor,Eletrônicos,1,1503.1,0.05,1022.11,GO,Centro-Oeste,Boleto,Marketplace
100847,2026-05-26,C1735,Aspirador,Casa,5,1111.27,0.15,744.55,AC,Norte,Boleto,Online
100848,2026-06-02,C0521,Mouse,Eletrônicos,1,272.24,0.2,157.9,GO,Centro-Oeste,Cartão de crédito,Online
100849,2026-04-30,C0134,Cabo USB,Acessórios,2,95.53,0.05,42.99,ES,Sudeste,Boleto,Online
100850,2026-01-14,C2342,Teclado,Eletrônicos,1,465.94,0,279.56,CE,Nordeste,PIX,Marketplace
100851,2026-05-13,C0115,Liquidificador,Casa,2,188.23,0.05,118.58,MG,Sudeste,PIX,Marketplace
100852,2025-07-07,C2003,Cafeteira,Casa,1,747.54,0,485.9,MG,Sudeste,Boleto,Marketplace
100853,2026-04-09,C1384,Liquidificador,Casa,2,348.11,0.1,219.31,DF,Centro-Oeste,Cartão de débito,Online
100854,2026-04-17,C1843,Carregador,Acessórios,2,79.8,0.1,39.9,RJ,Sudeste,Boleto,Marketplace
100855,2026-02-09,C1389,Air Fryer,Casa,1,970.66,0.15,621.22,AC,Norte,PIX,Online
100856,2025-01-26,C2343,Headset,Eletrônicos,2,728.7,0,451.79,AM,Norte,Cartão de crédito,Online
100857,2025-02-24,C2336,Cafeteira,Casa,1,950.56,0.05,617.86,SP,Sudeste,Cartão de crédito,Online
100858,2025-10-09,C0843,Notebook,Eletrônicos,1,4969.66,0.15,3578.16,SE,Nordeste,Cartão de crédito,Marketplace
100859,2025-02-16,C2014,Suporte para Monitor,Escritório,3,111.63,0.05,61.4,AL,Nordeste,Cartão de crédito,Marketplace
100860,2025-09-21,C0373,Suporte para Monitor,Escritório,1,149.67,0,82.32,PR,Sul,Cartão de débito,Marketplace
100861,2025-06-07,C1257,Smartphone,Eletrônicos,4,3714.43,0,2897.26,MA,Nordeste,Cartão de débito,Online
100862,2025-11-02,C1598,Monitor,Eletrônicos,1,956.43,0.15,650.37,PE,Nordeste,Boleto,Online
100863,2025-07-27,C0982,Monitor,Eletrônicos,2,1754.85,0.05,1193.3,AP,Norte,Boleto,Online
100864,2025-03-04,C1304,Aspirador,Casa,1,758.85,0.05,508.43,AL,Nordeste,Cartão de débito,Online
100865,2025-04-14,C1009,Aspirador,Casa,2,1064.44,0,713.17,MS,Centro-Oeste,Boleto,Marketplace
100866,2026-05-28,C0834,Smartphone,Eletrônicos,2,1569.47,0.05,1224.19,SC,Sul,Cartão de débito,Marketplace
100867,2025-02-12,C0005,Cabo USB,Acessórios,3,96.89,0.1,43.6,AM,Norte,Cartão de débito,Online
100868,2026-05-09,C1120,Monitor,Eletrônicos,2,2211.08,0.05,1503.53,PB,Nordeste,Cartão de débito,Marketplace
100869,2025-06-15,C2188,Monitor,Eletrônicos,2,1241.15,0.05,843.98,ES,Sudeste,Cartão de débito,Marketplace
100870,2025-08-04,C2068,Luminária,Escritório,4,181.86,0.1,94.57,MA,Nordeste,PIX,Marketplace
100871,2025-09-09,C1318,Aspirador,Casa,1,824.75,0.05,552.58,SP,Sudeste,Cartão de débito,Online
100872,2025-01-05,C0040,Hub USB,Acessórios,2,170.9,0.15,94.0,RO,Norte,Boleto,Marketplace
100873,2025-03-21,C2207,Smartphone,Eletrônicos,1,4328.34,0.1,3376.11,PA,Norte,Cartão de crédito,Marketplace
100874,2026-01-02,C1585,Suporte para Monitor,Escritório,1,483.98,0.1,266.19,SP,Sudeste,Cartão de crédito,Marketplace
100875,2025-07-17,C1821,Mesa,Escritório,1,1589.03,0.1,1080.54,PA,Norte,PIX,Online
100876,2025-11-07,C0906,Smartphone,Eletrônicos,1,2975.23,0.05,2320.68,PE,Nordeste,Boleto,Online
100877,2025-07-20,C1623,Notebook,Eletrônicos,1,3470.72,0.05,2498.92,SC,Sul,Cartão de débito,Online
100878,2025-05-12,C0267,Smartphone,Eletrônicos,1,4734.25,0.15,3692.72,GO,Centro-Oeste,PIX,Online
100879,2026-06-30,C1036,Notebook,Eletrônicos,2,5590.86,0,4025.42,AL,Nordeste,Cartão de crédito,Marketplace
100880,2026-02-21,C1123,Luminária,Escritório,1,245.85,0.05,127.84,GO,Centro-Oeste,Cartão de crédito,Online
100881,2025-10-12,C1721,Monitor,Eletrônicos,1,1269.24,0.05,863.08,MA,Nordeste,Cartão de crédito,Online
100882,2026-03-10,C0305,Air Fryer,Casa,3,437.81,0,280.2,RJ,Sudeste,Cartão de crédito,Online
100883,2026-03-19,C0099,Hub USB,Acessórios,2,217.79,0,119.78,PE,Nordeste,Cartão de débito,Online
100884,2025-09-02,C1396,Hub USB,Acessórios,3,260.76,0.05,143.42,BA,Nordeste,Cartão de crédito,Marketplace
100885,2026-04-03,C2372,Teclado,Eletrônicos,1,782.17,0.15,469.3,RN,Nordeste,PIX,Online
100886,2025-03-05,C1811,Mouse,Eletrônicos,1,336.51,0.05,195.18,ES,Sudeste,Cartão de crédito,Online
100887,2026-01-26,C1646,Liquidificador,Casa,1,480.94,0,302.99,DF,Centro-Oeste,Cartão de crédito,Marketplace
100888,2026-04-21,C1754,Suporte para Monitor,Escritório,3,409.62,0,225.29,PA,Norte,Cartão de crédito,Marketplace
100889,2025-12-03,C2408,Carregador,Acessórios,1,70.54,0.05,35.27,RJ,Sudeste,Cartão de débito,Online
100890,2025-09-20,C1456,Carregador,Acessórios,1,194.92,0.05,97.46,BA,Nordeste,Cartão de débito,Online
100891,2025-05-11,C1277,Monitor,Eletrônicos,2,1623.63,0.1,1104.07,PB,Nordeste,PIX,Online
100892,2026-04-26,C1265,Mouse,Eletrônicos,2,202.25,0.2,117.3,GO,Centro-Oeste,Cartão de débito,Online
100893,2026-06-04,C2292,Air Fryer,Casa,3,595.44,0,381.08,RS,Sul,Cartão de débito,Online
100894,2025-07-13,C1949,Cadeira,Escritório,2,2463.85,0.05,1724.69,MA,Nordeste,PIX,Marketplace
100895,2025-12-03,C0665,Luminária,Escritório,1,360.35,0.15,187.38,PI,Nordeste,Cartão de débito,Online
100896,2025-08-24,C1911,Air Fryer,Casa,2,467.31,0.1,299.08,TO,Norte,PIX,Marketplace
100897,2026-02-14,C0755,Cafeteira,Casa,3,206.73,0,134.37,PB,Nordeste,Cartão de crédito,Online
100898,2025-10-25,C1804,Mouse,Eletrônicos,1,325.99,0.1,189.07,MG,Sudeste,Cartão de crédito,Online
100899,2025-10-18,C0714,Cafeteira,Casa,1,462.0,0,300.3,MT,Centro-Oeste,Cartão de débito,Online
100900,2025-01-23,C0722,Cafeteira,Casa,3,1110.65,0,721.92,PA,Norte,Cartão de débito,Marketplace
100901,2025-12-13,C0862,Teclado,Eletrônicos,1,268.1,0.1,160.86,PA,Norte,Cartão de débito,Marketplace
100902,2025-05-02,C0592,Smartphone,Eletrônicos,3,1523.18,0,1188.08,MT,Centro-Oeste,Boleto,Marketplace
100903,2026-03-16,C1002,Cadeira,Escritório,4,2026.16,0.05,1418.31,MT,Centro-Oeste,PIX,Online
100904,2025-09-11,C0219,Cadeira,Escritório,2,1060.15,0,742.11,GO,Centro-Oeste,Boleto,Online
100905,2026-04-27,C0266,Smartphone,Eletrônicos,1,2552.46,0.15,1990.92,AP,Norte,PIX,Marketplace
100906,2026-04-21,C0734,Carregador,Acessórios,1,124.78,0.1,62.39,RO,Norte,Boleto,Marketplace
100907,2026-02-15,C2392,Aspirador,Casa,2,509.0,0.15,341.03,SE,Nordeste,Cartão de débito,Marketplace
100908,2025-11-10,C1741,Cafeteira,Casa,3,771.37,0.15,501.39,PB,Nordeste,PIX,Online
100909,2025-03-28,C1209,Mouse,Eletrônicos,1,227.66,0.05,132.04,SE,Nordeste,PIX,Marketplace
100910,2026-04-24,C1772,Cabo USB,Acessórios,1,84.36,0,37.96,RN,Nordeste,Cartão de crédito,Online
100911,2025-08-28,C1088,Cabo USB,Acessórios,2,48.73,0,21.93,TO,Norte,Cartão de crédito,Marketplace
100912,2025-04-11,C0486,Air Fryer,Casa,1,326.8,0,209.15,RS,Sul,PIX,Marketplace
100913,2025-10-09,C0781,Liquidificador,Casa,2,599.04,0.2,377.4,AP,Norte,PIX,Online
100914,2025-10-16,C1420,Liquidificador,Casa,2,313.83,0.05,197.71,MS,Centro-Oeste,Cartão de crédito,Marketplace
100915,2025-06-02,C1629,Carregador,Acessórios,1,194.67,0,97.33,BA,Nordeste,Boleto,Marketplace
100916,2025-03-29,C1283,Cadeira,Escritório,3,1357.59,0.15,950.31,AL,Nordeste,Cartão de débito,Marketplace
100917,2025-01-31,C1535,Cabo USB,Acessórios,1,89.9,0,40.46,AC,Norte,Cartão de crédito,Marketplace
100918,2025-12-14,C0924,Mesa,Escritório,1,1497.22,0.05,1018.11,AP,Norte,PIX,Marketplace
100919,2025-02-02,C0570,Notebook,Eletrônicos,1,5834.23,0,4200.65,AM,Norte,Boleto,Marketplace
100920,2026-02-05,C0261,Cafeteira,Casa,1,388.34,0,252.42,MS,Centro-Oeste,Boleto,Marketplace
100921,2025-06-25,C0428,Smartphone,Eletrônicos,2,1710.54,0.1,1334.22,DF,Centro-Oeste,Boleto,Online
100922,2025-07-23,C0285,Headset,Eletrônicos,3,439.42,0,272.44,CE,Nordeste,Cartão de crédito,Marketplace
100923,2026-01-13,C2124,Monitor,Eletrônicos,1,1288.19,0.15,875.97,RN,Nordeste,Cartão de débito,Online
100924,2026-03-05,C1959,Mouse,Eletrônicos,2,243.38,0.15,141.16,RS,Sul,Cartão de débito,Online
100925,2026-03-19,C1945,Liquidificador,Casa,1,396.04,0,249.51,RS,Sul,Boleto,Marketplace
100926,2025-01-08,C0585,Cafeteira,Casa,1,1024.58,0.1,665.98,BA,Nordeste,PIX,Marketplace
100927,2026-04-19,C2360,Cabo USB,Acessórios,1,27.29,0.1,12.28,SE,Nordeste,PIX,Marketplace
100928,2025-06-29,C1701,Suporte para Monitor,Escritório,1,549.98,0.1,302.49,SE,Nordeste,Boleto,Online
100929,2026-02-07,C0179,Teclado,Eletrônicos,1,709.38,0,425.63,AM,Norte,PIX,Online
100930,2026-05-21,C1685,Cafeteira,Casa,5,752.82,0.2,489.33,RJ,Sudeste,Cartão de crédito,Marketplace
100931,2026-04-07,C0676,Luminária,Escritório,1,241.94,0.05,125.81,RJ,Sudeste,Boleto,Marketplace
100932,2026-02-13,C0797,Cadeira,Escritório,1,521.47,0,365.03,PR,Sul,PIX,Marketplace
100933,2026-04-18,C0280,Hub USB,Acessórios,1,224.54,0.1,123.5,SE,Nordeste,Cartão de débito,Marketplace
100934,2025-06-15,C0699,Aspirador,Casa,3,1008.74,0,675.86,ES,Sudeste,Boleto,Online
100935,2025-01-12,C1120,Smartphone,Eletrônicos,1,2432.35,0,1897.23,MG,Sudeste,Cartão de débito,Marketplace
100936,2026-06-20,C0422,Monitor,Eletrônicos,1,1254.98,0,853.39,SP,Sudeste,Cartão de crédito,Marketplace
100937,2025-09-13,C1535,Cafeteira,Casa,3,399.99,0,259.99,SP,Sudeste,Cartão de crédito,Marketplace
100938,2025-03-06,C0904,Cafeteira,Casa,4,296.6,0.1,192.79,PA,Norte,Cartão de débito,Online
100939,2026-03-02,C2100,Monitor,Eletrônicos,1,1288.85,0.05,876.42,RS,Sul,Cartão de débito,Marketplace
100940,2025-05-04,C0952,Luminária,Escritório,1,194.1,0,100.93,RN,Nordeste,PIX,Online
100941,2025-08-06,C1880,Suporte para Monitor,Escritório,1,428.98,0,235.94,DF,Centro-Oeste,PIX,Online
100942,2025-08-12,C1684,Smartphone,Eletrônicos,1,3395.48,0.2,2648.47,ES,Sudeste,Cartão de débito,Marketplace
100943,2025-11-29,C1592,Teclado,Eletrônicos,2,780.66,0.1,468.4,MA,Nordeste,Cartão de débito,Marketplace
100944,2025-03-11,C1373,Hub USB,Acessórios,1,280.66,0.05,154.36,GO,Centro-Oeste,Cartão de débito,Online
100945,2025-01-22,C0509,Air Fryer,Casa,1,816.54,0.1,522.59,DF,Centro-Oeste,Cartão de crédito,Online
100946,2026-01-19,C2043,Mouse,Eletrônicos,1,143.7,0,83.35,MG,Sudeste,Cartão de débito,Marketplace
100947,2025-05-18,C1140,Cadeira,Escritório,1,2073.94,0,1451.76,RR,Norte,Boleto,Marketplace
100948,2025-08-23,C1357,Notebook,Eletrônicos,1,3220.36,0,2318.66,PA,Norte,Cartão de débito,Online
100949,2026-06-18,C1318,Suporte para Monitor,Escritório,1,414.89,0,228.19,PI,Nordeste,Cartão de crédito,Online
100950,2025-05-25,C0837,Monitor,Eletrônicos,1,1012.62,0.05,688.58,RR,Norte,Cartão de débito,Online
100951,2025-03-22,C1746,Carregador,Acessórios,2,112.29,0.1,56.15,BA,Nordeste,Boleto,Online
100952,2025-11-07,C1169,Air Fryer,Casa,2,977.41,0,625.54,RR,Norte,Boleto,Online
100953,2026-02-12,C1548,Mesa,Escritório,1,1106.2,0.05,752.22,AC,Norte,Boleto,Online
100954,2025-01-21,C1563,Hub USB,Acessórios,1,98.31,0.15,54.07,CE,Nordeste,Cartão de débito,Online
100955,2026-01-25,C1900,Aspirador,Casa,1,604.03,0.05,404.7,PI,Nordeste,Cartão de crédito,Marketplace
100956,2026-04-26,C0802,Mouse,Eletrônicos,1,159.64,0,92.59,GO,Centro-Oeste,PIX,Marketplace
100957,2026-03-02,C1617,Suporte para Monitor,Escritório,4,286.57,0.05,157.61,AM,Norte,Cartão de crédito,Marketplace
100958,2025-05-08,C1577,Monitor,Eletrônicos,4,992.25,0.1,674.73,PE,Nordeste,PIX,Marketplace
100959,2025-03-01,C1579,Mesa,Escritório,4,1577.06,0,1072.4,MG,Sudeste,PIX,Online
100960,2025-09-25,C2480,Mouse,Eletrônicos,1,366.05,0,212.31,DF,Centro-Oeste,Cartão de débito,Online
100961,2025-04-05,C1575,Teclado,Eletrônicos,1,510.31,0.15,306.19,GO,Centro-Oeste,Cartão de débito,Marketplace
100962,2026-03-14,C1036,Headset,Eletrônicos,2,525.49,0.05,325.8,RN,Nordeste,PIX,Marketplace
100963,2025-04-22,C2346,Smartphone,Eletrônicos,2,2377.57,0,1854.5,AC,Norte,Cartão de débito,Marketplace
100964,2025-01-07,C0690,Liquidificador,Casa,3,120.76,0,76.08,RO,Norte,Boleto,Marketplace
100965,2026-03-18,C0699,Liquidificador,Casa,1,209.47,0,131.97,PI,Nordeste,Cartão de débito,Online
100966,2025-08-06,C0761,Cabo USB,Acessórios,1,79.99,0.1,36.0,RS,Sul,PIX,Marketplace
100967,2025-04-22,C0681,Cabo USB,Acessórios,1,26.86,0,12.09,RJ,Sudeste,PIX,Online
100968,2026-05-05,C1988,Air Fryer,Casa,2,370.57,0,237.16,AP,Norte,Cartão de crédito,Online
100969,2025-08-05,C2140,Teclado,Eletrônicos,2,362.97,0.05,217.78,AP,Norte,PIX,Marketplace
100970,2025-12-12,C2476,Hub USB,Acessórios,1,161.57,0.15,88.86,MA,Nordeste,Cartão de débito,Marketplace
100971,2026-01-23,C0235,Suporte para Monitor,Escritório,4,536.54,0.1,295.1,SP,Sudeste,Boleto,Marketplace
100972,2025-01-27,C2466,Mouse,Eletrônicos,1,302.86,0.2,175.66,AP,Norte,Cartão de débito,Marketplace
100973,2026-05-02,C2110,Cabo USB,Acessórios,1,35.03,0.2,15.76,TO,Norte,PIX,Online
100974,2025-02-16,C1334,Mesa,Escritório,2,773.69,0.05,526.11,AC,Norte,Cartão de crédito,Marketplace
100975,2026-05-03,C0412,Luminária,Escritório,2,174.04,0,90.5,PR,Sul,Cartão de crédito,Online
100976,2025-03-31,C1235,Hub USB,Acessórios,3,299.19,0.2,164.55,SE,Nordeste,Cartão de débito,Marketplace
100977,2026-05-09,C2215,Teclado,Eletrônicos,1,248.15,0.1,148.89,PA,Norte,Cartão de crédito,Online
100978,2025-01-30,C0657,Luminária,Escritório,4,184.48,0.05,95.93,PE,Nordeste,Cartão de débito,Marketplace
100979,2025-05-07,C0557,Hub USB,Acessórios,4,219.38,0.05,120.66,RR,Norte,PIX,Online
100980,2025-12-18,C1545,Smartphone,Eletrônicos,3,3971.87,0.1,3098.06,AM,Norte,Boleto,Online
100981,2025-09-23,C0474,Air Fryer,Casa,1,377.97,0,241.9,MS,Centro-Oeste,Cartão de débito,Online
100982,2025-05-11,C1284,Mesa,Escritório,4,1323.07,0,899.69,MG,Sudeste,Cartão de débito,Marketplace
100983,2025-11-24,C1496,Luminária,Escritório,2,378.86,0,197.01,PA,Norte,Cartão de débito,Online
100984,2025-01-10,C2205,Suporte para Monitor,Escritório,3,257.96,0.1,141.88,CE,Nordeste,Cartão de débito,Marketplace
100985,2025-05-31,C2464,Cabo USB,Acessórios,1,79.76,0.1,35.89,TO,Norte,Cartão de crédito,Marketplace
100986,2026-05-30,C0506,Liquidificador,Casa,1,526.88,0.05,331.93,AM,Norte,Cartão de débito,Marketplace
100987,2026-01-21,C0241,Liquidificador,Casa,5,279.91,0.1,176.34,RS,Sul,Cartão de débito,Online
100988,2026-05-15,C1605,Headset,Eletrônicos,1,761.26,0.15,471.98,SC,Sul,Cartão de crédito,Marketplace
100989,2026-03-09,C1940,Cadeira,Escritório,5,2015.43,0.05,1410.8,GO,Centro-Oeste,PIX,Marketplace
100990,2026-02-08,C0399,Cafeteira,Casa,1,952.27,0.05,618.98,RR,Norte,Cartão de crédito,Marketplace
100991,2025-06-17,C2365,Cabo USB,Acessórios,1,75.68,0,34.06,PR,Sul,Cartão de débito,Online
100992,2025-01-10,C1484,Cafeteira,Casa,2,775.68,0.1,504.19,PR,Sul,Boleto,Marketplace
100993,2025-02-27,C0394,Headset,Eletrônicos,1,505.41,0.15,313.35,ES,Sudeste,PIX,Marketplace
100994,2026-02-18,C1004,Mouse,Eletrônicos,1,181.16,0.05,105.07,RO,Norte,Cartão de débito,Marketplace
100995,2026-04-20,C1566,Smartphone,Eletrônicos,1,3612.78,0.05,2817.97,ES,Sudeste,Cartão de crédito,Online
100996,2026-05-16,C2088,Teclado,Eletrônicos,1,510.8,0.2,306.48,PI,Nordeste,PIX,Online
100997,2026-01-29,C1984,Headset,Eletrônicos,5,677.05,0,419.77,PR,Sul,,Marketplace
100998,2025-07-09,C1661,Smartphone,Eletrônicos,3,1078.99,0.05,841.61,MT,Centro-Oeste,Boleto,Online
100999,2025-05-08,C0850,Carregador,Acessórios,4,229.52,0,114.76,DF,Centro-Oeste,Cartão de débito,Online
101000,2025-11-18,C0504,Cabo USB,Acessórios,1,66.01,0.1,29.7,RJ,Sudeste,PIX,Online
101001,2025-05-08,C2074,Smartphone,Eletrônicos,1,4865.1,0,3794.78,PA,Norte,Cartão de crédito,Online
101002,2025-02-17,C2128,Liquidificador,Casa,3,260.83,0.05,164.32,PR,Sul,Boleto,Marketplace
101003,2025-12-27,C2483,Carregador,Acessórios,1,91.97,0,45.98,TO,Norte,Cartão de crédito,Online
101004,2025-07-12,C0581,Monitor,Eletrônicos,1,2198.73,0.2,1495.14,DF,Centro-Oeste,Cartão de débito,Marketplace
101005,2025-05-12,C1729,Aspirador,Casa,1,568.71,0.05,381.04,SC,Sul,Boleto,Marketplace
101006,2025-09-18,C1743,Smartphone,Eletrônicos,4,1572.98,0,1226.92,AM,Norte,PIX,Online
101007,2026-06-08,C2478,Mesa,Escritório,1,1714.51,0,1165.87,RR,Norte,Boleto,Marketplace
101008,2025-09-11,C0318,Notebook,Eletrônicos,1,4360.15,0.1,3139.31,AL,Nordeste,Cartão de crédito,Marketplace
101009,2026-01-07,C1367,Smartphone,Eletrônicos,2,1585.32,0.1,1236.55,PE,Nordeste,Cartão de crédito,Online
101010,2025-08-16,C1551,Suporte para Monitor,Escritório,4,491.37,0,270.25,GO,Centro-Oeste,,Marketplace
101011,2026-06-26,C1430,Teclado,Eletrônicos,2,705.78,0.05,423.47,DF,Centro-Oeste,Cartão de crédito,Online
101012,2025-11-22,C1596,Headset,Eletrônicos,1,754.56,0.1,467.83,RR,Norte,Boleto,Marketplace
101013,2025-09-23,C0039,Mouse,Eletrônicos,2,379.55,0.1,220.14,PR,Sul,Boleto,Marketplace
101014,2026-01-15,C1021,Monitor,Eletrônicos,2,1452.84,0.05,987.93,SE,Nordeste,PIX,Marketplace
101015,2025-10-21,C1130,Carregador,Acessórios,4,154.12,0.1,77.06,TO,Norte,Cartão de débito,Marketplace
101016,2025-11-09,C1666,Smartphone,Eletrônicos,2,4380.98,0.1,3417.16,RJ,Sudeste,Cartão de débito,Online
101017,2025-02-28,C0347,Headset,Eletrônicos,2,565.62,0.05,350.68,SP,Sudeste,Boleto,Online
101018,2026-05-25,C2110,Hub USB,Acessórios,2,228.89,0.05,125.89,ES,Sudeste,Boleto,Online
101019,2025-01-08,C1741,Cafeteira,Casa,2,949.67,0,617.29,AC,Norte,Cartão de crédito,Marketplace
101020,2026-06-21,C0922,Headset,Eletrônicos,1,425.29,0,263.68,PB,Nordeste,Cartão de crédito,Marketplace
101021,2026-01-24,C0699,Hub USB,Acessórios,1,104.91,0.15,57.7,BA,Nordeste,Cartão de crédito,Marketplace
101022,2026-05-10,C1203,Liquidificador,Casa,1,121.07,0.1,76.27,RN,Nordeste,Cartão de débito,Marketplace
101023,2025-02-06,C1897,Carregador,Acessórios,3,219.67,0,109.83,SP,Sudeste,Boleto,Marketplace
101024,2025-12-29,C0439,Liquidificador,Casa,1,547.29,0,344.79,PB,Nordeste,Cartão de crédito,Online
101025,2026-05-19,C0810,Luminária,Escritório,1,244.58,0,127.18,ES,Sudeste,Boleto,Online
101026,2025-09-14,C0927,Mouse,Eletrônicos,1,237.21,0.05,137.58,SC,Sul,PIX,Online
101027,2026-03-26,C0663,Cabo USB,Acessórios,1,79.77,0,35.9,RO,Norte,Cartão de débito,Online
101028,2025-10-19,C0165,Cafeteira,Casa,1,621.06,0,403.69,MG,Sudeste,Cartão de débito,Online
101029,2025-09-30,C0487,Hub USB,Acessórios,1,201.03,0.1,110.57,RO,Norte,Cartão de débito,Marketplace
101030,2026-05-29,C1593,Suporte para Monitor,Escritório,1,578.84,0.1,318.36,PR,Sul,Cartão de débito,Marketplace
101031,2025-01-14,C0969,Carregador,Acessórios,1,215.97,0.05,107.98,DF,Centro-Oeste,Cartão de crédito,Marketplace
101032,2025-10-24,C1156,Hub USB,Acessórios,1,247.4,0,136.07,PR,Sul,Cartão de débito,Online
101033,2025-04-28,C1080,Aspirador,Casa,5,559.19,0.1,374.66,RS,Sul,Boleto,Online
101034,2025-07-05,C0773,Carregador,Acessórios,5,168.24,0.1,84.12,BA,Nordeste,Cartão de crédito,Online
101035,2025-02-09,C1122,Suporte para Monitor,Escritório,5,564.55,0.05,310.5,DF,Centro-Oeste,Cartão de débito,Online
101036,2026-01-25,C1669,Monitor,Eletrônicos,1,1960.29,0.2,1333.0,BA,Nordeste,PIX,Marketplace
101037,2025-03-04,C2089,Hub USB,Acessórios,1,91.36,0,50.25,PB,Nordeste,PIX,Marketplace
101038,2025-09-10,C1311,Luminária,Escritório,3,138.16,0,71.84,PA,Norte,PIX,Online
101039,2026-04-29,C1148,Liquidificador,Casa,3,168.37,0,106.07,PI,Nordeste,PIX,Marketplace
101040,2025-04-25,C0397,Liquidificador,Casa,2,447.82,0.1,282.13,PR,Sul,PIX,Marketplace
101041,2026-06-26,C2477,Mesa,Escritório,1,1440.4,0,979.47,RN,Nordeste,Cartão de crédito,Online
101042,2025-05-04,C0169,Mouse,Eletrônicos,2,463.11,0.1,268.6,RS,Sul,Cartão de débito,Marketplace
101043,2025-03-18,C2239,Teclado,Eletrônicos,2,311.03,0.05,186.62,AP,Norte,Cartão de débito,Online
101044,2025-05-11,C0786,Monitor,Eletrônicos,1,1980.89,0.15,1347.01,AP,Norte,PIX,Marketplace
101045,2025-05-01,C1787,Cabo USB,Acessórios,1,53.52,0.15,24.08,GO,Centro-Oeste,Cartão de crédito,Online
101046,2025-05-13,C1187,Aspirador,Casa,1,957.72,0.1,641.67,RO,Norte,Cartão de débito,Marketplace
101047,2026-06-30,C2104,Hub USB,Acessórios,4,116.41,0.1,64.03,RN,Nordeste,Boleto,Marketplace
101048,2025-07-31,C0754,Aspirador,Casa,1,964.87,0.05,646.46,SP,Sudeste,Boleto,Marketplace
101049,2025-08-14,C1214,Liquidificador,Casa,2,385.03,0,242.57,MG,Sudeste,Cartão de débito,Marketplace
101050,2025-06-01,C1138,Monitor,Eletrônicos,4,1186.78,0.1,807.01,AM,Norte,Cartão de débito,Online
101051,2025-01-02,C1424,Teclado,Eletrônicos,2,780.55,0,468.33,RO,Norte,PIX,Online
101052,2025-10-29,C1330,Luminária,Escritório,5,280.31,0,145.76,PB,Nordeste,Cartão de débito,Marketplace
101053,2025-09-20,C0065,Headset,Eletrônicos,1,884.07,0.1,548.12,AP,Norte,Cartão de crédito,Marketplace
101054,2025-07-31,C1812,Aspirador,Casa,1,585.99,0.05,392.61,RR,Norte,Boleto,Online
101055,2025-08-26,C1778,Cabo USB,Acessórios,1,92.17,0,41.48,SC,Sul,Boleto,Online
101056,2025-07-13,C2334,Headset,Eletrônicos,1,697.11,0.1,432.21,SP,Sudeste,PIX,Online
101057,2026-02-08,C2490,Headset,Eletrônicos,1,257.64,0.05,159.74,SE,Nordeste,Boleto,Online
101058,2025-05-21,C0049,Carregador,Acessórios,2,125.58,0,62.79,TO,Norte,Cartão de crédito,Online
101059,2025-09-12,C0343,Mouse,Eletrônicos,1,474.21,0.05,275.04,RR,Norte,Cartão de crédito,Online
101060,2025-03-29,C0829,Cadeira,Escritório,1,2019.34,0.15,1413.54,TO,Norte,Cartão de débito,Marketplace
101061,2026-05-06,C0633,Cadeira,Escritório,1,1587.05,0,1110.93,MT,Centro-Oeste,Cartão de crédito,Online
101062,2025-04-16,C2231,Monitor,Eletrônicos,1,1620.78,0.1,1102.13,PR,Sul,Cartão de crédito,Online
101063,2025-08-21,C1750,Notebook,Eletrônicos,1,3736.58,0,2690.34,PA,Norte,Boleto,Online
101064,2025-06-23,C0452,Hub USB,Acessórios,1,290.42,0,159.73,RJ,Sudeste,PIX,Online
101065,2025-03-28,C0178,Mesa,Escritório,2,684.91,0.05,465.74,DF,Centro-Oeste,Cartão de débito,Marketplace
101066,2025-11-05,C1176,Mouse,Eletrônicos,1,123.65,0.15,71.72,PA,Norte,PIX,Marketplace
101067,2025-01-03,C0609,Smartphone,Eletrônicos,2,1586.36,0,1237.36,SE,Nordeste,Boleto,Online
101068,2026-03-14,C1141,Teclado,Eletrônicos,1,326.14,0,195.68,AP,Norte,Boleto,Marketplace
101069,2026-05-22,C1737,Cadeira,Escritório,1,2445.7,0.1,1711.99,AM,Norte,PIX,Online
101070,2026-01-28,C1715,Air Fryer,Casa,1,677.12,0.05,433.36,MT,Centro-Oeste,Cartão de débito,Marketplace
101071,2026-03-08,C2159,Smartphone,Eletrônicos,2,3774.0,0.1,2943.72,RO,Norte,Cartão de crédito,Online
101072,2025-01-03,C0833,Mesa,Escritório,5,427.45,0.05,290.67,PR,Sul,Cartão de crédito,Online
101073,2026-01-05,C0571,Mesa,Escritório,1,630.62,0.15,428.82,AL,Nordeste,Cartão de débito,Online
101074,2025-02-27,C0565,Air Fryer,Casa,1,787.05,0,503.71,AC,Norte,Cartão de crédito,Marketplace
101075,2025-02-25,C0435,Mesa,Escritório,2,518.03,0.1,352.26,SC,Sul,Cartão de crédito,Online
101076,2025-05-25,C0324,Mesa,Escritório,1,419.96,0.1,285.57,AL,Nordeste,Cartão de débito,Online
101077,2025-05-24,C2161,Hub USB,Acessórios,2,145.89,0.05,80.24,MA,Nordeste,Boleto,Online
101078,2025-04-24,C0639,Liquidificador,Casa,1,428.38,0.1,269.88,SC,Sul,Cartão de débito,Online
101079,2026-03-10,C1861,Suporte para Monitor,Escritório,2,514.76,0.15,283.12,GO,Centro-Oeste,PIX,Online
101080,2025-06-10,C1114,Luminária,Escritório,4,246.88,0.2,128.38,PR,Sul,Cartão de débito,Marketplace
101081,2025-08-13,C1607,Monitor,Eletrônicos,1,2042.79,0.05,1389.1,TO,Norte,Cartão de crédito,Marketplace
101082,2025-11-17,C1660,Hub USB,Acessórios,3,116.26,0.1,63.94,AM,Norte,Boleto,Online
101083,2025-04-22,C0428,Aspirador,Casa,1,1003.99,0.1,672.67,SP,Sudeste,Cartão de débito,Marketplace
101084,2025-04-20,C0268,Headset,Eletrônicos,1,158.23,0.15,98.1,RS,Sul,Cartão de débito,Online
101085,2025-10-03,C0349,Air Fryer,Casa,4,695.36,0.05,445.03,RR,Norte,Boleto,Online
101086,2025-11-19,C0382,Monitor,Eletrônicos,4,715.26,0.05,486.38,CE,Nordeste,Boleto,Online
101087,2026-02-05,C1458,Cadeira,Escritório,4,1905.31,0,1333.72,AL,Nordeste,Cartão de crédito,Online
101088,2026-01-27,C1954,Notebook,Eletrônicos,2,5482.09,0,3947.1,PR,Sul,Boleto,Online
101089,2025-08-26,C0884,Smartphone,Eletrônicos,3,3616.88,0.1,2821.17,SC,Sul,PIX,Marketplace
101090,2025-12-14,C1192,Mouse,Eletrônicos,1,439.5,0.05,254.91,RO,Norte,Boleto,Online
101091,2025-03-18,C0625,Cafeteira,Casa,2,1194.4,0,776.36,SP,Sudeste,Cartão de débito,Marketplace
101092,2026-05-26,C0386,Smartphone,Eletrônicos,1,1678.87,0,1309.52,RJ,Sudeste,PIX,Marketplace
101093,2025-04-02,C0292,Mesa,Escritório,1,1635.1,0,1111.87,PI,Nordeste,PIX,Marketplace
101094,2025-05-07,C2330,Mouse,Eletrônicos,1,232.66,0,134.94,AL,Nordeste,Cartão de débito,Marketplace
101095,2026-06-09,C1285,Mesa,Escritório,1,1491.52,0.05,1014.23,PE,Nordeste,Cartão de crédito,Online
101096,2025-01-09,C0634,Air Fryer,Casa,3,503.46,0,322.21,RN,Nordeste,Cartão de crédito,Online
101097,2026-04-19,C0383,Suporte para Monitor,Escritório,1,334.24,0.05,183.83,TO,Norte,Boleto,Online
101098,2025-07-04,C0444,Smartphone,Eletrônicos,3,4689.96,0.1,3658.17,RS,Sul,Boleto,Marketplace
101099,2025-11-21,C1403,Smartphone,Eletrônicos,5,2945.18,0.1,2297.24,PI,Nordeste,Cartão de crédito,Marketplace
101100,2025-02-09,C2233,Cabo USB,Acessórios,1,57.6,0.1,25.92,MA,Nordeste,Cartão de crédito,Marketplace
101101,2026-01-06,C1762,Monitor,Eletrônicos,4,1084.16,0,737.23,SP,Sudeste,Boleto,Marketplace
101102,2025-06-30,C0343,Aspirador,Casa,1,592.38,0,396.89,RO,Norte,Boleto,Marketplace
101103,2025-08-08,C1063,Carregador,Acessórios,1,60.75,0.15,30.38,AL,Nordeste,PIX,Marketplace
101104,2025-07-23,C1431,Headset,Eletrônicos,4,511.22,0.05,316.96,RR,Norte,Cartão de débito,Marketplace
101105,2026-02-03,C0041,Mesa,Escritório,2,1830.05,0,1244.43,AC,Norte,Cartão de débito,Marketplace
101106,2025-01-15,C0617,Cadeira,Escritório,3,2367.64,0.05,1657.35,MA,Nordeste,Cartão de crédito,Marketplace
101107,2026-06-18,C0016,Aspirador,Casa,5,1429.15,0.15,957.53,AM,Norte,Boleto,Online
101108,2025-08-12,C0769,Monitor,Eletrônicos,1,1682.96,0,1144.41,RN,Nordeste,Cartão de débito,Marketplace
101109,2025-07-15,C2363,Cafeteira,Casa,4,570.26,0.05,370.67,CE,Nordeste,PIX,Online
101110,2026-04-12,C1696,Hub USB,Acessórios,1,157.49,0.05,86.62,GO,Centro-Oeste,PIX,Online
101111,2026-04-15,C1755,Headset,Eletrônicos,1,564.57,0,350.03,AL,Nordeste,Boleto,Marketplace
101112,2025-10-18,C0407,Luminária,Escritório,5,337.9,0,175.71,AM,Norte,Cartão de crédito,Marketplace
101113,2026-05-24,C2232,Teclado,Eletrônicos,1,410.87,0.05,246.52,MG,Sudeste,PIX,Marketplace
101114,2025-08-17,C1863,Cafeteira,Casa,2,314.5,0.15,204.43,ES,Sudeste,PIX,Marketplace
101115,2026-02-10,C0032,Luminária,Escritório,4,330.3,0.05,171.76,PE,Nordeste,PIX,Marketplace
101116,2025-09-05,C0018,Luminária,Escritório,3,212.66,0,110.58,PR,Sul,PIX,Marketplace
101117,2025-06-24,C2344,Cadeira,Escritório,5,983.66,0.2,688.56,RS,Sul,Boleto,Online
101118,2025-05-12,C1600,Luminária,Escritório,4,135.59,0.15,70.51,GO,Centro-Oeste,Cartão de débito,Marketplace
101119,2025-04-12,C0518,Air Fryer,Casa,1,742.01,0.1,474.89,TO,Norte,PIX,Online
101120,2025-07-28,C0382,Cadeira,Escritório,1,1374.84,0.1,962.39,MS,Centro-Oeste,Cartão de débito,Online
101121,2026-01-27,C0104,Smartphone,Eletrônicos,2,1522.19,0.05,1187.31,AM,Norte,PIX,Online
101122,2025-08-16,C1217,Air Fryer,Casa,1,888.32,0.1,568.52,RR,Norte,Boleto,Marketplace
101123,2025-10-09,C0340,Monitor,Eletrônicos,4,1829.39,0.1,1243.99,MS,Centro-Oeste,Cartão de crédito,Online
101124,2025-05-06,C0439,Cabo USB,Acessórios,1,40.96,0,18.43,RJ,Sudeste,Boleto,Marketplace
101125,2026-02-05,C0413,Cafeteira,Casa,1,221.96,0,144.27,AM,Norte,Cartão de crédito,Online
101126,2026-01-20,C1285,Luminária,Escritório,2,224.28,0,116.63,CE,Nordeste,Cartão de crédito,Online
101127,2025-05-01,C1405,Monitor,Eletrônicos,5,1571.04,0.1,1068.31,MT,Centro-Oeste,Cartão de crédito,Online
101128,2025-09-18,C0499,Carregador,Acessórios,1,55.91,0,27.95,GO,Centro-Oeste,Cartão de débito,Online
101129,2025-04-28,C0889,Mesa,Escritório,1,621.7,0,422.76,RO,Norte,Cartão de débito,Marketplace
101130,2026-05-09,C0817,Aspirador,Casa,4,685.69,0.05,459.41,CE,Nordeste,Boleto,Marketplace
101131,2026-06-09,C1639,Luminária,Escritório,4,160.03,0,83.22,RO,Norte,PIX,Marketplace
101132,2025-11-16,C0679,Teclado,Eletrônicos,2,767.63,0.05,460.58,SE,Nordeste,Boleto,Marketplace
101133,2025-04-21,C2488,Cadeira,Escritório,1,899.44,0.05,629.61,AM,Norte,Cartão de crédito,Marketplace
101134,2025-02-04,C2095,Headset,Eletrônicos,1,457.36,0.1,283.56,AM,Norte,PIX,Marketplace
101135,2025-04-28,C0737,Notebook,Eletrônicos,3,4002.85,0,2882.05,BA,Nordeste,Cartão de crédito,Online
101136,2026-01-16,C0595,Mesa,Escritório,2,595.69,0,405.07,SP,Sudeste,PIX,Online
101137,2025-11-26,C0953,Cabo USB,Acessórios,2,50.85,0.1,22.88,GO,Centro-Oeste,Cartão de débito,Online
101138,2025-03-18,C2351,Aspirador,Casa,3,777.19,0.1,520.72,MA,Nordeste,PIX,Online
101139,2025-02-20,C2024,Cafeteira,Casa,1,1190.26,0.05,773.67,ES,Sudeste,Boleto,Online
101140,2026-01-28,C0969,Cadeira,Escritório,2,1070.07,0.1,749.05,MS,Centro-Oeste,Cartão de crédito,Marketplace
101141,2025-05-15,C1650,Liquidificador,Casa,1,376.06,0.05,236.92,MA,Nordeste,Cartão de crédito,Online
101142,2025-04-08,C1701,Hub USB,Acessórios,2,140.43,0.1,77.24,RN,Nordeste,Cartão de crédito,Marketplace
101143,2025-02-18,C1612,Hub USB,Acessórios,1,296.47,0.05,163.06,AM,Norte,Cartão de crédito,Marketplace
101144,2025-01-30,C0918,Teclado,Eletrônicos,1,107.28,0,64.37,MA,Nordeste,Boleto,Online
101145,2025-04-01,C0783,Headset,Eletrônicos,2,759.21,0.1,470.71,MT,Centro-Oeste,Cartão de crédito,Online
101146,2025-02-14,C0454,Aspirador,Casa,1,630.36,0,422.34,RO,Norte,Boleto,Marketplace
101147,2025-05-22,C2390,Headset,Eletrônicos,1,244.72,0.15,151.73,AP,Norte,Boleto,Marketplace
101148,2026-06-19,C2162,Teclado,Eletrônicos,1,434.55,0.05,260.73,PE,Nordeste,PIX,Marketplace
101149,2025-04-05,C1081,Air Fryer,Casa,2,797.97,0.05,510.7,TO,Norte,,Online
101150,2025-03-18,C2026,Smartphone,Eletrônicos,1,1052.51,0,820.96,TO,Norte,Boleto,Online
101151,2025-04-18,C1395,Hub USB,Acessórios,1,209.92,0.05,115.46,MA,Nordeste,PIX,Marketplace
101152,2026-06-01,C0433,Mouse,Eletrônicos,3,171.89,0.05,99.7,SE,Nordeste,Cartão de débito,Marketplace
101153,2025-03-12,C1139,Cafeteira,Casa,1,886.27,0.2,576.08,MS,Centro-Oeste,Cartão de crédito,Online
101154,2025-04-20,C0452,Cabo USB,Acessórios,1,91.53,0,41.19,SP,Sudeste,Boleto,Marketplace
101155,2025-09-29,C0485,Mesa,Escritório,4,534.51,0.05,363.47,PR,Sul,Boleto,Marketplace
101156,2025-12-08,C0218,Carregador,Acessórios,1,123.96,0,61.98,RN,Nordeste,Boleto,Online
101157,2025-07-13,C1650,Liquidificador,Casa,1,252.44,0.1,159.04,GO,Centro-Oeste,Boleto,Online
101158,2025-09-12,C0455,Monitor,Eletrônicos,1,795.65,0,541.04,PE,Nordeste,Cartão de débito,Online
101159,2025-10-10,C0928,Teclado,Eletrônicos,3,589.66,0.05,353.8,RN,Nordeste,Cartão de crédito,Online
101160,2026-05-23,C0843,Aspirador,Casa,1,504.47,0.1,337.99,RO,Norte,PIX,Online
101161,2025-07-09,C2062,Teclado,Eletrônicos,3,535.48,0.1,321.29,RO,Norte,Cartão de débito,Online
101162,2025-03-13,C0683,Cadeira,Escritório,1,2299.74,0,1609.82,SP,Sudeste,Boleto,Marketplace
101163,2025-01-22,C0728,Cadeira,Escritório,4,2262.52,0,1583.76,AP,Norte,Cartão de crédito,Marketplace
101164,2025-01-02,C2001,Hub USB,Acessórios,3,183.97,0,101.18,SP,Sudeste,PIX,Online
101165,2026-05-31,C0686,Carregador,Acessórios,2,205.05,0,102.53,RR,Norte,PIX,Marketplace
101166,2025-12-26,C2236,Hub USB,Acessórios,1,187.03,0.05,102.87,SP,Sudeste,PIX,Marketplace
101167,2026-06-15,C2441,Cadeira,Escritório,1,1039.87,0.05,727.91,AM,Norte,Cartão de crédito,Online
101168,2025-08-14,C0581,Luminária,Escritório,1,89.89,0.05,46.74,RO,Norte,Boleto,Marketplace
101169,2025-04-02,C0794,Cafeteira,Casa,4,577.78,0,375.56,PE,Nordeste,Boleto,Online
101170,2025-12-24,C1357,Aspirador,Casa,1,771.62,0.2,516.99,CE,Nordeste,Cartão de débito,Online
101171,2025-12-18,C0504,Carregador,Acessórios,1,141.01,0.2,70.5,RR,Norte,PIX,Marketplace
101172,2025-01-09,C2044,Teclado,Eletrônicos,4,202.99,0.1,121.79,GO,Centro-Oeste,PIX,Online
101173,2026-05-14,C1181,Liquidificador,Casa,1,261.47,0.05,164.73,RS,Sul,PIX,Online
101174,2026-05-16,C1253,Monitor,Eletrônicos,1,1334.06,0.1,907.16,MG,Sudeste,PIX,Online
101175,2025-10-18,C2057,Mesa,Escritório,2,1630.22,0,1108.55,RJ,Sudeste,PIX,Online
101176,2026-03-19,C2398,Cafeteira,Casa,3,490.8,0,319.02,PB,Nordeste,Cartão de débito,Marketplace
101177,2026-02-13,C0402,Luminária,Escritório,3,374.46,0.05,194.72,SC,Sul,Boleto,Marketplace
101178,2025-07-24,C1025,Mouse,Eletrônicos,1,312.8,0,181.42,RJ,Sudeste,PIX,Marketplace
101179,2026-01-20,C1790,Headset,Eletrônicos,1,544.93,0.1,337.86,GO,Centro-Oeste,PIX,Marketplace
101180,2026-03-14,C1911,Mesa,Escritório,1,1056.41,0,718.36,MT,Centro-Oeste,Cartão de crédito,Marketplace
101181,2025-05-24,C1239,Smartphone,Eletrônicos,2,3321.29,0.05,2590.61,DF,Centro-Oeste,PIX,Online
101182,2025-05-09,C1651,Suporte para Monitor,Escritório,2,331.4,0.1,182.27,GO,Centro-Oeste,Boleto,Online
101183,2025-02-26,C1107,Smartphone,Eletrônicos,3,3599.52,0,2807.63,ES,Sudeste,PIX,Marketplace
101184,2025-03-04,C0498,Cadeira,Escritório,2,1848.83,0.1,1294.18,MG,Sudeste,Cartão de débito,Online
101185,2025-05-20,C0916,Hub USB,Acessórios,3,220.73,0,121.4,AM,Norte,PIX,Online
101186,2025-07-25,C0470,Hub USB,Acessórios,1,113.66,0.15,62.51,GO,Centro-Oeste,Cartão de crédito,Online
101187,2025-04-17,C1941,Cafeteira,Casa,1,705.8,0.05,458.77,ES,Sudeste,PIX,Marketplace
101188,2025-07-08,C0963,Hub USB,Acessórios,3,200.28,0.1,110.15,PA,Norte,Boleto,Online
101189,2025-05-30,C0089,Luminária,Escritório,1,341.94,0.1,177.81,SC,Sul,Cartão de débito,Marketplace
101190,2025-10-24,C1186,Hub USB,Acessórios,2,291.0,0.05,160.05,PA,Norte,PIX,Marketplace
101191,2025-04-20,C1901,Suporte para Monitor,Escritório,1,312.42,0,171.83,SE,Nordeste,Cartão de crédito,Marketplace
101192,2025-11-07,C0140,Notebook,Eletrônicos,2,5626.27,0.1,4050.91,MG,Sudeste,PIX,Online
101193,2026-04-15,C1135,Cabo USB,Acessórios,1,32.67,0.05,14.7,GO,Centro-Oeste,Cartão de débito,Marketplace
101194,2026-02-04,C2102,Carregador,Acessórios,1,181.18,0.05,90.59,AC,Norte,PIX,Marketplace
101195,2025-10-13,C1241,Mouse,Eletrônicos,4,108.65,0.1,63.02,PI,Nordeste,Boleto,Marketplace
101196,2026-06-04,C2153,Headset,Eletrônicos,1,673.33,0.05,417.46,MS,Centro-Oeste,PIX,Marketplace
101197,2025-02-16,C0121,Smartphone,Eletrônicos,3,1636.72,0,1276.64,ES,Sudeste,Boleto,Marketplace
101198,2025-08-26,C0970,Cadeira,Escritório,1,2261.51,0.1,1583.06,RN,Nordeste,Boleto,Online
101199,2025-09-14,C0469,Monitor,Eletrônicos,1,2049.88,0.05,1393.92,PB,Nordeste,Cartão de crédito,Online
101200,2025-04-21,C1842,Cadeira,Escritório,1,2477.74,0.05,1734.42,RS,Sul,Cartão de débito,Marketplace
101201,2026-03-25,C1172,Hub USB,Acessórios,1,243.27,0.05,133.8,GO,Centro-Oeste,Cartão de débito,Online
101202,2025-04-09,C0834,Notebook,Eletrônicos,1,2991.97,0,2154.22,AP,Norte,Boleto,Online
101203,2025-07-09,C2164,Cadeira,Escritório,1,2164.81,0.05,1515.37,PI,Nordeste,,Marketplace
101204,2025-03-10,C1798,Mouse,Eletrônicos,1,237.97,0,138.02,RJ,Sudeste,Cartão de débito,Marketplace
101205,2025-05-01,C2043,Teclado,Eletrônicos,1,521.04,0,312.62,BA,Nordeste,PIX,Marketplace
101206,2026-01-02,C0279,Suporte para Monitor,Escritório,3,178.93,0,98.41,MT,Centro-Oeste,Cartão de débito,Marketplace
101207,2025-02-28,C2237,Suporte para Monitor,Escritório,2,155.44,0.05,85.49,PE,Nordeste,Cartão de crédito,Online
101208,2026-03-08,C1069,Cadeira,Escritório,1,2276.06,0,1593.24,RS,Sul,PIX,Online
101209,2026-05-21,C0299,Air Fryer,Casa,3,694.7,0.1,444.61,TO,Norte,Cartão de crédito,Marketplace
101210,2026-03-03,C2451,Smartphone,Eletrônicos,2,4717.45,0.15,3679.61,PI,Nordeste,Cartão de débito,Marketplace
101211,2025-04-17,C0146,Monitor,Eletrônicos,1,1105.44,0.05,751.7,PI,Nordeste,PIX,Online
101212,2025-02-26,C0108,Notebook,Eletrônicos,2,5339.77,0.05,3844.63,RN,Nordeste,Cartão de crédito,Marketplace
101213,2026-02-01,C1546,Monitor,Eletrônicos,2,1473.49,0.05,1001.97,PR,Sul,Cartão de crédito,Marketplace
101214,2026-01-12,C1441,Teclado,Eletrônicos,1,405.57,0,243.34,BA,Nordeste,Cartão de crédito,Online
101215,2026-02-27,C2197,Air Fryer,Casa,2,993.66,0,635.94,AC,Norte,Cartão de débito,Online
101216,2025-02-28,C0520,Smartphone,Eletrônicos,1,2130.38,0,1661.7,DF,Centro-Oeste,Cartão de débito,Marketplace
101217,2026-02-12,C1961,Mouse,Eletrônicos,2,355.77,0,206.35,MT,Centro-Oeste,Cartão de débito,Marketplace
101218,2025-08-14,C1817,Mesa,Escritório,2,1906.28,0.1,1296.27,CE,Nordeste,Cartão de débito,Marketplace
101219,2026-05-31,C0428,Cadeira,Escritório,1,2300.85,0.1,1610.59,DF,Centro-Oeste,Boleto,Marketplace
101220,2025-07-28,C0562,Smartphone,Eletrônicos,3,3083.98,0,2405.5,MT,Centro-Oeste,Cartão de débito,Online
101221,2025-05-26,C0147,Mesa,Escritório,4,1517.35,0.1,1031.8,SE,Nordeste,Cartão de crédito,Online
101222,2025-02-04,C1108,Hub USB,Acessórios,1,164.52,0.1,90.49,RJ,Sudeste,Cartão de crédito,Marketplace
101223,2026-05-23,C0078,Suporte para Monitor,Escritório,3,292.33,0,160.78,RS,Sul,Boleto,Online
101224,2026-06-30,C0215,Luminária,Escritório,2,90.02,0.1,46.81,SP,Sudeste,PIX,Marketplace
101225,2025-01-29,C1397,Cafeteira,Casa,2,821.53,0.15,533.99,RR,Norte,Cartão de crédito,Online
101226,2025-10-22,C2191,Suporte para Monitor,Escritório,1,386.3,0.05,212.47,GO,Centro-Oeste,PIX,Online
101227,2026-04-24,C0976,Suporte para Monitor,Escritório,1,107.59,0.1,59.17,PE,Nordeste,Cartão de crédito,Online
101228,2025-12-12,C2340,Liquidificador,Casa,1,415.46,0.05,261.74,PA,Norte,PIX,Online
101229,2025-11-11,C2329,Teclado,Eletrônicos,2,685.2,0.1,411.12,SE,Nordeste,Boleto,Online
101230,2025-01-10,C1911,Cabo USB,Acessórios,1,48.7,0.1,21.92,MT,Centro-Oeste,Cartão de débito,Marketplace
101231,2025-03-23,C1133,Monitor,Eletrônicos,3,1692.61,0.2,1150.97,SE,Nordeste,Cartão de débito,Marketplace
101232,2025-09-23,C2028,Aspirador,Casa,1,1037.92,0,695.41,DF,Centro-Oeste,Cartão de crédito,Online
101233,2025-02-09,C0755,Teclado,Eletrônicos,2,702.4,0.05,421.44,MG,Sudeste,Cartão de débito,Online
101234,2025-09-21,C0067,Aspirador,Casa,2,1321.86,0.05,885.65,RO,Norte,Cartão de crédito,Online
101235,2025-04-22,C0318,Mesa,Escritório,1,581.09,0,395.14,RS,Sul,PIX,Marketplace
101236,2025-03-15,C1747,Luminária,Escritório,3,125.79,0,65.41,RR,Norte,PIX,Marketplace
101237,2026-01-19,C1928,Luminária,Escritório,4,174.1,0,90.53,PB,Nordeste,Cartão de crédito,Marketplace
101238,2025-01-27,C0436,Mouse,Eletrônicos,2,419.37,0.05,243.23,AP,Norte,PIX,Online
101239,2025-02-03,C0615,Suporte para Monitor,Escritório,1,598.91,0,329.4,RJ,Sudeste,Cartão de débito,Marketplace
101240,2026-06-25,C0211,Teclado,Eletrônicos,2,561.44,0.05,336.86,MA,Nordeste,PIX,Online
101241,2025-09-07,C1347,Liquidificador,Casa,1,488.47,0.05,307.74,SE,Nordeste,PIX,Online
101242,2026-04-01,C1680,Air Fryer,Casa,1,546.39,0.05,349.69,PB,Nordeste,Boleto,Online
101243,2026-03-05,C0942,Cabo USB,Acessórios,2,86.14,0,38.76,MT,Centro-Oeste,Cartão de débito,Marketplace
101244,2025-09-24,C1176,Mouse,Eletrônicos,1,129.54,0.05,75.13,GO,Centro-Oeste,Cartão de débito,Marketplace
101245,2025-07-04,C1860,Cafeteira,Casa,1,320.79,0,208.51,MT,Centro-Oeste,Boleto,Online
101246,2025-02-04,C1768,Mouse,Eletrônicos,1,150.11,0,87.06,GO,Centro-Oeste,Boleto,Marketplace
101247,2025-05-11,C1648,Mesa,Escritório,2,786.3,0,534.68,MA,Nordeste,PIX,Online
101248,2025-03-17,C1454,Monitor,Eletrônicos,4,2339.21,0.1,1590.66,AC,Norte,Boleto,Marketplace
101249,2025-05-18,C0752,Hub USB,Acessórios,2,209.7,0.1,115.34,GO,Centro-Oeste,Cartão de crédito,Online
101250,2026-01-14,C1858,Notebook,Eletrônicos,1,4035.05,0.05,2905.24,MS,Centro-Oeste,PIX,Online
101251,2025-11-01,C2021,Air Fryer,Casa,1,694.89,0.15,444.73,MS,Centro-Oeste,Boleto,Marketplace
101252,2026-01-29,C1305,Cadeira,Escritório,2,2407.03,0,1684.92,AC,Norte,Cartão de débito,Marketplace
101253,2025-10-12,C2356,Carregador,Acessórios,3,112.87,0,56.44,SC,Sul,Cartão de crédito,Marketplace
101254,2026-05-14,C1798,Aspirador,Casa,1,461.65,0.15,309.31,PE,Nordeste,Cartão de crédito,Online
101255,2025-05-25,C0394,Aspirador,Casa,1,1298.49,0.1,869.99,SP,Sudeste,Cartão de crédito,Online
101256,2026-05-16,C0106,Notebook,Eletrônicos,1,3486.43,0.15,2510.23,AL,Nordeste,Boleto,Online
101257,2025-10-30,C0449,Cabo USB,Acessórios,2,93.53,0,42.09,AL,Nordeste,Boleto,Marketplace
101258,2025-05-21,C1141,Smartphone,Eletrônicos,2,1465.85,0.05,1143.36,RJ,Sudeste,Cartão de débito,Online
101259,2025-06-10,C2077,Cadeira,Escritório,1,1406.93,0.1,984.85,PA,Norte,Cartão de crédito,Marketplace
101260,2026-03-20,C0412,Monitor,Eletrônicos,4,2129.56,0,1448.1,TO,Norte,Cartão de crédito,Online
101261,2025-05-21,C2402,Air Fryer,Casa,1,960.21,0.1,614.53,PE,Nordeste,Boleto,Online
101262,2025-07-11,C2035,Hub USB,Acessórios,1,123.69,0.15,68.03,GO,Centro-Oeste,,Online
101263,2025-03-10,C2010,Luminária,Escritório,2,146.74,0,76.3,AL,Nordeste,PIX,Marketplace
101264,2025-12-24,C1984,Air Fryer,Casa,1,968.03,0.15,619.54,TO,Norte,Cartão de débito,Marketplace
101265,2026-05-17,C1607,Hub USB,Acessórios,2,199.55,0,109.75,BA,Nordeste,Cartão de crédito,Marketplace
101266,2026-04-03,C1333,Luminária,Escritório,1,215.96,0,112.3,MA,Nordeste,Cartão de crédito,Marketplace
101267,2025-05-12,C1982,Suporte para Monitor,Escritório,3,532.0,0.1,292.6,PA,Norte,Cartão de débito,Online
101268,2025-10-02,C2079,Liquidificador,Casa,1,528.47,0.05,332.94,MT,Centro-Oeste,PIX,Marketplace
101269,2026-02-26,C1604,Cadeira,Escritório,3,1350.4,0,945.28,MG,Sudeste,PIX,Marketplace
101270,2025-12-14,C0187,Air Fryer,Casa,1,586.87,0.05,375.6,SC,Sul,Cartão de débito,Online
101271,2025-05-13,C2478,Cadeira,Escritório,1,2400.56,0,1680.39,RN,Nordeste,Cartão de crédito,Marketplace
101272,2025-03-06,C0202,Mesa,Escritório,1,979.36,0,665.96,SC,Sul,Boleto,Online
101273,2025-06-15,C1532,Liquidificador,Casa,1,223.5,0.1,140.81,SP,Sudeste,Cartão de crédito,Online
101274,2025-04-15,C2055,Carregador,Acessórios,1,146.98,0,73.49,CE,Nordeste,Cartão de crédito,Online
101275,2025-02-04,C1116,Air Fryer,Casa,2,869.1,0.05,556.22,RN,Nordeste,Cartão de débito,Marketplace
101276,2025-03-20,C0303,Smartphone,Eletrônicos,1,3813.96,0.1,2974.89,SP,Sudeste,Cartão de crédito,Online
101277,2026-02-05,C0796,Teclado,Eletrônicos,3,701.51,0.1,420.91,AL,Nordeste,Cartão de crédito,Marketplace
101278,2026-04-15,C0831,Aspirador,Casa,1,1461.58,0.05,979.26,RN,Nordeste,PIX,Marketplace
101279,2025-08-16,C1665,Smartphone,Eletrônicos,2,2933.4,0.15,2288.05,MT,Centro-Oeste,Cartão de débito,Marketplace
101280,2026-05-24,C1613,Notebook,Eletrônicos,4,5169.45,0.1,3722.0,SE,Nordeste,Cartão de débito,Online
101281,2025-08-26,C1832,Suporte para Monitor,Escritório,1,381.58,0.1,209.87,MA,Nordeste,Cartão de débito,Online
101282,2025-06-23,C0851,Teclado,Eletrônicos,3,442.87,0,265.72,PR,Sul,Boleto,Marketplace
101283,2025-08-27,C0242,Carregador,Acessórios,2,100.4,0,50.2,MA,Nordeste,Cartão de débito,Online
101284,2026-02-21,C0023,Cadeira,Escritório,1,918.45,0.05,642.91,PI,Nordeste,Boleto,Marketplace
101285,2025-11-26,C1890,Air Fryer,Casa,2,660.1,0.15,422.46,AC,Norte,Cartão de crédito,Online
101286,2025-03-21,C1539,Luminária,Escritório,1,84.36,0.05,43.87,ES,Sudeste,Cartão de débito,Online
101287,2025-04-27,C0160,Cabo USB,Acessórios,3,59.61,0.1,26.82,GO,Centro-Oeste,Boleto,Online
101288,2026-02-13,C0038,Luminária,Escritório,1,219.35,0,114.06,PA,Norte,PIX,Marketplace
101289,2025-06-19,C0580,Mesa,Escritório,1,1496.04,0.1,1017.31,RO,Norte,PIX,Marketplace
101290,2026-04-19,C0863,Hub USB,Acessórios,4,283.96,0.1,156.18,PR,Sul,Cartão de débito,Marketplace
101291,2025-11-22,C1706,Notebook,Eletrônicos,1,4146.73,0.2,2985.65,SP,Sudeste,PIX,Online
101292,2025-04-07,C2203,Cafeteira,Casa,1,294.71,0.1,191.56,DF,Centro-Oeste,Cartão de débito,Online
101293,2025-08-20,C1413,Mesa,Escritório,2,1884.61,0,1281.53,TO,Norte,Boleto,Marketplace
101294,2026-02-17,C1044,Mesa,Escritório,2,1426.56,0,970.06,MS,Centro-Oeste,Cartão de débito,Online
101295,2025-10-14,C0731,Cafeteira,Casa,1,302.32,0.1,196.51,MS,Centro-Oeste,Boleto,Marketplace
101296,2026-04-30,C0858,Aspirador,Casa,1,1229.21,0.2,823.57,RJ,Sudeste,Cartão de débito,Online
101297,2026-05-02,C0002,Headset,Eletrônicos,1,821.97,0,509.62,GO,Centro-Oeste,Boleto,Marketplace
101298,2025-12-01,C1240,Hub USB,Acessórios,1,105.81,0.05,58.2,RN,Nordeste,Boleto,Marketplace
101299,2025-11-16,C2139,Mesa,Escritório,1,525.12,0.1,357.08,RS,Sul,Cartão de débito,Marketplace
101300,2026-03-24,C2296,Mouse,Eletrônicos,1,371.94,0,215.73,ES,Sudeste,Boleto,Marketplace
101301,2025-01-26,C1498,Headset,Eletrônicos,3,728.06,0,451.4,AL,Nordeste,Cartão de débito,Online
101302,2026-01-19,C0734,Suporte para Monitor,Escritório,4,597.72,0,328.75,PB,Nordeste,Cartão de débito,Online
101303,2025-12-03,C0386,Liquidificador,Casa,3,559.59,0.05,352.54,SP,Sudeste,PIX,Online
101304,2026-05-06,C1632,Aspirador,Casa,1,1119.37,0,749.98,AM,Norte,Cartão de crédito,Online
101305,2026-04-11,C2009,Hub USB,Acessórios,1,244.99,0.1,134.74,MT,Centro-Oeste,Cartão de crédito,Online
101306,2025-01-30,C0628,Mesa,Escritório,2,683.05,0.15,464.47,RJ,Sudeste,Boleto,Online
101307,2026-03-31,C0256,Monitor,Eletrônicos,1,2244.2,0,1526.06,RS,Sul,Cartão de crédito,Marketplace
101308,2025-06-23,C2404,Cadeira,Escritório,2,1232.51,0,862.76,PA,Norte,Boleto,Marketplace
101309,2025-03-08,C0791,Monitor,Eletrônicos,3,1602.75,0.1,1089.87,RJ,Sudeste,Cartão de débito,Marketplace
101310,2025-10-10,C2493,Monitor,Eletrônicos,1,1609.84,0,1094.69,AC,Norte,Cartão de crédito,Marketplace
101311,2025-12-26,C0483,Aspirador,Casa,1,960.22,0.1,643.35,MS,Centro-Oeste,Boleto,Online
101312,2025-04-03,C0748,Teclado,Eletrônicos,2,229.96,0.05,137.98,SP,Sudeste,Cartão de débito,Online
101313,2026-01-19,C1886,Cafeteira,Casa,1,924.28,0,600.78,TO,Norte,Cartão de débito,Online
101314,2025-02-24,C1554,Liquidificador,Casa,2,205.44,0,129.43,MA,Nordeste,Boleto,Online
101315,2025-10-07,C0817,Cafeteira,Casa,1,494.93,0.1,321.7,PE,Nordeste,Cartão de crédito,Marketplace
101316,2026-01-08,C1429,Mesa,Escritório,2,1236.87,0.1,841.07,PA,Norte,Cartão de débito,Online
101317,2025-06-09,C2204,Suporte para Monitor,Escritório,2,596.88,0.05,328.28,AM,Norte,PIX,Online
101318,2026-05-31,C2260,Cadeira,Escritório,3,2088.59,0,1462.01,AP,Norte,Cartão de débito,Marketplace
101319,2026-04-24,C1069,Cafeteira,Casa,1,315.3,0.1,204.95,SC,Sul,Boleto,Online
101320,2025-11-27,C1525,Cabo USB,Acessórios,2,72.66,0.15,32.7,MA,Nordeste,Cartão de crédito,Marketplace
101321,2025-06-12,C1727,Notebook,Eletrônicos,1,3678.35,0.15,2648.41,SC,Sul,PIX,Marketplace
101322,2026-04-24,C2240,Headset,Eletrônicos,1,166.31,0.1,103.11,SE,Nordeste,Boleto,Marketplace
101323,2025-09-07,C1035,Hub USB,Acessórios,2,212.21,0.05,116.72,RN,Nordeste,PIX,Online
101324,2026-06-04,C0442,Air Fryer,Casa,1,841.85,0.2,538.78,RN,Nordeste,Cartão de crédito,Online
101325,2025-06-20,C1232,Carregador,Acessórios,3,243.05,0.15,121.53,RS,Sul,Cartão de débito,Online
101326,2025-02-25,C0371,Cadeira,Escritório,1,2031.65,0.1,1422.15,SE,Nordeste,Boleto,Online
101327,2025-01-01,C0605,Cabo USB,Acessórios,1,33.77,0,15.2,SC,Sul,Cartão de débito,Online
101328,2025-04-03,C1003,Luminária,Escritório,1,257.71,0.1,134.01,SP,Sudeste,Boleto,Online
101329,2025-04-13,C1929,Mesa,Escritório,1,1030.48,0,700.73,PI,Nordeste,Boleto,Marketplace
101330,2025-04-09,C1588,Air Fryer,Casa,1,834.13,0,533.84,AP,Norte,PIX,Marketplace
101331,2026-02-08,C2188,Luminária,Escritório,1,236.26,0.1,122.86,MS,Centro-Oeste,Cartão de crédito,Online
101332,2025-08-29,C1512,Headset,Eletrônicos,1,526.09,0,326.18,DF,Centro-Oeste,Boleto,Online
101333,2025-05-22,C2048,Air Fryer,Casa,1,447.86,0.05,286.63,MA,Nordeste,Boleto,Online
101334,2025-06-04,C1168,Luminária,Escritório,1,296.09,0.05,153.97,PE,Nordeste,Boleto,Online
101335,2026-02-12,C2120,Headset,Eletrônicos,3,498.69,0,309.19,PA,Norte,Cartão de crédito,Marketplace
101336,2025-06-14,C1307,Notebook,Eletrônicos,1,4274.4,0.1,3077.57,SP,Sudeste,Boleto,Marketplace
101337,2025-02-25,C1241,Luminária,Escritório,1,317.46,0,165.08,RR,Norte,Boleto,Marketplace
101338,2025-12-10,C2192,Hub USB,Acessórios,4,104.57,0,57.51,AL,Nordeste,Boleto,Online
101339,2025-01-08,C1381,Mouse,Eletrônicos,4,377.18,0,218.76,GO,Centro-Oeste,Boleto,Marketplace
101340,2026-04-21,C1154,Monitor,Eletrônicos,1,2262.21,0.05,1538.3,MG,Sudeste,PIX,Marketplace
101341,2025-12-12,C1214,Luminária,Escritório,2,87.53,0,45.52,CE,Nordeste,PIX,Marketplace
101342,2026-04-03,C1330,Notebook,Eletrônicos,1,2624.65,0,1889.75,AC,Norte,Cartão de crédito,Marketplace
101343,2025-06-29,C0345,Air Fryer,Casa,1,388.24,0,248.47,PI,Nordeste,Boleto,Marketplace
101344,2026-04-15,C1000,Mesa,Escritório,3,1845.73,0.15,1255.1,TO,Norte,Boleto,Online
101345,2025-12-01,C1527,Smartphone,Eletrônicos,1,3437.41,0.1,2681.18,RR,Norte,Cartão de crédito,Marketplace
101346,2025-03-22,C1384,Carregador,Acessórios,4,199.85,0.05,99.92,SP,Sudeste,Cartão de débito,Marketplace
101347,2026-03-20,C0477,Smartphone,Eletrônicos,2,3283.58,0.2,2561.19,DF,Centro-Oeste,Cartão de débito,Online
101348,2026-04-30,C0882,Mesa,Escritório,2,1099.11,0.1,747.39,AP,Norte,Cartão de débito,Marketplace
101349,2025-02-16,C2477,Carregador,Acessórios,1,86.25,0,43.12,SP,Sudeste,Boleto,Online
101350,2026-03-01,C0532,Notebook,Eletrônicos,1,4118.54,0.1,2965.35,AM,Norte,PIX,Online
101351,2025-08-19,C0075,Air Fryer,Casa,2,454.74,0.1,291.03,AC,Norte,Boleto,Marketplace
101352,2026-02-03,C1949,Cadeira,Escritório,4,525.13,0,367.59,PB,Nordeste,Boleto,Online
101353,2026-05-26,C0863,Cabo USB,Acessórios,1,33.6,0.05,15.12,RN,Nordeste,Cartão de crédito,Online
101354,2025-12-20,C0341,Hub USB,Acessórios,1,296.67,0.05,163.17,CE,Nordeste,PIX,Marketplace
101355,2025-01-31,C0639,Cabo USB,Acessórios,2,33.34,0.05,15.0,AL,Nordeste,Boleto,Online
101356,2026-05-18,C0962,Liquidificador,Casa,1,378.04,0.05,238.17,ES,Sudeste,Cartão de crédito,Marketplace
101357,2025-08-05,C0454,Cafeteira,Casa,2,378.62,0,246.1,AP,Norte,Boleto,Marketplace
101358,2025-08-11,C1713,Mesa,Escritório,3,846.21,0.1,575.42,AM,Norte,Cartão de crédito,Marketplace
101359,2026-06-30,C1607,Carregador,Acessórios,1,130.79,0.1,65.39,CE,Nordeste,Boleto,Online
101360,2026-02-14,C1182,Headset,Eletrônicos,1,772.4,0.1,478.89,AM,Norte,Cartão de débito,Online
101361,2026-03-05,C1714,Suporte para Monitor,Escritório,1,418.21,0.1,230.02,PR,Sul,Cartão de crédito,Marketplace
101362,2025-11-29,C2498,Notebook,Eletrônicos,1,4492.57,0.05,3234.65,RJ,Sudeste,PIX,Online
101363,2026-06-08,C0791,Suporte para Monitor,Escritório,3,180.69,0.05,99.38,BA,Nordeste,Cartão de débito,Marketplace
101364,2025-11-27,C0544,Cafeteira,Casa,1,1094.45,0,711.39,SE,Nordeste,Boleto,Online
101365,2025-09-05,C0725,Cabo USB,Acessórios,4,60.02,0,27.01,DF,Centro-Oeste,PIX,Online
101366,2026-04-19,C0287,Air Fryer,Casa,1,322.63,0.1,206.48,GO,Centro-Oeste,Boleto,Marketplace
101367,2026-03-04,C1066,Smartphone,Eletrônicos,3,3149.37,0.1,2456.51,DF,Centro-Oeste,Cartão de crédito,Marketplace
101368,2025-03-03,C1200,Hub USB,Acessórios,3,262.23,0.1,144.23,MG,Sudeste,PIX,Marketplace
101369,2026-03-27,C1756,Carregador,Acessórios,2,70.72,0.1,35.36,AP,Norte,Cartão de crédito,Online
101370,2026-02-27,C1392,Mesa,Escritório,1,788.91,0.05,536.46,PE,Nordeste,Cartão de crédito,Marketplace
101371,2026-04-15,C2014,Smartphone,Eletrônicos,2,4027.92,0,3141.78,RO,Norte,Boleto,Marketplace
101372,2025-09-22,C2328,Cabo USB,Acessórios,1,22.86,0,10.29,GO,Centro-Oeste,PIX,Online
101373,2026-01-15,C2309,Air Fryer,Casa,1,503.85,0.15,322.46,SC,Sul,PIX,Marketplace
101374,2025-10-29,C0633,Cabo USB,Acessórios,2,75.61,0,34.02,CE,Nordeste,Boleto,Marketplace
101375,2025-01-29,C0867,Air Fryer,Casa,2,403.85,0,258.46,PB,Nordeste,Boleto,Marketplace
101376,2025-12-19,C0639,Headset,Eletrônicos,2,525.82,0.05,326.01,RN,Nordeste,Boleto,Online
101377,2026-05-09,C0719,Carregador,Acessórios,1,125.97,0.1,62.98,RJ,Sudeste,PIX,Online
101378,2025-07-31,C0919,Liquidificador,Casa,1,412.15,0.1,259.65,ES,Sudeste,Cartão de débito,Marketplace
101379,2026-04-16,C2333,Hub USB,Acessórios,3,279.39,0.1,153.66,TO,Norte,Cartão de débito,Online
101380,2025-02-03,C1633,Mesa,Escritório,2,1923.25,0.05,1307.81,PE,Nordeste,Cartão de crédito,Online
101381,2026-06-20,C1016,Cabo USB,Acessórios,1,83.78,0,37.7,AM,Norte,Cartão de débito,Online
101382,2025-07-01,C0165,Cabo USB,Acessórios,4,41.26,0,18.57,AC,Norte,Cartão de débito,Online
101383,2026-06-20,C1241,Mouse,Eletrônicos,1,175.59,0.05,101.84,MS,Centro-Oeste,Boleto,Marketplace
101384,2025-02-22,C1307,Teclado,Eletrônicos,2,151.14,0.05,90.68,SE,Nordeste,Cartão de crédito,Marketplace
101385,2025-04-13,C2222,Cafeteira,Casa,2,798.29,0,518.89,SP,Sudeste,Boleto,Online
101386,2025-07-19,C2413,Cabo USB,Acessórios,3,69.15,0.05,31.12,SP,Sudeste,PIX,Marketplace
101387,2026-05-20,C0724,Aspirador,Casa,1,854.1,0,572.25,AM,Norte,PIX,Marketplace
101388,2025-12-16,C1128,Air Fryer,Casa,2,652.14,0.1,417.37,ES,Sudeste,Cartão de débito,Marketplace
101389,2025-11-23,C2088,Notebook,Eletrônicos,1,3070.96,0,2211.09,AL,Nordeste,PIX,Online
101390,2025-12-17,C2207,Cabo USB,Acessórios,3,35.49,0,15.97,BA,Nordeste,Cartão de débito,Marketplace
101391,2025-11-09,C1311,Carregador,Acessórios,2,144.38,0.1,72.19,DF,Centro-Oeste,Cartão de débito,Online
101392,2025-06-10,C0787,Cadeira,Escritório,2,2071.62,0.15,1450.13,DF,Centro-Oeste,Cartão de débito,Marketplace
101393,2026-05-01,C2439,Carregador,Acessórios,2,205.95,0,102.97,PE,Nordeste,Boleto,Marketplace
101394,2025-05-29,C1255,Mesa,Escritório,1,966.29,0.1,657.08,SE,Nordeste,PIX,Marketplace
101395,2026-03-04,C0024,Suporte para Monitor,Escritório,2,302.04,0.2,166.12,PB,Nordeste,Cartão de débito,Marketplace
101396,2025-01-20,C0829,Aspirador,Casa,1,1145.84,0,767.71,PB,Nordeste,Cartão de crédito,Marketplace
101397,2026-01-27,C1335,Luminária,Escritório,2,316.49,0.1,164.57,DF,Centro-Oeste,Boleto,Marketplace
101398,2025-03-18,C0996,Teclado,Eletrônicos,1,605.99,0.15,363.59,MS,Centro-Oeste,Boleto,Online
101399,2026-05-14,C1024,Suporte para Monitor,Escritório,1,403.35,0.05,221.84,ES,Sudeste,Cartão de crédito,Marketplace
101400,2026-01-14,C1795,Aspirador,Casa,4,388.79,0,260.49,AC,Norte,Cartão de crédito,Marketplace
101401,2025-06-05,C0617,Luminária,Escritório,2,263.71,0.05,137.13,SE,Nordeste,Cartão de débito,Marketplace
101402,2026-06-28,C1194,Aspirador,Casa,2,425.58,0.1,285.14,RR,Norte,PIX,Marketplace
101403,2025-08-08,C0755,Cabo USB,Acessórios,1,38.21,0.05,17.19,RS,Sul,PIX,Marketplace
101404,2025-05-24,C0489,Notebook,Eletrônicos,2,3995.66,0.1,2876.88,RR,Norte,Cartão de crédito,Online
101405,2026-01-18,C0067,Carregador,Acessórios,2,249.13,0.2,124.56,RR,Norte,PIX,Marketplace
101406,2025-12-08,C0275,Liquidificador,Casa,2,391.35,0.2,246.55,AP,Norte,Cartão de crédito,Online
101407,2025-03-31,C2351,Carregador,Acessórios,4,172.01,0.2,86.0,AP,Norte,Cartão de crédito,Marketplace
101408,2026-04-22,C1849,Aspirador,Casa,3,1492.94,0,1000.27,MA,Nordeste,Cartão de crédito,Online
101409,2026-04-10,C2162,Cadeira,Escritório,2,1978.92,0.15,1385.24,SP,Sudeste,Boleto,Marketplace
101410,2026-02-04,C0078,Notebook,Eletrônicos,1,3628.35,0,2612.41,BA,Nordeste,PIX,Marketplace
101411,2025-12-30,C2363,Cafeteira,Casa,1,972.99,0,632.44,SC,Sul,Cartão de crédito,Online
101412,2025-05-11,C2213,Monitor,Eletrônicos,1,824.68,0.15,560.78,BA,Nordeste,Cartão de débito,Online
101413,2025-06-17,C1738,Liquidificador,Casa,5,231.83,0.15,146.05,AP,Norte,PIX,Online
101414,2026-03-27,C0505,Mouse,Eletrônicos,3,237.55,0.05,137.78,AC,Norte,Cartão de débito,Marketplace
101415,2026-04-03,C1797,Monitor,Eletrônicos,1,1070.14,0.05,727.7,TO,Norte,Cartão de crédito,Online
101416,2026-06-03,C2369,Headset,Eletrônicos,2,241.28,0.1,149.59,ES,Sudeste,Boleto,Marketplace
101417,2026-03-02,C0783,Cadeira,Escritório,1,681.58,0.05,477.11,PI,Nordeste,PIX,Online
101418,2025-01-17,C0030,Cabo USB,Acessórios,1,53.6,0.2,24.12,ES,Sudeste,PIX,Marketplace
101419,2025-03-08,C1779,Liquidificador,Casa,4,432.96,0,272.76,RO,Norte,Cartão de crédito,Marketplace
101420,2025-01-17,C1126,Hub USB,Acessórios,2,277.41,0,152.58,BA,Nordeste,Cartão de débito,Online
101421,2026-06-16,C0638,Mouse,Eletrônicos,1,277.32,0,160.85,DF,Centro-Oeste,Cartão de débito,Marketplace
101422,2026-03-01,C0646,Mesa,Escritório,1,679.42,0.05,462.01,PR,Sul,Cartão de débito,Marketplace
101423,2025-06-16,C0123,Teclado,Eletrônicos,1,314.25,0.1,188.55,TO,Norte,PIX,Marketplace
101424,2025-01-27,C1359,Notebook,Eletrônicos,1,4146.76,0.1,2985.67,PR,Sul,Boleto,Online
101425,2026-06-22,C0696,Suporte para Monitor,Escritório,1,107.47,0.15,59.11,RJ,Sudeste,Boleto,Online
101426,2026-05-03,C1903,Teclado,Eletrônicos,5,699.3,0.05,419.58,PR,Sul,Cartão de crédito,Marketplace
101427,2026-04-26,C1053,Hub USB,Acessórios,1,224.4,0.05,123.42,DF,Centro-Oeste,Cartão de crédito,Marketplace
101428,2025-07-20,C0516,Hub USB,Acessórios,1,108.56,0.15,59.71,BA,Nordeste,Cartão de crédito,Online
101429,2025-10-17,C0432,Suporte para Monitor,Escritório,1,225.34,0.1,123.94,CE,Nordeste,PIX,Marketplace
101430,2026-06-14,C2365,Carregador,Acessórios,5,103.35,0.15,51.67,MA,Nordeste,Boleto,Marketplace
101431,2025-02-05,C1578,Mouse,Eletrônicos,2,413.56,0.2,239.86,SP,Sudeste,Cartão de débito,Online
101432,2025-06-15,C1626,Air Fryer,Casa,1,700.46,0.05,448.29,PB,Nordeste,Cartão de débito,Marketplace
101433,2025-08-08,C1857,Cabo USB,Acessórios,2,63.67,0,28.65,PE,Nordeste,PIX,Marketplace
101434,2025-09-19,C1397,Headset,Eletrônicos,3,515.52,0.05,319.62,PA,Norte,Cartão de crédito,Marketplace
101435,2025-09-27,C0259,Carregador,Acessórios,2,135.3,0,67.65,MT,Centro-Oeste,Cartão de débito,Online
101436,2026-04-14,C0456,Air Fryer,Casa,1,798.89,0,511.29,PB,Nordeste,PIX,Marketplace
101437,2025-03-26,C2068,Luminária,Escritório,1,342.41,0.15,178.05,GO,Centro-Oeste,Cartão de débito,Online
101438,2025-01-18,C0814,Air Fryer,Casa,2,547.76,0.1,350.57,PR,Sul,Cartão de crédito,Marketplace
101439,2026-06-28,C0684,Air Fryer,Casa,1,370.1,0,236.86,AM,Norte,Cartão de débito,Online
101440,2025-07-27,C1141,Luminária,Escritório,1,390.13,0.05,202.87,RN,Nordeste,Boleto,Marketplace
101441,2025-11-26,C0558,Cabo USB,Acessórios,2,44.0,0,19.8,RO,Norte,PIX,Online
101442,2025-03-02,C1681,Smartphone,Eletrônicos,1,2923.73,0,2280.51,RR,Norte,,Marketplace
101443,2026-03-06,C1602,Headset,Eletrônicos,2,336.43,0.05,208.59,BA,Nordeste,PIX,Online
101444,2025-05-07,C2400,Suporte para Monitor,Escritório,4,175.92,0.05,96.76,PA,Norte,PIX,Marketplace
101445,2025-05-01,C2133,Notebook,Eletrônicos,1,2859.14,0.1,2058.58,PI,Nordeste,Cartão de débito,Marketplace
101446,2025-05-08,C2217,Liquidificador,Casa,2,338.1,0,213.0,AP,Norte,PIX,Marketplace
101447,2026-01-26,C1047,Monitor,Eletrônicos,1,1539.75,0.05,1047.03,RO,Norte,Boleto,Marketplace
101448,2026-06-20,C0423,Air Fryer,Casa,1,812.23,0.2,519.83,PB,Nordeste,Cartão de débito,Marketplace
101449,2026-03-08,C0233,Luminária,Escritório,2,356.85,0,185.56,AC,Norte,PIX,Marketplace
101450,2025-12-03,C1719,Carregador,Acessórios,2,100.25,0.05,50.12,SP,Sudeste,Cartão de crédito,Marketplace
101451,2026-05-22,C0907,Air Fryer,Casa,2,765.94,0,490.2,AP,Norte,Boleto,Marketplace
101452,2026-01-27,C0173,Carregador,Acessórios,2,168.07,0.1,84.03,ES,Sudeste,Cartão de crédito,Online
101453,2026-01-05,C2377,Air Fryer,Casa,2,932.65,0.05,596.9,RN,Nordeste,Cartão de crédito,Marketplace
101454,2026-04-17,C2349,Cabo USB,Acessórios,3,22.98,0.05,10.34,RR,Norte,Boleto,Online
101455,2025-07-05,C0099,Cafeteira,Casa,2,528.96,0,343.82,AL,Nordeste,Cartão de crédito,Marketplace
101456,2026-01-03,C1410,Aspirador,Casa,1,1456.99,0,976.18,RR,Norte,Cartão de crédito,Marketplace
101457,2025-09-27,C0658,Cabo USB,Acessórios,1,81.66,0.05,36.75,MA,Nordeste,Boleto,Marketplace
101458,2026-05-27,C0365,Headset,Eletrônicos,1,612.3,0.1,379.63,TO,Norte,Cartão de débito,Marketplace
101459,2025-04-14,C0371,Liquidificador,Casa,2,270.2,0.05,170.23,SC,Sul,Boleto,Online
101460,2026-05-13,C1437,Aspirador,Casa,1,797.21,0.05,534.13,SC,Sul,Cartão de débito,Marketplace
101461,2025-04-25,C0778,Notebook,Eletrônicos,2,5680.91,0.1,4090.26,MT,Centro-Oeste,PIX,Online
101462,2025-03-19,C0814,Suporte para Monitor,Escritório,1,455.83,0.15,250.71,PA,Norte,Boleto,Marketplace
101463,2025-12-15,C2183,Mouse,Eletrônicos,1,135.87,0.05,78.8,AC,Norte,PIX,Online
101464,2025-08-19,C1813,Cadeira,Escritório,3,991.81,0,694.27,PE,Nordeste,Cartão de crédito,Marketplace
101465,2025-08-13,C1005,Air Fryer,Casa,3,608.25,0.1,389.28,PR,Sul,Cartão de crédito,Marketplace
101466,2025-01-22,C1980,Air Fryer,Casa,3,590.17,0.05,377.71,MS,Centro-Oeste,Cartão de débito,Marketplace
101467,2026-06-16,C2380,Headset,Eletrônicos,1,581.59,0.15,360.59,RN,Nordeste,PIX,Marketplace
101468,2026-03-18,C1517,Aspirador,Casa,1,1406.88,0,942.61,MT,Centro-Oeste,PIX,Online
101469,2025-11-26,C1012,Mouse,Eletrônicos,2,323.16,0,187.43,RR,Norte,Boleto,Marketplace
101470,2025-08-22,C1427,Teclado,Eletrônicos,2,551.48,0.05,330.89,BA,Nordeste,Boleto,Marketplace
101471,2026-04-17,C1794,Monitor,Eletrônicos,1,1485.13,0.2,1009.89,SC,Sul,Cartão de crédito,Marketplace
101472,2025-12-22,C1953,Monitor,Eletrônicos,3,966.18,0.1,657.0,RJ,Sudeste,PIX,Marketplace
101473,2026-05-18,C1765,Notebook,Eletrônicos,2,5799.62,0.2,4175.73,RS,Sul,Boleto,Marketplace
101474,2025-12-05,C0953,Liquidificador,Casa,2,540.46,0.15,340.49,PR,Sul,PIX,Online
101475,2026-01-02,C2407,Monitor,Eletrônicos,1,2459.24,0.1,1672.28,GO,Centro-Oeste,Boleto,Online
101476,2025-09-12,C2464,Cafeteira,Casa,2,1189.59,0.1,773.23,SP,Sudeste,Boleto,Online
101477,2025-04-02,C0386,Cadeira,Escritório,4,1648.01,0.15,1153.61,RN,Nordeste,Boleto,Marketplace
101478,2025-05-22,C1407,Hub USB,Acessórios,1,148.46,0,81.65,AL,Nordeste,PIX,Marketplace
101479,2025-07-08,C1068,Smartphone,Eletrônicos,1,1906.56,0.2,1487.12,AM,Norte,Cartão de crédito,Marketplace
101480,2025-04-07,C2146,Cabo USB,Acessórios,1,90.34,0,40.65,MT,Centro-Oeste,Cartão de crédito,Marketplace
101481,2025-06-22,C0008,Teclado,Eletrônicos,4,470.38,0,282.23,RN,Nordeste,PIX,Online
101482,2025-03-13,C0707,Mesa,Escritório,1,1393.4,0,947.51,RS,Sul,PIX,Online
101483,2026-01-19,C2352,Mouse,Eletrônicos,1,265.09,0.1,153.75,AP,Norte,Cartão de débito,Online
101484,2025-02-01,C0159,Cabo USB,Acessórios,4,91.06,0.1,40.98,ES,Sudeste,PIX,Marketplace
101485,2025-12-24,C0739,Teclado,Eletrônicos,2,217.17,0,130.3,RS,Sul,Cartão de débito,Marketplace
101486,2026-02-03,C1835,Cabo USB,Acessórios,4,73.5,0,33.08,BA,Nordeste,PIX,Online
101487,2026-05-18,C0772,Air Fryer,Casa,2,329.11,0,210.63,PI,Nordeste,Cartão de crédito,Online
101488,2026-06-24,C2307,Cadeira,Escritório,2,1563.85,0.05,1094.69,MT,Centro-Oeste,Cartão de débito,Marketplace
101489,2025-05-19,C1835,Cadeira,Escritório,2,1085.92,0.1,760.14,RN,Nordeste,Boleto,Marketplace
101490,2026-05-18,C0098,Smartphone,Eletrônicos,1,2286.06,0.05,1783.13,RN,Nordeste,PIX,Marketplace
101491,2025-02-26,C2161,Liquidificador,Casa,3,210.28,0,132.48,MS,Centro-Oeste,Cartão de débito,Marketplace
101492,2025-01-29,C0194,Monitor,Eletrônicos,4,1392.82,0.05,947.12,MT,Centro-Oeste,Cartão de crédito,Marketplace
101493,2026-06-21,C0731,Carregador,Acessórios,1,186.23,0,93.11,RS,Sul,Cartão de crédito,Marketplace
101494,2025-08-15,C1312,Headset,Eletrônicos,1,302.71,0,187.68,AM,Norte,Cartão de crédito,Online
101495,2025-07-30,C0477,Suporte para Monitor,Escritório,4,102.37,0,56.3,TO,Norte,PIX,Online
101496,2025-08-22,C1523,Suporte para Monitor,Escritório,3,300.98,0,165.54,DF,Centro-Oeste,Cartão de débito,Marketplace
101497,2025-11-14,C0840,Luminária,Escritório,4,289.07,0.15,150.32,AL,Nordeste,Cartão de crédito,Marketplace
101498,2026-01-22,C1140,Luminária,Escritório,3,140.64,0.1,73.13,PE,Nordeste,Cartão de crédito,Marketplace
101499,2026-04-05,C0528,Monitor,Eletrônicos,2,1101.35,0.1,748.92,ES,Sudeste,Cartão de débito,Marketplace
101500,2025-07-07,C2200,Smartphone,Eletrônicos,1,4774.01,0,3723.73,PA,Norte,Boleto,Marketplace
101501,2025-10-19,C2336,Liquidificador,Casa,1,485.27,0.05,305.72,RS,Sul,Cartão de crédito,Marketplace
101502,2025-05-11,C2123,Cafeteira,Casa,5,668.96,0,434.82,BA,Nordeste,Cartão de crédito,Marketplace
101503,2025-03-27,C0277,Headset,Eletrônicos,1,611.49,0.05,379.12,PR,Sul,Boleto,Online
101504,2025-07-13,C0862,Carregador,Acessórios,2,58.75,0,29.38,PR,Sul,PIX,Marketplace
101505,2025-12-25,C1893,Headset,Eletrônicos,1,633.1,0.05,392.52,PR,Sul,PIX,Online
101506,2025-07-08,C0797,Air Fryer,Casa,1,804.83,0,515.09,SE,Nordeste,Cartão de crédito,Online
101507,2025-10-22,C2281,Carregador,Acessórios,1,159.42,0,79.71,ES,Sudeste,Cartão de crédito,Marketplace
101508,2025-01-18,C0696,Carregador,Acessórios,2,114.33,0,57.16,ES,Sudeste,Cartão de débito,Online
101509,2025-01-04,C2305,Suporte para Monitor,Escritório,1,293.76,0.05,161.57,BA,Nordeste,Cartão de crédito,Online
101510,2026-05-03,C2341,Notebook,Eletrônicos,2,3488.64,0.1,2511.82,SE,Nordeste,Cartão de débito,Marketplace
101511,2025-12-20,C1864,Aspirador,Casa,1,1373.22,0.05,920.06,PB,Nordeste,Cartão de débito,Online
101512,2025-06-28,C1592,Liquidificador,Casa,5,543.33,0.05,342.3,SP,Sudeste,Boleto,Marketplace
101513,2025-02-13,C1884,Mouse,Eletrônicos,1,449.52,0.15,260.72,RN,Nordeste,Cartão de débito,Marketplace
101514,2026-02-20,C1725,Cafeteira,Casa,3,660.58,0.05,429.38,RN,Nordeste,Boleto,Marketplace
101515,2025-11-30,C1634,Cadeira,Escritório,1,1559.87,0,1091.91,RO,Norte,Cartão de débito,Online
101516,2026-04-20,C2246,Mesa,Escritório,3,1667.33,0.05,1133.78,CE,Nordeste,Cartão de débito,Marketplace
101517,2026-04-27,C0446,Mouse,Eletrônicos,1,269.97,0.15,156.58,AP,Norte,Boleto,Online
101518,2025-08-11,C1384,Cafeteira,Casa,2,356.72,0.05,231.87,GO,Centro-Oeste,Boleto,Online
101519,2025-01-25,C0846,Cabo USB,Acessórios,1,73.36,0,33.01,AC,Norte,Cartão de débito,Marketplace
101520,2025-06-04,C1685,Cafeteira,Casa,1,445.7,0.1,289.7,AP,Norte,Boleto,Marketplace
101521,2025-02-06,C0398,Carregador,Acessórios,2,67.15,0,33.58,MG,Sudeste,PIX,Online
101522,2026-01-01,C0832,Cadeira,Escritório,2,2415.91,0,1691.14,RJ,Sudeste,PIX,Marketplace
101523,2026-05-02,C1387,Cabo USB,Acessórios,2,43.18,0,19.43,MT,Centro-Oeste,Cartão de débito,Online
101524,2026-03-02,C0486,Headset,Eletrônicos,1,613.72,0,380.51,MT,Centro-Oeste,Boleto,Marketplace
101525,2025-04-27,C0601,Air Fryer,Casa,3,367.95,0,235.49,RN,Nordeste,Boleto,Marketplace
101526,2025-06-24,C0082,Hub USB,Acessórios,2,297.31,0.05,163.52,SE,Nordeste,Cartão de débito,Marketplace
101527,2026-05-19,C2322,Notebook,Eletrônicos,1,3689.22,0,2656.24,PB,Nordeste,Cartão de crédito,Online
101528,2025-11-04,C1613,Mouse,Eletrônicos,3,126.61,0.15,73.43,PA,Norte,Cartão de débito,Marketplace
101529,2025-03-27,C1453,Liquidificador,Casa,2,503.67,0,317.31,MS,Centro-Oeste,Boleto,Online
101530,2025-09-16,C0787,Mesa,Escritório,1,1971.26,0.15,1340.46,SP,Sudeste,Boleto,Marketplace
101531,2025-02-23,C0979,Headset,Eletrônicos,2,347.34,0.2,215.35,MA,Nordeste,Cartão de crédito,Marketplace
101532,2025-03-24,C1364,Cabo USB,Acessórios,2,30.45,0.2,13.7,DF,Centro-Oeste,Cartão de crédito,Online
101533,2026-01-25,C0818,Liquidificador,Casa,3,302.41,0,190.52,PA,Norte,PIX,Marketplace
101534,2026-01-11,C2100,Cadeira,Escritório,3,2068.24,0.05,1447.77,MA,Nordeste,Cartão de débito,Marketplace
101535,2025-07-17,C2003,Aspirador,Casa,1,354.13,0.05,237.27,PA,Norte,Cartão de crédito,Marketplace
101536,2025-04-27,C0095,Carregador,Acessórios,3,211.25,0,105.62,RJ,Sudeste,Cartão de débito,Marketplace
101537,2025-06-07,C2343,Smartphone,Eletrônicos,3,4115.51,0.15,3210.1,SP,Sudeste,Cartão de crédito,Marketplace
101538,2025-06-09,C2387,Smartphone,Eletrônicos,2,4485.4,0.05,3498.61,MA,Nordeste,Cartão de crédito,Online
101539,2025-05-23,C0818,Monitor,Eletrônicos,3,2367.81,0,1610.11,RO,Norte,Cartão de crédito,Online
101540,2025-08-27,C0862,Luminária,Escritório,1,105.41,0,54.81,GO,Centro-Oeste,Cartão de débito,Marketplace
101541,2026-05-23,C2480,Cafeteira,Casa,2,669.21,0.1,434.99,MS,Centro-Oeste,Cartão de crédito,Marketplace
101542,2026-06-04,C0026,Headset,Eletrônicos,1,880.64,0,546.0,MT,Centro-Oeste,Cartão de débito,Online
101543,2025-07-12,C0767,Smartphone,Eletrônicos,3,4025.14,0,3139.61,RN,Nordeste,PIX,Marketplace
101544,2025-10-20,C0894,Carregador,Acessórios,1,214.89,0.1,107.44,GO,Centro-Oeste,Cartão de crédito,Marketplace
101545,2025-06-15,C0265,Liquidificador,Casa,1,357.08,0.15,224.96,MG,Sudeste,Boleto,Online
101546,2025-01-13,C0362,Cabo USB,Acessórios,1,81.71,0.15,36.77,RO,Norte,Cartão de crédito,Marketplace
101547,2026-04-07,C1467,Cadeira,Escritório,2,1460.9,0.05,1022.63,AP,Norte,Boleto,Marketplace
101548,2025-08-22,C2406,Cafeteira,Casa,1,890.86,0.05,579.06,SE,Nordeste,PIX,Marketplace
101549,2026-04-21,C1853,Cabo USB,Acessórios,1,79.03,0.05,35.56,SP,Sudeste,Cartão de débito,Marketplace
101550,2025-06-02,C1637,Suporte para Monitor,Escritório,1,317.19,0.1,174.45,SC,Sul,Cartão de débito,Online
101551,2025-04-08,C0068,Cafeteira,Casa,1,349.9,0,227.44,SP,Sudeste,Boleto,Marketplace
101552,2025-11-07,C2251,Headset,Eletrônicos,1,292.46,0.1,181.33,PI,Nordeste,Boleto,Marketplace
101553,2026-05-15,C0245,Headset,Eletrônicos,1,229.51,0.2,142.3,RO,Norte,Boleto,Marketplace
101554,2025-08-29,C2125,Mouse,Eletrônicos,4,417.52,0.05,242.16,SP,Sudeste,PIX,Online
101555,2025-11-15,C1758,Cadeira,Escritório,2,1698.23,0.05,1188.76,MA,Nordeste,PIX,Online
101556,2026-04-30,C0259,Mesa,Escritório,1,992.01,0,674.57,MA,Nordeste,Cartão de débito,Marketplace
101557,2025-10-15,C2274,Hub USB,Acessórios,1,254.64,0.1,140.05,PR,Sul,PIX,Online
101558,2025-09-13,C2002,Air Fryer,Casa,2,923.39,0,590.97,ES,Sudeste,Boleto,Online
101559,2025-03-25,C2168,Cadeira,Escritório,1,1705.2,0.15,1193.64,AC,Norte,PIX,Online
101560,2026-02-03,C0792,Cabo USB,Acessórios,2,42.1,0,18.95,AP,Norte,Cartão de crédito,Marketplace
101561,2025-08-17,C0013,Air Fryer,Casa,1,877.39,0.05,561.53,PR,Sul,PIX,Marketplace
101562,2025-11-18,C2478,Hub USB,Acessórios,3,124.01,0.1,68.21,RS,Sul,Cartão de crédito,Marketplace
101563,2025-07-19,C2145,Monitor,Eletrônicos,2,1208.42,0.1,821.73,AL,Nordeste,Cartão de crédito,Marketplace
101564,2025-07-29,C0591,Aspirador,Casa,1,286.03,0.1,191.64,AL,Nordeste,Cartão de crédito,Marketplace
101565,2025-06-01,C1830,Cabo USB,Acessórios,2,64.42,0.05,28.99,AP,Norte,PIX,Online
101566,2026-04-12,C1131,Aspirador,Casa,1,1008.18,0,675.48,MS,Centro-Oeste,Cartão de débito,Marketplace
101567,2025-05-07,C0215,Notebook,Eletrônicos,3,4434.01,0.05,3192.49,MA,Nordeste,Boleto,Online
101568,2025-11-28,C1621,Luminária,Escritório,1,276.19,0.1,143.62,AM,Norte,PIX,Marketplace
101569,2026-06-08,C0229,Monitor,Eletrônicos,2,1984.6,0.05,1349.53,RJ,Sudeste,Cartão de débito,Online
101570,2026-06-20,C0670,Teclado,Eletrônicos,4,264.51,0.1,158.71,PB,Nordeste,PIX,Online
101571,2025-12-18,C0285,Luminária,Escritório,1,254.44,0.05,132.31,AM,Norte,Boleto,Online
101572,2025-08-01,C1838,Smartphone,Eletrônicos,1,4051.06,0.15,3159.83,BA,Nordeste,Cartão de débito,Online
101573,2025-02-23,C0924,Notebook,Eletrônicos,1,2647.62,0.1,1906.29,PR,Sul,Cartão de débito,Marketplace
101574,2026-02-01,C1622,Cadeira,Escritório,1,2031.07,0.05,1421.75,PA,Norte,Boleto,Online
101575,2025-07-24,C2416,Monitor,Eletrônicos,1,1113.11,0.05,756.91,PB,Nordeste,Cartão de crédito,Marketplace
101576,2025-06-18,C1627,Carregador,Acessórios,1,157.25,0.15,78.62,AC,Norte,PIX,Marketplace
101577,2026-06-08,C1591,Mesa,Escritório,1,722.54,0.1,491.33,MA,Nordeste,Cartão de débito,Marketplace
101578,2026-02-07,C0489,Aspirador,Casa,2,814.56,0.05,545.76,AM,Norte,Boleto,Online
101579,2025-04-26,C0171,Headset,Eletrônicos,1,230.05,0.15,142.63,RS,Sul,Cartão de débito,Marketplace
101580,2025-11-07,C1479,Cafeteira,Casa,1,847.83,0,551.09,TO,Norte,PIX,Online
101581,2025-01-25,C1270,Carregador,Acessórios,1,215.92,0.15,107.96,RS,Sul,Boleto,Marketplace
101582,2026-04-14,C1601,Cadeira,Escritório,2,830.51,0.05,581.36,MT,Centro-Oeste,PIX,Online
101583,2025-04-20,C0002,Smartphone,Eletrônicos,3,3477.11,0.15,2712.15,PE,Nordeste,Cartão de crédito,Marketplace
101584,2026-01-26,C2327,Cabo USB,Acessórios,4,27.78,0.05,12.5,AM,Norte,Cartão de débito,Marketplace
101585,2025-03-19,C1147,Mesa,Escritório,1,435.83,0.1,296.36,ES,Sudeste,PIX,Online
101586,2026-04-13,C0839,Aspirador,Casa,1,1045.89,0.2,700.75,RR,Norte,Cartão de crédito,Marketplace
101587,2025-01-15,C0462,Headset,Eletrônicos,1,326.1,0.15,202.18,MS,Centro-Oeste,PIX,Marketplace
101588,2026-05-07,C0260,Notebook,Eletrônicos,2,3036.53,0,2186.3,PA,Norte,Boleto,Online
101589,2026-05-25,C1772,Monitor,Eletrônicos,3,1442.36,0.2,980.8,MS,Centro-Oeste,Cartão de crédito,Online
101590,2025-10-16,C1963,Aspirador,Casa,1,584.11,0.1,391.35,RS,Sul,Cartão de débito,Marketplace
101591,2025-02-15,C2307,Notebook,Eletrônicos,3,4023.71,0.2,2897.07,PI,Nordeste,Cartão de débito,Online
101592,2026-01-08,C0363,Liquidificador,Casa,2,339.0,0.05,213.57,SC,Sul,PIX,Marketplace
101593,2025-11-25,C1421,Mouse,Eletrônicos,1,323.69,0.05,187.74,PB,Nordeste,PIX,Online
101594,2026-02-22,C1476,Hub USB,Acessórios,4,99.02,0,54.46,PR,Sul,PIX,Marketplace
101595,2026-04-07,C2209,Cabo USB,Acessórios,3,33.14,0,14.91,GO,Centro-Oeste,Cartão de débito,Marketplace
101596,2025-05-23,C0844,Headset,Eletrônicos,3,447.26,0.1,277.3,ES,Sudeste,Cartão de crédito,Online
101597,2025-09-18,C2255,Notebook,Eletrônicos,2,3076.46,0,2215.05,RO,Norte,PIX,Marketplace
101598,2025-11-30,C1530,Teclado,Eletrônicos,1,376.47,0.1,225.88,RN,Nordeste,Cartão de débito,Marketplace
101599,2025-04-19,C0925,Luminária,Escritório,2,225.17,0.1,117.09,AP,Norte,Cartão de débito,Online
101600,2025-04-21,C2029,Carregador,Acessórios,1,64.44,0.2,32.22,BA,Nordeste,Boleto,Marketplace
101601,2025-04-09,C0783,Cafeteira,Casa,1,231.1,0,150.22,SC,Sul,Cartão de crédito,Online
101602,2026-04-09,C0488,Aspirador,Casa,1,696.89,0.05,466.92,RO,Norte,PIX,Marketplace
101603,2026-01-19,C0854,Suporte para Monitor,Escritório,1,409.63,0.15,225.3,AM,Norte,Cartão de crédito,Marketplace
101604,2026-05-27,C1310,Monitor,Eletrônicos,1,1160.41,0.05,789.08,RR,Norte,Boleto,Online
101605,2025-12-26,C2009,Luminária,Escritório,5,201.59,0.2,104.83,AP,Norte,Cartão de crédito,Marketplace
101606,2025-04-05,C0340,Aspirador,Casa,1,1288.29,0.1,863.15,ES,Sudeste,Boleto,Marketplace
101607,2025-09-05,C2473,Cadeira,Escritório,5,568.68,0,398.08,AP,Norte,Boleto,Online
101608,2025-04-08,C0043,Luminária,Escritório,2,269.9,0.1,140.35,SP,Sudeste,Boleto,Online
101609,2025-07-05,C1898,Carregador,Acessórios,1,163.01,0.1,81.5,MT,Centro-Oeste,Cartão de crédito,Marketplace
101610,2026-06-14,C2012,Teclado,Eletrônicos,1,416.21,0.15,249.73,MG,Sudeste,PIX,Marketplace
101611,2025-04-23,C0635,Luminária,Escritório,4,104.58,0.05,54.38,BA,Nordeste,Cartão de crédito,Marketplace
101612,2026-01-21,C0180,Headset,Eletrônicos,1,317.57,0.15,196.89,MS,Centro-Oeste,Boleto,Online
101613,2025-04-29,C0416,Cabo USB,Acessórios,1,30.56,0.2,13.75,DF,Centro-Oeste,Cartão de crédito,Marketplace
101614,2026-01-11,C1762,Hub USB,Acessórios,1,195.54,0.1,107.55,AM,Norte,Cartão de crédito,Marketplace
101615,2025-02-04,C1143,Hub USB,Acessórios,1,234.45,0,128.95,RJ,Sudeste,PIX,Marketplace
101616,2026-02-15,C2078,Hub USB,Acessórios,3,279.46,0.15,153.7,ES,Sudeste,Cartão de crédito,Online
101617,2025-07-11,C0805,Smartphone,Eletrônicos,1,4986.08,0.05,3889.14,PE,Nordeste,Boleto,Online
101618,2026-02-28,C0475,Headset,Eletrônicos,2,324.19,0,201.0,PR,Sul,Boleto,Online
101619,2025-03-03,C2090,Mesa,Escritório,2,580.4,0.1,394.67,MS,Centro-Oeste,Cartão de crédito,Marketplace
101620,2025-11-24,C0999,Mouse,Eletrônicos,3,416.51,0,241.58,PI,Nordeste,Boleto,Marketplace
101621,2025-04-12,C0707,Cafeteira,Casa,1,833.4,0.05,541.71,RR,Norte,Cartão de crédito,Online
101622,2026-06-07,C0596,Mouse,Eletrônicos,3,108.56,0.05,62.96,RJ,Sudeste,Cartão de débito,Online
101623,2026-01-06,C0924,Luminária,Escritório,3,210.05,0.1,109.23,MG,Sudeste,PIX,Marketplace
101624,2025-07-17,C1531,Notebook,Eletrônicos,1,4622.53,0.15,3328.22,AC,Norte,Cartão de débito,Marketplace
101625,2026-02-21,C0645,Carregador,Acessórios,1,154.25,0.05,77.12,RJ,Sudeste,Boleto,Online
101626,2025-03-09,C2301,Luminária,Escritório,1,365.33,0,189.97,AM,Norte,Cartão de crédito,Marketplace
101627,2026-02-07,C1151,Aspirador,Casa,1,1258.51,0.15,843.2,CE,Nordeste,PIX,Marketplace
101628,2026-06-08,C1998,Hub USB,Acessórios,1,271.65,0.1,149.41,RO,Norte,Cartão de débito,Marketplace
101629,2025-04-04,C2006,Cadeira,Escritório,4,1565.48,0.1,1095.84,RJ,Sudeste,PIX,Marketplace
101630,2025-10-23,C2435,Aspirador,Casa,1,641.31,0.15,429.68,BA,Nordeste,Cartão de débito,Marketplace
101631,2025-07-16,C1373,Liquidificador,Casa,1,317.54,0,200.05,AL,Nordeste,Cartão de débito,Online
101632,2025-07-14,C1481,Liquidificador,Casa,2,385.39,0,242.8,SE,Nordeste,Cartão de débito,Online
101633,2025-09-10,C0843,Liquidificador,Casa,2,424.05,0,267.15,AM,Norte,Boleto,Marketplace
101634,2026-02-06,C1984,Air Fryer,Casa,2,952.74,0.05,609.75,MA,Nordeste,Cartão de débito,Marketplace
101635,2025-09-16,C0510,Smartphone,Eletrônicos,4,4252.46,0.2,3316.92,SP,Sudeste,Cartão de crédito,Online
101636,2026-05-22,C1863,Aspirador,Casa,4,938.31,0.1,628.67,GO,Centro-Oeste,Boleto,Online
101637,2025-02-22,C1752,Aspirador,Casa,2,861.95,0,577.51,AL,Nordeste,Boleto,Marketplace
101638,2025-05-24,C0742,Teclado,Eletrônicos,1,632.09,0.2,379.25,MG,Sudeste,Cartão de crédito,Marketplace
101639,2025-10-02,C0522,Teclado,Eletrônicos,2,748.02,0.1,448.81,RS,Sul,Cartão de crédito,Online
101640,2025-04-25,C1383,Notebook,Eletrônicos,4,5018.5,0,3613.32,BA,Nordeste,Cartão de débito,Online
101641,2025-12-29,C0969,Aspirador,Casa,1,942.14,0,631.23,BA,Nordeste,Cartão de débito,Marketplace
101642,2025-01-18,C0657,Cafeteira,Casa,1,940.46,0.2,611.3,PE,Nordeste,Boleto,Online
101643,2025-09-10,C1665,Teclado,Eletrônicos,1,421.65,0,252.99,SC,Sul,Cartão de débito,Marketplace
101644,2025-01-04,C0979,Teclado,Eletrônicos,2,404.64,0.15,242.78,RN,Nordeste,Boleto,Online
101645,2025-04-13,C0336,Air Fryer,Casa,1,610.89,0,390.97,RN,Nordeste,Boleto,Online
101646,2025-07-30,C2014,Aspirador,Casa,1,1343.93,0,900.43,SP,Sudeste,Boleto,Marketplace
101647,2025-07-30,C1528,Cabo USB,Acessórios,1,26.19,0.1,11.79,PA,Norte,Boleto,Online
101648,2025-08-01,C0893,Suporte para Monitor,Escritório,1,302.55,0,166.4,CE,Nordeste,Cartão de débito,Marketplace
101649,2025-01-25,C2308,Hub USB,Acessórios,1,233.47,0.05,128.41,RR,Norte,Cartão de crédito,Marketplace
101650,2026-01-04,C1561,Mesa,Escritório,1,1098.07,0.05,746.69,AL,Nordeste,Cartão de crédito,Marketplace
101651,2025-12-23,C0937,Aspirador,Casa,1,1389.5,0,930.97,SC,Sul,Cartão de débito,Online
101652,2026-06-28,C0802,Carregador,Acessórios,3,245.83,0.05,122.92,AP,Norte,Cartão de débito,Online
101653,2025-04-05,C2265,Headset,Eletrônicos,1,209.44,0.15,129.85,SE,Nordeste,Cartão de débito,Marketplace
101654,2026-03-23,C1141,Mouse,Eletrônicos,3,158.13,0.05,91.72,SC,Sul,Cartão de crédito,Online
101655,2025-02-23,C2346,Smartphone,Eletrônicos,2,4137.05,0.2,3226.9,AC,Norte,Cartão de débito,Marketplace
101656,2026-03-10,C0688,Hub USB,Acessórios,1,257.7,0,141.74,RO,Norte,Cartão de crédito,Online
101657,2025-10-03,C0733,Teclado,Eletrônicos,1,645.34,0.05,387.2,PB,Nordeste,Cartão de débito,Online
101658,2025-09-09,C0036,Headset,Eletrônicos,1,278.85,0,172.89,TO,Norte,,Online
101659,2025-05-19,C0685,Suporte para Monitor,Escritório,1,177.95,0,97.87,DF,Centro-Oeste,PIX,Marketplace
101660,2025-09-09,C1864,Cabo USB,Acessórios,1,28.79,0,12.96,AM,Norte,Cartão de crédito,Online
101661,2025-05-20,C0003,Suporte para Monitor,Escritório,1,364.45,0.05,200.45,AP,Norte,Boleto,Marketplace
101662,2026-04-23,C2129,Carregador,Acessórios,1,171.1,0.1,85.55,AC,Norte,Boleto,Marketplace
101663,2026-02-22,C0684,Carregador,Acessórios,1,149.95,0.1,74.97,RS,Sul,Cartão de crédito,Marketplace
101664,2025-04-29,C2476,Liquidificador,Casa,3,303.63,0,191.29,SP,Sudeste,PIX,Marketplace
101665,2025-01-17,C0883,Cafeteira,Casa,1,838.45,0,544.99,MS,Centro-Oeste,Cartão de débito,Marketplace
101666,2025-09-08,C0583,Suporte para Monitor,Escritório,1,213.54,0.05,117.45,PI,Nordeste,Boleto,Marketplace
101667,2026-01-16,C0839,Cabo USB,Acessórios,1,53.26,0,23.97,PR,Sul,Cartão de crédito,Marketplace
101668,2025-02-24,C1436,Mesa,Escritório,1,1018.49,0.1,692.57,AL,Nordeste,Cartão de crédito,Marketplace
101669,2026-06-09,C2260,Mesa,Escritório,1,1894.36,0.15,1288.16,PI,Nordeste,Cartão de crédito,Marketplace
101670,2025-07-18,C1272,Cadeira,Escritório,4,831.89,0.2,582.32,PR,Sul,PIX,Online
101671,2026-06-06,C0896,Notebook,Eletrônicos,2,3799.43,0.05,2735.59,MA,Nordeste,Boleto,Marketplace
101672,2025-10-19,C1508,Cadeira,Escritório,1,1534.0,0,1073.8,SE,Nordeste,Boleto,Marketplace
101673,2025-02-07,C2245,Carregador,Acessórios,2,163.27,0,81.64,PR,Sul,Boleto,Marketplace
101674,2025-10-01,C0590,Cabo USB,Acessórios,1,93.2,0,41.94,RN,Nordeste,PIX,Marketplace
101675,2025-02-12,C0181,Air Fryer,Casa,1,967.49,0,619.19,MS,Centro-Oeste,Cartão de débito,Marketplace
101676,2026-03-14,C2241,Mouse,Eletrônicos,2,495.98,0,287.67,RJ,Sudeste,Cartão de débito,Online
101677,2026-05-10,C0271,Aspirador,Casa,1,1393.92,0,933.93,PA,Norte,Boleto,Online
101678,2026-04-16,C1404,Smartphone,Eletrônicos,2,4917.83,0.15,3835.91,PE,Nordeste,PIX,Marketplace
101679,2025-06-09,C2416,Carregador,Acessórios,1,105.79,0.05,52.9,BA,Nordeste,Cartão de débito,Online
101680,2026-05-10,C1115,Luminária,Escritório,1,242.83,0.05,126.27,AC,Norte,Boleto,Online
101681,2025-09-21,C0437,Liquidificador,Casa,3,386.41,0.1,243.44,BA,Nordeste,,Marketplace
101682,2025-04-11,C2221,Mouse,Eletrônicos,1,253.31,0.05,146.92,MS,Centro-Oeste,PIX,Marketplace
101683,2025-09-06,C0666,Smartphone,Eletrônicos,2,4793.97,0.1,3739.3,AP,Norte,PIX,Online
101684,2026-02-20,C1771,Luminária,Escritório,1,231.42,0,120.34,PB,Nordeste,Cartão de crédito,Marketplace
101685,2026-05-14,C2015,Air Fryer,Casa,4,577.44,0,369.56,AL,Nordeste,Cartão de débito,Marketplace
101686,2025-06-18,C1377,Air Fryer,Casa,1,529.0,0.05,338.56,RJ,Sudeste,Cartão de crédito,Online
101687,2025-01-09,C0615,Smartphone,Eletrônicos,1,2970.59,0,2317.06,RR,Norte,Cartão de débito,Online
101688,2026-04-28,C0728,Notebook,Eletrônicos,1,3519.98,0.1,2534.39,PA,Norte,PIX,Online
101689,2025-06-19,C1269,Monitor,Eletrônicos,1,770.1,0.05,523.67,MG,Sudeste,Cartão de crédito,Online
101690,2026-02-05,C2009,Headset,Eletrônicos,1,595.03,0.1,368.92,GO,Centro-Oeste,Cartão de crédito,Marketplace
101691,2025-03-08,C1894,Mouse,Eletrônicos,2,189.19,0.1,109.73,RO,Norte,Cartão de crédito,Marketplace
101692,2025-10-18,C0132,Air Fryer,Casa,1,537.06,0,343.72,PI,Nordeste,Boleto,Marketplace
101693,2025-11-10,C1203,Carregador,Acessórios,2,212.93,0.05,106.47,BA,Nordeste,PIX,Marketplace
101694,2025-09-04,C1890,Cafeteira,Casa,1,355.22,0,230.89,MS,Centro-Oeste,Cartão de crédito,Online
101695,2026-04-05,C0517,Teclado,Eletrônicos,1,151.41,0.1,90.85,RO,Norte,PIX,Online
101696,2026-03-22,C1679,Hub USB,Acessórios,1,221.75,0.15,121.96,MT,Centro-Oeste,PIX,Online
101697,2025-02-04,C1492,Hub USB,Acessórios,1,122.13,0,67.17,MG,Sudeste,PIX,Marketplace
101698,2026-05-25,C1899,Headset,Eletrônicos,2,448.12,0.1,277.83,MA,Nordeste,Boleto,Online
101699,2026-03-09,C1290,Cadeira,Escritório,4,2003.03,0.15,1402.12,SC,Sul,Cartão de crédito,Online
101700,2026-03-02,C0382,Aspirador,Casa,1,1485.46,0,995.26,PR,Sul,Cartão de débito,Marketplace
101701,2025-07-27,C0740,Aspirador,Casa,1,1213.57,0.1,813.09,RO,Norte,PIX,Marketplace
101702,2025-01-03,C0429,Cadeira,Escritório,1,2148.65,0.05,1504.06,RS,Sul,Cartão de débito,Marketplace
101703,2025-10-08,C2175,Carregador,Acessórios,1,155.75,0.05,77.88,DF,Centro-Oeste,Cartão de débito,Marketplace
101704,2026-04-11,C2421,Monitor,Eletrônicos,1,1669.83,0.1,1135.48,MG,Sudeste,PIX,Marketplace
101705,2026-02-22,C2414,Notebook,Eletrônicos,2,5271.43,0.05,3795.43,AL,Nordeste,Boleto,Online
101706,2025-08-17,C1841,Cadeira,Escritório,1,2283.03,0.15,1598.12,TO,Norte,Cartão de débito,Marketplace
101707,2025-09-29,C0018,Suporte para Monitor,Escritório,1,120.27,0.2,66.15,SE,Nordeste,Cartão de débito,Marketplace
101708,2026-03-17,C0196,Notebook,Eletrônicos,4,5308.37,0,3822.03,TO,Norte,Boleto,Online
101709,2025-11-10,C2459,Carregador,Acessórios,2,149.33,0.05,74.67,MT,Centro-Oeste,,Online
101710,2026-02-03,C2297,Air Fryer,Casa,2,424.07,0.1,271.4,SP,Sudeste,Boleto,Online
101711,2025-09-09,C1966,Cadeira,Escritório,1,759.75,0.1,531.82,PE,Nordeste,Cartão de débito,Marketplace
101712,2026-03-02,C0663,Aspirador,Casa,3,505.12,0,338.43,ES,Sudeste,PIX,Marketplace
101713,2025-03-20,C0638,Smartphone,Eletrônicos,3,4412.12,0,3441.45,BA,Nordeste,Cartão de crédito,Marketplace
101714,2025-04-27,C1849,Headset,Eletrônicos,1,525.35,0.1,325.72,MT,Centro-Oeste,Boleto,Online
101715,2025-10-12,C0342,Hub USB,Acessórios,1,100.25,0,55.14,RR,Norte,Cartão de débito,Marketplace
101716,2025-03-30,C0260,Notebook,Eletrônicos,1,3697.35,0.05,2662.09,RO,Norte,Cartão de débito,Marketplace
101717,2025-01-31,C1394,Mesa,Escritório,3,1668.26,0.05,1134.42,RR,Norte,Boleto,Online
101718,2025-07-14,C1981,Headset,Eletrônicos,2,710.8,0,440.7,AC,Norte,Cartão de débito,Marketplace
101719,2026-02-01,C1320,Cabo USB,Acessórios,2,35.93,0,16.17,SE,Nordeste,Cartão de débito,Online
101720,2025-01-18,C1526,Mesa,Escritório,2,1064.85,0.1,724.1,MA,Nordeste,Boleto,Online
101721,2025-04-09,C2436,Mouse,Eletrônicos,1,401.77,0.05,233.03,PI,Nordeste,Boleto,Marketplace
101722,2025-02-03,C1299,Teclado,Eletrônicos,1,475.96,0.05,285.58,MG,Sudeste,Cartão de crédito,Online
101723,2025-05-21,C1058,Liquidificador,Casa,3,599.65,0,377.78,AL,Nordeste,Cartão de crédito,Marketplace
101724,2026-05-26,C1264,Smartphone,Eletrônicos,2,2627.48,0,2049.43,CE,Nordeste,PIX,Online
101725,2025-05-21,C2151,Smartphone,Eletrônicos,2,4406.28,0.05,3436.9,ES,Sudeste,PIX,Marketplace
101726,2025-05-07,C0749,Cadeira,Escritório,2,1664.46,0,1165.12,MG,Sudeste,PIX,Marketplace
101727,2025-11-01,C2263,Smartphone,Eletrônicos,2,1401.74,0.05,1093.36,MG,Sudeste,PIX,Marketplace
101728,2025-12-08,C1103,Smartphone,Eletrônicos,2,1547.57,0,1207.1,MS,Centro-Oeste,Cartão de crédito,Online
101729,2025-02-13,C1922,Hub USB,Acessórios,3,169.32,0,93.13,SC,Sul,Cartão de débito,Online
101730,2025-06-22,C0759,Cadeira,Escritório,2,1638.03,0.15,1146.62,AM,Norte,Cartão de crédito,Marketplace
101731,2025-05-10,C0694,Cafeteira,Casa,2,1022.18,0.1,664.42,BA,Nordeste,Boleto,Online
101732,2025-10-07,C2363,Carregador,Acessórios,2,205.25,0,102.62,MT,Centro-Oeste,Cartão de débito,Online
101733,2025-08-05,C1592,Luminária,Escritório,1,248.89,0,129.42,RN,Nordeste,Boleto,Marketplace
101734,2025-09-13,C0511,Aspirador,Casa,2,568.75,0.1,381.06,SP,Sudeste,Cartão de crédito,Marketplace
101735,2025-09-17,C0526,Cafeteira,Casa,2,1014.45,0.05,659.39,PA,Norte,Cartão de débito,Online
101736,2025-08-25,C1024,Monitor,Eletrônicos,2,2016.25,0.1,1371.05,PR,Sul,Cartão de débito,Marketplace
101737,2025-01-03,C0861,Teclado,Eletrônicos,2,680.98,0,408.59,ES,Sudeste,PIX,Online
101738,2025-05-28,C0603,Cabo USB,Acessórios,2,82.85,0.15,37.28,MA,Nordeste,Boleto,Marketplace
101739,2025-10-09,C1817,Carregador,Acessórios,2,221.55,0,110.78,RN,Nordeste,PIX,Online
101740,2026-05-17,C2003,Air Fryer,Casa,4,606.22,0,387.98,AL,Nordeste,Boleto,Online
101741,2025-03-03,C1880,Monitor,Eletrônicos,1,1066.91,0,725.5,CE,Nordeste,Cartão de débito,Marketplace
101742,2025-07-01,C1746,Aspirador,Casa,2,841.54,0.1,563.83,RJ,Sudeste,Boleto,Marketplace
101743,2025-08-18,C1841,Liquidificador,Casa,1,534.65,0.1,336.83,RN,Nordeste,PIX,Online
101744,2025-08-14,C1795,Hub USB,Acessórios,3,83.77,0,46.07,PI,Nordeste,Boleto,Online
101745,2025-05-29,C0450,Carregador,Acessórios,1,124.17,0,62.09,ES,Sudeste,PIX,Marketplace
101746,2025-01-21,C0258,Suporte para Monitor,Escritório,2,542.4,0,298.32,CE,Nordeste,PIX,Online
101747,2025-07-07,C2036,Carregador,Acessórios,4,50.67,0.2,25.34,MA,Nordeste,Boleto,Marketplace
101748,2026-05-08,C0793,Notebook,Eletrônicos,1,5064.17,0.1,3646.2,AL,Nordeste,PIX,Marketplace
101749,2026-02-16,C2465,Cafeteira,Casa,2,556.89,0.05,361.98,DF,Centro-Oeste,Cartão de débito,Online
101750,2025-02-16,C1377,Cadeira,Escritório,1,2017.85,0.05,1412.49,PI,Nordeste,Cartão de débito,Marketplace
101751,2025-03-20,C0423,Notebook,Eletrônicos,2,2979.49,0.05,2145.23,MG,Sudeste,Cartão de débito,Marketplace
101752,2025-03-16,C0421,Luminária,Escritório,2,392.3,0.05,204.0,PR,Sul,Cartão de débito,Online
101753,2026-01-15,C0397,Cafeteira,Casa,1,211.7,0.05,137.6,ES,Sudeste,PIX,Marketplace
101754,2025-04-06,C1396,Cafeteira,Casa,4,811.77,0,527.65,PE,Nordeste,Cartão de débito,Online
101755,2025-10-11,C2217,Hub USB,Acessórios,1,246.61,0.1,135.64,TO,Norte,Boleto,Online
101756,2025-12-05,C0410,Luminária,Escritório,1,266.52,0.15,138.59,PE,Nordeste,Cartão de crédito,Marketplace
101757,2026-01-01,C1853,Mesa,Escritório,2,662.87,0.1,450.75,AM,Norte,Cartão de crédito,Marketplace
101758,2025-06-26,C0643,Cafeteira,Casa,1,245.2,0,159.38,TO,Norte,Cartão de débito,Online
101759,2025-10-30,C1888,Mouse,Eletrônicos,1,268.78,0.1,155.89,MG,Sudeste,Cartão de crédito,Online
101760,2025-11-03,C1769,Mesa,Escritório,1,501.23,0.15,340.84,PI,Nordeste,Boleto,Online
101761,2026-01-19,C0144,Headset,Eletrônicos,1,663.33,0.15,411.26,ES,Sudeste,Cartão de crédito,Online
101762,2025-03-16,C0630,Cafeteira,Casa,1,634.62,0.1,412.5,SC,Sul,PIX,Marketplace
101763,2025-06-11,C2435,Cabo USB,Acessórios,1,65.38,0.2,29.42,AL,Nordeste,Cartão de débito,Marketplace
101764,2025-11-20,C1066,Aspirador,Casa,2,1407.77,0.1,943.21,TO,Norte,Cartão de crédito,Online
101765,2025-10-30,C1539,Suporte para Monitor,Escritório,2,332.43,0,182.84,MS,Centro-Oeste,Cartão de crédito,Online
101766,2025-08-24,C2186,Monitor,Eletrônicos,4,903.7,0.05,614.52,AM,Norte,Cartão de débito,Online
101767,2025-07-04,C2208,Carregador,Acessórios,3,209.79,0,104.89,MG,Sudeste,Cartão de crédito,Online
101768,2025-12-14,C2151,Smartphone,Eletrônicos,1,2038.63,0,1590.13,PR,Sul,Cartão de débito,Online
101769,2026-05-18,C0841,Luminária,Escritório,1,332.81,0.1,173.06,RJ,Sudeste,Cartão de débito,Marketplace
101770,2026-03-09,C2240,Smartphone,Eletrônicos,1,4040.56,0.05,3151.64,PA,Norte,PIX,Marketplace
101771,2025-02-03,C0048,Notebook,Eletrônicos,2,5213.56,0.1,3753.76,RR,Norte,Cartão de crédito,Online
101772,2025-06-18,C2400,Cadeira,Escritório,1,1875.91,0.05,1313.14,RR,Norte,Cartão de crédito,Marketplace
101773,2025-02-28,C2478,Mesa,Escritório,1,639.64,0.05,434.96,RN,Nordeste,Cartão de crédito,Marketplace
101774,2025-09-25,C0653,Liquidificador,Casa,1,510.13,0.1,321.38,MS,Centro-Oeste,Boleto,Marketplace
101775,2026-06-19,C0314,Hub USB,Acessórios,1,261.36,0,143.75,DF,Centro-Oeste,Cartão de crédito,Marketplace
101776,2026-04-26,C0166,Suporte para Monitor,Escritório,1,333.66,0,183.51,MG,Sudeste,Cartão de crédito,Marketplace
101777,2026-01-22,C1415,Air Fryer,Casa,2,362.08,0.1,231.73,PE,Nordeste,Cartão de débito,Marketplace
101778,2025-05-06,C0966,Suporte para Monitor,Escritório,1,498.85,0.05,274.37,MA,Nordeste,PIX,Online
101779,2025-11-14,C0698,Mesa,Escritório,2,1000.52,0,680.35,RO,Norte,Cartão de crédito,Marketplace
101780,2026-02-21,C0852,Monitor,Eletrônicos,1,1783.78,0.1,1212.97,SE,Nordeste,PIX,Online
101781,2025-07-09,C0516,Carregador,Acessórios,1,103.56,0,51.78,ES,Sudeste,Boleto,Marketplace
101782,2025-05-08,C2277,Carregador,Acessórios,3,197.7,0,98.85,AC,Norte,PIX,Online
101783,2026-05-26,C1020,Hub USB,Acessórios,1,163.18,0.1,89.75,GO,Centro-Oeste,Cartão de crédito,Marketplace
101784,2025-09-06,C0635,Aspirador,Casa,2,426.88,0.05,286.01,PA,Norte,PIX,Online
101785,2025-11-11,C1670,Carregador,Acessórios,1,54.14,0.15,27.07,AP,Norte,Cartão de débito,Marketplace
101786,2026-03-18,C0877,Carregador,Acessórios,1,242.15,0,121.08,SE,Nordeste,Cartão de crédito,Marketplace
101787,2026-02-04,C0642,Liquidificador,Casa,1,480.14,0.1,302.49,MG,Sudeste,Cartão de débito,Marketplace
101788,2026-01-13,C1393,Air Fryer,Casa,1,430.87,0,275.76,AC,Norte,Cartão de crédito,Online
101789,2026-01-22,C1261,Hub USB,Acessórios,1,141.55,0,77.85,MS,Centro-Oeste,Cartão de crédito,Online
101790,2026-01-13,C0989,Teclado,Eletrônicos,2,450.68,0,270.41,PE,Nordeste,PIX,Online
101791,2025-03-05,C1393,Cabo USB,Acessórios,1,74.95,0,33.73,CE,Nordeste,Cartão de débito,Online
101792,2025-08-02,C1455,Cafeteira,Casa,1,726.21,0.05,472.04,RO,Norte,Cartão de crédito,Marketplace
101793,2025-05-25,C0419,Air Fryer,Casa,1,797.91,0.05,510.66,SE,Nordeste,Cartão de crédito,Online
101794,2025-09-04,C2431,Cafeteira,Casa,1,878.78,0.05,571.21,PR,Sul,Boleto,Marketplace
101795,2025-02-10,C1666,Air Fryer,Casa,3,806.35,0.2,516.06,AP,Norte,Boleto,Marketplace
101796,2025-04-08,C1892,Suporte para Monitor,Escritório,4,529.19,0.1,291.05,AC,Norte,Cartão de crédito,Online
101797,2025-08-02,C0109,Headset,Eletrônicos,5,172.05,0,106.67,AP,Norte,Boleto,Online
101798,2026-06-21,C0054,Mouse,Eletrônicos,1,238.46,0.05,138.31,RO,Norte,Boleto,Marketplace
101799,2025-05-03,C1702,Liquidificador,Casa,3,543.5,0.1,342.41,RN,Nordeste,PIX,Marketplace
101800,2025-03-01,C0313,Mouse,Eletrônicos,1,109.78,0,63.67,GO,Centro-Oeste,PIX,Online
101801,2025-08-20,C0948,Liquidificador,Casa,1,349.13,0.1,219.95,MS,Centro-Oeste,Cartão de débito,Marketplace
101802,2025-06-24,C0646,Cafeteira,Casa,4,806.57,0.05,524.27,RJ,Sudeste,Cartão de débito,Marketplace
101803,2025-12-10,C1384,Aspirador,Casa,1,365.28,0.15,244.74,RO,Norte,PIX,Online
101804,2026-02-22,C0176,Carregador,Acessórios,3,176.1,0.1,88.05,MA,Nordeste,Cartão de débito,Marketplace
101805,2026-03-15,C1784,Suporte para Monitor,Escritório,4,471.88,0.05,259.53,ES,Sudeste,Cartão de crédito,Online
101806,2025-01-19,C0173,Luminária,Escritório,4,359.95,0,187.17,RS,Sul,PIX,Marketplace
101807,2025-04-01,C0112,Suporte para Monitor,Escritório,1,442.45,0,243.35,AC,Norte,Cartão de débito,Online
101808,2025-08-12,C1041,Headset,Eletrônicos,3,416.85,0.1,258.45,GO,Centro-Oeste,Cartão de débito,Marketplace
101809,2026-05-13,C1988,Teclado,Eletrônicos,1,492.96,0.15,295.78,DF,Centro-Oeste,Cartão de débito,Marketplace
101810,2025-02-11,C0475,Liquidificador,Casa,1,550.25,0,346.66,GO,Centro-Oeste,Boleto,Online
101811,2025-11-02,C0973,Cadeira,Escritório,1,1834.21,0.05,1283.95,GO,Centro-Oeste,Cartão de débito,Marketplace
101812,2025-08-06,C0958,Monitor,Eletrônicos,2,1806.12,0,1228.16,ES,Sudeste,PIX,Marketplace
101813,2025-02-18,C2079,Notebook,Eletrônicos,1,4475.62,0.1,3222.45,RR,Norte,PIX,Marketplace
101814,2025-01-17,C1856,Headset,Eletrônicos,5,587.17,0,364.05,AP,Norte,Boleto,Marketplace
101815,2026-04-13,C0368,Liquidificador,Casa,3,261.86,0.05,164.97,PB,Nordeste,Boleto,Online
101816,2025-12-05,C2316,Mouse,Eletrônicos,1,88.93,0.05,51.58,CE,Nordeste,Cartão de débito,Online
101817,2025-04-21,C0758,Cafeteira,Casa,3,1007.08,0,654.6,AP,Norte,Cartão de débito,Marketplace
101818,2025-02-26,C1671,Suporte para Monitor,Escritório,2,111.48,0.05,61.31,PR,Sul,Boleto,Online
101819,2026-03-04,C0126,Cabo USB,Acessórios,2,33.91,0,15.26,MT,Centro-Oeste,Cartão de débito,Online
101820,2026-01-06,C1000,Cadeira,Escritório,3,1540.42,0.1,1078.29,MT,Centro-Oeste,Cartão de crédito,Marketplace
101821,2025-12-19,C1670,Notebook,Eletrônicos,3,2912.32,0,2096.87,RO,Norte,Boleto,Marketplace
101822,2025-05-31,C1664,Notebook,Eletrônicos,2,3755.53,0.1,2703.98,AL,Nordeste,PIX,Online
101823,2026-01-23,C1412,Suporte para Monitor,Escritório,1,136.4,0.1,75.02,SP,Sudeste,Boleto,Marketplace
101824,2025-05-30,C0780,Teclado,Eletrônicos,3,319.59,0,191.75,AP,Norte,Cartão de crédito,Marketplace
101825,2025-10-01,C1633,Cafeteira,Casa,1,440.6,0.1,286.39,CE,Nordeste,PIX,Online
101826,2025-06-18,C1960,Notebook,Eletrônicos,2,2503.42,0.1,1802.46,GO,Centro-Oeste,Boleto,Marketplace
101827,2025-03-06,C0226,Suporte para Monitor,Escritório,1,589.83,0.05,324.41,RS,Sul,Cartão de crédito,Online
101828,2025-12-09,C0105,Cafeteira,Casa,1,266.22,0.05,173.04,DF,Centro-Oeste,PIX,Online
101829,2025-03-16,C1317,Liquidificador,Casa,1,315.74,0,198.92,AM,Norte,Cartão de débito,Marketplace
101830,2025-05-28,C0207,Luminária,Escritório,2,150.56,0,78.29,SP,Sudeste,Boleto,Marketplace
101831,2025-10-16,C1601,Cabo USB,Acessórios,1,77.15,0.05,34.72,PR,Sul,Boleto,Marketplace
101832,2025-05-21,C1412,Mouse,Eletrônicos,1,415.44,0.1,240.96,PI,Nordeste,Boleto,Marketplace
101833,2025-06-14,C2316,Monitor,Eletrônicos,2,1783.24,0.1,1212.6,PE,Nordeste,Cartão de crédito,Marketplace
101834,2025-09-27,C0276,Carregador,Acessórios,4,89.69,0.05,44.84,RJ,Sudeste,Cartão de débito,Marketplace
101835,2025-06-25,C0830,Mesa,Escritório,1,1937.62,0,1317.58,MT,Centro-Oeste,Cartão de crédito,Marketplace
101836,2025-07-29,C0673,Notebook,Eletrônicos,2,2775.08,0,1998.06,RN,Nordeste,Cartão de crédito,Online
101837,2025-09-01,C2103,Luminária,Escritório,4,181.68,0.05,94.47,MT,Centro-Oeste,PIX,Marketplace
101838,2025-07-14,C0894,Teclado,Eletrônicos,1,723.98,0.05,434.39,CE,Nordeste,PIX,Online
101839,2025-11-27,C0196,Headset,Eletrônicos,1,446.69,0.05,276.95,TO,Norte,Cartão de crédito,Marketplace
101840,2025-10-19,C0217,Aspirador,Casa,1,506.11,0,339.09,ES,Sudeste,Boleto,Marketplace
101841,2025-05-26,C1898,Teclado,Eletrônicos,2,449.76,0.05,269.86,SC,Sul,Cartão de crédito,Online
101842,2025-04-05,C2014,Headset,Eletrônicos,3,591.74,0.1,366.88,ES,Sudeste,Cartão de débito,Marketplace
101843,2026-03-06,C0703,Carregador,Acessórios,2,118.03,0.1,59.02,RR,Norte,Boleto,Online
101844,2025-08-26,C2210,Luminária,Escritório,1,116.8,0.05,60.74,MT,Centro-Oeste,PIX,Marketplace
101845,2025-12-13,C0938,Notebook,Eletrônicos,2,4073.75,0.1,2933.1,PI,Nordeste,Boleto,Marketplace
101846,2026-04-10,C1960,Teclado,Eletrônicos,2,381.86,0.15,229.12,BA,Nordeste,Boleto,Online
101847,2026-01-09,C0010,Notebook,Eletrônicos,1,3002.7,0.1,2161.94,SC,Sul,Cartão de débito,Online
101848,2025-12-02,C0653,Mesa,Escritório,1,1029.37,0.15,699.97,PB,Nordeste,Cartão de crédito,Marketplace
101849,2025-04-18,C1086,Cabo USB,Acessórios,1,32.03,0,14.41,AM,Norte,Cartão de débito,Online
101850,2025-12-02,C2326,Mouse,Eletrônicos,1,271.82,0.05,157.66,MG,Sudeste,PIX,Online
101851,2025-10-23,C2240,Luminária,Escritório,3,384.99,0,200.19,MG,Sudeste,PIX,Online
101852,2026-03-20,C2451,Air Fryer,Casa,2,475.54,0.2,304.35,AM,Norte,Cartão de débito,Marketplace
101853,2026-06-09,C2268,Cadeira,Escritório,2,1794.54,0,1256.18,SE,Nordeste,Boleto,Online
101854,2025-04-04,C1463,Cabo USB,Acessórios,4,38.82,0.05,17.47,SE,Nordeste,Boleto,Marketplace
101855,2025-07-11,C0108,Cafeteira,Casa,4,652.01,0.05,423.81,RJ,Sudeste,Cartão de crédito,Marketplace
101856,2026-06-29,C2018,Hub USB,Acessórios,1,112.98,0.1,62.14,AL,Nordeste,Boleto,Online
101857,2025-11-24,C2115,Mouse,Eletrônicos,2,287.44,0.1,166.72,RR,Norte,PIX,Online
101858,2025-07-10,C0973,Suporte para Monitor,Escritório,1,447.75,0.15,246.26,PA,Norte,PIX,Marketplace
101859,2025-12-06,C1871,Suporte para Monitor,Escritório,2,115.32,0,63.43,PE,Nordeste,Cartão de débito,Marketplace
101860,2025-10-02,C1029,Mesa,Escritório,1,1237.74,0.05,841.66,RN,Nordeste,Cartão de débito,Online
101861,2025-10-29,C0761,Mesa,Escritório,2,1414.32,0,961.74,MT,Centro-Oeste,PIX,Marketplace
101862,2025-07-19,C2238,Air Fryer,Casa,4,946.64,0.15,605.85,MA,Nordeste,Boleto,Online
101863,2025-03-23,C1343,Aspirador,Casa,1,1201.87,0.1,805.25,PI,Nordeste,,Marketplace
101864,2025-06-21,C2358,Suporte para Monitor,Escritório,1,573.03,0,315.17,RO,Norte,Cartão de débito,Marketplace
101865,2026-01-14,C0419,Carregador,Acessórios,1,248.29,0.05,124.14,MT,Centro-Oeste,Boleto,Marketplace
101866,2025-01-27,C2006,Mesa,Escritório,1,1930.01,0.15,1312.41,MT,Centro-Oeste,PIX,Online
101867,2026-05-15,C1177,Cadeira,Escritório,3,948.41,0,663.89,AM,Norte,Cartão de crédito,Online
101868,2026-05-08,C2454,Teclado,Eletrônicos,1,132.82,0.05,79.69,RO,Norte,PIX,Online
101869,2025-02-08,C0353,Aspirador,Casa,3,512.73,0,343.53,MA,Nordeste,PIX,Marketplace
101870,2025-12-01,C1343,Teclado,Eletrônicos,1,251.62,0,150.97,DF,Centro-Oeste,Cartão de débito,Marketplace
101871,2026-06-22,C0399,Hub USB,Acessórios,1,173.78,0.15,95.58,MG,Sudeste,Cartão de crédito,Marketplace
101872,2025-04-22,C1162,Mouse,Eletrônicos,4,412.83,0,239.44,PB,Nordeste,Cartão de débito,Marketplace
101873,2026-06-26,C0500,Suporte para Monitor,Escritório,2,361.86,0.05,199.02,DF,Centro-Oeste,Cartão de débito,Marketplace
101874,2025-10-06,C1479,Notebook,Eletrônicos,1,5456.46,0.05,3928.65,AP,Norte,PIX,Marketplace
101875,2025-05-21,C1356,Headset,Eletrônicos,2,834.67,0.1,517.5,AL,Nordeste,Cartão de crédito,Marketplace
101876,2026-03-02,C1843,Carregador,Acessórios,1,105.91,0.15,52.95,PR,Sul,Boleto,Marketplace
101877,2025-12-12,C1146,Carregador,Acessórios,1,117.91,0.05,58.95,PB,Nordeste,PIX,Marketplace
101878,2026-05-30,C0528,Headset,Eletrônicos,1,610.79,0,378.69,RJ,Sudeste,Boleto,Marketplace
101879,2025-05-20,C0026,Notebook,Eletrônicos,3,2650.06,0.1,1908.04,PB,Nordeste,Cartão de débito,Online
101880,2025-08-31,C0538,Smartphone,Eletrônicos,2,4303.27,0.2,3356.55,ES,Sudeste,PIX,Marketplace
101881,2025-08-02,C0023,Smartphone,Eletrônicos,1,2922.12,0.05,2279.25,AM,Norte,Boleto,Online
101882,2025-10-18,C1243,Teclado,Eletrônicos,1,463.87,0.1,278.32,RN,Nordeste,Boleto,Online
101883,2025-08-16,C1733,Hub USB,Acessórios,1,220.21,0.05,121.12,CE,Nordeste,Boleto,Online
101884,2025-05-13,C1501,Notebook,Eletrônicos,3,5946.76,0.1,4281.67,PB,Nordeste,PIX,Online
101885,2026-06-23,C0895,Smartphone,Eletrônicos,3,1691.5,0.05,1319.37,TO,Norte,Cartão de crédito,Online
101886,2025-03-06,C0518,Cafeteira,Casa,1,343.21,0.1,223.09,SP,Sudeste,PIX,Online
101887,2026-01-22,C0034,Monitor,Eletrônicos,3,1635.26,0.05,1111.98,PI,Nordeste,Cartão de débito,Online
101888,2025-12-20,C0100,Cabo USB,Acessórios,1,81.35,0.05,36.61,RO,Norte,Cartão de crédito,Marketplace
101889,2025-07-05,C1434,Headset,Eletrônicos,1,390.64,0.1,242.2,PB,Nordeste,PIX,Marketplace
101890,2026-01-24,C0634,Mouse,Eletrônicos,3,475.7,0,275.91,DF,Centro-Oeste,Cartão de crédito,Marketplace
101891,2025-09-04,C0419,Suporte para Monitor,Escritório,1,374.69,0,206.08,SE,Nordeste,Cartão de crédito,Marketplace
101892,2025-03-06,C1873,Headset,Eletrônicos,2,298.74,0.1,185.22,AC,Norte,Cartão de débito,Online
101893,2025-11-30,C0745,Notebook,Eletrônicos,1,4518.27,0.05,3253.15,DF,Centro-Oeste,Cartão de débito,Marketplace
101894,2025-04-14,C1750,Headset,Eletrônicos,2,642.94,0.05,398.62,AM,Norte,PIX,Online
101895,2025-08-31,C0683,Mouse,Eletrônicos,1,232.75,0.2,135.0,RR,Norte,Cartão de débito,Marketplace
101896,2025-10-01,C1712,Liquidificador,Casa,1,467.9,0.05,294.78,AC,Norte,Boleto,Online
101897,2026-02-07,C1188,Headset,Eletrônicos,1,164.67,0,102.1,PE,Nordeste,Boleto,Online
101898,2026-04-03,C2473,Headset,Eletrônicos,3,795.46,0.05,493.19,SC,Sul,Cartão de débito,Marketplace
101899,2025-06-15,C0228,Smartphone,Eletrônicos,1,3666.88,0.05,2860.17,AP,Norte,Boleto,Online
101900,2026-05-18,C1339,Cafeteira,Casa,1,1151.24,0.15,748.31,GO,Centro-Oeste,Cartão de débito,Online
101901,2025-01-29,C0404,Mouse,Eletrônicos,1,233.01,0.1,135.15,AC,Norte,Cartão de crédito,Online
101902,2025-02-08,C0183,Headset,Eletrônicos,1,565.66,0.1,350.71,PA,Norte,Boleto,Marketplace
101903,2025-08-04,C1525,Mesa,Escritório,2,971.78,0,660.81,MT,Centro-Oeste,Boleto,Online
101904,2025-07-26,C0072,Monitor,Eletrônicos,1,1243.79,0.15,845.78,AM,Norte,Cartão de crédito,Marketplace
101905,2026-04-17,C0273,Teclado,Eletrônicos,1,710.28,0.2,426.17,AC,Norte,Cartão de crédito,Online
101906,2025-06-21,C2404,Mouse,Eletrônicos,2,358.88,0,208.15,RS,Sul,Boleto,Marketplace
101907,2025-07-17,C0233,Carregador,Acessórios,2,89.27,0,44.63,AL,Nordeste,Boleto,Online
101908,2026-05-27,C0381,Cafeteira,Casa,2,315.17,0.05,204.86,AM,Norte,Cartão de débito,Online
101909,2025-08-01,C0645,Teclado,Eletrônicos,1,580.75,0.1,348.45,SE,Nordeste,Boleto,Marketplace
101910,2025-02-24,C0472,Mouse,Eletrônicos,2,393.33,0,228.13,ES,Sudeste,Boleto,Marketplace
101911,2025-05-13,C0741,Teclado,Eletrônicos,1,532.26,0,319.36,PR,Sul,PIX,Marketplace
101912,2025-07-22,C0877,Air Fryer,Casa,1,700.32,0.05,448.2,MA,Nordeste,Cartão de débito,Online
101913,2026-04-12,C1235,Headset,Eletrônicos,2,227.72,0.1,141.19,CE,Nordeste,Cartão de débito,Online
101914,2025-10-19,C0094,Smartphone,Eletrônicos,2,3732.17,0.1,2911.09,PR,Sul,PIX,Online
101915,2025-05-18,C0615,Cadeira,Escritório,2,1251.15,0,875.81,TO,Norte,Cartão de débito,Marketplace
101916,2026-01-25,C0271,Mesa,Escritório,3,1577.57,0,1072.75,RS,Sul,PIX,Online
101917,2025-01-18,C0399,Hub USB,Acessórios,1,179.82,0,98.9,RS,Sul,Boleto,Marketplace
101918,2026-01-11,C1587,Cadeira,Escritório,1,2348.04,0,1643.63,SP,Sudeste,PIX,Online
101919,2025-01-27,C0577,Mouse,Eletrônicos,5,470.68,0.05,272.99,PB,Nordeste,Cartão de débito,Marketplace
101920,2026-05-22,C1139,Air Fryer,Casa,1,719.35,0,460.38,AC,Norte,Cartão de crédito,Marketplace
101921,2025-01-23,C1689,Luminária,Escritório,1,120.47,0,62.64,AM,Norte,Cartão de crédito,Marketplace
101922,2025-09-25,C0650,Cadeira,Escritório,3,1868.9,0.1,1308.23,BA,Nordeste,PIX,Online
101923,2025-03-02,C0511,Air Fryer,Casa,1,554.23,0.15,354.71,PI,Nordeste,Boleto,Marketplace
101924,2025-11-12,C0266,Luminária,Escritório,1,268.84,0.1,139.8,PB,Nordeste,PIX,Marketplace
101925,2025-06-26,C1009,Luminária,Escritório,1,349.31,0,181.64,RR,Norte,PIX,Marketplace
101926,2025-01-03,C0453,Luminária,Escritório,1,99.01,0,51.49,RR,Norte,Cartão de crédito,Online
101927,2025-01-28,C1690,Cafeteira,Casa,2,300.38,0.05,195.25,AP,Norte,Cartão de crédito,Marketplace
101928,2026-03-10,C2115,Headset,Eletrônicos,1,159.85,0,99.11,AC,Norte,PIX,Marketplace
101929,2025-06-01,C2428,Teclado,Eletrônicos,1,603.85,0.2,362.31,RO,Norte,Cartão de crédito,Marketplace
101930,2025-07-20,C2083,Smartphone,Eletrônicos,1,2811.85,0,2193.24,SE,Nordeste,Cartão de débito,Marketplace
101931,2025-02-18,C1179,Smartphone,Eletrônicos,1,3122.78,0,2435.77,CE,Nordeste,Cartão de débito,Marketplace
101932,2025-04-27,C0806,Headset,Eletrônicos,1,573.85,0,355.79,MT,Centro-Oeste,PIX,Marketplace
101933,2026-03-16,C2442,Luminária,Escritório,1,89.5,0,46.54,SP,Sudeste,PIX,Online
101934,2026-02-17,C0642,Cafeteira,Casa,3,1119.46,0.05,727.65,PE,Nordeste,Boleto,Marketplace
101935,2025-06-02,C0324,Luminária,Escritório,1,100.5,0,52.26,PR,Sul,Boleto,Online
101936,2025-02-28,C1090,Monitor,Eletrônicos,1,1466.01,0,996.89,MA,Nordeste,Cartão de crédito,Online
101937,2025-02-21,C1831,Teclado,Eletrônicos,2,566.58,0,339.95,PE,Nordeste,Cartão de crédito,Online
101938,2025-08-30,C2228,Aspirador,Casa,2,940.04,0.1,629.83,MS,Centro-Oeste,PIX,Online
101939,2025-09-13,C0270,Cadeira,Escritório,1,844.24,0,590.97,DF,Centro-Oeste,Cartão de crédito,Marketplace
101940,2026-02-09,C2483,Hub USB,Acessórios,1,188.42,0,103.63,RJ,Sudeste,Cartão de débito,Marketplace
101941,2025-05-04,C1699,Cabo USB,Acessórios,1,64.52,0,29.03,AL,Nordeste,Boleto,Online
101942,2025-08-10,C1987,Mouse,Eletrônicos,1,100.62,0.05,58.36,PE,Nordeste,Cartão de débito,Online
101943,2025-11-27,C1790,Headset,Eletrônicos,1,702.73,0.2,435.69,PA,Norte,PIX,Online
101944,2025-01-16,C0275,Cabo USB,Acessórios,2,92.89,0,41.8,AL,Nordeste,Cartão de débito,Online
101945,2026-04-24,C0209,Cafeteira,Casa,1,1019.81,0.05,662.88,SC,Sul,Cartão de crédito,Online
101946,2025-02-26,C0649,Luminária,Escritório,2,290.96,0.1,151.3,PA,Norte,PIX,Online
101947,2025-08-29,C1513,Smartphone,Eletrônicos,2,4003.7,0.05,3122.89,DF,Centro-Oeste,Boleto,Online
101948,2025-03-27,C1821,Teclado,Eletrônicos,4,611.67,0.05,367.0,AM,Norte,PIX,Online
101949,2026-02-13,C1066,Smartphone,Eletrônicos,1,1552.96,0.1,1211.31,SE,Nordeste,PIX,Online
101950,2026-06-04,C1532,Cabo USB,Acessórios,1,20.92,0,9.41,RR,Norte,Cartão de crédito,Marketplace
101951,2026-03-05,C1943,Monitor,Eletrônicos,1,1899.85,0.1,1291.9,SC,Sul,Cartão de débito,Marketplace
101952,2025-11-03,C2440,Smartphone,Eletrônicos,1,4058.44,0.1,3165.58,SC,Sul,Boleto,Marketplace
101953,2026-03-10,C2293,Headset,Eletrônicos,3,262.83,0.1,162.95,RN,Nordeste,Boleto,Online
101954,2025-02-14,C2412,Aspirador,Casa,1,1141.73,0,764.96,RR,Norte,Cartão de crédito,Marketplace
101955,2025-12-30,C1750,Teclado,Eletrônicos,1,729.71,0.1,437.83,SC,Sul,Boleto,Marketplace
101956,2025-12-08,C1546,Air Fryer,Casa,1,845.32,0.05,541.0,RR,Norte,Boleto,Online
101957,2025-02-16,C2478,Liquidificador,Casa,4,456.97,0,287.89,DF,Centro-Oeste,Boleto,Marketplace
101958,2025-09-29,C1759,Air Fryer,Casa,1,617.14,0,394.97,RJ,Sudeste,Boleto,Online
101959,2025-12-13,C0419,Mouse,Eletrônicos,1,147.12,0.15,85.33,MS,Centro-Oeste,Cartão de débito,Marketplace
101960,2025-05-09,C0002,Aspirador,Casa,1,967.34,0.1,648.12,BA,Nordeste,PIX,Marketplace
101961,2025-08-22,C0169,Carregador,Acessórios,3,77.49,0,38.74,PI,Nordeste,Cartão de débito,Marketplace
101962,2026-03-12,C0091,Smartphone,Eletrônicos,2,1253.64,0,977.84,RS,Sul,Cartão de crédito,Online
101963,2025-06-17,C0838,Mesa,Escritório,2,572.74,0,389.46,AC,Norte,Boleto,Online
101964,2025-07-11,C1019,Cadeira,Escritório,1,1009.03,0.05,706.32,ES,Sudeste,Boleto,Marketplace
101965,2025-06-19,C1476,Notebook,Eletrônicos,3,3474.46,0,2501.61,PR,Sul,PIX,Online
101966,2026-03-16,C1303,Teclado,Eletrônicos,2,711.13,0.1,426.68,PE,Nordeste,Cartão de crédito,Marketplace
101967,2025-03-06,C1926,Suporte para Monitor,Escritório,2,342.12,0.15,188.17,AC,Norte,Cartão de crédito,Online
101968,2025-02-12,C2240,Aspirador,Casa,1,1384.44,0,927.57,RN,Nordeste,Boleto,Online
101969,2025-10-06,C0327,Teclado,Eletrônicos,1,389.59,0.1,233.75,ES,Sudeste,Cartão de débito,Marketplace
101970,2026-02-08,C1543,Headset,Eletrônicos,4,559.44,0.1,346.85,MT,Centro-Oeste,Cartão de débito,Marketplace
101971,2025-11-16,C2076,Cabo USB,Acessórios,1,44.99,0.15,20.25,RJ,Sudeste,PIX,Marketplace
101972,2025-11-18,C0202,Aspirador,Casa,1,1017.12,0.1,681.47,PA,Norte,Cartão de débito,Online
101973,2026-01-05,C1010,Hub USB,Acessórios,2,163.93,0.1,90.16,PB,Nordeste,Cartão de crédito,Online
101974,2025-03-22,C1731,Hub USB,Acessórios,2,93.61,0.1,51.49,MT,Centro-Oeste,Boleto,Online
101975,2025-11-18,C1019,Luminária,Escritório,1,306.99,0,159.63,GO,Centro-Oeste,PIX,Marketplace
101976,2025-02-27,C1553,Mesa,Escritório,1,478.64,0.05,325.48,AM,Norte,PIX,Online
101977,2026-06-28,C2378,Liquidificador,Casa,1,142.54,0.15,89.8,RN,Nordeste,PIX,Marketplace
101978,2026-05-25,C1682,Luminária,Escritório,1,332.54,0,172.92,SP,Sudeste,PIX,Marketplace
101979,2026-01-08,C2008,Luminária,Escritório,2,188.77,0.15,98.16,MS,Centro-Oeste,Boleto,Marketplace
101980,2025-08-15,C0788,Cadeira,Escritório,2,2110.53,0,1477.37,PR,Sul,Cartão de débito,Marketplace
101981,2026-02-19,C1562,Aspirador,Casa,2,1317.86,0,882.97,AL,Nordeste,PIX,Marketplace
101982,2025-04-22,C1625,Monitor,Eletrônicos,2,1786.57,0,1214.87,MG,Sudeste,Cartão de crédito,Marketplace
101983,2025-07-11,C0486,Headset,Eletrônicos,1,370.58,0.2,229.76,RR,Norte,Boleto,Marketplace
101984,2026-05-01,C1273,Hub USB,Acessórios,1,248.04,0.1,136.42,RN,Nordeste,Cartão de crédito,Online
101985,2025-07-01,C1151,Smartphone,Eletrônicos,2,1399.66,0.05,1091.73,GO,Centro-Oeste,PIX,Marketplace
101986,2025-01-07,C2199,Monitor,Eletrônicos,1,1554.25,0.05,1056.89,RN,Nordeste,Boleto,Marketplace
101987,2025-07-20,C0325,Mouse,Eletrônicos,1,330.12,0.15,191.47,SE,Nordeste,Cartão de crédito,Marketplace
101988,2025-05-19,C1674,Cabo USB,Acessórios,2,88.22,0.1,39.7,AL,Nordeste,Cartão de crédito,Online
101989,2025-06-18,C0220,Teclado,Eletrônicos,1,275.86,0.1,165.52,PI,Nordeste,PIX,Online
101990,2025-12-21,C2412,Luminária,Escritório,2,357.25,0.05,185.77,SE,Nordeste,PIX,Online
101991,2025-09-29,C2106,Mesa,Escritório,1,604.67,0.1,411.18,RO,Norte,Cartão de débito,Marketplace
101992,2026-01-06,C1100,Aspirador,Casa,1,1094.78,0.05,733.5,CE,Nordeste,PIX,Marketplace
101993,2025-12-13,C0597,Cabo USB,Acessórios,3,87.64,0,39.44,PR,Sul,Cartão de débito,Online
101994,2025-10-20,C2201,Cabo USB,Acessórios,2,78.92,0.2,35.51,PA,Norte,Cartão de crédito,Marketplace
101995,2026-02-12,C0845,Cabo USB,Acessórios,1,43.48,0.1,19.57,AC,Norte,Cartão de débito,Marketplace
101996,2025-02-01,C0785,Headset,Eletrônicos,3,566.32,0.05,351.12,SC,Sul,Cartão de crédito,Marketplace
101997,2025-01-13,C2224,Mesa,Escritório,1,1754.87,0.1,1193.31,RN,Nordeste,Cartão de débito,Online
101998,2025-12-03,C0797,Aspirador,Casa,1,1011.1,0.1,677.44,BA,Nordeste,PIX,Online
101999,2025-08-23,C1356,Aspirador,Casa,3,1351.37,0,905.42,RO,Norte,Cartão de crédito,Online
102000,2026-03-28,C1943,Suporte para Monitor,Escritório,1,357.09,0,196.4,AL,Nordeste,PIX,Online
102001,2025-09-18,C1042,Aspirador,Casa,3,1444.39,0,967.74,AL,Nordeste,Cartão de crédito,Online
102002,2025-03-09,C1947,Mesa,Escritório,2,747.91,0.1,508.58,MT,Centro-Oeste,Cartão de crédito,Online
102003,2025-09-04,C2441,Cadeira,Escritório,1,1573.26,0.2,1101.28,GO,Centro-Oeste,PIX,Marketplace
102004,2026-06-25,C2108,Luminária,Escritório,2,363.14,0.1,188.83,DF,Centro-Oeste,Cartão de crédito,Marketplace
102005,2026-05-08,C2371,Cadeira,Escritório,2,2175.02,0,1522.51,TO,Norte,Boleto,Online
102006,2026-01-21,C0953,Aspirador,Casa,1,361.93,0.1,242.49,DF,Centro-Oeste,Boleto,Marketplace
102007,2025-10-02,C0542,Headset,Eletrônicos,3,773.73,0.1,479.71,MS,Centro-Oeste,Boleto,Online
102008,2025-08-30,C0976,Carregador,Acessórios,2,70.64,0.2,35.32,AM,Norte,Boleto,Online
102009,2025-06-10,C2321,Suporte para Monitor,Escritório,1,186.2,0.15,102.41,MG,Sudeste,Cartão de débito,Online
102010,2025-05-05,C0184,Mouse,Eletrônicos,3,86.26,0,50.03,SP,Sudeste,Cartão de crédito,Online
102011,2026-01-31,C1890,Carregador,Acessórios,1,72.92,0.15,36.46,GO,Centro-Oeste,Boleto,Marketplace
102012,2025-01-12,C2244,Teclado,Eletrônicos,1,306.83,0.05,184.1,RR,Norte,Cartão de crédito,Marketplace
102013,2025-08-29,C2266,Monitor,Eletrônicos,1,1274.78,0,866.85,RJ,Sudeste,Cartão de crédito,Marketplace
102014,2026-03-08,C2255,Aspirador,Casa,2,493.73,0,330.8,MS,Centro-Oeste,PIX,Online
102015,2025-01-04,C0814,Monitor,Eletrônicos,2,2490.25,0.05,1693.37,AP,Norte,Boleto,Online
102016,2026-01-14,C1143,Notebook,Eletrônicos,4,5833.74,0.05,4200.29,SE,Nordeste,Cartão de crédito,Marketplace
102017,2025-02-17,C1786,Notebook,Eletrônicos,1,5639.1,0.05,4060.15,PE,Nordeste,Cartão de crédito,Online
102018,2026-02-07,C1520,Notebook,Eletrônicos,1,2802.9,0,2018.09,TO,Norte,Cartão de débito,Marketplace
102019,2026-04-03,C2219,Notebook,Eletrônicos,1,3895.88,0.1,2805.03,MS,Centro-Oeste,PIX,Marketplace
102020,2026-06-20,C0062,Monitor,Eletrônicos,1,1711.06,0,1163.52,AL,Nordeste,Cartão de débito,Marketplace
102021,2026-01-22,C2189,Mouse,Eletrônicos,2,317.13,0.05,183.94,RN,Nordeste,Boleto,Online
102022,2025-08-28,C2212,Carregador,Acessórios,1,161.08,0.15,80.54,MS,Centro-Oeste,Cartão de crédito,Marketplace
102023,2026-05-12,C0298,Carregador,Acessórios,1,124.2,0.05,62.1,SC,Sul,PIX,Marketplace
102024,2026-04-11,C1545,Smartphone,Eletrônicos,1,3378.81,0,2635.47,RJ,Sudeste,Cartão de débito,Marketplace
102025,2026-04-11,C2139,Mesa,Escritório,2,1729.66,0,1176.17,SP,Sudeste,PIX,Online
102026,2026-01-13,C0571,Notebook,Eletrônicos,4,5243.88,0.05,3775.59,GO,Centro-Oeste,PIX,Online
102027,2026-05-14,C1872,Cabo USB,Acessórios,1,27.22,0.1,12.25,PI,Nordeste,PIX,Marketplace
102028,2025-03-18,C0396,Headset,Eletrônicos,1,747.93,0.1,463.72,PR,Sul,PIX,Online
102029,2025-05-22,C1785,Suporte para Monitor,Escritório,1,181.36,0.1,99.75,PI,Nordeste,PIX,Online
102030,2025-02-24,C1083,Cabo USB,Acessórios,2,49.32,0.15,22.19,ES,Sudeste,PIX,Marketplace
102031,2026-05-13,C0186,Mesa,Escritório,1,1647.2,0,1120.1,MS,Centro-Oeste,Cartão de débito,Online
102032,2026-05-24,C0001,Mesa,Escritório,2,428.9,0.1,291.65,RJ,Sudeste,Boleto,Online
102033,2026-02-24,C1127,Cadeira,Escritório,4,1418.72,0,993.1,PR,Sul,PIX,Marketplace
102034,2026-05-31,C0668,Headset,Eletrônicos,3,608.27,0.15,377.13,RR,Norte,PIX,Online
102035,2025-04-02,C1989,Monitor,Eletrônicos,1,2401.58,0.1,1633.07,SC,Sul,Cartão de débito,Marketplace
102036,2025-09-04,C0370,Cabo USB,Acessórios,1,53.57,0.05,24.11,MT,Centro-Oeste,PIX,Online
102037,2025-03-09,C0242,Hub USB,Acessórios,2,287.45,0.1,158.1,AP,Norte,Cartão de crédito,Online
102038,2026-01-16,C0005,Teclado,Eletrônicos,2,690.69,0.15,414.41,ES,Sudeste,Cartão de crédito,Marketplace
102039,2026-03-14,C0332,Headset,Eletrônicos,2,182.71,0.05,113.28,TO,Norte,Boleto,Online
102040,2025-07-24,C0180,Mouse,Eletrônicos,1,109.77,0.05,63.67,MA,Nordeste,Cartão de crédito,Online
102041,2025-09-20,C0355,Hub USB,Acessórios,3,206.28,0,113.45,RO,Norte,PIX,Marketplace
102042,2025-05-25,C2325,Air Fryer,Casa,1,589.24,0.05,377.11,RS,Sul,Boleto,Marketplace
102043,2025-09-21,C1143,Mouse,Eletrônicos,4,401.72,0.05,233.0,AC,Norte,Cartão de crédito,Online
102044,2025-07-27,C1274,Hub USB,Acessórios,3,98.18,0.15,54.0,AC,Norte,Cartão de crédito,Online
102045,2025-12-07,C0186,Aspirador,Casa,1,1218.35,0.1,816.29,RN,Nordeste,Cartão de débito,Online
102046,2026-04-25,C1216,Smartphone,Eletrônicos,1,4526.59,0.1,3530.74,PB,Nordeste,Boleto,Marketplace
102047,2025-09-05,C1382,Carregador,Acessórios,3,80.28,0.05,40.14,RN,Nordeste,PIX,Marketplace
102048,2026-03-16,C1835,Monitor,Eletrônicos,1,1686.32,0.2,1146.7,PE,Nordeste,PIX,Online
102049,2025-07-01,C1303,Liquidificador,Casa,3,303.66,0.2,191.31,AM,Norte,PIX,Marketplace
102050,2025-02-18,C1356,Mouse,Eletrônicos,1,267.12,0.05,154.93,PE,Nordeste,Cartão de crédito,Marketplace
102051,2026-04-05,C1375,Mesa,Escritório,1,982.76,0.05,668.28,RS,Sul,Cartão de débito,Online
102052,2025-12-08,C1330,Monitor,Eletrônicos,1,1588.09,0.1,1079.9,AC,Norte,Cartão de crédito,Online
102053,2025-04-13,C0342,Air Fryer,Casa,5,623.89,0.05,399.29,RN,Nordeste,Cartão de crédito,Online
102054,2025-12-03,C1209,Mouse,Eletrônicos,2,266.98,0.05,154.85,PA,Norte,Cartão de débito,Online
102055,2026-02-20,C1520,Notebook,Eletrônicos,3,3602.94,0.15,2594.12,PE,Nordeste,Cartão de crédito,Online
102056,2025-03-26,C0554,Notebook,Eletrônicos,1,5653.91,0.1,4070.82,MS,Centro-Oeste,PIX,Online
102057,2025-06-11,C1711,Notebook,Eletrônicos,2,4948.73,0,3563.09,MA,Nordeste,Cartão de crédito,Marketplace
102058,2025-07-07,C1422,Cafeteira,Casa,4,854.68,0.1,555.54,PE,Nordeste,Boleto,Marketplace
102059,2026-03-25,C1158,Monitor,Eletrônicos,1,2202.56,0,1497.74,SE,Nordeste,Cartão de débito,Online
102060,2025-02-20,C1450,Cabo USB,Acessórios,2,67.19,0.05,30.24,SP,Sudeste,Cartão de débito,Online
102061,2025-01-10,C1609,Monitor,Eletrônicos,1,1919.57,0,1305.31,CE,Nordeste,Cartão de crédito,Online
102062,2025-01-04,C1137,Teclado,Eletrônicos,1,756.38,0.15,453.83,AL,Nordeste,Cartão de crédito,Marketplace
102063,2025-03-15,C2224,Smartphone,Eletrônicos,1,3453.72,0,2693.9,BA,Nordeste,PIX,Online
102064,2025-12-21,C0998,Mesa,Escritório,3,1497.64,0,1018.4,MG,Sudeste,PIX,Marketplace
102065,2025-02-04,C0243,Smartphone,Eletrônicos,1,2947.57,0.15,2299.1,SP,Sudeste,Cartão de crédito,Marketplace
102066,2025-03-02,C0302,Luminária,Escritório,1,309.48,0.05,160.93,MG,Sudeste,Cartão de débito,Marketplace
102067,2025-10-01,C0514,Carregador,Acessórios,2,241.28,0.1,120.64,MS,Centro-Oeste,PIX,Marketplace
102068,2025-08-19,C0085,Mesa,Escritório,1,1185.24,0.05,805.96,SC,Sul,PIX,Marketplace
102069,2025-08-12,C0659,Notebook,Eletrônicos,2,5399.55,0,3887.68,RS,Sul,Boleto,Marketplace
102070,2025-05-14,C1603,Aspirador,Casa,1,382.21,0.05,256.08,SC,Sul,Cartão de crédito,Online
102071,2025-08-13,C0907,Mouse,Eletrônicos,1,439.52,0,254.92,AC,Norte,Cartão de crédito,Online
102072,2025-02-17,C1459,Luminária,Escritório,1,283.91,0.2,147.63,MT,Centro-Oeste,Boleto,Marketplace
102073,2025-01-15,C0621,Air Fryer,Casa,3,381.65,0.05,244.26,SE,Nordeste,Cartão de débito,Online
102074,2025-10-16,C1371,Notebook,Eletrônicos,4,5732.35,0.05,4127.29,AP,Norte,Boleto,Marketplace
102075,2025-03-31,C0701,Headset,Eletrônicos,2,595.2,0.05,369.02,SC,Sul,Boleto,Online
102076,2025-09-04,C1717,Air Fryer,Casa,2,917.61,0.1,587.27,RO,Norte,Cartão de débito,Marketplace
102077,2025-12-29,C2133,Mesa,Escritório,1,809.34,0.2,550.35,SP,Sudeste,Cartão de débito,Online
102078,2025-04-28,C0373,Cabo USB,Acessórios,3,87.35,0,39.31,AP,Norte,Cartão de crédito,Online
102079,2026-03-18,C0690,Cafeteira,Casa,1,995.26,0.1,646.92,SC,Sul,Cartão de crédito,Marketplace
102080,2025-05-08,C2140,Carregador,Acessórios,2,147.77,0,73.89,PB,Nordeste,Cartão de crédito,Marketplace
102081,2025-04-25,C2061,Teclado,Eletrônicos,1,474.87,0,284.92,MT,Centro-Oeste,Cartão de crédito,Marketplace
102082,2026-04-27,C0686,Cabo USB,Acessórios,2,27.54,0.05,12.39,MG,Sudeste,Cartão de crédito,Marketplace
102083,2026-05-06,C2192,Air Fryer,Casa,2,789.55,0.15,505.31,RJ,Sudeste,Boleto,Online
102084,2026-05-07,C0707,Carregador,Acessórios,3,105.22,0.2,52.61,CE,Nordeste,Cartão de crédito,Online
102085,2025-05-22,C0689,Carregador,Acessórios,2,145.35,0,72.67,SC,Sul,Cartão de débito,Marketplace
102086,2025-08-23,C0555,Mouse,Eletrônicos,2,145.3,0,84.27,PE,Nordeste,PIX,Marketplace
102087,2025-08-05,C0540,Aspirador,Casa,4,1325.32,0.1,887.96,RJ,Sudeste,Boleto,Marketplace
102088,2025-01-11,C0519,Cafeteira,Casa,2,934.79,0,607.61,AM,Norte,Cartão de débito,Online
102089,2025-06-02,C0898,Aspirador,Casa,3,413.23,0.05,276.86,PB,Nordeste,Cartão de débito,Online
102090,2026-01-17,C0795,Air Fryer,Casa,1,843.79,0,540.03,RJ,Sudeste,Boleto,Marketplace
102091,2026-02-21,C1039,Monitor,Eletrônicos,1,705.19,0.2,479.53,MG,Sudeste,PIX,Online
102092,2026-04-13,C1883,Cabo USB,Acessórios,1,92.25,0,41.51,MT,Centro-Oeste,Cartão de débito,Online
102093,2025-01-24,C0664,Smartphone,Eletrônicos,5,1358.64,0.1,1059.74,TO,Norte,Cartão de crédito,Marketplace
102094,2026-01-23,C2491,Liquidificador,Casa,1,573.55,0.05,361.34,GO,Centro-Oeste,Cartão de débito,Online
102095,2025-09-27,C1016,Notebook,Eletrônicos,3,5096.56,0.1,3669.52,RJ,Sudeste,Boleto,Marketplace
102096,2025-06-04,C2325,Headset,Eletrônicos,1,801.48,0.15,496.92,AL,Nordeste,Boleto,Online
102097,2025-02-27,C1503,Carregador,Acessórios,1,226.96,0.2,113.48,AL,Nordeste,Boleto,Marketplace
102098,2026-01-28,C0958,Monitor,Eletrônicos,2,2373.75,0,1614.15,GO,Centro-Oeste,Boleto,Marketplace
102099,2025-03-03,C1242,Mesa,Escritório,2,1646.08,0.1,1119.33,CE,Nordeste,Cartão de crédito,Marketplace
102100,2026-02-05,C0805,Luminária,Escritório,2,273.49,0,142.21,BA,Nordeste,Boleto,Marketplace
102101,2025-11-06,C2477,Notebook,Eletrônicos,1,4087.65,0,2943.11,SC,Sul,Boleto,Online
102102,2025-05-01,C0363,Luminária,Escritório,1,126.99,0,66.03,AL,Nordeste,Cartão de débito,Marketplace
102103,2025-09-30,C0620,Cadeira,Escritório,1,1529.37,0.05,1070.56,MG,Sudeste,Boleto,Online
102104,2025-06-01,C0984,Luminária,Escritório,2,370.38,0.1,192.6,PA,Norte,Boleto,Marketplace
102105,2025-07-25,C2293,Air Fryer,Casa,1,467.6,0,299.26,CE,Nordeste,Boleto,Online
102106,2025-02-28,C1494,Mesa,Escritório,1,759.86,0,516.7,RS,Sul,Cartão de crédito,Online
102107,2025-03-22,C1499,Smartphone,Eletrônicos,3,3116.01,0.05,2430.49,PB,Nordeste,PIX,Marketplace
102108,2026-02-04,C2309,Cabo USB,Acessórios,2,59.95,0.1,26.98,RN,Nordeste,PIX,Marketplace
102109,2026-01-05,C0983,Cafeteira,Casa,1,764.32,0.2,496.81,PE,Nordeste,Boleto,Marketplace
102110,2026-01-27,C0261,Carregador,Acessórios,1,231.19,0,115.59,SC,Sul,PIX,Marketplace
102111,2025-01-23,C2194,Mesa,Escritório,2,412.67,0,280.62,TO,Norte,PIX,Online
102112,2025-07-09,C1635,Cadeira,Escritório,2,1146.19,0.15,802.33,MS,Centro-Oeste,Boleto,Marketplace
102113,2026-04-03,C0745,Liquidificador,Casa,1,562.87,0,354.61,PE,Nordeste,Cartão de débito,Online
102114,2025-05-02,C1089,Mesa,Escritório,1,596.06,0.1,405.32,MG,Sudeste,PIX,Online
102115,2025-06-11,C1702,Air Fryer,Casa,3,510.7,0,326.85,CE,Nordeste,Cartão de débito,Online
102116,2026-02-27,C0902,Cabo USB,Acessórios,2,56.63,0,25.48,PA,Norte,Cartão de crédito,Online
102117,2026-05-23,C2175,Teclado,Eletrônicos,3,743.83,0,446.3,ES,Sudeste,Cartão de crédito,Marketplace
102118,2025-04-05,C2282,Cabo USB,Acessórios,1,32.51,0.05,14.63,PA,Norte,PIX,Online
102119,2026-06-02,C1887,Luminária,Escritório,1,350.13,0.1,182.07,PA,Norte,Boleto,Online
102120,2026-05-25,C0795,Teclado,Eletrônicos,2,214.52,0.1,128.71,TO,Norte,Cartão de crédito,Marketplace
102121,2025-06-01,C0912,Cadeira,Escritório,3,1425.6,0,997.92,AL,Nordeste,Boleto,Marketplace
102122,2025-07-12,C0799,Luminária,Escritório,1,115.67,0.15,60.15,AM,Norte,Cartão de crédito,Marketplace
102123,2026-03-26,C2200,Mouse,Eletrônicos,1,469.58,0.05,272.36,AM,Norte,Cartão de crédito,Online
102124,2025-06-05,C1982,Notebook,Eletrônicos,3,3123.63,0,2249.01,CE,Nordeste,Cartão de débito,Marketplace
102125,2025-07-19,C0492,Cabo USB,Acessórios,1,68.34,0,30.75,MS,Centro-Oeste,Cartão de crédito,Online
102126,2026-06-26,C0356,Suporte para Monitor,Escritório,1,182.24,0,100.23,ES,Sudeste,Cartão de débito,Marketplace
102127,2025-12-26,C0632,Mesa,Escritório,1,1025.22,0.15,697.15,SP,Sudeste,Cartão de débito,Marketplace
102128,2025-12-19,C0524,Air Fryer,Casa,2,976.45,0.05,624.93,PA,Norte,Cartão de débito,Online
102129,2025-06-23,C0618,Mouse,Eletrônicos,2,403.76,0.05,234.18,RO,Norte,Cartão de débito,Online
102130,2025-10-22,C1490,Notebook,Eletrônicos,3,4919.16,0.1,3541.8,RR,Norte,Cartão de débito,Marketplace
102131,2025-05-13,C0929,Air Fryer,Casa,1,360.98,0.05,231.03,MG,Sudeste,Boleto,Marketplace
102132,2025-02-20,C2258,Smartphone,Eletrônicos,4,1182.25,0,922.16,DF,Centro-Oeste,Boleto,Online
102133,2025-06-12,C0819,Carregador,Acessórios,1,69.73,0.05,34.87,PR,Sul,Boleto,Online
102134,2025-08-16,C2287,Mesa,Escritório,2,1411.39,0,959.75,RJ,Sudeste,Boleto,Marketplace
102135,2025-09-22,C1649,Aspirador,Casa,1,655.39,0.1,439.11,PR,Sul,Cartão de débito,Online
102136,2025-06-06,C0581,Cafeteira,Casa,4,1119.64,0.05,727.77,AM,Norte,Cartão de crédito,Marketplace
102137,2025-06-07,C1418,Aspirador,Casa,2,1087.94,0.1,728.92,PR,Sul,Cartão de débito,Online
102138,2026-02-19,C0235,Mesa,Escritório,1,1713.68,0.1,1165.3,MA,Nordeste,Cartão de débito,Marketplace
102139,2026-02-03,C0993,Monitor,Eletrônicos,3,1843.78,0.1,1253.77,RR,Norte,Cartão de débito,Online
102140,2026-06-29,C0228,Teclado,Eletrônicos,1,578.57,0.05,347.14,ES,Sudeste,Cartão de débito,Online
102141,2025-11-19,C0939,Hub USB,Acessórios,3,288.95,0.1,158.92,AM,Norte,PIX,Online
102142,2025-03-15,C0901,Notebook,Eletrônicos,2,3110.8,0.1,2239.78,GO,Centro-Oeste,PIX,Marketplace
102143,2026-04-30,C1497,Air Fryer,Casa,1,519.68,0,332.6,PI,Nordeste,Cartão de crédito,Marketplace
102144,2025-09-15,C2330,Cadeira,Escritório,1,848.56,0.1,593.99,RJ,Sudeste,PIX,Online
102145,2025-10-02,C0295,Luminária,Escritório,1,325.26,0.1,169.14,MA,Nordeste,Boleto,Marketplace
102146,2025-04-04,C2361,Notebook,Eletrônicos,2,4573.49,0,3292.91,MA,Nordeste,Boleto,Marketplace
102147,2025-07-09,C0247,Mesa,Escritório,1,400.84,0,272.57,PE,Nordeste,Cartão de débito,Marketplace
102148,2025-01-16,C0292,Headset,Eletrônicos,2,639.02,0,396.19,AC,Norte,Cartão de crédito,Online
102149,2025-03-17,C0827,Liquidificador,Casa,2,480.91,0.05,302.97,DF,Centro-Oeste,Boleto,Marketplace
102150,2026-02-20,C0149,Cabo USB,Acessórios,2,61.86,0,27.84,SC,Sul,Boleto,Marketplace
102151,2025-08-25,C0328,Hub USB,Acessórios,2,296.72,0,163.2,SE,Nordeste,Boleto,Online
102152,2025-12-14,C2363,Cabo USB,Acessórios,4,62.78,0.05,28.25,MT,Centro-Oeste,Boleto,Marketplace
102153,2025-08-01,C2342,Air Fryer,Casa,3,788.8,0,504.83,ES,Sudeste,Cartão de crédito,Marketplace
102154,2025-11-13,C0772,Cadeira,Escritório,1,1524.99,0.1,1067.49,MS,Centro-Oeste,PIX,Online
102155,2025-05-08,C0593,Air Fryer,Casa,1,384.74,0,246.23,TO,Norte,Cartão de crédito,Marketplace
102156,2026-01-23,C1116,Hub USB,Acessórios,5,203.87,0.05,112.13,CE,Nordeste,Boleto,Online
102157,2025-01-02,C0575,Monitor,Eletrônicos,1,1710.27,0.05,1162.98,CE,Nordeste,Boleto,Marketplace
102158,2025-11-01,C2345,Suporte para Monitor,Escritório,1,325.07,0,178.79,RJ,Sudeste,Boleto,Online
102159,2025-12-22,C1748,Suporte para Monitor,Escritório,2,116.89,0.15,64.29,MG,Sudeste,Cartão de crédito,Marketplace
102160,2025-12-28,C1290,Air Fryer,Casa,2,629.18,0,402.68,AC,Norte,Boleto,Marketplace
102161,2025-07-10,C1903,Luminária,Escritório,1,115.17,0.1,59.89,AM,Norte,PIX,Online
102162,2025-08-17,C1316,Suporte para Monitor,Escritório,1,447.36,0.05,246.05,AC,Norte,Cartão de crédito,Online
102163,2025-12-25,C0452,Mesa,Escritório,1,657.76,0.05,447.28,RS,Sul,Boleto,Marketplace
102164,2025-03-22,C1287,Air Fryer,Casa,2,941.32,0.1,602.44,MT,Centro-Oeste,PIX,Marketplace
102165,2025-10-16,C1696,Mesa,Escritório,2,796.82,0.2,541.84,AP,Norte,PIX,Marketplace
102166,2025-11-11,C1055,Air Fryer,Casa,2,854.19,0,546.68,ES,Sudeste,Boleto,Online
102167,2025-09-22,C1130,Air Fryer,Casa,2,499.56,0.05,319.72,PE,Nordeste,Boleto,Marketplace
102168,2026-06-23,C2300,Notebook,Eletrônicos,1,3285.85,0.05,2365.81,GO,Centro-Oeste,Boleto,Online
102169,2025-08-12,C2358,Hub USB,Acessórios,2,197.3,0.1,108.52,GO,Centro-Oeste,PIX,Online
102170,2025-06-11,C0425,Air Fryer,Casa,4,998.39,0.1,638.97,SE,Nordeste,Cartão de débito,Online
102171,2025-04-28,C1961,Headset,Eletrônicos,2,509.2,0,315.7,GO,Centro-Oeste,PIX,Online
102172,2026-02-27,C1518,Liquidificador,Casa,1,504.17,0,317.63,AP,Norte,Cartão de débito,Online
102173,2025-01-11,C0176,Air Fryer,Casa,1,696.68,0.1,445.88,RN,Nordeste,Cartão de crédito,Online
102174,2025-02-25,C0113,Air Fryer,Casa,1,816.11,0.05,522.31,PR,Sul,Cartão de crédito,Online
102175,2025-12-08,C1612,Cabo USB,Acessórios,3,62.3,0.05,28.04,RS,Sul,PIX,Marketplace
102176,2025-01-03,C2275,Hub USB,Acessórios,4,293.59,0,161.47,MS,Centro-Oeste,Cartão de débito,Online
102177,2026-01-05,C2264,Aspirador,Casa,1,574.22,0,384.73,RN,Nordeste,Cartão de débito,Online
102178,2025-08-17,C2221,Smartphone,Eletrônicos,2,1192.23,0,929.94,SC,Sul,Cartão de débito,Marketplace
102179,2025-05-19,C0138,Headset,Eletrônicos,3,296.18,0.05,183.63,SC,Sul,PIX,Marketplace
102180,2025-04-21,C0077,Cafeteira,Casa,1,863.29,0.1,561.14,AL,Nordeste,Boleto,Online
102181,2025-11-18,C0577,Monitor,Eletrônicos,2,1205.04,0.1,819.43,MG,Sudeste,Cartão de débito,Online
102182,2026-03-25,C1172,Hub USB,Acessórios,1,137.97,0.2,75.88,CE,Nordeste,Cartão de débito,Marketplace
102183,2025-06-08,C0936,Monitor,Eletrônicos,1,2124.48,0.05,1444.65,MG,Sudeste,Cartão de débito,Online
102184,2026-03-09,C1601,Aspirador,Casa,1,810.57,0,543.08,AP,Norte,Cartão de débito,Online
102185,2025-05-17,C2132,Cafeteira,Casa,5,823.61,0,535.35,PR,Sul,Cartão de crédito,Online
102186,2026-02-15,C2350,Cadeira,Escritório,5,931.05,0.15,651.73,BA,Nordeste,Cartão de crédito,Online
102187,2025-09-17,C1673,Cafeteira,Casa,1,267.72,0.1,174.02,PA,Norte,Boleto,Marketplace
102188,2025-01-11,C1793,Mesa,Escritório,3,627.19,0.05,426.49,DF,Centro-Oeste,PIX,Marketplace
102189,2025-02-28,C0711,Air Fryer,Casa,1,559.14,0,357.85,SC,Sul,Cartão de débito,Marketplace
102190,2025-06-24,C0963,Hub USB,Acessórios,1,139.59,0.15,76.77,RR,Norte,Cartão de débito,Online
102191,2025-10-31,C1878,Mouse,Eletrônicos,1,488.33,0.05,283.23,AC,Norte,Cartão de crédito,Online
102192,2025-06-16,C0670,Cabo USB,Acessórios,2,30.59,0,13.77,PB,Nordeste,Cartão de crédito,Marketplace
102193,2025-09-23,C2239,Luminária,Escritório,1,328.38,0,170.76,PI,Nordeste,Boleto,Marketplace
102194,2026-02-28,C0434,Aspirador,Casa,2,1290.51,0.15,864.64,SC,Sul,PIX,Online
102195,2026-01-04,C2219,Suporte para Monitor,Escritório,1,536.2,0.05,294.91,RR,Norte,Boleto,Online
102196,2026-06-02,C0263,Cadeira,Escritório,1,1133.32,0,793.32,MS,Centro-Oeste,PIX,Marketplace
102197,2025-10-16,C1044,Suporte para Monitor,Escritório,3,462.35,0,254.29,BA,Nordeste,Boleto,Online
102198,2026-04-08,C2349,Cafeteira,Casa,2,276.31,0,179.6,PR,Sul,Cartão de crédito,Online
102199,2025-05-03,C2175,Monitor,Eletrônicos,1,1624.32,0,1104.54,PB,Nordeste,Boleto,Online
102200,2026-04-11,C0203,Smartphone,Eletrônicos,3,2938.93,0.1,2292.37,RR,Norte,Cartão de débito,Online
102201,2025-04-17,C2408,Mesa,Escritório,4,1387.6,0.1,943.57,SC,Sul,PIX,Online
102202,2025-04-15,C0708,Hub USB,Acessórios,1,279.17,0.15,153.54,AC,Norte,PIX,Online
102203,2026-04-11,C0745,Air Fryer,Casa,1,552.5,0,353.6,PR,Sul,Cartão de crédito,Marketplace
102204,2026-01-21,C1313,Headset,Eletrônicos,2,345.5,0.15,214.21,RN,Nordeste,Cartão de débito,Online
102205,2025-07-20,C0829,Notebook,Eletrônicos,4,3530.5,0.05,2541.96,TO,Norte,Cartão de crédito,Marketplace
102206,2026-06-16,C2045,Carregador,Acessórios,1,166.02,0,83.01,PE,Nordeste,Boleto,Online
102207,2025-01-11,C1533,Headset,Eletrônicos,2,433.14,0.05,268.55,PB,Nordeste,Cartão de crédito,Marketplace
102208,2026-04-04,C2036,Cafeteira,Casa,1,901.99,0,586.29,AL,Nordeste,Cartão de débito,Online
102209,2026-03-01,C0956,Cadeira,Escritório,1,1404.7,0.05,983.29,MA,Nordeste,Cartão de débito,Online
102210,2025-06-07,C0072,Mesa,Escritório,1,1817.32,0,1235.78,RJ,Sudeste,Cartão de débito,Online
102211,2026-01-13,C2346,Notebook,Eletrônicos,2,3051.84,0.05,2197.32,ES,Sudeste,Cartão de crédito,Marketplace
102212,2025-08-12,C0173,Luminária,Escritório,1,181.68,0.1,94.47,RO,Norte,Boleto,Online
102213,2025-09-08,C1898,Luminária,Escritório,2,339.96,0.1,176.78,SC,Sul,PIX,Online
102214,2026-03-18,C1545,Monitor,Eletrônicos,1,1893.84,0.1,1287.81,SP,Sudeste,PIX,Online
102215,2025-07-29,C0439,Cafeteira,Casa,1,738.31,0.15,479.9,MG,Sudeste,PIX,Online
102216,2025-03-07,C0343,Headset,Eletrônicos,1,263.88,0.15,163.61,SC,Sul,Cartão de crédito,Marketplace
102217,2026-06-08,C0462,Liquidificador,Casa,2,378.4,0.15,238.39,MT,Centro-Oeste,Boleto,Marketplace
102218,2025-11-02,C0035,Suporte para Monitor,Escritório,1,391.42,0.05,215.28,PE,Nordeste,Cartão de crédito,Marketplace
102219,2025-11-09,C0548,Liquidificador,Casa,3,443.39,0,279.34,RN,Nordeste,Cartão de débito,Marketplace
102220,2026-06-22,C1968,Cabo USB,Acessórios,1,45.09,0,20.29,AC,Norte,Boleto,Marketplace
102221,2026-02-13,C1274,Liquidificador,Casa,2,177.0,0.05,111.51,PR,Sul,Cartão de débito,Marketplace
102222,2025-04-25,C0578,Headset,Eletrônicos,2,477.09,0,295.8,RJ,Sudeste,Cartão de débito,Online
102223,2025-11-09,C0262,Notebook,Eletrônicos,1,3070.83,0,2211.0,RS,Sul,Cartão de crédito,Marketplace
102224,2026-06-08,C2328,Hub USB,Acessórios,2,234.0,0,128.7,PI,Nordeste,Boleto,Online
102225,2025-10-12,C2357,Luminária,Escritório,2,110.89,0,57.66,RO,Norte,Cartão de débito,Online
102226,2025-02-28,C0899,Notebook,Eletrônicos,3,3977.87,0,2864.07,RO,Norte,Cartão de débito,Online
102227,2025-01-06,C1425,Monitor,Eletrônicos,4,2046.39,0.05,1391.55,RS,Sul,Boleto,Online
102228,2025-01-04,C1318,Teclado,Eletrônicos,2,328.65,0,197.19,BA,Nordeste,Cartão de débito,Online
102229,2025-06-15,C1712,Mesa,Escritório,3,1385.51,0.1,942.15,MS,Centro-Oeste,Cartão de crédito,Online
102230,2026-02-12,C2188,Cabo USB,Acessórios,2,33.12,0.05,14.9,AL,Nordeste,Cartão de débito,Online
102231,2025-07-31,C2055,Headset,Eletrônicos,2,439.02,0.1,272.19,RS,Sul,Cartão de débito,Marketplace
102232,2025-03-27,C2072,Luminária,Escritório,1,116.49,0.1,60.57,MT,Centro-Oeste,Boleto,Online
102233,2026-04-11,C0430,Suporte para Monitor,Escritório,1,376.07,0.2,206.84,ES,Sudeste,Cartão de crédito,Online
102234,2025-06-08,C2072,Cafeteira,Casa,2,401.13,0,260.73,DF,Centro-Oeste,Cartão de débito,Online
102235,2025-08-18,C1431,Carregador,Acessórios,3,142.22,0.1,71.11,RJ,Sudeste,Boleto,Marketplace
102236,2026-02-20,C1976,Notebook,Eletrônicos,1,2832.4,0,2039.33,AP,Norte,PIX,Online
102237,2026-06-20,C0412,Notebook,Eletrônicos,3,5346.27,0,3849.31,RJ,Sudeste,Cartão de débito,Marketplace
102238,2026-02-24,C0479,Cabo USB,Acessórios,1,60.25,0,27.11,MS,Centro-Oeste,Boleto,Online
102239,2025-12-25,C2038,Liquidificador,Casa,1,444.27,0.2,279.89,TO,Norte,Cartão de débito,Marketplace
102240,2026-01-13,C1636,Suporte para Monitor,Escritório,1,481.86,0.1,265.02,PB,Nordeste,Cartão de crédito,Online
102241,2026-04-04,C0837,Cadeira,Escritório,1,1514.46,0.05,1060.12,SC,Sul,PIX,Marketplace
102242,2025-10-07,C1783,Air Fryer,Casa,2,306.32,0.05,196.04,CE,Nordeste,Cartão de débito,Online
102243,2025-10-02,C1947,Cabo USB,Acessórios,1,69.39,0.05,31.23,CE,Nordeste,Cartão de crédito,Marketplace
102244,2026-05-12,C0089,Suporte para Monitor,Escritório,2,376.62,0.05,207.14,CE,Nordeste,Boleto,Marketplace
102245,2025-10-19,C1662,Mesa,Escritório,1,1925.77,0,1309.52,DF,Centro-Oeste,PIX,Online
102246,2026-04-19,C0994,Luminária,Escritório,1,226.67,0.15,117.87,MA,Nordeste,Cartão de débito,Marketplace
102247,2026-01-25,C1200,Teclado,Eletrônicos,2,473.59,0,284.15,MA,Nordeste,Cartão de crédito,Online
102248,2026-02-08,C0041,Carregador,Acessórios,1,84.18,0.1,42.09,MG,Sudeste,Cartão de débito,Marketplace
102249,2026-04-15,C0161,Mouse,Eletrônicos,1,201.75,0.1,117.01,MG,Sudeste,Cartão de crédito,Online
102250,2025-09-16,C1469,Aspirador,Casa,1,1212.72,0,812.52,MT,Centro-Oeste,Cartão de débito,Online
102251,2026-05-10,C1250,Cadeira,Escritório,2,1581.71,0,1107.2,DF,Centro-Oeste,Boleto,Marketplace
102252,2025-12-22,C1704,Teclado,Eletrônicos,5,265.59,0,159.35,SE,Nordeste,PIX,Online
102253,2025-01-01,C0872,Monitor,Eletrônicos,1,1320.84,0.05,898.17,PA,Norte,Boleto,Online
102254,2025-07-28,C0071,Mesa,Escritório,3,1920.5,0.05,1305.94,ES,Sudeste,PIX,Online
102255,2025-10-29,C1770,Cabo USB,Acessórios,1,24.14,0.1,10.86,AC,Norte,Cartão de crédito,Online
102256,2026-04-29,C0664,Carregador,Acessórios,1,178.55,0,89.28,ES,Sudeste,Cartão de débito,Marketplace
102257,2025-05-06,C0195,Mesa,Escritório,1,1870.29,0,1271.8,PE,Nordeste,Cartão de débito,Online
102258,2026-05-11,C1124,Suporte para Monitor,Escritório,2,577.35,0.05,317.54,RN,Nordeste,PIX,Online
102259,2025-02-09,C1548,Liquidificador,Casa,1,493.5,0,310.91,PB,Nordeste,Boleto,Marketplace
102260,2025-11-19,C1743,Mouse,Eletrônicos,2,157.38,0.15,91.28,ES,Sudeste,Cartão de crédito,Marketplace
102261,2025-08-09,C1208,Air Fryer,Casa,1,320.58,0.05,205.17,PI,Nordeste,Boleto,Marketplace
102262,2025-11-30,C1526,Liquidificador,Casa,2,408.38,0,257.28,ES,Sudeste,Cartão de débito,Online
102263,2025-01-07,C2004,Cadeira,Escritório,3,2438.9,0,1707.23,AC,Norte,PIX,Online
102264,2025-06-20,C2441,Teclado,Eletrônicos,1,618.72,0.05,371.23,PA,Norte,Cartão de débito,Online
102265,2026-04-29,C0971,Smartphone,Eletrônicos,4,3560.37,0.1,2777.09,SE,Nordeste,Boleto,Online
102266,2025-10-05,C2196,Luminária,Escritório,2,314.08,0.1,163.32,MT,Centro-Oeste,PIX,Marketplace
102267,2025-06-25,C0742,Cadeira,Escritório,2,1110.55,0.1,777.38,PB,Nordeste,Cartão de débito,Marketplace
102268,2026-02-20,C0474,Teclado,Eletrônicos,4,329.38,0.05,197.63,RJ,Sudeste,Boleto,Online
102269,2025-12-11,C0214,Monitor,Eletrônicos,1,1846.12,0.05,1255.36,DF,Centro-Oeste,Cartão de crédito,Marketplace
102270,2026-04-11,C1259,Cabo USB,Acessórios,1,38.43,0.05,17.29,RS,Sul,PIX,Online
102271,2026-03-25,C2167,Liquidificador,Casa,2,529.52,0,333.6,TO,Norte,Boleto,Online
102272,2025-11-04,C2340,Mesa,Escritório,1,815.93,0.1,554.83,DF,Centro-Oeste,Cartão de débito,Online
102273,2025-08-25,C2001,Cadeira,Escritório,1,560.57,0,392.4,GO,Centro-Oeste,Cartão de débito,Marketplace
102274,2025-03-12,C0824,Smartphone,Eletrônicos,1,3577.24,0.15,2790.25,SC,Sul,Boleto,Online
102275,2026-05-01,C2073,Carregador,Acessórios,1,85.02,0.15,42.51,RJ,Sudeste,PIX,Online
102276,2026-05-02,C0805,Hub USB,Acessórios,1,261.99,0.05,144.09,MA,Nordeste,Cartão de crédito,Marketplace
102277,2025-05-06,C1824,Headset,Eletrônicos,2,456.45,0.1,283.0,RS,Sul,PIX,Online
102278,2026-06-09,C0205,Hub USB,Acessórios,1,204.2,0,112.31,AL,Nordeste,Boleto,Online
102279,2025-10-13,C1563,Liquidificador,Casa,1,472.91,0.05,297.93,RN,Nordeste,Cartão de débito,Marketplace
102280,2025-11-14,C0920,Smartphone,Eletrônicos,1,2584.22,0.05,2015.69,MS,Centro-Oeste,PIX,Marketplace
102281,2025-09-26,C1399,Luminária,Escritório,1,268.01,0.05,139.37,SP,Sudeste,Cartão de crédito,Online
102282,2026-06-30,C2440,Monitor,Eletrônicos,2,1563.44,0.05,1063.14,MT,Centro-Oeste,Cartão de débito,Marketplace
102283,2025-04-08,C0349,Headset,Eletrônicos,1,457.2,0.05,283.46,CE,Nordeste,Cartão de débito,Marketplace
102284,2025-10-11,C2108,Suporte para Monitor,Escritório,2,248.77,0.1,136.82,TO,Norte,Boleto,Marketplace
102285,2025-06-24,C2299,Cabo USB,Acessórios,3,49.67,0.1,22.35,PI,Nordeste,PIX,Marketplace
102286,2025-05-10,C2124,Carregador,Acessórios,2,218.52,0,109.26,PR,Sul,Cartão de crédito,Marketplace
102287,2025-03-17,C0564,Cabo USB,Acessórios,1,63.24,0.1,28.46,SE,Nordeste,Cartão de crédito,Marketplace
102288,2025-12-03,C2379,Notebook,Eletrônicos,1,5705.66,0,4108.08,MA,Nordeste,Cartão de crédito,Marketplace
102289,2026-03-12,C2034,Cafeteira,Casa,2,359.88,0.2,233.92,GO,Centro-Oeste,Cartão de crédito,Online
102290,2025-08-11,C0122,Headset,Eletrônicos,1,527.08,0.1,326.79,MT,Centro-Oeste,Cartão de crédito,Online
102291,2026-05-19,C2207,Air Fryer,Casa,1,961.68,0,615.48,SP,Sudeste,Cartão de crédito,Online
102292,2026-04-01,C1917,Teclado,Eletrônicos,2,359.28,0,215.57,AL,Nordeste,Boleto,Online
102293,2026-01-18,C0367,Air Fryer,Casa,2,759.9,0.1,486.34,MT,Centro-Oeste,Cartão de crédito,Marketplace
102294,2025-11-23,C0800,Notebook,Eletrônicos,1,3880.97,0.1,2794.3,ES,Sudeste,Cartão de crédito,Online
102295,2025-01-11,C1019,Smartphone,Eletrônicos,4,3130.55,0.15,2441.83,PI,Nordeste,PIX,Online
102296,2025-12-24,C0497,Cadeira,Escritório,1,1353.18,0.05,947.23,RO,Norte,PIX,Online
102297,2025-05-06,C0175,Carregador,Acessórios,1,62.2,0,31.1,RS,Sul,Boleto,Online
102298,2025-03-13,C1406,Suporte para Monitor,Escritório,4,497.54,0.05,273.65,RS,Sul,Boleto,Marketplace
102299,2026-03-27,C0324,Mouse,Eletrônicos,1,226.45,0.1,131.34,RN,Nordeste,Cartão de débito,Online
102300,2025-09-05,C0248,Mesa,Escritório,2,1402.61,0.05,953.77,AP,Norte,Boleto,Online
102301,2025-10-26,C1845,Mesa,Escritório,2,537.52,0,365.51,RN,Nordeste,Boleto,Online
102302,2025-07-10,C1463,Hub USB,Acessórios,1,272.99,0,150.14,CE,Nordeste,Cartão de débito,Marketplace
102303,2025-05-18,C2082,Monitor,Eletrônicos,3,1548.77,0,1053.16,SP,Sudeste,Cartão de débito,Marketplace
102304,2026-02-24,C0020,Suporte para Monitor,Escritório,1,224.69,0,123.58,RJ,Sudeste,Boleto,Marketplace
102305,2025-03-12,C1689,Aspirador,Casa,1,1366.63,0.1,915.64,RO,Norte,Boleto,Marketplace
102306,2025-12-09,C2194,Cafeteira,Casa,3,834.81,0,542.63,TO,Norte,PIX,Online
102307,2025-05-08,C0154,Mesa,Escritório,1,1296.35,0,881.52,PI,Nordeste,Cartão de débito,Online
102308,2025-05-27,C1994,Aspirador,Casa,1,777.78,0.15,521.11,GO,Centro-Oeste,Cartão de crédito,Marketplace
102309,2025-10-05,C1857,Aspirador,Casa,1,1193.72,0,799.79,MA,Nordeste,Cartão de débito,Online
102310,2025-02-15,C1714,Luminária,Escritório,1,163.24,0.1,84.88,PA,Norte,Cartão de crédito,Online
102311,2026-06-02,C2198,Headset,Eletrônicos,2,358.66,0.1,222.37,SE,Nordeste,PIX,Marketplace
102312,2025-04-25,C0972,Mesa,Escritório,3,1627.07,0.05,1106.41,SE,Nordeste,Cartão de débito,Marketplace
102313,2026-04-10,C1090,Teclado,Eletrônicos,3,114.89,0.2,68.93,RR,Norte,Cartão de crédito,Online
102314,2025-10-05,C0144,Suporte para Monitor,Escritório,1,573.56,0.05,315.46,AP,Norte,Cartão de crédito,Marketplace
102315,2026-04-27,C1816,Cafeteira,Casa,2,559.14,0.05,363.44,AC,Norte,Cartão de débito,Online
102316,2025-10-18,C1946,Suporte para Monitor,Escritório,1,514.7,0,283.09,RO,Norte,Cartão de crédito,Online
102317,2025-12-24,C0791,Teclado,Eletrônicos,1,545.84,0.05,327.5,SP,Sudeste,Cartão de débito,Online
102318,2025-05-17,C1429,Suporte para Monitor,Escritório,1,183.43,0,100.89,PE,Nordeste,Cartão de crédito,Online
102319,2025-03-29,C0143,Air Fryer,Casa,2,549.27,0.05,351.53,SP,Sudeste,PIX,Marketplace
102320,2025-01-21,C0232,Smartphone,Eletrônicos,2,2978.99,0.05,2323.61,RO,Norte,PIX,Online
102321,2025-06-13,C1109,Cafeteira,Casa,1,980.78,0.1,637.51,AM,Norte,Cartão de crédito,Online
102322,2025-11-13,C0405,Hub USB,Acessórios,4,283.19,0,155.75,PE,Nordeste,Boleto,Online
102323,2025-06-04,C1597,Hub USB,Acessórios,5,270.42,0.05,148.73,RS,Sul,Cartão de débito,Online
102324,2025-03-22,C2032,Mesa,Escritório,3,1669.52,0,1135.27,SP,Sudeste,PIX,Online
102325,2026-03-06,C0409,Headset,Eletrônicos,1,771.33,0,478.22,RS,Sul,PIX,Marketplace
102326,2026-03-18,C0407,Carregador,Acessórios,2,93.02,0.05,46.51,PR,Sul,Boleto,Marketplace
102327,2025-02-27,C0621,Headset,Eletrônicos,2,173.85,0,107.79,RR,Norte,Cartão de débito,Marketplace
102328,2025-05-19,C0288,Luminária,Escritório,2,142.91,0.2,74.31,MS,Centro-Oeste,Cartão de crédito,Online
102329,2026-04-22,C1949,Cadeira,Escritório,2,560.05,0,392.03,BA,Nordeste,Cartão de débito,Marketplace
102330,2025-01-27,C1890,Notebook,Eletrônicos,1,4115.18,0,2962.93,AP,Norte,Cartão de crédito,Marketplace
102331,2025-06-14,C0384,Headset,Eletrônicos,1,555.4,0.05,344.35,MG,Sudeste,Boleto,Online
102332,2026-05-23,C0584,Suporte para Monitor,Escritório,1,112.48,0.1,61.86,MA,Nordeste,PIX,Marketplace
102333,2026-05-23,C0455,Teclado,Eletrônicos,2,483.01,0.2,289.81,RJ,Sudeste,Boleto,Online
102334,2025-09-20,C1255,Cabo USB,Acessórios,1,24.3,0.2,10.94,TO,Norte,Cartão de débito,Marketplace
102335,2025-05-15,C0753,Liquidificador,Casa,1,164.56,0.05,103.67,PR,Sul,PIX,Online
102336,2025-10-04,C0338,Cafeteira,Casa,1,932.57,0.15,606.17,AC,Norte,Cartão de crédito,Marketplace
102337,2026-04-02,C1944,Liquidificador,Casa,3,300.4,0,189.25,PA,Norte,Cartão de débito,Marketplace
102338,2025-11-20,C0387,Mesa,Escritório,1,608.88,0.05,414.04,AM,Norte,Boleto,Marketplace
102339,2025-05-18,C1108,Notebook,Eletrônicos,4,5395.06,0.05,3884.44,MT,Centro-Oeste,PIX,Online
102340,2025-02-07,C0539,Suporte para Monitor,Escritório,1,387.49,0,213.12,MT,Centro-Oeste,Cartão de crédito,Online
102341,2026-02-19,C1170,Luminária,Escritório,2,336.75,0.15,175.11,PE,Nordeste,Boleto,Marketplace
102342,2026-03-08,C0520,Carregador,Acessórios,1,125.87,0,62.94,SP,Sudeste,PIX,Marketplace
102343,2025-09-23,C0097,Cabo USB,Acessórios,1,38.46,0.1,17.31,MT,Centro-Oeste,Cartão de crédito,Online
102344,2026-05-18,C1195,Monitor,Eletrônicos,2,1721.06,0,1170.32,CE,Nordeste,Cartão de crédito,Online
102345,2026-06-26,C0826,Suporte para Monitor,Escritório,1,580.97,0.1,319.53,TO,Norte,Cartão de débito,Marketplace
102346,2025-10-13,C2214,Air Fryer,Casa,1,605.93,0.05,387.8,MG,Sudeste,Cartão de débito,Online
102347,2026-06-25,C1681,Air Fryer,Casa,1,602.19,0,385.4,SP,Sudeste,Cartão de débito,Online
102348,2025-07-24,C2014,Headset,Eletrônicos,2,706.91,0.15,438.28,PB,Nordeste,PIX,Online
102349,2025-08-12,C0009,Cafeteira,Casa,1,218.17,0.05,141.81,BA,Nordeste,PIX,Marketplace
102350,2025-09-03,C2432,Cabo USB,Acessórios,1,20.39,0.05,9.18,MS,Centro-Oeste,Cartão de crédito,Online
102351,2025-05-02,C1664,Aspirador,Casa,2,278.93,0.2,186.88,RJ,Sudeste,Boleto,Online
102352,2025-05-23,C2026,Air Fryer,Casa,1,619.72,0.1,396.62,PA,Norte,Boleto,Online
102353,2025-01-10,C2220,Suporte para Monitor,Escritório,2,268.42,0.05,147.63,TO,Norte,Cartão de crédito,Marketplace
102354,2025-09-22,C1592,Hub USB,Acessórios,1,91.15,0.15,50.13,TO,Norte,PIX,Online
102355,2026-03-21,C0487,Air Fryer,Casa,3,806.11,0,515.91,SE,Nordeste,Cartão de crédito,Online
102356,2025-03-29,C1304,Carregador,Acessórios,1,170.83,0.1,85.42,RO,Norte,PIX,Marketplace
102357,2025-05-25,C2349,Carregador,Acessórios,4,111.81,0.2,55.91,RS,Sul,PIX,Online
102358,2026-01-07,C0834,Smartphone,Eletrônicos,1,1956.69,0.05,1526.22,SP,Sudeste,Boleto,Marketplace
102359,2025-09-14,C1161,Suporte para Monitor,Escritório,2,452.03,0.15,248.62,AL,Nordeste,Boleto,Online
102360,2025-04-08,C0240,Monitor,Eletrônicos,2,1180.59,0.1,802.8,SP,Sudeste,Cartão de débito,Online
102361,2025-06-05,C0565,Carregador,Acessórios,2,152.67,0.05,76.33,AP,Norte,PIX,Online
102362,2026-02-05,C0577,Mouse,Eletrônicos,1,225.59,0.15,130.84,PI,Nordeste,PIX,Marketplace
102363,2026-04-24,C0932,Mouse,Eletrônicos,2,230.57,0.2,133.73,AL,Nordeste,PIX,Online
102364,2025-12-19,C1862,Air Fryer,Casa,1,506.26,0,324.01,ES,Sudeste,Cartão de débito,Marketplace
102365,2025-04-29,C1715,Teclado,Eletrônicos,4,539.84,0.1,323.9,MA,Nordeste,PIX,Online
102366,2026-02-12,C0469,Liquidificador,Casa,3,149.2,0.1,94.0,BA,Nordeste,Cartão de crédito,Marketplace
102367,2026-02-23,C0097,Luminária,Escritório,1,120.89,0,62.86,PR,Sul,Boleto,Online
102368,2025-04-02,C0720,Notebook,Eletrônicos,1,5664.28,0.05,4078.28,AM,Norte,Boleto,Online
102369,2025-04-02,C0513,Mesa,Escritório,1,1847.12,0.15,1256.04,RO,Norte,PIX,Online
102370,2026-03-16,C1783,Hub USB,Acessórios,2,129.37,0.1,71.15,AC,Norte,PIX,Marketplace
102371,2025-02-17,C1252,Suporte para Monitor,Escritório,2,546.92,0.2,300.81,AL,Nordeste,Cartão de débito,Marketplace
102372,2025-01-26,C0439,Suporte para Monitor,Escritório,2,266.45,0,146.55,PI,Nordeste,Cartão de débito,Marketplace
102373,2025-06-02,C1063,Hub USB,Acessórios,1,202.83,0.05,111.56,PI,Nordeste,Boleto,Online
102374,2025-11-22,C0416,Headset,Eletrônicos,2,244.66,0.05,151.69,SC,Sul,Boleto,Marketplace
102375,2026-06-06,C1606,Notebook,Eletrônicos,3,4962.57,0.05,3573.05,PB,Nordeste,Boleto,Online
102376,2025-10-10,C0314,Mouse,Eletrônicos,4,340.99,0.05,197.77,AL,Nordeste,Boleto,Marketplace
102377,2026-04-30,C1914,Liquidificador,Casa,3,437.95,0.05,275.91,AM,Norte,Cartão de débito,Marketplace
102378,2025-02-07,C1691,Notebook,Eletrônicos,4,2880.99,0.05,2074.31,GO,Centro-Oeste,Boleto,Marketplace
102379,2025-05-09,C0964,Mouse,Eletrônicos,1,194.19,0,112.63,MG,Sudeste,PIX,Marketplace
102380,2025-06-06,C0453,Suporte para Monitor,Escritório,1,268.14,0.1,147.48,TO,Norte,PIX,Marketplace
102381,2026-01-01,C1052,Headset,Eletrônicos,2,279.05,0.2,173.01,PA,Norte,PIX,Marketplace
102382,2025-05-07,C0415,Smartphone,Eletrônicos,2,3449.84,0.1,2690.88,MT,Centro-Oeste,Cartão de crédito,Online
102383,2025-09-13,C0011,Cabo USB,Acessórios,3,54.32,0,24.44,MA,Nordeste,PIX,Online
102384,2026-06-25,C2117,Smartphone,Eletrônicos,1,4205.48,0.05,3280.27,RN,Nordeste,Boleto,Marketplace
102385,2025-12-22,C0403,Notebook,Eletrônicos,3,5975.37,0,4302.27,SC,Sul,PIX,Marketplace
102386,2025-10-13,C0337,Cafeteira,Casa,3,386.49,0.15,251.22,ES,Sudeste,Boleto,Online
102387,2026-06-25,C1737,Liquidificador,Casa,1,574.06,0.05,361.66,ES,Sudeste,Boleto,Online
102388,2025-07-27,C0669,Monitor,Eletrônicos,1,1957.96,0,1331.41,SE,Nordeste,Cartão de crédito,Online
102389,2025-10-10,C0133,Smartphone,Eletrônicos,4,1839.43,0.15,1434.76,PI,Nordeste,Cartão de crédito,Online
102390,2026-05-24,C0406,Teclado,Eletrônicos,2,426.64,0.1,255.98,AL,Nordeste,Cartão de crédito,Online
102391,2025-06-09,C1454,Suporte para Monitor,Escritório,2,408.42,0.1,224.63,MG,Sudeste,PIX,Online
102392,2026-04-23,C2146,Liquidificador,Casa,1,295.04,0,185.88,ES,Sudeste,Cartão de crédito,Online
102393,2025-12-15,C0916,Cabo USB,Acessórios,1,33.25,0,14.96,PI,Nordeste,Cartão de débito,Marketplace
102394,2025-01-04,C1932,Carregador,Acessórios,1,143.6,0.1,71.8,RO,Norte,Cartão de débito,Marketplace
102395,2026-03-02,C0434,Teclado,Eletrônicos,1,486.77,0.05,292.06,AP,Norte,Boleto,Online
102396,2025-07-27,C2441,Mouse,Eletrônicos,3,326.99,0.2,189.65,PE,Nordeste,Boleto,Marketplace
102397,2025-07-22,C1988,Teclado,Eletrônicos,1,258.68,0.05,155.21,AL,Nordeste,Cartão de crédito,Online
102398,2025-10-21,C2241,Headset,Eletrônicos,1,692.1,0.05,429.1,RR,Norte,PIX,Marketplace
102399,2025-02-02,C0061,Carregador,Acessórios,1,101.38,0.15,50.69,RS,Sul,Cartão de débito,Online
102400,2025-07-10,C0665,Suporte para Monitor,Escritório,4,160.77,0.05,88.42,RR,Norte,Boleto,Marketplace
102401,2026-04-12,C1064,Mesa,Escritório,1,1155.46,0.05,785.71,SE,Nordeste,PIX,Online
102402,2025-05-02,C1008,Luminária,Escritório,2,394.41,0.15,205.09,RO,Norte,,Online
102403,2025-02-26,C0473,Cadeira,Escritório,3,2289.3,0.1,1602.51,RN,Nordeste,Cartão de crédito,Online
102404,2025-01-10,C0892,Hub USB,Acessórios,1,90.21,0.15,49.62,TO,Norte,PIX,Online
102405,2025-08-05,C0461,Liquidificador,Casa,2,535.54,0.05,337.39,CE,Nordeste,PIX,Online
102406,2025-01-25,C0042,Air Fryer,Casa,1,375.0,0.05,240.0,RR,Norte,Cartão de crédito,Online
102407,2025-08-23,C0192,Cadeira,Escritório,1,1236.6,0,865.62,PI,Nordeste,PIX,Marketplace
102408,2026-02-18,C1004,Liquidificador,Casa,1,536.51,0.1,338.0,MA,Nordeste,Cartão de débito,Marketplace
102409,2025-04-06,C0013,Smartphone,Eletrônicos,1,4280.74,0.15,3338.98,PE,Nordeste,Boleto,Marketplace
102410,2025-06-09,C2010,Aspirador,Casa,1,1260.48,0.1,844.52,ES,Sudeste,PIX,Marketplace
102411,2025-12-12,C1315,Air Fryer,Casa,2,940.08,0,601.65,MT,Centro-Oeste,Cartão de crédito,Marketplace
102412,2025-12-04,C0404,Hub USB,Acessórios,1,210.3,0.1,115.67,PI,Nordeste,Cartão de crédito,Marketplace
102413,2025-09-23,C0634,Mesa,Escritório,1,1902.22,0,1293.51,PA,Norte,Boleto,Online
102414,2026-01-28,C0078,Air Fryer,Casa,1,850.74,0.05,544.47,AC,Norte,PIX,Marketplace
102415,2026-04-19,C1920,Luminária,Escritório,1,194.59,0.05,101.19,SP,Sudeste,Boleto,Online
102416,2026-05-28,C1900,Monitor,Eletrônicos,1,1391.69,0,946.35,AM,Norte,Boleto,Online
102417,2025-03-04,C0887,Hub USB,Acessórios,1,149.97,0.2,82.48,GO,Centro-Oeste,Cartão de crédito,Online
102418,2025-10-31,C0299,Cabo USB,Acessórios,3,60.26,0,27.12,SE,Nordeste,Cartão de débito,Marketplace
102419,2025-06-15,C2305,Monitor,Eletrônicos,1,1167.21,0.1,793.7,PA,Norte,Boleto,Online
102420,2025-07-10,C2274,Cabo USB,Acessórios,1,44.02,0,19.81,AL,Nordeste,Boleto,Marketplace
102421,2025-01-11,C1825,Mouse,Eletrônicos,2,238.44,0,138.3,PI,Nordeste,Cartão de crédito,Online
102422,2025-08-02,C2247,Cadeira,Escritório,4,1301.77,0.05,911.24,PR,Sul,PIX,Online
102423,2026-06-26,C1767,Cafeteira,Casa,2,1035.9,0.1,673.34,AL,Nordeste,Cartão de crédito,Marketplace
102424,2026-06-20,C1612,Carregador,Acessórios,2,96.75,0,48.38,MA,Nordeste,PIX,Online
102425,2025-01-07,C1421,Aspirador,Casa,2,1109.13,0.15,743.12,DF,Centro-Oeste,Cartão de débito,Marketplace
102426,2026-03-05,C0344,Cafeteira,Casa,4,527.37,0.15,342.79,AL,Nordeste,PIX,Online
102427,2025-07-16,C1318,Cadeira,Escritório,1,615.55,0.05,430.88,DF,Centro-Oeste,Boleto,Marketplace
102428,2025-12-19,C1044,Cadeira,Escritório,1,2201.08,0.05,1540.76,SP,Sudeste,Cartão de débito,Marketplace
102429,2025-07-05,C1954,Mouse,Eletrônicos,1,249.03,0.1,144.44,SE,Nordeste,Cartão de débito,Online
102430,2025-06-30,C0719,Monitor,Eletrônicos,4,965.01,0,656.21,AP,Norte,Cartão de crédito,Marketplace
102431,2026-05-17,C1745,Mesa,Escritório,2,1949.94,0,1325.96,SC,Sul,Cartão de crédito,Marketplace
102432,2026-01-16,C0468,Headset,Eletrônicos,1,777.86,0.05,482.27,MT,Centro-Oeste,Cartão de débito,Online
102433,2025-06-29,C0425,Mesa,Escritório,3,1928.57,0,1311.43,MS,Centro-Oeste,Cartão de débito,Online
102434,2025-07-04,C1693,Notebook,Eletrônicos,5,5943.81,0.1,4279.54,SP,Sudeste,Cartão de crédito,Marketplace
102435,2026-02-12,C1101,Headset,Eletrônicos,1,208.07,0.05,129.0,SP,Sudeste,Cartão de crédito,Marketplace
102436,2025-01-20,C0885,Cabo USB,Acessórios,3,26.43,0.15,11.89,SE,Nordeste,Cartão de crédito,Marketplace
102437,2025-02-03,C1193,Notebook,Eletrônicos,2,3230.38,0.05,2325.87,SE,Nordeste,Cartão de débito,Marketplace
102438,2026-01-21,C2366,Aspirador,Casa,1,391.42,0.1,262.25,SC,Sul,PIX,Marketplace
102439,2025-09-05,C2275,Luminária,Escritório,1,151.13,0.05,78.59,AC,Norte,Boleto,Marketplace
102440,2025-03-04,C0641,Aspirador,Casa,3,1019.73,0.1,683.22,MT,Centro-Oeste,PIX,Online
102441,2025-08-19,C0522,Air Fryer,Casa,1,410.6,0.1,262.78,SC,Sul,Cartão de crédito,Online
102442,2026-02-01,C0911,Teclado,Eletrônicos,1,133.43,0.2,80.06,MS,Centro-Oeste,Boleto,Online
102443,2026-03-17,C1720,Mouse,Eletrônicos,1,351.27,0.1,203.74,SE,Nordeste,Cartão de débito,Marketplace
102444,2025-07-30,C2409,Mesa,Escritório,1,1397.49,0.1,950.29,PB,Nordeste,Cartão de crédito,Marketplace
102445,2026-06-02,C2237,Notebook,Eletrônicos,1,5356.23,0.05,3856.49,PI,Nordeste,PIX,Marketplace
102446,2025-06-23,C0183,Notebook,Eletrônicos,1,4827.88,0.15,3476.07,MS,Centro-Oeste,Cartão de débito,Online
102447,2025-07-10,C0319,Headset,Eletrônicos,3,732.47,0.15,454.13,TO,Norte,Cartão de débito,Online
102448,2025-09-23,C2221,Aspirador,Casa,2,293.24,0,196.47,SC,Sul,PIX,Online
102449,2025-07-31,C0710,Air Fryer,Casa,1,417.44,0.05,267.16,MG,Sudeste,Cartão de débito,Marketplace
102450,2025-12-19,C0244,Cadeira,Escritório,1,2269.47,0,1588.63,MA,Nordeste,PIX,Marketplace
102451,2025-08-20,C1659,Monitor,Eletrônicos,2,2163.69,0.1,1471.31,CE,Nordeste,Cartão de débito,Online
102452,2025-07-17,C0665,Air Fryer,Casa,1,472.4,0.15,302.34,MS,Centro-Oeste,Boleto,Online
102453,2025-01-28,C1421,Notebook,Eletrônicos,2,5091.47,0.2,3665.86,BA,Nordeste,Cartão de crédito,Online
102454,2025-10-04,C0371,Aspirador,Casa,1,974.73,0.05,653.07,MA,Nordeste,Boleto,Marketplace
102455,2025-02-27,C0483,Mouse,Eletrônicos,1,486.13,0.05,281.96,RJ,Sudeste,Boleto,Marketplace
102456,2026-01-16,C1139,Liquidificador,Casa,1,555.08,0.05,349.7,DF,Centro-Oeste,PIX,Online
102457,2026-04-04,C1401,Cafeteira,Casa,2,996.83,0.05,647.94,SC,Sul,Boleto,Marketplace
102458,2025-08-23,C0410,Smartphone,Eletrônicos,1,1928.48,0.05,1504.21,AL,Nordeste,PIX,Marketplace
102459,2025-06-04,C2084,Cadeira,Escritório,2,1297.28,0.05,908.1,PR,Sul,Cartão de crédito,Marketplace
102460,2026-04-05,C0937,Teclado,Eletrônicos,1,499.76,0,299.86,AC,Norte,PIX,Marketplace
102461,2025-10-04,C0251,Mouse,Eletrônicos,1,376.16,0,218.17,RO,Norte,Cartão de débito,Marketplace
102462,2025-01-11,C1302,Mesa,Escritório,1,735.81,0.1,500.35,ES,Sudeste,Cartão de crédito,Marketplace
102463,2025-02-20,C2120,Air Fryer,Casa,3,639.58,0.05,409.33,AM,Norte,Cartão de débito,Marketplace
102464,2025-05-10,C1534,Cabo USB,Acessórios,2,40.11,0,18.05,RJ,Sudeste,Cartão de débito,Marketplace
102465,2025-04-23,C2420,Cadeira,Escritório,1,2355.34,0,1648.74,AP,Norte,Boleto,Marketplace
102466,2026-03-18,C2019,Monitor,Eletrônicos,2,2193.13,0,1491.33,RS,Sul,Cartão de débito,Online
102467,2025-12-29,C0391,Luminária,Escritório,1,277.6,0,144.35,MA,Nordeste,Boleto,Marketplace
102468,2025-10-09,C0235,Luminária,Escritório,3,186.73,0.05,97.1,RR,Norte,PIX,Online
102469,2025-11-25,C1791,Headset,Eletrônicos,2,508.37,0.05,315.19,SC,Sul,Cartão de crédito,Marketplace
102470,2026-05-09,C0514,Suporte para Monitor,Escritório,2,489.46,0.05,269.2,RS,Sul,PIX,Marketplace
102471,2026-02-06,C0692,Smartphone,Eletrônicos,2,1690.45,0.15,1318.55,SP,Sudeste,Cartão de crédito,Online
102472,2026-02-20,C0689,Mesa,Escritório,2,1982.17,0.05,1347.88,MT,Centro-Oeste,Boleto,Online
102473,2025-07-04,C0053,Aspirador,Casa,1,1432.2,0.1,959.57,BA,Nordeste,PIX,Online
102474,2025-06-29,C2434,Liquidificador,Casa,1,126.45,0.1,79.66,AL,Nordeste,Boleto,Online
102475,2025-02-10,C0551,Cabo USB,Acessórios,1,20.02,0.15,9.01,MA,Nordeste,Cartão de crédito,Marketplace
102476,2025-07-18,C0759,Luminária,Escritório,1,347.51,0.1,180.71,SP,Sudeste,Cartão de débito,Online
102477,2025-03-28,C2355,Monitor,Eletrônicos,1,1367.32,0,929.78,DF,Centro-Oeste,Cartão de débito,Online
102478,2025-11-02,C1900,Headset,Eletrônicos,1,862.23,0,534.58,SP,Sudeste,Cartão de crédito,Marketplace
102479,2026-06-26,C0589,Notebook,Eletrônicos,1,4806.77,0,3460.87,PE,Nordeste,Boleto,Online
102480,2025-02-26,C1942,Luminária,Escritório,4,358.5,0.05,186.42,RS,Sul,PIX,Online
102481,2025-11-30,C0935,Notebook,Eletrônicos,1,3199.6,0.05,2303.71,SE,Nordeste,Boleto,Online
102482,2025-04-24,C0843,Air Fryer,Casa,5,920.24,0.1,588.95,ES,Sudeste,Cartão de crédito,Marketplace
102483,2025-04-06,C1783,Liquidificador,Casa,1,570.57,0.1,359.46,RN,Nordeste,PIX,Marketplace
102484,2025-04-30,C0806,Liquidificador,Casa,1,342.68,0.1,215.89,RN,Nordeste,PIX,Marketplace
102485,2025-02-02,C1729,Luminária,Escritório,3,146.7,0,76.28,CE,Nordeste,Cartão de débito,Online
102486,2026-03-15,C0285,Aspirador,Casa,1,1322.93,0,886.36,MT,Centro-Oeste,Boleto,Online
102487,2026-05-22,C2313,Smartphone,Eletrônicos,1,2199.12,0,1715.31,SC,Sul,PIX,Online
102488,2025-11-12,C1093,Cabo USB,Acessórios,2,26.22,0.05,11.8,BA,Nordeste,PIX,Marketplace
102489,2025-12-10,C0805,Luminária,Escritório,1,204.39,0,106.28,MS,Centro-Oeste,Cartão de crédito,Online
102490,2025-10-28,C2196,Mesa,Escritório,1,760.63,0.1,517.23,PR,Sul,Boleto,Online
102491,2026-04-24,C0709,Aspirador,Casa,1,792.34,0.1,530.87,RJ,Sudeste,Cartão de crédito,Online
102492,2025-08-21,C2052,Cadeira,Escritório,3,1751.64,0,1226.15,AC,Norte,PIX,Online
102493,2026-02-05,C1141,Smartphone,Eletrônicos,1,4120.92,0.1,3214.32,TO,Norte,Cartão de crédito,Online
102494,2025-03-21,C1073,Hub USB,Acessórios,2,90.98,0.05,50.04,AM,Norte,Boleto,Online
102495,2025-08-16,C1867,Liquidificador,Casa,1,555.13,0,349.73,RS,Sul,Boleto,Online
102496,2026-01-20,C0338,Suporte para Monitor,Escritório,1,325.69,0.1,179.13,PB,Nordeste,Boleto,Marketplace
102497,2026-04-24,C0539,Luminária,Escritório,2,204.06,0,106.11,MT,Centro-Oeste,Cartão de crédito,Marketplace
102498,2025-03-31,C2128,Liquidificador,Casa,1,368.41,0.1,232.1,MG,Sudeste,Cartão de crédito,Online
102499,2026-05-02,C0684,Cabo USB,Acessórios,2,28.8,0.1,12.96,CE,Nordeste,PIX,Online
102500,2026-01-30,C0084,Cabo USB,Acessórios,1,38.9,0.05,17.5,AL,Nordeste,Cartão de crédito,Marketplace
102501,2025-08-22,C1016,Monitor,Eletrônicos,1,2346.72,0.05,1595.77,BA,Nordeste,Cartão de débito,Online
102502,2026-05-10,C1803,Suporte para Monitor,Escritório,2,111.13,0.05,61.12,RO,Norte,Cartão de crédito,Online
102503,2025-07-07,C1723,Headset,Eletrônicos,1,793.22,0.15,491.8,AM,Norte,PIX,Online
102504,2026-06-09,C1852,Notebook,Eletrônicos,1,4274.73,0,3077.81,GO,Centro-Oeste,PIX,Online
102505,2026-04-28,C0841,Suporte para Monitor,Escritório,2,202.18,0.1,111.2,SC,Sul,Boleto,Marketplace
102506,2025-11-19,C1322,Notebook,Eletrônicos,3,5453.45,0.1,3926.48,MS,Centro-Oeste,Cartão de débito,Online
102507,2026-04-12,C0241,Teclado,Eletrônicos,1,699.51,0.05,419.71,RO,Norte,Cartão de crédito,Marketplace
102508,2025-01-31,C1668,Cabo USB,Acessórios,1,34.95,0,15.73,RJ,Sudeste,Boleto,Online
102509,2026-05-01,C0786,Notebook,Eletrônicos,4,4530.76,0,3262.15,TO,Norte,Cartão de crédito,Online
102510,2025-05-03,C2302,Hub USB,Acessórios,1,234.53,0.2,128.99,AP,Norte,Cartão de débito,Online
102511,2025-04-03,C1875,Cabo USB,Acessórios,2,93.76,0.05,42.19,TO,Norte,PIX,Marketplace
102512,2026-02-19,C2406,Headset,Eletrônicos,1,172.66,0.1,107.05,MS,Centro-Oeste,Cartão de débito,Online
102513,2025-12-01,C1239,Air Fryer,Casa,2,747.81,0.1,478.6,ES,Sudeste,PIX,Marketplace
102514,2026-04-06,C0110,Luminária,Escritório,5,271.62,0,141.24,MA,Nordeste,Boleto,Online
102515,2026-01-12,C1059,Notebook,Eletrônicos,5,4356.76,0.2,3136.87,PE,Nordeste,Cartão de débito,Marketplace
102516,2025-02-25,C0601,Air Fryer,Casa,2,785.62,0.1,502.8,RJ,Sudeste,Boleto,Online
102517,2026-04-28,C2057,Luminária,Escritório,3,81.79,0.1,42.53,AM,Norte,PIX,Online
102518,2025-12-18,C2162,Teclado,Eletrônicos,2,628.92,0.15,377.35,MG,Sudeste,Cartão de crédito,Marketplace
102519,2025-05-26,C2094,Aspirador,Casa,1,251.84,0.15,168.73,AP,Norte,Cartão de crédito,Online
102520,2025-02-25,C2454,Hub USB,Acessórios,4,170.7,0,93.89,SE,Nordeste,Cartão de crédito,Online
102521,2026-06-10,C2210,Notebook,Eletrônicos,1,4742.18,0.15,3414.37,RJ,Sudeste,Boleto,Online
102522,2025-06-03,C2166,Suporte para Monitor,Escritório,1,572.93,0.05,315.11,AM,Norte,PIX,Marketplace
102523,2025-12-01,C0124,Carregador,Acessórios,2,53.85,0,26.93,GO,Centro-Oeste,PIX,Online
102524,2025-10-10,C0364,Cabo USB,Acessórios,1,63.19,0.05,28.44,MS,Centro-Oeste,,Marketplace
102525,2025-06-25,C1935,Teclado,Eletrônicos,1,192.7,0.05,115.62,GO,Centro-Oeste,Cartão de débito,Online
102526,2025-05-03,C1869,Air Fryer,Casa,1,830.19,0,531.32,AL,Nordeste,,Marketplace
102527,2025-10-03,C0895,Aspirador,Casa,1,993.58,0.1,665.7,SC,Sul,PIX,Marketplace
102528,2026-05-12,C0025,Carregador,Acessórios,1,52.19,0.1,26.09,RR,Norte,Cartão de débito,Marketplace
102529,2026-01-18,C0881,Headset,Eletrônicos,1,163.93,0,101.64,PR,Sul,Cartão de débito,Marketplace
102530,2025-09-12,C0037,Mesa,Escritório,1,1855.16,0.05,1261.51,RN,Nordeste,Cartão de crédito,Online
102531,2026-04-05,C0004,Suporte para Monitor,Escritório,1,477.11,0,262.41,MA,Nordeste,Cartão de débito,Marketplace
102532,2025-12-27,C1454,Monitor,Eletrônicos,1,2075.38,0,1411.26,AP,Norte,,Marketplace
102533,2025-10-13,C0067,Mesa,Escritório,4,1797.93,0.1,1222.59,PE,Nordeste,Cartão de débito,Online
102534,2026-04-08,C2042,Mesa,Escritório,1,991.1,0.15,673.95,RN,Nordeste,Boleto,Online
102535,2025-05-11,C0946,Cafeteira,Casa,1,581.16,0.1,377.75,DF,Centro-Oeste,Boleto,Marketplace
102536,2025-05-13,C1528,Smartphone,Eletrônicos,2,3267.79,0.05,2548.88,PA,Norte,Cartão de débito,Online
102537,2025-09-20,C0762,Monitor,Eletrônicos,2,1396.51,0,949.63,AL,Nordeste,Cartão de débito,Online
102538,2026-03-03,C1631,Suporte para Monitor,Escritório,1,326.85,0.15,179.77,MS,Centro-Oeste,Boleto,Online
102539,2025-12-20,C1545,Cafeteira,Casa,2,790.01,0.15,513.51,DF,Centro-Oeste,Cartão de débito,Online
102540,2025-11-25,C2265,Cafeteira,Casa,2,1065.16,0.05,692.35,GO,Centro-Oeste,Boleto,Marketplace
102541,2025-07-11,C1525,Cabo USB,Acessórios,3,54.71,0,24.62,BA,Nordeste,PIX,Online
102542,2026-06-20,C1031,Monitor,Eletrônicos,3,2163.58,0,1471.23,RS,Sul,Cartão de débito,Online
102543,2025-05-10,C1649,Mouse,Eletrônicos,1,81.86,0,47.48,CE,Nordeste,Cartão de crédito,Marketplace
102544,2025-05-31,C0276,Suporte para Monitor,Escritório,4,252.48,0.1,138.86,BA,Nordeste,Cartão de crédito,Marketplace
102545,2025-08-11,C1231,Smartphone,Eletrônicos,1,1816.5,0.1,1416.87,PI,Nordeste,PIX,Online
102546,2025-05-16,C0136,Hub USB,Acessórios,2,198.83,0.1,109.36,TO,Norte,Boleto,Marketplace
102547,2025-05-19,C1216,Headset,Eletrônicos,3,397.13,0.2,246.22,AM,Norte,Cartão de débito,Online
102548,2025-07-07,C0957,Carregador,Acessórios,1,96.43,0.05,48.22,PI,Nordeste,Boleto,Marketplace
102549,2025-09-25,C2289,Teclado,Eletrônicos,3,380.48,0.15,228.29,MS,Centro-Oeste,Cartão de crédito,Marketplace
102550,2025-05-15,C0018,Suporte para Monitor,Escritório,1,429.44,0,236.19,SP,Sudeste,Boleto,Marketplace
102551,2025-04-13,C2156,Luminária,Escritório,1,186.63,0.05,97.05,AP,Norte,PIX,Online
102552,2025-09-11,C1259,Liquidificador,Casa,1,177.85,0,112.05,BA,Nordeste,Cartão de crédito,Online
102553,2025-11-20,C1658,Hub USB,Acessórios,1,91.4,0.05,50.27,RS,Sul,Cartão de débito,Online
102554,2025-12-25,C0255,Hub USB,Acessórios,1,98.96,0.05,54.43,PA,Norte,Cartão de débito,Online
102555,2025-12-08,C2392,Mouse,Eletrônicos,2,109.81,0,63.69,PI,Nordeste,Cartão de débito,Online
102556,2025-02-11,C0778,Cabo USB,Acessórios,1,34.71,0,15.62,CE,Nordeste,PIX,Marketplace
102557,2025-01-01,C1110,Liquidificador,Casa,1,132.32,0.1,83.36,MT,Centro-Oeste,Boleto,Online
102558,2025-11-19,C0270,Air Fryer,Casa,4,919.4,0.1,588.42,PI,Nordeste,Boleto,Marketplace
102559,2025-03-15,C1931,Smartphone,Eletrônicos,2,4909.83,0.1,3829.67,AP,Norte,PIX,Online
102560,2025-09-02,C0682,Hub USB,Acessórios,3,210.48,0,115.76,PB,Nordeste,,Online
102561,2025-02-07,C2479,Aspirador,Casa,3,947.93,0.05,635.11,SP,Sudeste,PIX,Marketplace
102562,2025-04-08,C1315,Smartphone,Eletrônicos,3,2807.57,0,2189.9,RR,Norte,Boleto,Marketplace
102563,2025-04-30,C1632,Air Fryer,Casa,1,644.33,0.05,412.37,MG,Sudeste,PIX,Online
102564,2025-01-13,C1276,Air Fryer,Casa,1,518.23,0.05,331.67,SP,Sudeste,Cartão de débito,Online
102565,2025-03-25,C2211,Headset,Eletrônicos,1,306.75,0.05,190.19,AP,Norte,Cartão de débito,Online
102566,2026-06-11,C1523,Air Fryer,Casa,3,680.79,0.05,435.71,PE,Nordeste,Cartão de crédito,Marketplace
102567,2025-06-05,C1605,Notebook,Eletrônicos,1,4628.28,0,3332.36,RN,Nordeste,PIX,Marketplace
102568,2025-07-28,C0970,Cafeteira,Casa,1,617.52,0,401.39,RS,Sul,Boleto,Marketplace
102569,2025-01-22,C2061,Aspirador,Casa,3,1375.0,0.1,921.25,TO,Norte,Boleto,Marketplace
102570,2026-06-02,C2479,Monitor,Eletrônicos,2,2486.32,0,1690.7,SC,Sul,Cartão de crédito,Online
102571,2025-10-16,C0911,Smartphone,Eletrônicos,1,1798.77,0.15,1403.04,PR,Sul,Boleto,Marketplace
102572,2025-04-09,C1374,Teclado,Eletrônicos,1,487.48,0.05,292.49,MA,Nordeste,Cartão de débito,Marketplace
102573,2025-07-10,C0489,Air Fryer,Casa,1,759.34,0,485.98,SE,Nordeste,Cartão de débito,Online
102574,2025-11-18,C0926,Notebook,Eletrônicos,2,4146.34,0,2985.36,PI,Nordeste,PIX,Marketplace
102575,2025-10-31,C1968,Aspirador,Casa,2,1448.22,0,970.31,MT,Centro-Oeste,Cartão de débito,Online
102576,2026-03-31,C0261,Smartphone,Eletrônicos,1,3983.59,0.1,3107.2,MS,Centro-Oeste,PIX,Online
102577,2026-03-08,C1991,Aspirador,Casa,3,1497.25,0,1003.16,AL,Nordeste,Cartão de débito,Online
102578,2026-01-20,C0012,Cadeira,Escritório,1,2452.45,0,1716.71,RN,Nordeste,Cartão de crédito,Marketplace
102579,2025-05-13,C1532,Notebook,Eletrônicos,1,4444.33,0.05,3199.92,RS,Sul,Boleto,Marketplace
102580,2025-12-05,C0213,Monitor,Eletrônicos,1,774.75,0.05,526.83,AL,Nordeste,Cartão de crédito,Marketplace
102581,2025-05-13,C2175,Monitor,Eletrônicos,3,857.91,0.1,583.38,PE,Nordeste,Cartão de crédito,Online
102582,2025-08-10,C2403,Notebook,Eletrônicos,1,2913.93,0,2098.03,RR,Norte,Cartão de débito,Online
102583,2026-01-09,C0555,Mouse,Eletrônicos,1,190.16,0,110.29,RS,Sul,Boleto,Marketplace
102584,2026-01-11,C0948,Cabo USB,Acessórios,3,65.96,0.1,29.68,RN,Nordeste,Cartão de crédito,Online
102585,2025-02-14,C0545,Luminária,Escritório,3,228.31,0.15,118.72,PI,Nordeste,PIX,Marketplace
102586,2025-10-07,C2419,Aspirador,Casa,4,304.81,0,204.22,MT,Centro-Oeste,PIX,Marketplace
102587,2025-08-19,C2105,Cadeira,Escritório,1,1614.88,0.1,1130.42,ES,Sudeste,Boleto,Marketplace
102588,2026-06-27,C0866,Mesa,Escritório,1,1742.35,0,1184.8,MA,Nordeste,Boleto,Marketplace
102589,2025-06-21,C2446,Headset,Eletrônicos,2,428.25,0,265.51,DF,Centro-Oeste,Boleto,Online
102590,2026-02-22,C1557,Cadeira,Escritório,1,2439.01,0.05,1707.31,RR,Norte,Boleto,Online
102591,2026-03-10,C0125,Liquidificador,Casa,1,262.24,0.15,165.21,PR,Sul,Boleto,Marketplace
102592,2025-05-15,C0806,Notebook,Eletrônicos,1,5980.07,0.05,4305.65,PB,Nordeste,Cartão de crédito,Online
102593,2025-07-23,C0018,Mesa,Escritório,1,768.64,0.1,522.68,RJ,Sudeste,Boleto,Marketplace
102594,2025-11-20,C1734,Teclado,Eletrônicos,1,468.59,0.05,281.15,PB,Nordeste,Cartão de débito,Online
102595,2025-11-06,C0308,Aspirador,Casa,1,988.41,0,662.23,MS,Centro-Oeste,PIX,Online
102596,2025-09-28,C1497,Suporte para Monitor,Escritório,1,440.0,0,242.0,SE,Nordeste,Cartão de crédito,Marketplace
102597,2025-05-07,C2346,Cabo USB,Acessórios,4,26.4,0.1,11.88,GO,Centro-Oeste,Boleto,Marketplace
102598,2026-02-19,C2379,Liquidificador,Casa,1,278.45,0.15,175.42,MT,Centro-Oeste,Cartão de débito,Online
102599,2026-05-22,C1081,Cadeira,Escritório,2,1619.13,0.05,1133.39,SP,Sudeste,PIX,Marketplace
102600,2025-07-10,C0995,Monitor,Eletrônicos,5,1949.32,0.1,1325.54,RR,Norte,Cartão de crédito,Marketplace
102601,2025-01-07,C0411,Air Fryer,Casa,2,414.76,0.1,265.45,AL,Nordeste,Boleto,Online
102602,2025-07-14,C0589,Cafeteira,Casa,2,803.7,0.05,522.41,RR,Norte,Cartão de débito,Online
102603,2025-10-24,C1062,Suporte para Monitor,Escritório,1,534.29,0.15,293.86,MA,Nordeste,Cartão de débito,Online
102604,2026-04-17,C1541,Suporte para Monitor,Escritório,2,396.87,0,218.28,SC,Sul,Boleto,Marketplace
102605,2025-06-13,C0917,Air Fryer,Casa,2,907.23,0.1,580.63,MG,Sudeste,Cartão de débito,Online
102606,2025-01-23,C2357,Headset,Eletrônicos,1,666.55,0,413.26,AL,Nordeste,Cartão de débito,Online
102607,2026-06-13,C1143,Headset,Eletrônicos,1,309.31,0,191.77,PA,Norte,Cartão de crédito,Online
102608,2026-05-10,C1358,Notebook,Eletrônicos,3,5517.06,0,3972.28,PE,Nordeste,PIX,Online
102609,2025-02-28,C1813,Suporte para Monitor,Escritório,1,384.2,0.1,211.31,RJ,Sudeste,Cartão de débito,Online
102610,2025-01-31,C0016,Teclado,Eletrônicos,2,375.34,0,225.2,BA,Nordeste,Cartão de débito,Online
102611,2026-03-19,C0617,Headset,Eletrônicos,3,519.57,0.05,322.13,RS,Sul,Cartão de débito,Online
102612,2026-06-03,C0139,Luminária,Escritório,4,208.58,0,108.46,PI,Nordeste,Cartão de crédito,Marketplace
102613,2025-08-01,C2288,Notebook,Eletrônicos,1,3333.14,0.1,2399.86,MA,Nordeste,PIX,Online
102614,2025-11-08,C0555,Carregador,Acessórios,2,66.96,0.1,33.48,AM,Norte,Boleto,Marketplace
102615,2025-05-16,C2032,Monitor,Eletrônicos,1,1915.72,0.15,1302.69,PI,Nordeste,PIX,Online
102616,2026-04-10,C1722,Luminária,Escritório,1,262.14,0,136.31,AL,Nordeste,Cartão de débito,Online
102617,2025-09-08,C1659,Monitor,Eletrônicos,1,1615.04,0.2,1098.23,AM,Norte,Boleto,Marketplace
102618,2025-03-14,C1159,Luminária,Escritório,2,165.53,0.05,86.08,AM,Norte,Cartão de débito,Online
102619,2025-08-11,C2405,Carregador,Acessórios,2,164.15,0.05,82.08,MS,Centro-Oeste,PIX,Online
102620,2026-06-03,C1751,Aspirador,Casa,1,1175.12,0.15,787.33,TO,Norte,PIX,Online
102621,2025-08-01,C0586,Liquidificador,Casa,3,492.04,0.05,309.99,RS,Sul,Cartão de débito,Online
102622,2025-09-21,C1561,Air Fryer,Casa,1,370.59,0.1,237.18,MS,Centro-Oeste,Cartão de crédito,Online
102623,2025-10-23,C2304,Cadeira,Escritório,4,955.96,0,669.17,RO,Norte,Cartão de crédito,Online
102624,2026-03-24,C0670,Cabo USB,Acessórios,1,35.45,0.05,15.95,GO,Centro-Oeste,PIX,Marketplace
102625,2025-06-26,C0662,Liquidificador,Casa,1,463.26,0.1,291.85,RO,Norte,Boleto,Online
102626,2026-05-29,C2156,Carregador,Acessórios,1,243.04,0,121.52,GO,Centro-Oeste,Boleto,Online
102627,2025-10-25,C0277,Cadeira,Escritório,1,598.95,0.1,419.26,AC,Norte,Cartão de débito,Marketplace
102628,2026-02-15,C1254,Mesa,Escritório,1,1967.27,0.05,1337.74,PE,Nordeste,Boleto,Online
102629,2026-06-12,C1755,Cadeira,Escritório,2,1747.06,0.05,1222.94,RR,Norte,Boleto,Online
102630,2025-01-04,C1822,Air Fryer,Casa,1,576.48,0,368.95,TO,Norte,Cartão de crédito,Online
102631,2025-03-27,C1574,Luminária,Escritório,1,82.37,0.05,42.83,PB,Nordeste,PIX,Marketplace
102632,2026-02-21,C1138,Carregador,Acessórios,1,183.1,0.05,91.55,RN,Nordeste,PIX,Marketplace
102633,2026-05-21,C1443,Mesa,Escritório,1,1945.7,0,1323.08,AL,Nordeste,PIX,Online
102634,2025-02-23,C1583,Notebook,Eletrônicos,1,3681.52,0.1,2650.69,AL,Nordeste,Cartão de débito,Marketplace
102635,2026-01-01,C0293,Monitor,Eletrônicos,1,1335.22,0,907.95,PR,Sul,Cartão de débito,Marketplace
102636,2025-09-24,C0282,Liquidificador,Casa,2,402.59,0.05,253.63,CE,Nordeste,Cartão de crédito,Online
102637,2025-07-26,C2168,Cafeteira,Casa,1,734.41,0.05,477.37,GO,Centro-Oeste,Cartão de débito,Marketplace
102638,2025-02-12,C0261,Hub USB,Acessórios,1,290.83,0.05,159.96,MG,Sudeste,PIX,Marketplace
102639,2025-08-06,C2100,Mouse,Eletrônicos,2,105.52,0,61.2,RO,Norte,PIX,Online
102640,2025-02-01,C2494,Air Fryer,Casa,2,494.58,0,316.53,PE,Nordeste,Cartão de crédito,Marketplace
102641,2026-05-03,C2443,Smartphone,Eletrônicos,1,4378.53,0.1,3415.25,MS,Centro-Oeste,Boleto,Online
102642,2025-12-11,C0627,Aspirador,Casa,2,386.89,0.05,259.22,DF,Centro-Oeste,PIX,Online
102643,2025-11-22,C0174,Liquidificador,Casa,1,289.89,0.1,182.63,AP,Norte,Boleto,Marketplace
102644,2025-01-15,C2348,Carregador,Acessórios,1,178.04,0.2,89.02,MS,Centro-Oeste,PIX,Online
102645,2025-02-16,C0575,Cadeira,Escritório,2,1364.39,0,955.07,DF,Centro-Oeste,PIX,Marketplace
102646,2025-02-15,C0956,Mouse,Eletrônicos,4,228.59,0.05,132.58,AP,Norte,Cartão de débito,Marketplace
102647,2025-10-15,C0072,Carregador,Acessórios,1,218.88,0,109.44,BA,Nordeste,Cartão de crédito,Marketplace
102648,2026-04-28,C1171,Cabo USB,Acessórios,1,56.82,0.1,25.57,ES,Sudeste,PIX,Online
102649,2026-03-12,C1095,Carregador,Acessórios,5,187.35,0.1,93.67,RS,Sul,Cartão de crédito,Online
102650,2026-06-17,C1624,Cadeira,Escritório,2,2111.96,0,1478.37,MS,Centro-Oeste,Boleto,Online
102651,2025-08-14,C0690,Air Fryer,Casa,4,600.55,0.1,384.35,PB,Nordeste,Boleto,Marketplace
102652,2026-04-16,C1721,Headset,Eletrônicos,3,369.4,0.05,229.03,ES,Sudeste,Boleto,Online
102653,2026-01-29,C1651,Notebook,Eletrônicos,1,4566.24,0.1,3287.69,AM,Norte,Cartão de crédito,Marketplace
102654,2026-06-27,C0370,Smartphone,Eletrônicos,1,3002.61,0,2342.04,PR,Sul,Boleto,Marketplace
102655,2025-11-16,C1698,Cadeira,Escritório,2,1687.44,0,1181.21,AL,Nordeste,Cartão de débito,Online
102656,2026-04-17,C0592,Mouse,Eletrônicos,1,278.98,0.05,161.81,GO,Centro-Oeste,Cartão de crédito,Online
102657,2025-08-22,C1932,Headset,eletronicos,2,579.91,0,359.54,TO,Norte,Boleto,Marketplace
102658,2026-04-04,C0228,Aspirador,Casa,2,940.24,0.1,629.96,SE,Nordeste,PIX,Marketplace
102659,2026-04-01,C1724,Smartphone,Eletrônicos,1,2255.5,0.05,1759.29,RJ,Sudeste,Cartão de crédito,Marketplace
102660,2026-04-19,C2107,Cafeteira,Casa,1,783.19,0,509.07,DF,Centro-Oeste,Cartão de crédito,Marketplace
102661,2026-06-07,C2493,Mesa,Escritório,2,1403.5,0,954.38,TO,Norte,Cartão de débito,Marketplace
102662,2026-03-30,C1684,Carregador,Acessórios,1,54.57,0,27.29,SP,Sudeste,Boleto,Marketplace
102663,2025-06-04,C0975,Smartphone,Eletrônicos,2,3725.04,0,2905.53,AM,Norte,Cartão de crédito,Marketplace
102664,2025-04-13,C0634,Smartphone,Eletrônicos,4,3588.16,0.05,2798.76,AM,Norte,Boleto,Online
102665,2025-05-18,C0109,Carregador,Acessórios,2,147.69,0.15,73.84,RN,Nordeste,Cartão de crédito,Online
102666,2026-04-11,C2401,Monitor,Eletrônicos,1,1565.89,0,1064.81,MT,Centro-Oeste,Cartão de débito,Marketplace
102667,2025-08-18,C1126,Air Fryer,Casa,3,657.97,0.15,421.1,AL,Nordeste,PIX,Marketplace
102668,2025-09-06,C1296,Monitor,Eletrônicos,1,1583.49,0.05,1076.77,DF,Centro-Oeste,Boleto,Online
102669,2025-12-13,C1452,Cafeteira,Casa,2,213.27,0.05,138.63,BA,Nordeste,Cartão de crédito,Online
102670,2025-04-13,C1323,Cafeteira,Casa,1,832.13,0.1,540.88,AP,Norte,PIX,Marketplace
102671,2026-01-02,C0521,Monitor,Eletrônicos,2,1644.64,0.1,1118.36,PA,Norte,Cartão de débito,Marketplace
102672,2025-09-27,C0184,Aspirador,Casa,1,1477.32,0.05,989.8,ES,Sudeste,Cartão de crédito,Marketplace
102673,2025-11-12,C1980,Smartphone,Eletrônicos,4,3605.6,0.1,2812.37,AP,Norte,Cartão de débito,Online
102674,2025-02-20,C0813,Cadeira,Escritório,1,2480.96,0,1736.67,AM,Norte,Boleto,Online
102675,2026-03-25,C1845,Monitor,Eletrônicos,2,1667.91,0.15,1134.18,PR,Sul,Cartão de débito,Marketplace
102676,2026-01-01,C1747,Aspirador,Casa,1,579.26,0.2,388.1,MS,Centro-Oeste,PIX,Online
102677,2026-03-10,C1751,Air Fryer,Casa,4,870.08,0,556.85,RS,Sul,Cartão de débito,Marketplace
102678,2025-08-12,C2043,Hub USB,Acessórios,1,125.83,0,69.21,MS,Centro-Oeste,Boleto,Marketplace
102679,2025-06-14,C2464,Cabo USB,Acessórios,3,73.55,0.1,33.1,BA,Nordeste,Cartão de crédito,Marketplace
102680,2025-02-08,C0560,Cafeteira,Casa,2,288.73,0.05,187.67,RO,Norte,PIX,Online
102681,2025-08-21,C0718,Air Fryer,Casa,1,563.14,0.2,360.41,PB,Nordeste,Cartão de crédito,Marketplace
102682,2025-09-11,C2389,Aspirador,Casa,1,736.33,0.15,493.34,RS,Sul,PIX,Marketplace
102683,2026-04-28,C1043,Suporte para Monitor,Escritório,1,463.58,0,254.97,AM,Norte,PIX,Marketplace
102684,2026-05-14,C1097,Smartphone,Eletrônicos,2,4693.39,0.1,3660.84,AL,Nordeste,Cartão de crédito,Marketplace
102685,2025-12-11,C0054,Notebook,Eletrônicos,4,5641.46,0,4061.85,PA,Norte,Cartão de crédito,Marketplace
102686,2025-10-21,C0406,Smartphone,Eletrônicos,1,4052.83,0.1,3161.21,PA,Norte,Boleto,Marketplace
102687,2025-09-19,C2304,Monitor,Eletrônicos,1,1576.34,0.05,1071.91,SP,Sudeste,Cartão de débito,Online
102688,2025-10-23,C0989,Suporte para Monitor,Escritório,4,485.33,0,266.93,PR,Sul,Boleto,Marketplace
102689,2026-01-29,C0767,Notebook,Eletrônicos,1,5617.42,0.05,4044.54,SE,Nordeste,Boleto,Online
102690,2026-03-02,C1696,Suporte para Monitor,Escritório,1,138.98,0,76.44,MA,Nordeste,Boleto,Online
102691,2025-06-28,C0132,Aspirador,Casa,1,1311.29,0,878.56,PA,Norte,Cartão de débito,Marketplace
102692,2025-03-16,C0856,Monitor,Eletrônicos,2,2449.51,0.05,1665.67,AL,Nordeste,Boleto,Marketplace
102693,2025-04-07,C1943,Notebook,Eletrônicos,3,4649.94,0,3347.96,AM,Norte,PIX,Marketplace
102694,2025-05-04,C1124,Suporte para Monitor,Escritório,1,408.39,0,224.61,AP,Norte,PIX,Online
102695,2025-11-08,C1620,Cabo USB,Acessórios,3,54.74,0,24.63,RR,Norte,Boleto,Online
102696,2026-01-28,C1009,Teclado,Eletrônicos,1,189.77,0,113.86,MS,Centro-Oeste,PIX,Marketplace
102697,2025-12-31,C2387,Cadeira,Escritório,2,1778.72,0.05,1245.1,SE,Nordeste,Boleto,Marketplace
102698,2025-11-02,C2490,Smartphone,Eletrônicos,1,1865.33,0.15,1454.96,RR,Norte,PIX,Online
102699,2025-12-09,C1407,Headset,Eletrônicos,1,691.5,0,428.73,RR,Norte,PIX,Marketplace
102700,2026-02-13,C1971,Aspirador,Casa,1,916.81,0.05,614.26,MS,Centro-Oeste,Cartão de crédito,Marketplace
102701,2025-09-04,C0957,Hub USB,Acessórios,1,283.53,0,155.94,AC,Norte,Cartão de crédito,Marketplace
102702,2025-10-27,C2377,Hub USB,Acessórios,3,112.74,0,62.01,PE,Nordeste,Boleto,Marketplace
102703,2025-08-07,C0261,Cadeira,Escritório,1,1876.41,0,1313.49,MS,Centro-Oeste,PIX,Marketplace
102704,2026-03-28,C2030,Air Fryer,Casa,2,597.45,0.05,382.37,MG,Sudeste,PIX,Online
102705,2025-04-13,C2196,Monitor,Eletrônicos,1,1137.78,0,773.69,MS,Centro-Oeste,Cartão de crédito,Marketplace
102706,2025-03-08,C1025,Smartphone,Eletrônicos,1,2925.52,0.05,2281.91,AM,Norte,Cartão de crédito,Online
102707,2025-03-21,C2248,Hub USB,Acessórios,1,89.97,0.1,49.48,AM,Norte,PIX,Marketplace
102708,2025-05-12,C1355,Liquidificador,Casa,2,522.7,0.05,329.3,MT,Centro-Oeste,Cartão de crédito,Online
102709,2025-07-22,C1002,Luminária,Escritório,4,310.88,0.05,161.66,PE,Nordeste,Cartão de débito,Online
102710,2026-02-18,C0137,Notebook,Eletrônicos,1,3183.33,0,2292.0,GO,Centro-Oeste,,Marketplace
102711,2025-01-20,C1338,Cadeira,Escritório,3,776.21,0,543.35,ES,Sudeste,Cartão de crédito,Marketplace
102712,2025-01-28,C1654,Mouse,Eletrônicos,1,95.4,0,55.33,PE,Nordeste,PIX,Online
102713,2025-04-08,C1646,Notebook,Eletrônicos,1,3374.47,0.1,2429.62,GO,Centro-Oeste,Cartão de débito,Online
102714,2025-05-20,C1139,Mouse,Eletrônicos,1,496.31,0,287.86,MS,Centro-Oeste,Cartão de débito,Online
102715,2025-02-18,C1526,Headset,Eletrônicos,1,641.26,0,397.58,PA,Norte,Cartão de crédito,Online
102716,2025-08-01,C1049,Teclado,Eletrônicos,1,246.35,0.05,147.81,RS,Sul,Cartão de débito,Online
102717,2025-07-05,C2118,Mesa,Escritório,1,1956.57,0.1,1330.47,SC,Sul,Cartão de débito,Marketplace
102718,2026-02-26,C1161,Cadeira,Escritório,1,933.16,0,653.21,RN,Nordeste,PIX,Marketplace
102719,2026-03-15,C0021,Cabo USB,Acessórios,1,66.69,0.05,30.01,RS,Sul,PIX,Online
102720,2026-01-01,C1014,Monitor,Eletrônicos,1,1516.87,0.1,1031.47,AM,Norte,Cartão de débito,Marketplace
102721,2025-07-01,C1933,Mesa,Escritório,3,969.94,0.1,659.56,RJ,Sudeste,PIX,Online
102722,2026-02-18,C1520,Suporte para Monitor,Escritório,3,381.36,0,209.75,PI,Nordeste,Boleto,Online
102723,2025-09-10,C2093,Mesa,Escritório,1,1865.8,0.05,1268.74,ES,Sudeste,PIX,Marketplace
102724,2025-08-13,C1021,Mesa,Escritório,1,1330.57,0.05,904.79,CE,Nordeste,Boleto,Marketplace
102725,2026-03-21,C1302,Suporte para Monitor,Escritório,2,269.03,0.05,147.97,RO,Norte,Boleto,Online
102726,2025-09-13,C0632,Cadeira,Escritório,1,2254.86,0.1,1578.4,RN,Nordeste,Boleto,Online
102727,2025-04-16,C1388,Liquidificador,Casa,1,195.19,0.05,122.97,AM,Norte,Boleto,Online
102728,2025-11-28,C1112,Air Fryer,Casa,1,761.54,0.05,487.39,MA,Nordeste,Boleto,Online
102729,2026-02-27,C0415,Notebook,Eletrônicos,1,4384.4,0,3156.77,PI,Nordeste,Cartão de débito,Online
102730,2025-04-09,C1452,Luminária,Escritório,3,295.62,0.05,153.72,ES,Sudeste,Boleto,Online
102731,2025-04-01,C0120,Cabo USB,Acessórios,1,59.77,0,26.9,PR,Sul,Boleto,Online
102732,2025-06-20,C0017,Hub USB,Acessórios,4,140.25,0.1,77.14,TO,Norte,Boleto,Online
102733,2026-01-31,C1127,Mouse,Eletrônicos,2,129.49,0.2,75.1,CE,Nordeste,Boleto,Online
102734,2026-03-29,C1626,Liquidificador,Casa,1,428.37,0.1,269.87,AC,Norte,Cartão de débito,Marketplace
102735,2025-12-19,C1661,Liquidificador,Casa,1,511.65,0.05,322.34,SE,Nordeste,Cartão de débito,Marketplace
102736,2025-08-09,C1620,Notebook,Eletrônicos,3,3417.93,0.1,2460.91,RJ,Sudeste,Cartão de crédito,Online
102737,2026-01-28,C1197,Luminária,Escritório,2,108.3,0.05,56.32,PA,Norte,Cartão de crédito,Marketplace
102738,2025-08-12,C1347,Air Fryer,Casa,1,377.66,0,241.7,RN,Nordeste,Cartão de crédito,Online
102739,2025-01-29,C0466,Mesa,Escritório,1,1549.46,0.05,1053.63,PE,Nordeste,Cartão de crédito,Online
102740,2025-08-20,C0949,Cafeteira,Casa,1,471.9,0.05,306.74,PA,Norte,Boleto,Marketplace
102741,2025-10-08,C2186,Cafeteira,Casa,2,481.45,0.1,312.94,MT,Centro-Oeste,PIX,Online
102742,2025-03-14,C1779,Monitor,Eletrônicos,1,1089.72,0,741.01,PE,Nordeste,,Online
102743,2025-01-11,C1159,Suporte para Monitor,Escritório,2,455.19,0.1,250.35,RJ,Sudeste,Cartão de crédito,Online
102744,2025-06-15,C0159,Liquidificador,Casa,1,389.67,0.15,245.49,AL,Nordeste,Cartão de crédito,Marketplace
102745,2025-03-16,C2467,Monitor,Eletrônicos,1,1225.56,0,833.38,AP,Norte,Cartão de débito,Marketplace
102746,2025-12-04,C1239,Carregador,Acessórios,2,227.63,0.2,113.81,RS,Sul,PIX,Online
102747,2026-03-12,C0252,Smartphone,Eletrônicos,2,3261.9,0.1,2544.28,PI,Nordeste,Cartão de crédito,Online
102748,2025-03-02,C0328,Suporte para Monitor,Escritório,1,340.28,0.15,187.15,RJ,Sudeste,Boleto,Online
102749,2025-05-19,C0401,Cafeteira,Casa,2,509.44,0.1,331.14,SP,Sudeste,Cartão de débito,Marketplace
102750,2025-01-05,C0662,Cabo USB,Acessórios,4,61.66,0.1,27.75,RJ,Sudeste,PIX,Online
102751,2025-05-16,C2186,Teclado,Eletrônicos,1,542.4,0,325.44,PI,Nordeste,Cartão de crédito,Online
102752,2026-05-03,C2090,Luminária,Escritório,1,201.78,0.15,104.93,RS,Sul,Cartão de crédito,Online
102753,2025-02-08,C2046,Smartphone,Eletrônicos,1,4882.5,0.1,3808.35,RN,Nordeste,Cartão de crédito,Marketplace
102754,2025-09-13,C0622,Headset,Eletrônicos,1,362.97,0,225.04,RO,Norte,Cartão de débito,Online
102755,2025-08-12,C1358,Cadeira,Escritório,1,1693.62,0.05,1185.53,PA,Norte,Cartão de débito,Marketplace
102756,2026-02-21,C2245,Smartphone,Eletrônicos,1,2377.58,0,1854.51,MA,Nordeste,Cartão de débito,Marketplace
102757,2025-03-18,C0009,Liquidificador,Casa,1,294.38,0.05,185.46,RR,Norte,Cartão de crédito,Marketplace
102758,2026-06-18,C2154,Aspirador,Casa,3,698.61,0.05,468.07,CE,Nordeste,Cartão de débito,Online
102759,2026-01-14,C0435,Notebook,Eletrônicos,2,4700.34,0.1,3384.24,AL,Nordeste,Boleto,Marketplace
102760,2025-08-02,C1498,Suporte para Monitor,Escritório,1,352.43,0.15,193.84,SC,Sul,Boleto,Online
102761,2025-06-09,C1597,Cabo USB,Acessórios,1,80.83,0.05,36.37,PB,Nordeste,Cartão de crédito,Marketplace
102762,2025-01-09,C1952,Suporte para Monitor,Escritório,1,121.42,0,66.78,AM,Norte,PIX,Online
102763,2025-01-06,C1549,Air Fryer,Casa,1,969.0,0.05,620.16,SC,Sul,PIX,Online
102764,2026-04-01,C0421,Carregador,Acessórios,3,50.69,0.1,25.34,TO,Norte,Boleto,Marketplace
102765,2025-10-06,C0411,Monitor,Eletrônicos,1,1665.34,0,1132.43,AL,Nordeste,Cartão de débito,Online
102766,2025-04-24,C0499,Carregador,Acessórios,1,208.55,0,104.28,BA,Nordeste,Cartão de débito,Online
102767,2025-06-29,C2278,Headset,Eletrônicos,1,159.88,0,99.13,MA,Nordeste,Cartão de débito,Online
102768,2025-11-01,C0131,Mesa,Escritório,1,547.63,0.1,372.39,MT,Centro-Oeste,PIX,Marketplace
102769,2025-08-22,C1528,Teclado,Eletrônicos,3,171.25,0,102.75,BA,Nordeste,PIX,Online
102770,2025-07-18,C1306,Cadeira,Escritório,4,2387.36,0.15,1671.15,SC,Sul,Cartão de débito,Online
102771,2025-10-24,C0482,Luminária,Escritório,2,379.52,0.05,197.35,PI,Nordeste,Cartão de crédito,Marketplace
102772,2025-09-04,C0120,Carregador,Acessórios,1,158.09,0.15,79.05,SP,Sudeste,PIX,Online
102773,2025-12-04,C0994,Liquidificador,Casa,1,414.37,0.15,261.05,PR,Sul,Cartão de crédito,Marketplace
102774,2026-04-26,C2277,Liquidificador,Casa,1,337.98,0.1,212.93,AM,Norte,Cartão de débito,Online
102775,2025-03-29,C2089,Headset,Eletrônicos,2,844.75,0,523.75,RN,Nordeste,Cartão de débito,Marketplace
102776,2025-01-26,C0932,Hub USB,Acessórios,1,208.74,0,114.81,PR,Sul,Cartão de crédito,Online
102777,2025-09-14,C0982,Cabo USB,Acessórios,3,52.2,0.05,23.49,MA,Nordeste,PIX,Marketplace
102778,2026-05-20,C1525,Mesa,Escritório,2,889.7,0.1,605.0,MT,Centro-Oeste,PIX,Online
102779,2026-03-06,C2469,Notebook,Eletrônicos,4,4482.54,0,3227.43,CE,Nordeste,PIX,Online
102780,2026-03-16,C0061,Carregador,Acessórios,1,195.58,0.05,97.79,AL,Nordeste,Boleto,Online
102781,2026-04-09,C1120,Air Fryer,Casa,1,925.58,0,592.37,MA,Nordeste,Cartão de débito,Marketplace
102782,2025-04-06,C0913,Luminária,Escritório,1,259.24,0,134.8,MT,Centro-Oeste,Cartão de crédito,Online
102783,2025-08-14,C0084,Mesa,Escritório,1,711.12,0.1,483.56,DF,Centro-Oeste,Cartão de débito,Marketplace
102784,2025-10-03,C1235,Liquidificador,Casa,1,521.93,0.15,328.82,SC,Sul,PIX,Online
102785,2025-07-08,C0985,Liquidificador,Casa,2,552.46,0,348.05,CE,Nordeste,Cartão de crédito,Online
102786,2025-03-23,C1862,Aspirador,Casa,2,634.77,0.1,425.3,MA,Nordeste,Cartão de débito,Marketplace
102787,2025-12-02,C2190,Teclado,Eletrônicos,1,420.98,0.1,252.59,MS,Centro-Oeste,Cartão de crédito,Marketplace
102788,2026-05-26,C2307,Headset,Eletrônicos,3,161.21,0,99.95,PB,Nordeste,Boleto,Online
102789,2025-08-07,C0908,Air Fryer,Casa,2,734.41,0,470.02,DF,Centro-Oeste,PIX,Marketplace
102790,2025-08-16,C0339,Headset,Eletrônicos,1,553.37,0.1,343.09,GO,Centro-Oeste,Boleto,Online
102791,2025-10-14,C0083,Monitor,Eletrônicos,3,951.68,0.05,647.14,SC,Sul,Cartão de crédito,Marketplace
102792,2025-04-12,C1989,Headset,Eletrônicos,1,267.73,0,165.99,PR,Sul,Cartão de crédito,Marketplace
102793,2026-02-22,C1901,Smartphone,Eletrônicos,1,4076.39,0.15,3179.58,PB,Nordeste,Cartão de débito,Online
102794,2026-01-27,C2475,Suporte para Monitor,Escritório,1,529.22,0.1,291.07,RN,Nordeste,Cartão de débito,Online
102795,2025-02-03,C0883,Mesa,Escritório,1,769.01,0,522.93,MG,Sudeste,PIX,Marketplace
102796,2025-07-09,C0620,Notebook,Eletrônicos,1,2833.27,0.05,2039.95,ES,Sudeste,Cartão de débito,Online
102797,2026-01-18,C0925,Cafeteira,Casa,1,687.21,0.1,446.69,SP,Sudeste,Cartão de crédito,Online
102798,2025-12-16,C1763,Headset,Eletrônicos,1,259.67,0.1,161.0,RN,Nordeste,PIX,Marketplace
102799,2026-06-11,C1510,Smartphone,Eletrônicos,1,3398.81,0,2651.07,SE,Nordeste,Cartão de débito,Online
102800,2025-10-20,C1410,Notebook,Eletrônicos,2,5920.96,0,4263.09,BA,Nordeste,Cartão de crédito,Marketplace
102801,2026-04-22,C2190,Cabo USB,Acessórios,2,42.79,0.05,19.26,SE,Nordeste,PIX,Online
102802,2025-01-14,C0485,Cabo USB,Acessórios,2,95.6,0.05,43.02,PA,Norte,Cartão de crédito,Online
102803,2026-05-26,C1753,Cabo USB,Acessórios,4,76.92,0,34.61,PB,Nordeste,,Marketplace
102804,2025-03-10,C0513,Luminária,Escritório,1,264.16,0.05,137.36,TO,Norte,PIX,Marketplace
102805,2026-02-21,C0304,Monitor,Eletrônicos,2,1824.91,0,1240.94,BA,Nordeste,Cartão de crédito,Online
102806,2026-05-05,C2241,Suporte para Monitor,Escritório,2,320.9,0.05,176.5,TO,Norte,Boleto,Marketplace
102807,2025-12-10,C1008,Cafeteira,Casa,1,398.42,0.05,258.97,MT,Centro-Oeste,PIX,Online
102808,2025-05-22,C1551,Smartphone,Eletrônicos,3,3067.27,0,2392.47,GO,Centro-Oeste,PIX,Marketplace
102809,2026-05-25,C0344,Air Fryer,Casa,1,892.06,0.1,570.92,RS,Sul,Cartão de crédito,Online
102810,2025-09-08,C1858,Notebook,Eletrônicos,3,5205.18,0,3747.73,AP,Norte,Cartão de débito,Online
102811,2025-08-01,C0587,Smartphone,Eletrônicos,1,2378.32,0.1,1855.09,GO,Centro-Oeste,Boleto,Marketplace
102812,2025-05-10,C1961,Cafeteira,Casa,2,735.37,0,477.99,PI,Nordeste,Cartão de débito,Marketplace
102813,2025-12-17,C2336,Luminária,Escritório,1,395.34,0.15,205.58,GO,Centro-Oeste,Cartão de débito,Online
102814,2025-04-11,C1126,Teclado,Eletrônicos,2,121.23,0.05,72.74,PB,Nordeste,Cartão de débito,Marketplace
102815,2025-10-27,C0754,Suporte para Monitor,Escritório,1,532.9,0.15,293.1,PB,Nordeste,Cartão de crédito,Online
102816,2025-07-07,C1146,Hub USB,Acessórios,1,155.99,0.2,85.79,BA,Nordeste,Boleto,Marketplace
102817,2025-11-18,C1581,Suporte para Monitor,Escritório,2,588.71,0,323.79,SE,Nordeste,PIX,Marketplace
102818,2025-06-18,C1142,Headset,Eletrônicos,3,583.32,0.1,361.66,TO,Norte,Cartão de crédito,Online
102819,2026-02-21,C0566,Liquidificador,Casa,1,580.12,0.05,365.48,MS,Centro-Oeste,Boleto,Marketplace
102820,2025-12-08,C0450,Suporte para Monitor,Escritório,1,436.08,0.15,239.84,AP,Norte,Cartão de débito,Marketplace
102821,2026-05-20,C0735,Luminária,Escritório,2,154.05,0,80.11,SP,Sudeste,Boleto,Online
102822,2025-10-03,C0568,Aspirador,Casa,1,969.41,0,649.5,RR,Norte,PIX,Online
102823,2025-05-31,C0803,Headset,Eletrônicos,1,520.07,0.05,322.44,RO,Norte,Cartão de crédito,Marketplace
102824,2026-05-20,C2324,Mesa,Escritório,1,1803.55,0.05,1226.41,GO,Centro-Oeste,PIX,Online
102825,2025-01-25,C0834,Cabo USB,Acessórios,1,68.88,0,31.0,CE,Nordeste,Boleto,Online
102826,2025-07-17,C1822,Air Fryer,Casa,2,916.58,0.1,586.61,MS,Centro-Oeste,PIX,Marketplace
102827,2026-02-09,C2000,Smartphone,Eletrônicos,1,3919.38,0,3057.12,RS,Sul,Boleto,Online
102828,2026-06-17,C1747,Mouse,Eletrônicos,1,127.39,0.2,73.89,RR,Norte,Cartão de débito,Online
102829,2026-06-15,C1197,Monitor,Eletrônicos,1,1183.16,0.05,804.55,PE,Nordeste,Cartão de débito,Online
102830,2026-03-10,C1849,Cafeteira,Casa,2,581.03,0.15,377.67,GO,Centro-Oeste,Cartão de débito,Marketplace
102831,2025-03-29,C0848,Hub USB,Acessórios,1,267.4,0.1,147.07,PE,Nordeste,PIX,Marketplace
102832,2025-01-25,C2304,Mouse,Eletrônicos,5,465.24,0,269.84,RO,Norte,Cartão de crédito,Online
102833,2025-05-30,C1072,Cafeteira,Casa,2,963.6,0,626.34,MS,Centro-Oeste,Cartão de débito,Marketplace
102834,2025-01-01,C0318,Monitor,Eletrônicos,1,1297.24,0.05,882.12,PI,Nordeste,PIX,Online
102835,2025-08-10,C2146,Monitor,Eletrônicos,2,1738.74,0.1,1182.34,AC,Norte,Cartão de crédito,Marketplace
102836,2025-03-11,C0251,Aspirador,Casa,1,589.92,0,395.25,RN,Nordeste,Boleto,Marketplace
102837,2025-08-07,C1353,Smartphone,Eletrônicos,1,3537.22,0,2759.03,GO,Centro-Oeste,Cartão de débito,Marketplace
102838,2026-04-15,C1310,Liquidificador,Casa,1,143.97,0,90.7,AM,Norte,Cartão de crédito,Online
102839,2026-06-13,C1302,Suporte para Monitor,Escritório,1,323.69,0.05,178.03,TO,Norte,Boleto,Marketplace
102840,2025-04-04,C2492,Monitor,Eletrônicos,1,2299.44,0.1,1563.62,PA,Norte,Cartão de crédito,Marketplace
102841,2025-07-29,C1982,Carregador,Acessórios,2,137.19,0,68.59,GO,Centro-Oeste,Boleto,Marketplace
102842,2026-03-09,C0463,Carregador,Acessórios,1,164.26,0.1,82.13,RN,Nordeste,Boleto,Marketplace
102843,2025-07-26,C0816,Carregador,Acessórios,1,63.13,0.15,31.57,AC,Norte,PIX,Online
102844,2025-08-01,C1536,Cadeira,Escritório,1,1213.07,0.05,849.15,MS,Centro-Oeste,PIX,Marketplace
102845,2026-03-27,C0615,Cadeira,Escritório,1,993.83,0.2,695.68,BA,Nordeste,Cartão de débito,Marketplace
102846,2026-02-02,C1640,Headset,Eletrônicos,2,220.7,0.15,136.83,RO,Norte,Boleto,Marketplace
102847,2025-03-10,C1353,Monitor,Eletrônicos,1,1181.83,0.05,803.64,MT,Centro-Oeste,Boleto,Online
102848,2025-07-27,C0027,Notebook,Eletrônicos,1,4304.03,0,3098.9,TO,Norte,Boleto,Online
102849,2026-01-29,C1762,Hub USB,Acessórios,2,258.45,0,142.15,MA,Nordeste,Cartão de crédito,Marketplace
102850,2025-06-18,C1311,Monitor,Eletrônicos,1,1632.15,0.15,1109.86,AL,Nordeste,Cartão de crédito,Online
102851,2026-04-24,C0781,Notebook,Eletrônicos,4,2526.79,0.15,1819.29,PI,Nordeste,Cartão de débito,Online
102852,2025-08-18,C2276,Cabo USB,Acessórios,3,87.57,0.2,39.41,RR,Norte,Boleto,Marketplace
102853,2025-04-29,C0496,Cabo USB,Acessórios,3,60.1,0,27.05,PR,Sul,Boleto,Marketplace
102854,2025-01-02,C2469,Cafeteira,Casa,1,642.59,0,417.68,RJ,Sudeste,Cartão de crédito,Online
102855,2025-05-25,C0793,Aspirador,Casa,1,612.83,0,410.6,PA,Norte,Cartão de crédito,Marketplace
102856,2026-04-03,C1924,Hub USB,Acessórios,1,216.19,0.15,118.9,RO,Norte,Boleto,Online
102857,2025-04-21,C1541,Hub USB,Acessórios,1,214.18,0,117.8,RN,Nordeste,Boleto,Marketplace
102858,2025-10-31,C0167,Luminária,Escritório,2,311.5,0.05,161.98,BA,Nordeste,Cartão de débito,Marketplace
102859,2025-01-17,C0072,Aspirador,Casa,2,708.31,0,474.57,TO,Norte,PIX,Online
102860,2026-01-09,C0804,Suporte para Monitor,Escritório,2,412.07,0.2,226.64,SC,Sul,Cartão de débito,Online
102861,2025-09-22,C0999,Smartphone,Eletrônicos,5,3813.68,0.05,2974.67,PB,Nordeste,PIX,Marketplace
102862,2026-03-08,C0206,Air Fryer,Casa,2,534.2,0.1,341.89,MS,Centro-Oeste,Cartão de crédito,Online
102863,2025-02-08,C0394,Cadeira,Escritório,1,1293.93,0.1,905.75,PR,Sul,Boleto,Online
102864,2026-06-01,C0134,Notebook,Eletrônicos,1,3720.27,0.05,2678.59,RS,Sul,PIX,Marketplace
102865,2026-04-12,C2279,Cadeira,Escritório,3,906.62,0,634.63,GO,Centro-Oeste,Cartão de débito,Marketplace
102866,2025-04-02,C2459,Hub USB,Acessórios,1,142.41,0.05,78.33,MS,Centro-Oeste,Cartão de crédito,Marketplace
102867,2025-09-06,C2070,Suporte para Monitor,Escritório,4,592.48,0.05,325.86,CE,Nordeste,Cartão de débito,Online
102868,2025-08-01,C0376,Notebook,Eletrônicos,4,5823.98,0.1,4193.27,TO,Norte,Boleto,Marketplace
102869,2025-05-30,C2124,Mesa,Escritório,1,1028.55,0,699.41,MS,Centro-Oeste,Cartão de débito,Marketplace
102870,2025-10-25,C0011,Mouse,Eletrônicos,1,94.44,0.15,54.78,PA,Norte,Cartão de débito,Online
102871,2025-02-20,C0354,Suporte para Monitor,Escritório,1,473.14,0.1,260.23,MA,Nordeste,Cartão de crédito,Online
102872,2025-10-14,C0854,Cadeira,Escritório,3,1491.01,0,1043.71,AM,Norte,Cartão de débito,Online
102873,2025-08-29,C1312,Cafeteira,Casa,3,1045.02,0.15,679.26,RN,Nordeste,Cartão de débito,Online
102874,2025-03-01,C0233,Smartphone,Eletrônicos,2,3357.33,0.05,2618.72,DF,Centro-Oeste,Cartão de débito,Online
102875,2026-06-18,C0467,Cabo USB,Acessórios,2,84.76,0,38.14,TO,Norte,Cartão de crédito,Online
102876,2025-08-25,C1376,Carregador,Acessórios,2,105.74,0,52.87,DF,Centro-Oeste,Cartão de débito,Online
102877,2025-02-20,C1076,Air Fryer,Casa,2,743.35,0.05,475.74,RJ,Sudeste,Cartão de débito,Marketplace
102878,2025-06-24,C2187,Suporte para Monitor,Escritório,3,112.37,0.1,61.8,RJ,Sudeste,Cartão de débito,Online
102879,2026-06-17,C0274,Luminária,Escritório,1,394.93,0.1,205.36,CE,Nordeste,Boleto,Marketplace
102880,2025-01-04,C1424,Cabo USB,Acessórios,3,37.62,0.2,16.93,RJ,Sudeste,Cartão de crédito,Marketplace
102881,2025-09-08,C0035,Cafeteira,Casa,3,632.65,0.15,411.22,DF,Centro-Oeste,Boleto,Marketplace
102882,2025-04-07,C2285,Mouse,Eletrônicos,2,132.41,0,76.8,PA,Norte,Boleto,Online
102883,2026-02-22,C1459,Hub USB,Acessórios,2,246.64,0,135.65,RR,Norte,Boleto,Marketplace
102884,2025-04-11,C2086,Hub USB,Acessórios,1,167.59,0.15,92.17,PA,Norte,Cartão de débito,Marketplace
102885,2026-03-19,C2232,Air Fryer,Casa,1,765.36,0.05,489.83,RJ,Sudeste,Boleto,Online
102886,2026-02-16,C0705,Cabo USB,Acessórios,2,34.73,0.05,15.63,SE,Nordeste,Cartão de crédito,Online
102887,2026-02-11,C0351,Cabo USB,Acessórios,4,99.16,0,44.62,SC,Sul,Cartão de crédito,Marketplace
102888,2025-09-05,C1303,Liquidificador,Casa,2,170.96,0,107.7,DF,Centro-Oeste,Boleto,Marketplace
102889,2025-06-05,C1777,Cabo USB,Acessórios,1,68.26,0.05,30.72,CE,Nordeste,Cartão de crédito,Online
102890,2026-06-29,C0101,Mesa,Escritório,1,1878.84,0.15,1277.61,CE,Nordeste,Cartão de crédito,Marketplace
102891,2026-02-01,C1351,Teclado,Eletrônicos,1,507.9,0.05,304.74,TO,Norte,Cartão de débito,Marketplace
102892,2025-12-26,C0381,Suporte para Monitor,Escritório,1,320.7,0.1,176.39,TO,Norte,PIX,Marketplace
102893,2025-02-27,C1479,Monitor,Eletrônicos,2,707.85,0.1,481.34,PE,Nordeste,PIX,Online
102894,2026-04-03,C2299,Carregador,Acessórios,3,148.26,0.1,74.13,MG,Sudeste,Cartão de débito,Online
102895,2025-07-20,C0074,Mouse,Eletrônicos,1,387.06,0,224.49,AM,Norte,Cartão de crédito,Online
102896,2026-02-05,C0148,Carregador,Acessórios,1,84.18,0.1,42.09,SP,Sudeste,Boleto,Marketplace
102897,2025-07-05,C0664,Mouse,Eletrônicos,1,159.39,0.1,92.45,TO,Norte,Cartão de crédito,Online
102898,2025-06-22,C0172,Suporte para Monitor,Escritório,1,576.11,0.1,316.86,SP,Sudeste,Cartão de débito,Marketplace
102899,2026-01-30,C1735,Headset,Eletrônicos,1,676.31,0.05,419.31,PB,Nordeste,Cartão de débito,Marketplace
102900,2025-01-26,C1338,Liquidificador,Casa,1,495.31,0,312.05,AM,Norte,PIX,Marketplace
102901,2026-01-12,C1672,Suporte para Monitor,Escritório,2,554.16,0,304.79,AC,Norte,Boleto,Marketplace
102902,2026-01-06,C1245,Cafeteira,Casa,1,572.68,0,372.24,AC,Norte,Cartão de crédito,Marketplace
102903,2026-03-16,C2249,Suporte para Monitor,Escritório,4,431.33,0.05,237.23,GO,Centro-Oeste,Cartão de débito,Marketplace
102904,2025-07-23,C1216,Carregador,Acessórios,2,221.23,0.1,110.61,PB,Nordeste,Boleto,Online
102905,2026-05-22,C0885,Luminária,Escritório,1,205.32,0,106.77,MA,Nordeste,Cartão de débito,Online
102906,2026-04-17,C1937,Notebook,Eletrônicos,1,4148.5,0.15,2986.92,DF,Centro-Oeste,PIX,Online
102907,2026-02-23,C2499,Headset,Eletrônicos,2,642.67,0.1,398.46,CE,Nordeste,Cartão de débito,Marketplace
102908,2025-02-02,C1459,Cadeira,Escritório,1,1948.12,0,1363.68,RR,Norte,Cartão de crédito,Marketplace
102909,2025-06-29,C2180,Monitor,Eletrônicos,1,1534.27,0.1,1043.3,SP,Sudeste,Cartão de crédito,Marketplace
102910,2025-10-15,C0706,Cafeteira,Casa,3,958.16,0.1,622.8,MS,Centro-Oeste,Cartão de crédito,Marketplace
102911,2025-08-21,C2008,Cabo USB,Acessórios,3,87.56,0.05,39.4,PE,Nordeste,PIX,Online
102912,2025-01-30,C0260,Air Fryer,Casa,1,534.56,0.2,342.12,ES,Sudeste,PIX,Online
102913,2025-01-05,C1229,Mouse,Eletrônicos,5,89.73,0,52.04,MT,Centro-Oeste,Cartão de crédito,Marketplace
102914,2025-12-18,C0930,Cafeteira,Casa,3,339.27,0.05,220.53,PE,Nordeste,Cartão de débito,Online
102915,2025-12-05,C0771,Hub USB,Acessórios,1,238.74,0.15,131.31,ES,Sudeste,Cartão de débito,Online
102916,2025-01-30,C1126,Mesa,Escritório,5,666.99,0.05,453.55,SE,Nordeste,PIX,Online
102917,2026-01-25,C0751,Luminária,Escritório,3,190.06,0.1,98.83,GO,Centro-Oeste,PIX,Marketplace
102918,2026-06-26,C0789,Air Fryer,Casa,2,773.83,0,495.25,MA,Nordeste,Cartão de crédito,Marketplace
102919,2025-02-11,C2473,Luminária,Escritório,3,280.26,0.05,145.74,MA,Nordeste,Cartão de crédito,Online
102920,2025-11-08,C1410,Hub USB,Acessórios,3,148.79,0.1,81.83,RO,Norte,Boleto,Online
102921,2025-05-19,C1942,Luminária,Escritório,1,350.46,0.05,182.24,RS,Sul,Cartão de débito,Marketplace
102922,2026-01-30,C0392,Aspirador,Casa,5,425.5,0,285.09,MA,Nordeste,Boleto,Marketplace
102923,2025-06-20,C1743,Luminária,Escritório,1,112.48,0.1,58.49,SP,Sudeste,PIX,Online
102924,2026-03-29,C1607,Carregador,Acessórios,1,167.83,0.15,83.92,AL,Nordeste,Cartão de débito,Online
102925,2025-09-04,C0083,Luminária,Escritório,2,155.16,0.1,80.68,MA,Nordeste,Cartão de crédito,Marketplace
102926,2025-03-02,C1273,Hub USB,Acessórios,1,236.7,0.1,130.19,TO,Norte,Cartão de débito,Online
102927,2026-03-28,C0933,Luminária,Escritório,2,111.99,0,58.23,AP,Norte,Cartão de débito,Marketplace
102928,2026-06-28,C2278,Air Fryer,Casa,1,326.93,0.05,209.24,RJ,Sudeste,PIX,Online
102929,2025-05-29,C1513,Monitor,Eletrônicos,2,1136.12,0,772.56,MG,Sudeste,Cartão de débito,Online
102930,2025-04-20,C1009,Air Fryer,Casa,1,629.97,0.1,403.18,SE,Nordeste,Boleto,Marketplace
102931,2025-03-07,C0452,Headset,Eletrônicos,2,369.6,0,229.15,CE,Nordeste,PIX,Online
102932,2026-06-18,C0832,Smartphone,Eletrônicos,2,1994.93,0.15,1556.05,PB,Nordeste,Cartão de débito,Online
102933,2025-06-10,C2398,Monitor,Eletrônicos,1,913.66,0.1,621.29,MA,Nordeste,Cartão de crédito,Marketplace
102934,2025-04-28,C1916,Mouse,Eletrônicos,2,243.73,0.1,141.36,MA,Nordeste,Cartão de crédito,Marketplace
102935,2025-06-15,C2086,Cafeteira,Casa,1,627.36,0.1,407.78,RJ,Sudeste,Cartão de crédito,Marketplace
102936,2025-06-09,C0642,Air Fryer,Casa,1,684.96,0.05,438.37,RJ,Sudeste,PIX,Marketplace
102937,2026-04-17,C1783,Cafeteira,Casa,2,313.91,0,204.04,PR,Sul,Boleto,Marketplace
102938,2026-03-29,C1197,Notebook,Eletrônicos,1,4582.0,0.1,3299.04,AC,Norte,Cartão de crédito,Marketplace
102939,2025-02-27,C1042,Cafeteira,Casa,1,251.12,0.1,163.23,SC,Sul,Cartão de crédito,Online
102940,2026-06-18,C1000,Suporte para Monitor,Escritório,2,377.48,0,207.61,RS,Sul,PIX,Marketplace
102941,2025-06-24,C2435,Monitor,Eletrônicos,1,1419.58,0.1,965.31,MG,Sudeste,Cartão de débito,Online
102942,2025-01-09,C2477,Aspirador,Casa,2,1235.85,0,828.02,PA,Norte,Boleto,Marketplace
102943,2025-03-12,C2198,Liquidificador,Casa,2,190.17,0.1,119.81,MT,Centro-Oeste,Cartão de crédito,Online
102944,2025-09-07,C2251,Smartphone,Eletrônicos,2,2785.63,0,2172.79,AP,Norte,PIX,Online
102945,2025-09-08,C1151,Air Fryer,Casa,1,370.39,0,237.05,PR,Sul,Cartão de crédito,Online
102946,2025-06-23,C1482,Air Fryer,Casa,2,421.67,0.1,269.87,AC,Norte,Cartão de débito,Online
102947,2026-06-20,C0498,Suporte para Monitor,Escritório,2,418.59,0,230.22,TO,Norte,Cartão de crédito,Online
102948,2026-05-06,C1006,Smartphone,Eletrônicos,2,3400.93,0.05,2652.73,GO,Centro-Oeste,PIX,Marketplace
102949,2026-05-09,C0755,Luminária,Escritório,1,87.4,0,45.45,PE,Nordeste,Cartão de crédito,Online
102950,2025-01-10,C1871,Hub USB,Acessórios,1,133.12,0.05,73.22,RR,Norte,Cartão de crédito,Marketplace
102951,2025-07-04,C0888,Teclado,Eletrônicos,1,470.36,0,282.22,ES,Sudeste,Cartão de crédito,Marketplace
102952,2026-01-06,C1064,Liquidificador,Casa,4,321.75,0.05,202.7,DF,Centro-Oeste,Boleto,Marketplace
102953,2026-02-03,C0471,Cadeira,Escritório,2,1407.04,0.05,984.93,BA,Nordeste,Boleto,Marketplace
102954,2026-05-29,C2050,Teclado,Eletrônicos,1,198.96,0.05,119.38,MS,Centro-Oeste,PIX,Marketplace
102955,2025-05-18,C1646,Teclado,Eletrônicos,2,367.18,0.1,220.31,MT,Centro-Oeste,Cartão de débito,Online
102956,2026-01-08,C2026,Mesa,Escritório,1,557.51,0.05,379.11,GO,Centro-Oeste,Boleto,Marketplace
102957,2025-06-19,C0573,Monitor,Eletrônicos,1,1879.5,0.1,1278.06,CE,Nordeste,Boleto,Online
102958,2025-11-01,C1602,Liquidificador,Casa,3,204.44,0.05,128.8,AC,Norte,Cartão de débito,Online
102959,2025-04-24,C0294,Liquidificador,Casa,3,319.73,0,201.43,CE,Nordeste,Cartão de débito,Online
102960,2025-07-10,C1211,Mesa,Escritório,1,580.31,0.05,394.61,MT,Centro-Oeste,Boleto,Online
102961,2025-09-26,C1963,Luminária,Escritório,1,160.08,0,83.24,MT,Centro-Oeste,Boleto,Marketplace
102962,2025-08-10,C1546,Notebook,Eletrônicos,2,5227.93,0,3764.11,SP,Sudeste,PIX,Online
102963,2025-08-22,C1645,Hub USB,Acessórios,2,231.82,0,127.5,PB,Nordeste,Cartão de débito,Online
102964,2025-06-21,C1977,Teclado,Eletrônicos,4,368.31,0.05,220.99,PE,Nordeste,Cartão de crédito,Online
102965,2025-02-21,C1545,Aspirador,Casa,2,1106.99,0.05,741.68,RJ,Sudeste,Boleto,Online
102966,2026-06-10,C0643,Mouse,Eletrônicos,1,132.11,0,76.62,RJ,Sudeste,Cartão de crédito,Marketplace
102967,2025-02-24,C1968,Suporte para Monitor,Escritório,1,324.1,0.1,178.26,RR,Norte,PIX,Marketplace
102968,2026-04-05,C2459,Liquidificador,Casa,1,197.39,0.15,124.36,ES,Sudeste,Boleto,Online
102969,2025-10-13,C2238,Teclado,Eletrônicos,3,653.37,0.2,392.02,PB,Nordeste,Cartão de crédito,Online
102970,2026-03-20,C0316,Notebook,Eletrônicos,1,4711.45,0.1,3392.24,RO,Norte,PIX,Marketplace
102971,2025-04-07,C1671,Air Fryer,Casa,1,365.88,0.05,234.16,PB,Nordeste,PIX,Marketplace
102972,2026-03-01,C0424,Headset,Eletrônicos,1,378.82,0.05,234.87,PI,Nordeste,Cartão de crédito,Online
102973,2026-06-23,C2417,Cafeteira,Casa,2,1087.06,0,706.59,GO,Centro-Oeste,Cartão de débito,Online
102974,2025-08-01,C0054,Teclado,Eletrônicos,1,398.21,0.05,238.93,RS,Sul,Cartão de débito,Online
102975,2025-08-16,C0797,Suporte para Monitor,Escritório,1,160.27,0.1,88.15,RJ,Sudeste,Boleto,Marketplace
102976,2025-02-07,C0186,Aspirador,Casa,1,1002.56,0,671.72,PI,Nordeste,Cartão de débito,Marketplace
102977,2026-01-16,C2114,Liquidificador,Casa,2,361.69,0,227.86,AL,Nordeste,Cartão de débito,Online
102978,2026-05-09,C1141,Mouse,Eletrônicos,5,171.49,0.1,99.46,PR,Sul,PIX,Marketplace
102979,2026-03-25,C1116,Teclado,Eletrônicos,1,520.14,0.1,312.08,MA,Nordeste,Cartão de crédito,Marketplace
102980,2026-03-08,C0736,Hub USB,Acessórios,3,103.38,0.1,56.86,SC,Sul,Cartão de débito,Marketplace
102981,2025-05-05,C2221,Monitor,Eletrônicos,1,1728.61,0,1175.45,PE,Nordeste,Cartão de crédito,Online
102982,2025-11-22,C0958,Aspirador,Casa,1,737.01,0.1,493.8,DF,Centro-Oeste,Cartão de débito,Online
102983,2026-02-14,C2136,Hub USB,Acessórios,2,154.29,0.2,84.86,MG,Sudeste,Boleto,Marketplace
102984,2026-04-21,C0556,Mesa,Escritório,2,1863.47,0,1267.16,AC,Norte,Cartão de débito,Online
102985,2026-05-11,C0771,Cabo USB,Acessórios,1,95.66,0.15,43.05,AL,Nordeste,Boleto,Online
102986,2025-07-31,C0884,Smartphone,Eletrônicos,4,2881.87,0.15,2247.86,SE,Nordeste,Cartão de crédito,Marketplace
102987,2025-05-04,C1962,Mouse,Eletrônicos,2,376.78,0.2,218.53,RO,Norte,Cartão de débito,Marketplace
102988,2025-06-25,C0700,Mouse,Eletrônicos,2,476.94,0,276.63,DF,Centro-Oeste,Cartão de débito,Online
102989,2025-09-09,C0758,Luminária,Escritório,2,218.84,0,113.8,SP,Sudeste,Cartão de crédito,Online
102990,2025-10-25,C1100,Liquidificador,Casa,1,485.17,0.05,305.66,PE,Nordeste,Cartão de débito,Online
102991,2025-10-14,C1003,Headset,Eletrônicos,3,715.45,0,443.58,DF,Centro-Oeste,PIX,Marketplace
102992,2025-12-26,C0373,Luminária,Escritório,1,315.47,0.05,164.04,RJ,Sudeste,PIX,Marketplace
102993,2025-01-09,C2360,Aspirador,Casa,1,636.16,0.05,426.23,DF,Centro-Oeste,,Online
102994,2025-02-09,C1311,Cabo USB,Acessórios,1,70.9,0,31.91,MA,Nordeste,Cartão de crédito,Online
102995,2025-07-03,C1580,Carregador,Acessórios,3,183.48,0.1,91.74,RJ,Sudeste,Cartão de crédito,Online
102996,2026-01-28,C1309,Cadeira,Escritório,2,862.48,0.05,603.74,SC,Sul,Cartão de crédito,Online
102997,2026-05-07,C1566,Air Fryer,Casa,2,602.95,0.1,385.89,AL,Nordeste,Cartão de débito,Online
102998,2025-08-28,C0950,Mesa,Escritório,1,549.23,0,373.48,TO,Norte,Cartão de crédito,Online
102999,2025-08-25,C1252,Notebook,Eletrônicos,1,4787.97,0.15,3447.34,CE,Nordeste,Cartão de crédito,Marketplace
103000,2025-07-01,C2099,Luminária,Escritório,2,166.45,0,86.55,RR,Norte,PIX,Online
103001,2025-09-21,C0855,Air Fryer,Casa,1,371.77,0.2,237.93,GO,Centro-Oeste,Boleto,Marketplace
103002,2025-02-08,C2080,Aspirador,Casa,1,1260.47,0.1,844.51,SC,Sul,PIX,Online
103003,2026-01-28,C0548,Headset,Eletrônicos,2,407.64,0.05,252.74,RS,Sul,PIX,Online
103004,2025-06-17,C2292,Mesa,Escritório,2,1897.51,0.1,1290.31,PB,Nordeste,PIX,Marketplace
103005,2025-09-12,C2332,Notebook,Eletrônicos,1,5665.08,0.15,4078.86,AL,Nordeste,PIX,Marketplace
103006,2025-11-27,C2462,Cafeteira,Casa,1,1061.89,0.05,690.23,MG,Sudeste,PIX,Marketplace
103007,2026-06-20,C0825,Teclado,Eletrônicos,1,633.42,0.1,380.05,MA,Nordeste,PIX,Online
103008,2026-04-12,C0870,Carregador,Acessórios,4,247.19,0.1,123.59,DF,Centro-Oeste,Boleto,Marketplace
103009,2026-03-21,C1761,Carregador,Acessórios,1,157.78,0.05,78.89,SE,Nordeste,Cartão de crédito,Marketplace
103010,2026-04-14,C0092,Teclado,Eletrônicos,3,706.58,0.05,423.95,MG,Sudeste,Cartão de crédito,Marketplace
103011,2025-03-26,C0331,Cabo USB,Acessórios,1,80.7,0.1,36.32,PE,Nordeste,Boleto,Online
103012,2026-02-06,C1968,Cadeira,Escritório,3,1337.66,0.1,936.36,SP,Sudeste,PIX,Online
103013,2026-03-09,C0082,Carregador,Acessórios,2,126.87,0.1,63.44,PE,Nordeste,Cartão de débito,Online
103014,2025-08-01,C1508,Liquidificador,Casa,2,427.04,0.05,269.04,GO,Centro-Oeste,PIX,Online
103015,2025-11-28,C0069,Aspirador,Casa,2,1226.92,0.05,822.04,RO,Norte,Cartão de débito,Marketplace
103016,2025-11-15,C0187,Cadeira,Escritório,1,1923.87,0.15,1346.71,SC,Sul,Boleto,Online
103017,2025-06-21,C1357,Hub USB,Acessórios,3,107.36,0.2,59.05,PR,Sul,PIX,Online
103018,2025-11-28,C2010,Air Fryer,Casa,1,420.7,0.05,269.25,TO,Norte,PIX,Online
103019,2025-09-13,C2119,Luminária,Escritório,2,263.35,0.1,136.94,AL,Nordeste,Cartão de crédito,Marketplace
103020,2025-11-27,C2098,Cafeteira,Casa,1,218.95,0.1,142.32,SP,Sudeste,Cartão de crédito,Online
103021,2026-01-22,C2463,Cabo USB,Acessórios,1,97.35,0.1,43.81,RS,Sul,Cartão de crédito,Marketplace
103022,2026-01-13,C0604,Carregador,Acessórios,3,230.74,0.05,115.37,PB,Nordeste,Boleto,Marketplace
103023,2025-08-10,C1587,Monitor,Eletrônicos,1,964.03,0.15,655.54,AC,Norte,Boleto,Online
103024,2025-11-08,C1153,Aspirador,Casa,1,993.92,0.05,665.93,AP,Norte,Boleto,Online
103025,2025-04-18,C2201,Air Fryer,Casa,1,974.1,0,623.42,PB,Nordeste,Boleto,Marketplace
103026,2026-05-04,C0196,Smartphone,Eletrônicos,1,1879.36,0,1465.9,SE,Nordeste,PIX,Marketplace
103027,2026-04-18,C1891,Mesa,Escritório,3,676.89,0.05,460.29,PR,Sul,Boleto,Online
103028,2026-04-01,C2205,Suporte para Monitor,Escritório,1,120.57,0.1,66.31,MT,Centro-Oeste,Boleto,Marketplace
103029,2026-05-23,C1534,Aspirador,Casa,2,1105.17,0.1,740.46,CE,Nordeste,PIX,Online
103030,2025-07-14,C1828,Mesa,Escritório,2,1659.54,0.15,1128.49,SP,Sudeste,Cartão de débito,Marketplace
103031,2026-04-22,C1720,Suporte para Monitor,Escritório,2,240.7,0,132.38,PR,Sul,Cartão de crédito,Marketplace
103032,2026-04-24,C1453,Luminária,Escritório,1,270.97,0.05,140.9,CE,Nordeste,Cartão de crédito,Online
103033,2026-04-28,C0851,Cadeira,Escritório,2,915.92,0.1,641.14,MG,Sudeste,Cartão de crédito,Online
103034,2025-02-04,C1676,Aspirador,Casa,1,696.34,0.05,466.55,BA,Nordeste,PIX,Marketplace
103035,2025-09-08,C2152,Cadeira,Escritório,5,2100.98,0.1,1470.69,AL,Nordeste,PIX,Online
103036,2025-07-04,C0821,Cadeira,Escritório,3,760.27,0.05,532.19,MG,Sudeste,Cartão de crédito,Online
103037,2026-04-23,C0119,Aspirador,Casa,3,963.27,0,645.39,MG,Sudeste,Cartão de débito,Marketplace
103038,2026-03-08,C0319,Mesa,Escritório,1,1503.1,0.05,1022.11,MS,Centro-Oeste,Boleto,Marketplace
103039,2025-03-30,C2244,Smartphone,Eletrônicos,1,4546.93,0.05,3546.61,AC,Norte,Boleto,Marketplace
103040,2026-03-13,C0314,Suporte para Monitor,Escritório,1,253.21,0.05,139.27,RJ,Sudeste,Boleto,Marketplace
103041,2025-10-15,C1891,Notebook,Eletrônicos,2,3940.63,0.1,2837.25,RR,Norte,Boleto,Online
103042,2026-01-17,C0546,Notebook,Eletrônicos,1,3700.83,0.1,2664.6,PB,Nordeste,Cartão de crédito,Online
103043,2025-06-18,C0954,Aspirador,Casa,2,254.51,0,170.52,RO,Norte,Cartão de débito,Marketplace
103044,2025-10-20,C0072,Luminária,Escritório,1,348.22,0.1,181.07,DF,Centro-Oeste,Boleto,Online
103045,2025-03-10,C1038,Mouse,Eletrônicos,1,108.24,0.15,62.78,MT,Centro-Oeste,Boleto,Marketplace
103046,2025-11-12,C1985,Monitor,Eletrônicos,1,2261.71,0,1537.96,MS,Centro-Oeste,Cartão de crédito,Marketplace
103047,2026-05-28,C1391,Cabo USB,Acessórios,1,56.42,0.15,25.39,TO,Norte,Cartão de débito,Online
103048,2025-12-02,C2481,Cafeteira,Casa,1,303.11,0.15,197.02,AC,Norte,Cartão de débito,Online
103049,2026-05-08,C0925,Carregador,Acessórios,3,248.42,0.05,124.21,AC,Norte,Boleto,Marketplace
103050,2026-05-24,C1963,Liquidificador,Casa,1,217.82,0.2,137.23,PB,Nordeste,Cartão de crédito,Online
103051,2025-05-25,C1456,Notebook,Eletrônicos,1,3184.58,0.15,2292.9,AL,Nordeste,PIX,Online
103052,2025-08-04,C2160,Mesa,Escritório,2,983.49,0,668.77,ES,Sudeste,Boleto,Marketplace
103053,2025-03-01,C2365,Cadeira,Escritório,1,1911.76,0.1,1338.23,RJ,Sudeste,Cartão de débito,Marketplace
103054,2026-01-05,C2126,Cadeira,Escritório,3,2446.0,0,1712.2,SE,Nordeste,PIX,Online
103055,2025-07-30,C0398,Cafeteira,Casa,2,511.05,0.1,332.18,MS,Centro-Oeste,Cartão de crédito,Online
103056,2025-07-20,C2183,Monitor,Eletrônicos,1,1164.76,0.05,792.04,PE,Nordeste,Cartão de débito,Online
103057,2025-06-10,C0422,Liquidificador,Casa,2,540.62,0.05,340.59,AC,Norte,Cartão de débito,Online
103058,2025-06-27,C0260,Teclado,Eletrônicos,1,208.32,0.15,124.99,CE,Nordeste,Cartão de crédito,Online
103059,2026-02-16,C0361,Liquidificador,Casa,1,160.25,0.15,100.96,PB,Nordeste,PIX,Online
103060,2025-03-06,C1314,Monitor,Eletrônicos,1,1041.66,0.1,708.33,CE,Nordeste,Cartão de crédito,Marketplace
103061,2026-06-30,C0361,Cabo USB,Acessórios,2,27.98,0,12.59,AC,Norte,Boleto,Marketplace
103062,2025-11-17,C1310,Liquidificador,Casa,1,475.88,0.1,299.8,BA,Nordeste,PIX,Marketplace
103063,2025-05-03,C2288,Liquidificador,Casa,2,208.21,0.05,131.17,PR,Sul,Boleto,Marketplace
103064,2025-06-06,C0226,Cadeira,Escritório,1,1868.87,0.15,1308.21,AC,Norte,Cartão de crédito,Online
103065,2025-04-18,C1567,Luminária,Escritório,5,201.77,0.1,104.92,SP,Sudeste,Cartão de crédito,Online
103066,2025-09-14,C0549,Headset,Eletrônicos,3,242.62,0.05,150.42,AL,Nordeste,Cartão de débito,Online
103067,2026-05-27,C1458,Smartphone,Eletrônicos,4,2608.43,0.1,2034.58,RN,Nordeste,Boleto,Online
103068,2026-06-26,C0793,Notebook,Eletrônicos,2,4237.99,0.1,3051.35,RO,Norte,Cartão de crédito,Online
103069,2025-12-20,C2330,Notebook,Eletrônicos,1,4817.17,0.1,3468.36,AM,Norte,PIX,Marketplace
103070,2025-05-16,C2258,Mouse,Eletrônicos,2,100.65,0,58.38,PR,Sul,Cartão de crédito,Online
103071,2025-10-01,C2290,Cabo USB,Acessórios,1,59.47,0,26.76,RR,Norte,Cartão de débito,Marketplace
103072,2025-05-29,C2499,Teclado,Eletrônicos,1,306.67,0,184.0,RO,Norte,Cartão de crédito,Marketplace
103073,2025-01-24,C0604,Carregador,Acessórios,3,239.55,0.05,119.78,RR,Norte,Boleto,Online
103074,2025-01-30,C0711,Liquidificador,Casa,2,519.24,0,327.12,AL,Nordeste,PIX,Marketplace
103075,2025-09-27,C1848,Hub USB,Acessórios,4,167.81,0.2,92.3,MA,Nordeste,Cartão de crédito,Online
103076,2025-03-27,C2059,Aspirador,Casa,4,980.53,0,656.96,RN,Nordeste,PIX,Online
103077,2025-04-07,C1594,Monitor,Eletrônicos,1,2213.8,0.05,1505.38,PR,Sul,Cartão de débito,Marketplace
103078,2026-06-05,C2091,Carregador,Acessórios,1,226.01,0,113.0,RO,Norte,Cartão de débito,Online
103079,2026-02-03,C0215,Cafeteira,Casa,1,327.98,0.15,213.19,TO,Norte,Cartão de crédito,Online
103080,2025-07-18,C2278,Teclado,Eletrônicos,1,745.47,0.05,447.28,MS,Centro-Oeste,PIX,Marketplace
103081,2025-01-16,C0878,Smartphone,Eletrônicos,1,1829.26,0,1426.82,AC,Norte,PIX,Marketplace
103082,2025-06-22,C2333,Air Fryer,Casa,1,351.39,0.1,224.89,ES,Sudeste,PIX,Marketplace
103083,2026-01-06,C0956,Monitor,Eletrônicos,1,930.66,0,632.85,PB,Nordeste,Cartão de crédito,Marketplace
103084,2025-08-09,C0231,Hub USB,Acessórios,3,152.9,0,84.1,PA,Norte,Boleto,Marketplace
103085,2025-09-19,C2092,Notebook,Eletrônicos,2,3914.04,0.1,2818.11,AC,Norte,Boleto,Marketplace
103086,2025-06-02,C2429,Suporte para Monitor,Escritório,3,283.78,0.1,156.08,PA,Norte,Cartão de débito,Online
103087,2025-06-18,C2198,Carregador,Acessórios,3,202.03,0,101.02,RS,Sul,Cartão de débito,Online
103088,2025-08-03,C0171,Mesa,Escritório,1,1215.93,0,826.83,MT,Centro-Oeste,PIX,Marketplace
103089,2026-02-24,C2029,Hub USB,Acessórios,1,214.38,0.05,117.91,MA,Nordeste,Cartão de débito,Marketplace
103090,2025-10-15,C2354,Aspirador,Casa,1,968.55,0,648.93,RJ,Sudeste,Cartão de débito,Marketplace
103091,2025-03-25,C1957,Cafeteira,Casa,1,544.61,0.1,354.0,MA,Nordeste,Cartão de débito,Marketplace
103092,2026-04-14,C1133,Aspirador,Casa,1,1107.29,0.1,741.88,CE,Nordeste,Boleto,Online
103093,2026-03-31,C1324,Luminária,Escritório,2,348.49,0.1,181.21,RR,Norte,Boleto,Marketplace
103094,2025-12-09,C0918,Aspirador,Casa,1,757.82,0.1,507.74,RJ,Sudeste,PIX,Marketplace
103095,2025-04-25,C1652,Liquidificador,Casa,1,407.45,0,256.69,AC,Norte,Cartão de crédito,Online
103096,2025-12-26,C2066,Cafeteira,Casa,3,261.03,0,169.67,RR,Norte,Cartão de débito,Online
103097,2025-12-02,C2358,Smartphone,Eletrônicos,1,3557.21,0,2774.62,PE,Nordeste,Cartão de débito,Online
103098,2025-10-15,C2218,Carregador,Acessórios,2,92.99,0.1,46.49,DF,Centro-Oeste,Cartão de débito,Marketplace
103099,2026-02-25,C2267,Suporte para Monitor,Escritório,1,414.21,0.1,227.82,AL,Nordeste,Cartão de crédito,Online
103100,2025-02-04,C1125,Carregador,Acessórios,1,90.8,0.15,45.4,MT,Centro-Oeste,Cartão de crédito,Online
103101,2025-08-13,C1797,Cadeira,Escritório,2,1249.46,0.15,874.62,RN,Nordeste,Boleto,Marketplace
103102,2025-12-21,C1337,Teclado,Eletrônicos,1,391.78,0,235.07,BA,Nordeste,Cartão de débito,Marketplace
103103,2026-03-24,C1985,Monitor,Eletrônicos,3,2376.51,0.1,1616.03,RN,Nordeste,Cartão de débito,Marketplace
103104,2025-02-19,C1363,Mouse,Eletrônicos,2,245.94,0.1,142.65,RR,Norte,PIX,Online
103105,2025-06-06,C2174,Teclado,Eletrônicos,3,344.32,0.05,206.59,AM,Norte,Cartão de débito,Marketplace
103106,2025-06-24,C0351,Monitor,Eletrônicos,3,2408.65,0.2,1637.88,AC,Norte,Cartão de débito,Online
103107,2026-05-25,C1860,Notebook,Eletrônicos,1,3620.09,0,2606.46,SC,Sul,Boleto,Online
103108,2025-09-24,C0892,Luminária,Escritório,4,198.65,0.05,103.3,GO,Centro-Oeste,PIX,Marketplace
103109,2025-01-03,C1827,Suporte para Monitor,Escritório,2,488.38,0,268.61,PI,Nordeste,PIX,Online
103110,2026-06-01,C0265,Teclado,Eletrônicos,1,362.25,0,217.35,MS,Centro-Oeste,PIX,Marketplace
103111,2025-11-11,C2475,Teclado,Eletrônicos,2,337.34,0.1,202.4,AL,Nordeste,PIX,Online
103112,2025-09-08,C2120,Carregador,Acessórios,2,117.27,0.05,58.63,PE,Nordeste,Boleto,Marketplace
103113,2025-12-25,C1554,Luminária,Escritório,2,266.35,0,138.5,SP,Sudeste,PIX,Marketplace
103114,2025-09-27,C0862,Liquidificador,Casa,2,266.84,0.2,168.11,AL,Nordeste,Boleto,Marketplace
103115,2025-12-11,C1682,Teclado,Eletrônicos,3,222.3,0,133.38,SP,Sudeste,PIX,Online
103116,2026-02-19,C0988,Hub USB,Acessórios,1,104.76,0,57.62,MS,Centro-Oeste,Boleto,Marketplace
103117,2025-02-22,C0196,Teclado,Eletrônicos,1,764.82,0.1,458.89,SE,Nordeste,Boleto,Online
103118,2025-09-27,C0985,Liquidificador,Casa,2,512.95,0.1,323.16,RO,Norte,Boleto,Online
103119,2025-12-27,C1497,Headset,Eletrônicos,1,525.36,0.05,325.72,ES,Sudeste,Cartão de débito,Marketplace
103120,2026-05-15,C1266,Aspirador,Casa,1,917.46,0.15,614.7,PB,Nordeste,Boleto,Online
103121,2025-06-05,C0974,Cadeira,Escritório,3,1572.81,0.2,1100.97,PB,Nordeste,Cartão de crédito,Marketplace
103122,2025-11-05,C1999,Hub USB,Acessórios,1,190.35,0.1,104.69,RN,Nordeste,Cartão de crédito,Online
103123,2025-09-26,C0482,Carregador,Acessórios,2,132.11,0,66.06,AC,Norte,PIX,Marketplace
103124,2025-11-04,C0075,Notebook,Eletrônicos,1,3380.68,0.1,2434.09,SE,Nordeste,Cartão de crédito,Marketplace
103125,2026-05-16,C1006,Hub USB,Acessórios,4,107.39,0,59.06,MA,Nordeste,PIX,Online
103126,2025-08-10,C2046,Carregador,Acessórios,4,124.57,0.1,62.28,MG,Sudeste,Cartão de crédito,Marketplace
103127,2025-07-15,C2493,Notebook,Eletrônicos,3,2852.71,0,2053.95,PB,Nordeste,Cartão de crédito,Online
103128,2026-03-25,C0145,Teclado,Eletrônicos,4,422.01,0.1,253.21,PE,Nordeste,Cartão de crédito,Marketplace
103129,2025-07-02,C2167,Luminária,Escritório,1,297.57,0.05,154.74,RO,Norte,Cartão de débito,Online
103130,2025-08-31,C2252,Mesa,Escritório,2,1877.35,0.05,1276.6,RN,Nordeste,Cartão de débito,Marketplace
103131,2026-03-15,C1994,Cafeteira,Casa,5,568.01,0.1,369.21,PB,Nordeste,Boleto,Online
103132,2025-03-01,C1862,Hub USB,Acessórios,1,197.48,0,108.61,AP,Norte,Cartão de crédito,Online
103133,2025-12-20,C0437,Air Fryer,Casa,2,728.46,0,466.21,RS,Sul,Cartão de crédito,Marketplace
103134,2025-06-18,C2018,Liquidificador,Casa,2,588.28,0,370.62,RN,Nordeste,Cartão de débito,Marketplace
103135,2026-02-28,C1809,Hub USB,Acessórios,2,274.58,0.2,151.02,PE,Nordeste,Cartão de crédito,Online
103136,2025-02-22,C1869,Notebook,Eletrônicos,2,3299.15,0.05,2375.39,AM,Norte,Boleto,Marketplace
103137,2026-02-04,C0104,Mouse,Eletrônicos,1,489.21,0,283.74,PA,Norte,Boleto,Online
103138,2025-09-28,C0280,Hub USB,Acessórios,1,191.45,0.1,105.3,RN,Nordeste,Boleto,Online
103139,2025-05-10,C0527,Smartphone,Eletrônicos,4,4187.06,0,3265.91,PE,Nordeste,Cartão de débito,Marketplace
103140,2026-01-22,C0339,Headset,Eletrônicos,4,589.19,0.1,365.3,MT,Centro-Oeste,Cartão de débito,Marketplace
103141,2026-02-08,C1305,Liquidificador,Casa,1,246.77,0.1,155.47,RN,Nordeste,PIX,Online
103142,2026-01-19,C1299,Headset,Eletrônicos,1,843.4,0,522.91,ES,Sudeste,PIX,Online
103143,2026-01-27,C1844,Cafeteira,Casa,1,1166.37,0.1,758.14,PR,Sul,Cartão de crédito,Online
103144,2025-08-10,C1821,Teclado,Eletrônicos,3,605.59,0.05,363.35,AP,Norte,Cartão de crédito,Marketplace
103145,2025-03-24,C1066,Hub USB,Acessórios,1,109.61,0,60.29,RJ,Sudeste,PIX,Online
103146,2025-09-06,C1326,Cafeteira,Casa,1,259.67,0,168.79,SC,Sul,Boleto,Online
103147,2026-02-03,C0047,Cafeteira,Casa,1,708.16,0.15,460.3,RN,Nordeste,PIX,Marketplace
103148,2025-02-17,C2348,Hub USB,Acessórios,1,172.79,0.1,95.03,AL,Nordeste,Cartão de crédito,Online
103149,2026-01-22,C0592,Cabo USB,Acessórios,2,49.85,0.05,22.43,AM,Norte,Boleto,Online
103150,2025-07-09,C0385,Luminária,Escritório,1,93.37,0.05,48.55,GO,Centro-Oeste,Boleto,Online
103151,2025-04-16,C2053,Liquidificador,Casa,1,395.67,0,249.27,TO,Norte,Cartão de débito,Marketplace
103152,2025-12-03,C1641,Liquidificador,Casa,1,326.11,0,205.45,MS,Centro-Oeste,Cartão de crédito,Marketplace
103153,2025-11-27,C0945,Monitor,Eletrônicos,2,736.78,0.1,501.01,PE,Nordeste,Cartão de crédito,Marketplace
103154,2025-08-23,C1223,Notebook,Eletrônicos,1,5350.23,0.2,3852.17,RO,Norte,Boleto,Online
103155,2025-03-12,C1531,Teclado,Eletrônicos,2,169.89,0.05,101.93,MT,Centro-Oeste,Cartão de débito,Marketplace
103156,2025-01-12,C1894,Cabo USB,Acessórios,1,29.43,0,13.24,BA,Nordeste,Cartão de crédito,Online
103157,2025-05-22,C1397,Suporte para Monitor,Escritório,4,300.76,0,165.42,SC,Sul,Cartão de crédito,Marketplace
103158,2026-06-07,C1866,Notebook,Eletrônicos,1,3467.21,0,2496.39,TO,Norte,Cartão de débito,Online
103159,2025-08-25,C2063,Mesa,Escritório,3,707.4,0.1,481.03,AM,Norte,Cartão de crédito,Online
103160,2026-01-06,C1838,Luminária,Escritório,1,337.1,0.15,175.29,PI,Nordeste,PIX,Marketplace
103161,2026-01-22,C2351,Aspirador,Casa,1,1112.83,0,745.6,SP,Sudeste,Cartão de débito,Online
103162,2025-02-18,C0363,Liquidificador,Casa,1,380.68,0,239.83,MS,Centro-Oeste,PIX,Marketplace
103163,2026-05-09,C2320,Carregador,Acessórios,2,236.35,0,118.17,AP,Norte,Boleto,Online
103164,2026-05-20,C0334,Hub USB,Acessórios,3,233.84,0,128.61,PB,Nordeste,Boleto,Marketplace
103165,2025-11-07,C0302,Monitor,Eletrônicos,1,2338.14,0.1,1589.94,SP,Sudeste,PIX,Online
103166,2025-09-17,C2216,Suporte para Monitor,Escritório,3,480.38,0.1,264.21,MS,Centro-Oeste,PIX,Online
103167,2026-04-04,C1578,Air Fryer,Casa,2,380.71,0.05,243.65,AP,Norte,Boleto,Marketplace
103168,2026-03-23,C0249,Cabo USB,Acessórios,1,42.39,0,19.08,AM,Norte,Boleto,Online
103169,2026-04-29,C0969,Smartphone,Eletrônicos,1,1903.19,0,1484.49,RR,Norte,Boleto,Marketplace
103170,2026-05-27,C1082,Cadeira,Escritório,5,1180.57,0.1,826.4,CE,Nordeste,PIX,Online
103171,2026-03-26,C0890,Liquidificador,Casa,3,379.87,0.2,239.32,RN,Nordeste,Cartão de crédito,Marketplace
103172,2025-06-16,C1982,Liquidificador,Casa,1,405.29,0.1,255.33,PB,Nordeste,PIX,Marketplace
103173,2025-05-01,C0431,Luminária,Escritório,1,234.92,0.2,122.16,PI,Nordeste,Boleto,Marketplace
103174,2026-01-06,C1188,Cabo USB,Acessórios,2,48.09,0,21.64,PR,Sul,Boleto,Online
103175,2026-02-01,C2362,Headset,Eletrônicos,1,530.18,0,328.71,PA,Norte,Cartão de crédito,Online
103176,2026-06-04,C1057,Notebook,Eletrônicos,4,3830.79,0.15,2758.17,AC,Norte,Boleto,Online
103177,2026-01-24,C2418,Luminária,Escritório,2,138.24,0.15,71.88,AM,Norte,Boleto,Online
103178,2026-06-16,C0542,Cafeteira,Casa,4,981.79,0.05,638.16,DF,Centro-Oeste,Boleto,Marketplace
103179,2026-03-26,C2442,Cabo USB,Acessórios,1,23.27,0.1,10.47,MS,Centro-Oeste,Boleto,Online
103180,2025-08-17,C2036,Suporte para Monitor,Escritório,1,191.87,0.1,105.53,AP,Norte,Boleto,Online
103181,2025-02-26,C1794,Smartphone,Eletrônicos,2,4953.42,0,3863.67,MT,Centro-Oeste,Boleto,Online
103182,2025-02-03,C1667,Headset,Eletrônicos,1,825.75,0.15,511.96,CE,Nordeste,Cartão de débito,Online
103183,2025-07-17,C0991,Air Fryer,Casa,1,400.17,0.1,256.11,BA,Nordeste,PIX,Marketplace
103184,2025-01-24,C1644,Suporte para Monitor,Escritório,3,544.8,0.1,299.64,RN,Nordeste,PIX,Online
103185,2026-02-13,C1409,Notebook,Eletrônicos,2,3167.55,0.05,2280.64,RN,Nordeste,PIX,Online
103186,2025-04-03,C0560,Liquidificador,Casa,1,236.37,0.1,148.91,MG,Sudeste,Cartão de crédito,Marketplace
103187,2025-09-17,C2176,Aspirador,Casa,3,944.61,0,632.89,PI,Nordeste,PIX,Online
103188,2025-04-30,C2371,Teclado,Eletrônicos,2,635.27,0.05,381.16,SP,Sudeste,PIX,Online
103189,2025-12-25,C1274,Mesa,Escritório,3,1247.05,0,847.99,BA,Nordeste,Boleto,Marketplace
103190,2025-05-16,C1496,Liquidificador,Casa,1,134.33,0.05,84.63,AL,Nordeste,Boleto,Marketplace
103191,2025-07-04,C0173,Notebook,Eletrônicos,1,4565.32,0,3287.03,ES,Sudeste,Cartão de débito,Online
103192,2025-02-05,C0382,Hub USB,Acessórios,2,237.76,0,130.77,RN,Nordeste,Boleto,Online
103193,2026-04-29,C2318,Mouse,Eletrônicos,1,283.3,0.15,164.31,GO,Centro-Oeste,Boleto,Online
103194,2025-09-15,C0646,Smartphone,Eletrônicos,3,3269.54,0.1,2550.24,SC,Sul,Cartão de crédito,Marketplace
103195,2025-11-14,C1231,Suporte para Monitor,Escritório,1,104.17,0,57.29,SC,Sul,Cartão de crédito,Marketplace
103196,2025-01-20,C1328,Notebook,Eletrônicos,1,2644.65,0.05,1904.15,CE,Nordeste,PIX,Online
103197,2025-01-22,C0603,Mouse,Eletrônicos,2,386.86,0.1,224.38,SP,Sudeste,Cartão de crédito,Marketplace
103198,2025-11-01,C1502,Mesa,Escritório,4,506.92,0,344.71,PI,Nordeste,Cartão de débito,Online
103199,2025-10-03,C1663,Monitor,Eletrônicos,1,2274.0,0,1546.32,AC,Norte,Cartão de crédito,Online
103200,2025-06-25,C1662,Mesa,Escritório,2,1313.84,0,893.41,SC,Sul,Cartão de crédito,Online
103201,2025-02-26,C1972,Suporte para Monitor,Escritório,1,483.5,0,265.93,MT,Centro-Oeste,Cartão de débito,Online
103202,2026-01-17,C2080,Notebook,Eletrônicos,4,2996.16,0,2157.24,MT,Centro-Oeste,Cartão de débito,Marketplace
103203,2026-03-13,C0201,Notebook,Eletrônicos,2,5525.5,0,3978.36,DF,Centro-Oeste,Cartão de débito,Online
103204,2026-02-15,C1989,Mouse,Eletrônicos,1,391.44,0.05,227.04,GO,Centro-Oeste,Cartão de crédito,Marketplace
103205,2025-04-08,C1495,Notebook,Eletrônicos,1,2874.0,0.05,2069.28,DF,Centro-Oeste,Boleto,Online
103206,2025-05-13,C1436,Notebook,Eletrônicos,1,2957.44,0,2129.36,MT,Centro-Oeste,Cartão de débito,Marketplace
103207,2025-09-01,C0930,Mouse,Eletrônicos,2,487.2,0.05,282.58,SP,Sudeste,PIX,Online
103208,2025-12-15,C2071,Hub USB,Acessórios,1,280.09,0,154.05,AM,Norte,PIX,Marketplace
103209,2025-03-21,C1759,Teclado,Eletrônicos,3,661.45,0.1,396.87,RJ,Sudeste,PIX,Online
103210,2026-04-23,C1370,Notebook,Eletrônicos,3,4108.22,0.1,2957.92,ES,Sudeste,PIX,Online
103211,2026-04-24,C0976,Liquidificador,Casa,2,196.06,0,123.52,DF,Centro-Oeste,Cartão de crédito,Online
103212,2025-07-02,C1231,Smartphone,Eletrônicos,2,4809.88,0.2,3751.71,PI,Nordeste,Boleto,Online
103213,2026-04-18,C1967,Luminária,Escritório,1,320.48,0,166.65,AM,Norte,PIX,Online
103214,2025-11-08,C1895,Cadeira,Escritório,1,829.58,0.2,580.71,RN,Nordeste,PIX,Marketplace
103215,2025-12-12,C1664,Teclado,Eletrônicos,2,695.99,0,417.59,GO,Centro-Oeste,Cartão de crédito,Online
103216,2025-08-20,C1107,Monitor,Eletrônicos,4,1865.09,0.1,1268.26,PR,Sul,PIX,Marketplace
103217,2025-02-21,C0126,Luminária,Escritório,2,261.64,0,136.05,RJ,Sudeste,Boleto,Marketplace
103218,2025-08-22,C1958,Hub USB,Acessórios,1,143.36,0,78.85,RN,Nordeste,Cartão de débito,Online
103219,2025-09-25,C2433,Mesa,Escritório,1,452.88,0.05,307.96,DF,Centro-Oeste,Cartão de débito,Online
103220,2025-10-02,C0241,Smartphone,Eletrônicos,3,3715.08,0,2897.76,BA,Nordeste,Cartão de crédito,Online
103221,2025-07-08,C0747,Cabo USB,Acessórios,1,92.92,0,41.81,MA,Nordeste,Boleto,Online
103222,2025-03-09,C2137,Notebook,Eletrônicos,1,5714.42,0.1,4114.38,RS,Sul,PIX,Marketplace
103223,2025-11-10,C0671,Cabo USB,Acessórios,1,63.1,0,28.39,RR,Norte,PIX,Marketplace
103224,2026-05-08,C1953,Luminária,Escritório,2,106.37,0.05,55.31,DF,Centro-Oeste,Cartão de crédito,Online
103225,2026-03-18,C0670,Headset,Eletrônicos,2,498.73,0.1,309.21,RN,Nordeste,PIX,Online
103226,2025-07-27,C0587,Monitor,Eletrônicos,2,728.62,0,495.46,AM,Norte,Cartão de crédito,Marketplace
103227,2026-04-10,C1666,Liquidificador,Casa,1,523.54,0,329.83,PR,Sul,Boleto,Marketplace
103228,2025-11-29,C1303,Air Fryer,Casa,1,956.84,0.1,612.38,CE,Nordeste,Cartão de débito,Online
103229,2026-02-15,C2019,Teclado,Eletrônicos,2,606.88,0.1,364.13,AC,Norte,Boleto,Marketplace
103230,2025-10-02,C2339,Mesa,Escritório,1,714.32,0.2,485.74,PA,Norte,Boleto,Online
103231,2025-11-24,C0869,Aspirador,Casa,2,1089.84,0.15,730.19,RR,Norte,PIX,Online
103232,2026-04-26,C2286,Carregador,Acessórios,2,116.87,0,58.44,TO,Norte,Cartão de crédito,Online
103233,2025-01-21,C1972,Air Fryer,Casa,1,538.27,0.1,344.49,TO,Norte,Cartão de débito,Online
103234,2025-08-24,C1734,Headset,Eletrônicos,1,783.85,0,485.99,AP,Norte,Boleto,Marketplace
103235,2026-01-19,C0782,Notebook,Eletrônicos,2,4105.23,0,2955.77,BA,Nordeste,PIX,Online
103236,2025-03-16,C1638,Cadeira,Escritório,1,997.08,0,697.96,ES,Sudeste,Cartão de crédito,Marketplace
103237,2026-01-10,C1461,Smartphone,Eletrônicos,1,4436.8,0,3460.7,MS,Centro-Oeste,PIX,Online
103238,2025-06-05,C0624,Aspirador,Casa,3,1272.27,0.1,852.42,MA,Nordeste,Boleto,Marketplace
103239,2025-03-22,C2432,Smartphone,Eletrônicos,2,2485.34,0.05,1938.57,RJ,Sudeste,Cartão de débito,Marketplace
103240,2026-06-07,C0146,Air Fryer,Casa,4,839.49,0,537.27,RJ,Sudeste,Cartão de débito,Marketplace
103241,2025-12-24,C0915,Notebook,Eletrônicos,2,3585.21,0.2,2581.35,AP,Norte,Cartão de crédito,Marketplace
103242,2025-12-08,C2037,Teclado,Eletrônicos,3,319.84,0.05,191.9,ES,Sudeste,Boleto,Marketplace
103243,2025-06-27,C2110,Air Fryer,Casa,2,392.02,0,250.89,BA,Nordeste,Cartão de crédito,Marketplace
103244,2026-02-25,C0550,Teclado,Eletrônicos,3,152.1,0.1,91.26,MT,Centro-Oeste,PIX,Marketplace
103245,2025-11-20,C0539,Air Fryer,Casa,1,845.37,0.05,541.04,RJ,Sudeste,PIX,Online
103246,2025-06-07,C0225,Liquidificador,Casa,1,389.94,0.05,245.66,RR,Norte,PIX,Marketplace
103247,2026-04-17,C0317,Cabo USB,Acessórios,1,74.87,0.1,33.69,AL,Nordeste,Cartão de crédito,Online
103248,2025-04-22,C0181,Monitor,Eletrônicos,1,1212.15,0.1,824.26,AC,Norte,Cartão de crédito,Online
103249,2025-06-02,C1989,Cafeteira,Casa,3,724.45,0.05,470.89,MT,Centro-Oeste,Cartão de débito,Online
103250,2026-02-05,C0470,Aspirador,Casa,1,553.84,0.05,371.07,AL,Nordeste,Boleto,Marketplace
103251,2026-06-25,C1447,Smartphone,Eletrônicos,4,4723.85,0,3684.6,PB,Nordeste,Cartão de crédito,Marketplace
103252,2026-02-14,C2281,Cadeira,Escritório,1,820.62,0.05,574.43,GO,Centro-Oeste,Cartão de crédito,Online
103253,2025-06-09,C2000,Hub USB,Acessórios,1,80.39,0.1,44.21,MT,Centro-Oeste,Cartão de crédito,Marketplace
103254,2025-06-08,C0792,Cabo USB,Acessórios,1,48.14,0,21.66,SE,Nordeste,Cartão de débito,Online
103255,2025-02-20,C1640,Air Fryer,Casa,2,966.61,0.05,618.63,DF,Centro-Oeste,PIX,Online
103256,2025-12-21,C1164,Aspirador,Casa,2,505.52,0.05,338.7,RJ,Sudeste,PIX,Marketplace
103257,2025-09-27,C2312,Hub USB,Acessórios,1,175.65,0.05,96.61,AC,Norte,Boleto,Marketplace
103258,2025-03-12,C2299,Mesa,Escritório,1,1186.28,0,806.67,AL,Nordeste,PIX,Marketplace
103259,2025-02-16,C1439,Luminária,Escritório,2,334.59,0.1,173.99,RS,Sul,PIX,Online
103260,2026-05-31,C0200,Smartphone,Eletrônicos,3,3623.28,0,2826.16,PR,Sul,Cartão de crédito,Online
103261,2025-12-24,C2168,Mouse,Eletrônicos,3,225.36,0,130.71,RR,Norte,Cartão de débito,Online
103262,2026-05-04,C1975,Hub USB,Acessórios,2,84.05,0,46.23,RN,Nordeste,Boleto,Marketplace
103263,2025-06-14,C1703,Teclado,Eletrônicos,1,298.22,0.05,178.93,PR,Sul,Cartão de crédito,Online
103264,2025-09-26,C0236,Mouse,Eletrônicos,1,237.48,0.1,137.74,MA,Nordeste,PIX,Online
103265,2025-12-17,C1212,Monitor,Eletrônicos,2,756.43,0.2,514.37,AC,Norte,Cartão de crédito,Online
103266,2026-02-16,C1877,Hub USB,Acessórios,1,192.2,0,105.71,RN,Nordeste,Cartão de crédito,Marketplace
103267,2025-01-14,C0829,Cafeteira,Casa,2,971.94,0,631.76,BA,Nordeste,Cartão de crédito,Online
103268,2025-03-23,C1193,Notebook,Eletrônicos,1,3050.86,0,2196.62,BA,Nordeste,Cartão de crédito,Marketplace
103269,2025-04-19,C1793,Aspirador,Casa,5,957.99,0.1,641.85,MA,Nordeste,PIX,Marketplace
103270,2025-06-06,C2098,Suporte para Monitor,Escritório,2,446.59,0.05,245.62,GO,Centro-Oeste,Boleto,Online
103271,2025-12-11,C0636,Mouse,Eletrônicos,1,217.47,0.05,126.13,SP,Sudeste,Cartão de débito,Online
103272,2025-02-08,C0532,Air Fryer,Casa,1,967.75,0,619.36,RN,Nordeste,Boleto,Marketplace
103273,2025-07-08,C1473,Teclado,Eletrônicos,1,358.27,0.05,214.96,MG,Sudeste,PIX,Online
103274,2025-06-19,C2077,Carregador,Acessórios,3,52.39,0,26.2,RN,Nordeste,Boleto,Online
103275,2025-07-04,C0891,Teclado,Eletrônicos,2,441.46,0.05,264.88,AP,Norte,PIX,Marketplace
103276,2026-01-26,C0794,Monitor,Eletrônicos,1,1287.49,0.05,875.49,DF,Centro-Oeste,PIX,Marketplace
103277,2025-11-07,C0637,Liquidificador,Casa,1,196.83,0.2,124.0,RO,Norte,Cartão de débito,Marketplace
103278,2025-07-15,C0289,Suporte para Monitor,Escritório,1,330.74,0.05,181.91,CE,Nordeste,PIX,Online
103279,2025-03-17,C0451,Air Fryer,Casa,3,322.1,0,206.14,PA,Norte,Boleto,Online
103280,2025-05-05,C2476,Aspirador,Casa,2,1086.92,0.05,728.24,RN,Nordeste,Cartão de crédito,Online
103281,2026-04-11,C0379,Aspirador,Casa,3,959.83,0.1,643.09,TO,Norte,Cartão de crédito,Online
103282,2026-01-23,C2455,Cadeira,Escritório,1,1107.55,0.05,775.28,MT,Centro-Oeste,Cartão de débito,Marketplace
103283,2025-02-16,C0903,Smartphone,Eletrônicos,1,2123.61,0,1656.42,RJ,Sudeste,Cartão de crédito,Online
103284,2025-11-16,C0040,Teclado,Eletrônicos,4,339.26,0,203.56,RO,Norte,Cartão de débito,Online
103285,2025-04-29,C1823,Cadeira,Escritório,3,1837.03,0,1285.92,SE,Nordeste,Cartão de crédito,Marketplace
103286,2025-01-02,C2346,Luminária,Escritório,2,333.56,0.1,173.45,RN,Nordeste,Boleto,Online
103287,2026-05-31,C1880,Liquidificador,Casa,1,153.22,0,96.53,PE,Nordeste,PIX,Marketplace
103288,2025-11-19,C1941,Aspirador,Casa,1,1205.71,0.05,807.83,PA,Norte,Boleto,Marketplace
103289,2026-04-11,C1097,Monitor,Eletrônicos,1,1086.63,0.2,738.91,SE,Nordeste,PIX,Marketplace
103290,2026-04-06,C0016,Carregador,Acessórios,2,95.93,0.1,47.97,RO,Norte,Cartão de débito,Marketplace
103291,2025-04-02,C0762,Liquidificador,Casa,3,314.17,0,197.93,SP,Sudeste,Boleto,Online
103292,2025-06-21,C1748,Air Fryer,Casa,2,615.64,0,394.01,RJ,Sudeste,Cartão de crédito,Marketplace
103293,2026-02-11,C0989,Hub USB,Acessórios,1,264.03,0,145.22,MT,Centro-Oeste,Boleto,Marketplace
103294,2026-02-21,C0388,Liquidificador,Casa,1,228.41,0,143.9,CE,Nordeste,Cartão de crédito,Online
103295,2026-03-28,C1191,Aspirador,Casa,4,750.01,0.05,502.51,MT,Centro-Oeste,Boleto,Marketplace
103296,2025-09-16,C2117,Carregador,Acessórios,1,52.42,0.1,26.21,RN,Nordeste,Cartão de crédito,Online
103297,2026-04-12,C1920,Monitor,Eletrônicos,1,829.27,0.05,563.9,AP,Norte,Cartão de débito,Marketplace
103298,2025-11-14,C2440,Cadeira,Escritório,1,903.98,0.2,632.79,MG,Sudeste,Boleto,Online
103299,2025-03-17,C1812,Teclado,Eletrônicos,1,592.44,0.05,355.46,MG,Sudeste,Cartão de crédito,Marketplace
103300,2025-06-24,C0381,Notebook,Eletrônicos,1,3528.04,0.15,2540.19,RR,Norte,PIX,Marketplace
103301,2026-04-04,C1145,Luminária,Escritório,1,154.65,0.1,80.42,CE,Nordeste,Boleto,Marketplace
103302,2025-06-15,C0938,Mesa,Escritório,2,574.24,0.1,390.48,SP,Sudeste,Cartão de débito,Online
103303,2025-09-07,C0006,Mesa,Escritório,3,1611.41,0,1095.76,RO,Norte,Cartão de débito,Marketplace
103304,2025-12-23,C0879,Suporte para Monitor,Escritório,2,458.82,0.2,252.35,DF,Centro-Oeste,Boleto,Marketplace
103305,2025-04-17,C1862,Air Fryer,Casa,1,697.55,0,446.43,AL,Nordeste,Cartão de débito,Marketplace
103306,2026-05-23,C0624,Carregador,Acessórios,4,89.22,0.1,44.61,MT,Centro-Oeste,PIX,Marketplace
103307,2025-09-07,C0629,Cadeira,Escritório,3,1817.71,0.05,1272.4,SE,Nordeste,Cartão de crédito,Marketplace
103308,2025-09-05,C1121,Smartphone,Eletrônicos,2,4164.12,0.15,3248.01,PI,Nordeste,Boleto,Marketplace
103309,2026-03-17,C0025,Monitor,Eletrônicos,1,1706.59,0,1160.48,BA,Nordeste,PIX,Marketplace
103310,2025-05-02,C0498,Mouse,Eletrônicos,1,222.38,0.05,128.98,RR,Norte,Cartão de débito,Marketplace
103311,2026-02-07,C1239,Aspirador,Casa,1,1274.51,0.05,853.92,DF,Centro-Oeste,Boleto,Online
103312,2025-10-31,C1343,Teclado,Eletrônicos,1,103.43,0.15,62.06,DF,Centro-Oeste,Cartão de débito,Marketplace
103313,2026-05-02,C0406,Mouse,Eletrônicos,2,493.94,0.05,286.49,AC,Norte,Cartão de débito,Marketplace
103314,2025-05-10,C2476,Cadeira,Escritório,3,1796.89,0,1257.82,DF,Centro-Oeste,Cartão de débito,Marketplace
103315,2025-01-08,C0197,Monitor,Eletrônicos,2,2110.79,0.1,1435.34,ES,Sudeste,Cartão de crédito,Online
103316,2026-03-11,C0303,Cadeira,Escritório,1,2192.18,0.05,1534.53,MT,Centro-Oeste,PIX,Marketplace
103317,2025-03-25,C0571,Carregador,Acessórios,4,221.08,0,110.54,PA,Norte,Cartão de débito,Online
103318,2025-11-07,C1538,Carregador,Acessórios,3,174.9,0.1,87.45,PA,Norte,Boleto,Marketplace
103319,2025-07-21,C0894,Mouse,Eletrônicos,1,190.75,0,110.63,ES,Sudeste,Boleto,Marketplace
103320,2026-02-27,C1487,Air Fryer,Casa,4,807.25,0,516.64,PR,Sul,Cartão de débito,Online
103321,2025-05-20,C0573,Carregador,Acessórios,1,92.66,0,46.33,AC,Norte,Boleto,Marketplace
103322,2026-05-08,C1575,Teclado,Eletrônicos,1,540.79,0.2,324.47,BA,Nordeste,Cartão de crédito,Online
103323,2026-02-28,C1073,Cafeteira,Casa,2,890.28,0.05,578.68,BA,Nordeste,Boleto,Online
103324,2025-03-09,C1696,Cadeira,Escritório,3,1369.09,0,958.36,BA,Nordeste,Cartão de débito,Online
103325,2025-08-22,C0736,Smartphone,Eletrônicos,4,1559.65,0.15,1216.53,PR,Sul,Boleto,Marketplace
103326,2025-06-29,C1559,Teclado,Eletrônicos,3,268.28,0.05,160.97,DF,Centro-Oeste,PIX,Online
103327,2025-11-17,C0758,Headset,Eletrônicos,3,460.86,0,285.73,CE,Nordeste,PIX,Online
103328,2026-03-22,C2078,Luminária,Escritório,1,391.04,0,203.34,CE,Nordeste,Cartão de débito,Online
103329,2026-03-13,C1055,Monitor,Eletrônicos,1,1973.56,0,1342.02,MT,Centro-Oeste,Boleto,Marketplace
103330,2025-12-08,C1300,Smartphone,Eletrônicos,2,3375.33,0.1,2632.76,RO,Norte,Cartão de crédito,Marketplace
103331,2026-05-09,C2174,Headset,Eletrônicos,1,607.31,0,376.53,PB,Nordeste,Cartão de crédito,Online
103332,2025-09-30,C1599,Notebook,Eletrônicos,4,4137.87,0,2979.27,SC,Sul,Boleto,Marketplace
103333,2025-08-10,C0598,Notebook,Eletrônicos,1,4280.52,0,3081.97,RR,Norte,Cartão de crédito,Online
103334,2025-12-19,C2415,Cadeira,Escritório,2,1479.41,0.1,1035.59,AC,Norte,Boleto,Online
103335,2026-05-16,C2372,Mesa,Escritório,1,954.01,0.05,648.73,AM,Norte,Cartão de débito,Marketplace
103336,2025-10-03,C0350,Cabo USB,Acessórios,1,58.36,0,26.26,RN,Nordeste,Boleto,Online
103337,2026-06-25,C1744,Cafeteira,Casa,1,555.15,0.2,360.85,SE,Nordeste,Boleto,Online
103338,2025-06-14,C1495,Teclado,Eletrônicos,4,304.16,0.15,182.5,RS,Sul,Cartão de débito,Online
103339,2025-02-13,C1481,Notebook,Eletrônicos,1,3372.36,0.1,2428.1,GO,Centro-Oeste,Cartão de débito,Online
103340,2025-05-23,C2095,Aspirador,Casa,1,1451.94,0.1,972.8,SC,Sul,Cartão de crédito,Online
103341,2026-06-19,C2150,Hub USB,Acessórios,1,117.79,0.05,64.78,RO,Norte,Boleto,Marketplace
103342,2025-12-24,C0612,Liquidificador,Casa,1,346.53,0,218.31,DF,Centro-Oeste,Boleto,Online
103343,2025-05-22,C2232,Liquidificador,Casa,1,518.21,0,326.47,PA,Norte,Cartão de débito,Marketplace
103344,2025-08-03,C1621,Luminária,Escritório,1,130.24,0.1,67.72,MA,Nordeste,PIX,Marketplace
103345,2025-01-20,C0076,Smartphone,Eletrônicos,4,4540.01,0,3541.21,ES,Sudeste,PIX,Marketplace
103346,2025-05-12,C1759,Mouse,Eletrônicos,3,167.36,0,97.07,RS,Sul,Boleto,Online
103347,2025-05-18,C0529,Cabo USB,Acessórios,1,23.06,0.1,10.38,GO,Centro-Oeste,Cartão de débito,Online
103348,2025-10-06,C0584,Cafeteira,Casa,3,839.74,0,545.83,SE,Nordeste,PIX,Online
103349,2026-03-22,C2348,Teclado,Eletrônicos,1,769.69,0,461.81,DF,Centro-Oeste,Cartão de crédito,Marketplace
103350,2025-08-15,C0508,Suporte para Monitor,Escritório,1,549.93,0.05,302.46,RN,Nordeste,Boleto,Marketplace
103351,2025-09-12,C0846,Notebook,Eletrônicos,3,3389.84,0,2440.68,PE,Nordeste,Cartão de crédito,Online
103352,2025-04-12,C1786,Suporte para Monitor,Escritório,1,390.14,0,214.58,PA,Norte,PIX,Marketplace
103353,2025-01-29,C0409,Cadeira,Escritório,1,1811.78,0.05,1268.25,CE,Nordeste,Cartão de débito,Marketplace
103354,2026-06-13,C0015,Headset,Eletrônicos,2,371.79,0,230.51,SP,Sudeste,PIX,Online
103355,2026-03-02,C0405,Luminária,Escritório,2,327.31,0,170.2,TO,Norte,Cartão de débito,Marketplace
103356,2025-06-13,C1002,Mesa,Escritório,2,613.05,0.1,416.87,MT,Centro-Oeste,Cartão de crédito,Marketplace
103357,2025-07-17,C1868,Carregador,Acessórios,2,177.19,0,88.59,PE,Nordeste,Cartão de crédito,Marketplace
103358,2026-02-19,C0715,Hub USB,Acessórios,4,244.15,0.1,134.28,DF,Centro-Oeste,PIX,Online
103359,2025-03-31,C0475,Teclado,Eletrônicos,3,643.41,0.1,386.05,MA,Nordeste,Boleto,Online
103360,2026-04-02,C2226,Cabo USB,Acessórios,2,34.17,0,15.38,RJ,Sudeste,Boleto,Marketplace
103361,2025-09-01,C0082,Notebook,Eletrônicos,1,5873.44,0.1,4228.88,MT,Centro-Oeste,Cartão de crédito,Marketplace
103362,2026-03-19,C0277,Teclado,Eletrônicos,2,694.68,0,416.81,PR,Sul,Cartão de débito,Online
103363,2025-12-03,C1209,Mesa,Escritório,2,983.14,0.15,668.54,MG,Sudeste,PIX,Marketplace
103364,2026-03-30,C1316,Luminária,Escritório,1,271.87,0.2,141.37,RJ,Sudeste,Cartão de crédito,Online
103365,2025-08-17,C0076,Cabo USB,Acessórios,2,80.69,0.05,36.31,PR,Sul,Boleto,Marketplace
103366,2025-04-17,C0360,Cadeira,Escritório,5,501.12,0.05,350.78,PB,Nordeste,Boleto,Online
103367,2025-12-23,C0688,Teclado,Eletrônicos,1,643.61,0,386.17,RO,Norte,Boleto,Online
103368,2026-06-11,C0802,Notebook,Eletrônicos,1,4014.18,0.1,2890.21,PR,Sul,Cartão de débito,Online
103369,2025-10-15,C1600,Hub USB,Acessórios,3,242.9,0.1,133.6,AC,Norte,Boleto,Online
103370,2025-04-18,C1345,Cabo USB,Acessórios,2,94.8,0.15,42.66,BA,Nordeste,Cartão de débito,Marketplace
103371,2025-12-28,C0597,Carregador,Acessórios,1,196.78,0.2,98.39,MT,Centro-Oeste,Boleto,Online
103372,2025-08-29,C2357,Aspirador,Casa,1,1120.85,0,750.97,MS,Centro-Oeste,Cartão de crédito,Online
103373,2025-08-31,C2034,Hub USB,Acessórios,2,215.4,0.2,118.47,RR,Norte,PIX,Marketplace
103374,2026-04-19,C1035,Cadeira,Escritório,3,1119.41,0,783.59,MG,Sudeste,Boleto,Marketplace
103375,2026-03-13,C0555,Headset,Eletrônicos,1,728.39,0,451.6,AM,Norte,Cartão de débito,Marketplace
103376,2025-12-30,C2327,Cabo USB,Acessórios,1,51.28,0.15,23.08,AC,Norte,PIX,Online
103377,2026-06-12,C0858,Cadeira,Escritório,4,1531.45,0.2,1072.01,AM,Norte,Cartão de crédito,Marketplace
103378,2026-01-08,C2074,Luminária,Escritório,3,224.14,0.1,116.55,PA,Norte,Boleto,Marketplace
103379,2025-03-15,C1550,Luminária,Escritório,1,179.02,0.1,93.09,CE,Nordeste,Cartão de crédito,Marketplace
103380,2025-02-28,C1814,Cafeteira,Casa,2,297.86,0.1,193.61,SE,Nordeste,Boleto,Marketplace
103381,2025-07-17,C1296,Teclado,Eletrônicos,2,549.34,0,329.6,GO,Centro-Oeste,Cartão de débito,Marketplace
103382,2025-06-02,C0782,Headset,Eletrônicos,1,683.7,0,423.89,SP,Sudeste,Cartão de débito,Online
103383,2025-12-15,C0533,Luminária,Escritório,4,186.57,0.1,97.02,AC,Norte,Cartão de débito,Online
103384,2025-05-22,C1609,Smartphone,Eletrônicos,1,1634.49,0,1274.9,RO,Norte,PIX,Online
103385,2026-04-07,C0639,Liquidificador,Casa,1,451.19,0,284.25,PR,Sul,Cartão de débito,Marketplace
103386,2026-05-14,C0307,Hub USB,Acessórios,1,254.29,0,139.86,MG,Sudeste,Cartão de débito,Marketplace
103387,2026-01-12,C1412,Cadeira,Escritório,2,2473.39,0,1731.37,PR,Sul,Cartão de crédito,Online
103388,2025-04-27,C1927,Luminária,Escritório,1,142.26,0.2,73.98,PE,Nordeste,PIX,Marketplace
103389,2026-02-06,C0456,Hub USB,Acessórios,2,103.71,0.05,57.04,PA,Norte,Cartão de crédito,Online
103390,2025-01-15,C1715,Hub USB,Acessórios,1,176.27,0.05,96.95,PR,Sul,Cartão de débito,Online
103391,2025-01-28,C1494,Air Fryer,Casa,1,498.3,0.05,318.91,PB,Nordeste,Cartão de débito,Online
103392,2026-01-15,C1515,Aspirador,Casa,1,1424.47,0.05,954.39,MG,Sudeste,Cartão de débito,Marketplace
103393,2025-12-07,C1756,Cafeteira,Casa,1,698.42,0.1,453.97,DF,Centro-Oeste,PIX,Online
103394,2025-05-21,C2000,Air Fryer,Casa,1,990.31,0.05,633.8,DF,Centro-Oeste,Cartão de crédito,Marketplace
103395,2025-02-06,C0120,Luminária,Escritório,1,302.17,0.1,157.13,RN,Nordeste,Boleto,Online
103396,2025-01-18,C0753,Luminária,Escritório,4,138.8,0,72.18,SE,Nordeste,PIX,Marketplace
103397,2026-02-15,C0427,Notebook,Eletrônicos,1,4619.22,0.05,3325.84,SE,Nordeste,Cartão de crédito,Online
103398,2025-04-21,C0708,Cadeira,Escritório,1,914.41,0.1,640.09,PE,Nordeste,PIX,Online
103399,2026-03-23,C2455,Cabo USB,Acessórios,1,33.09,0,14.89,SC,Sul,Cartão de crédito,Online
103400,2025-08-25,C2410,Air Fryer,Casa,2,898.62,0,575.12,DF,Centro-Oeste,Cartão de débito,Marketplace
103401,2025-04-26,C0011,Mouse,Eletrônicos,3,174.22,0.05,101.05,SC,Sul,Cartão de débito,Marketplace
103402,2025-02-26,C2291,Monitor,Eletrônicos,1,961.57,0,653.87,SE,Nordeste,Boleto,Marketplace
103403,2026-04-10,C0222,Headset,Eletrônicos,1,615.33,0,381.5,AC,Norte,Boleto,Online
103404,2025-03-05,C1640,Mouse,Eletrônicos,1,146.69,0.1,85.08,TO,Norte,Cartão de crédito,Online
103405,2026-03-08,C2364,Headset,Eletrônicos,2,826.15,0,512.21,RO,Norte,Boleto,Marketplace
103406,2025-11-28,C0563,Carregador,Acessórios,2,104.15,0.05,52.08,MS,Centro-Oeste,Boleto,Online
103407,2025-09-29,C1803,Luminária,Escritório,1,280.84,0.15,146.04,MA,Nordeste,Cartão de débito,Marketplace
103408,2025-08-11,C1856,Cabo USB,Acessórios,2,75.59,0.05,34.02,MT,Centro-Oeste,PIX,Online
103409,2025-01-04,C2483,Cabo USB,Acessórios,1,45.45,0.05,20.45,AP,Norte,Cartão de crédito,Marketplace
103410,2025-05-26,C2106,Smartphone,Eletrônicos,1,2815.04,0.15,2195.73,MT,Centro-Oeste,PIX,Online
103411,2026-06-19,C0252,Suporte para Monitor,Escritório,2,168.17,0.1,92.49,PR,Sul,Boleto,Online
103412,2025-09-21,C0490,Suporte para Monitor,Escritório,1,100.65,0,55.36,PI,Nordeste,Cartão de crédito,Marketplace
103413,2025-12-09,C1586,Monitor,Eletrônicos,2,1416.07,0.05,962.93,RR,Norte,Cartão de débito,Online
103414,2026-01-23,C1252,Suporte para Monitor,Escritório,5,584.71,0.05,321.59,PB,Nordeste,Cartão de crédito,Online
103415,2026-06-21,C0782,Cabo USB,Acessórios,3,90.41,0.1,40.68,PE,Nordeste,Cartão de débito,Marketplace
103416,2026-01-18,C1107,Air Fryer,Casa,1,579.24,0,370.71,MS,Centro-Oeste,Cartão de crédito,Marketplace
103417,2026-06-19,C1803,Notebook,Eletrônicos,1,4958.58,0.05,3570.18,RO,Norte,Boleto,Marketplace
103418,2026-01-11,C0699,Teclado,Eletrônicos,1,427.14,0,256.28,MG,Sudeste,Boleto,Marketplace
103419,2025-10-19,C0927,Monitor,Eletrônicos,1,2455.08,0.05,1669.45,AC,Norte,Boleto,Marketplace
103420,2025-06-05,C1203,Cabo USB,Acessórios,1,73.58,0,33.11,RJ,Sudeste,Cartão de crédito,Online
103421,2025-02-22,C1921,Notebook,Eletrônicos,1,2871.47,0.05,2067.46,PB,Nordeste,Cartão de crédito,Online
103422,2026-01-17,C0197,Notebook,Eletrônicos,1,4827.93,0.05,3476.11,SC,Sul,Cartão de débito,Online
103423,2025-03-25,C0049,Monitor,Eletrônicos,5,1009.87,0.15,686.71,PI,Nordeste,PIX,Marketplace
103424,2026-04-17,C1368,Aspirador,Casa,2,1335.2,0.05,894.58,DF,Centro-Oeste,Boleto,Marketplace
103425,2025-06-21,C1420,Aspirador,Casa,1,1078.88,0.1,722.85,AP,Norte,PIX,Online
103426,2025-10-16,C0342,Monitor,Eletrônicos,1,903.41,0.1,614.32,RS,Sul,Boleto,Marketplace
103427,2026-01-11,C0381,Monitor,Eletrônicos,3,2491.66,0,1694.33,AP,Norte,Cartão de débito,Marketplace
103428,2026-02-09,C2349,Luminária,Escritório,2,299.75,0.05,155.87,MT,Centro-Oeste,Cartão de crédito,Marketplace
103429,2026-06-27,C1312,Notebook,Eletrônicos,1,5183.88,0.1,3732.39,SE,Nordeste,PIX,Online
103430,2026-06-18,C1222,Mesa,Escritório,2,1025.58,0.05,697.39,PE,Nordeste,PIX,Online
103431,2025-03-01,C0867,Carregador,Acessórios,4,209.39,0.05,104.69,SC,Sul,PIX,Online
103432,2026-03-31,C1047,Mesa,Escritório,1,442.89,0.1,301.17,MT,Centro-Oeste,Boleto,Online
103433,2025-09-22,C1532,Headset,Eletrônicos,2,388.0,0.2,240.56,AC,Norte,Cartão de crédito,Online
103434,2025-04-03,C0233,Teclado,Eletrônicos,3,462.65,0.1,277.59,RJ,Sudeste,PIX,Marketplace
103435,2026-06-08,C2498,Luminária,Escritório,2,398.55,0,207.25,BA,Nordeste,Cartão de débito,Online
103436,2026-01-01,C2363,Air Fryer,Casa,1,650.06,0,416.04,TO,Norte,Boleto,Online
103437,2026-06-29,C0035,Aspirador,Casa,3,299.85,0,200.9,PA,Norte,Boleto,Marketplace
103438,2025-12-21,C2029,Mouse,Eletrônicos,2,136.39,0,79.11,MA,Nordeste,PIX,Online
103439,2026-05-11,C2245,Carregador,Acessórios,3,193.65,0,96.83,RJ,Sudeste,PIX,Marketplace
103440,2025-10-14,C1831,Aspirador,Casa,1,256.15,0,171.62,BA,Nordeste,Boleto,Online
103441,2025-09-16,C1944,Hub USB,Acessórios,5,273.51,0,150.43,AL,Nordeste,Cartão de crédito,Marketplace
103442,2026-05-27,C1377,Headset,Eletrônicos,1,756.5,0,469.03,PR,Sul,Cartão de débito,Marketplace
103443,2026-03-15,C2063,Cabo USB,Acessórios,1,69.49,0.05,31.27,MT,Centro-Oeste,Boleto,Marketplace
103444,2025-10-28,C1142,Cadeira,Escritório,1,1015.96,0.05,711.17,CE,Nordeste,,Online
103445,2025-01-05,C0474,Aspirador,Casa,3,1407.76,0,943.2,MS,Centro-Oeste,Cartão de débito,Marketplace
103446,2025-12-03,C2467,Notebook,Eletrônicos,1,4933.83,0,3552.36,RJ,Sudeste,Cartão de débito,Marketplace
103447,2025-09-13,C2114,Suporte para Monitor,Escritório,2,155.44,0.1,85.49,TO,Norte,PIX,Marketplace
103448,2025-09-06,C1729,Hub USB,Acessórios,2,227.2,0.05,124.96,RJ,Sudeste,PIX,Marketplace
103449,2025-05-20,C0542,Suporte para Monitor,Escritório,2,220.0,0.15,121.0,RR,Norte,Boleto,Online
103450,2025-12-10,C1034,Luminária,Escritório,1,357.24,0.2,185.76,ES,Sudeste,Boleto,Online
103451,2025-05-14,C1842,Mouse,Eletrônicos,2,205.79,0,119.36,RS,Sul,Boleto,Online
103452,2025-03-11,C2200,Hub USB,Acessórios,1,222.71,0,122.49,SE,Nordeste,PIX,Marketplace
103453,2025-03-06,C0431,Cafeteira,Casa,1,276.5,0.05,179.72,SP,Sudeste,Boleto,Online
103454,2025-02-18,C1619,Hub USB,Acessórios,1,150.17,0.15,82.59,PB,Nordeste,PIX,Marketplace
103455,2025-08-26,C1449,Suporte para Monitor,Escritório,1,454.33,0,249.88,GO,Centro-Oeste,Cartão de crédito,Online
103456,2025-06-30,C1387,Carregador,Acessórios,1,237.63,0.15,118.81,GO,Centro-Oeste,Boleto,Marketplace
103457,2025-11-20,C1117,Monitor,Eletrônicos,1,2360.22,0.1,1604.95,AP,Norte,PIX,Online
103458,2025-06-10,C2182,Carregador,Acessórios,5,139.8,0,69.9,PR,Sul,Cartão de crédito,Online
103459,2025-08-14,C0687,Smartphone,Eletrônicos,3,3161.58,0.15,2466.03,SE,Nordeste,Cartão de crédito,Online
103460,2025-06-13,C0069,Cafeteira,Casa,1,632.59,0.05,411.18,AL,Nordeste,PIX,Online
103461,2026-05-08,C2233,Cabo USB,Acessórios,1,54.2,0.05,24.39,PA,Norte,PIX,Online
103462,2025-05-28,C2168,Hub USB,Acessórios,1,163.32,0,89.83,BA,Nordeste,Cartão de débito,Online
103463,2026-05-10,C1839,Carregador,Acessórios,2,216.23,0.05,108.11,RJ,Sudeste,Cartão de crédito,Marketplace
103464,2025-08-22,C0909,Headset,Eletrônicos,1,624.97,0.1,387.48,AP,Norte,PIX,Marketplace
103465,2025-12-17,C1742,Air Fryer,Casa,1,967.83,0,619.41,RR,Norte,Boleto,Marketplace
103466,2025-02-27,C1044,Monitor,Eletrônicos,1,1311.38,0.05,891.74,MS,Centro-Oeste,Boleto,Online
103467,2025-05-09,C1894,Monitor,Eletrônicos,1,1844.85,0.1,1254.5,SC,Sul,PIX,Marketplace
103468,2025-11-16,C0669,Notebook,Eletrônicos,2,2646.16,0.1,1905.24,PR,Sul,PIX,Marketplace
103469,2025-10-25,C1682,Cadeira,Escritório,1,1952.89,0.1,1367.02,BA,Nordeste,Boleto,Marketplace
103470,2025-10-28,C0428,Monitor,Eletrônicos,1,1558.02,0.05,1059.45,RJ,Sudeste,PIX,Marketplace
103471,2026-02-14,C1886,Liquidificador,Casa,1,307.67,0.1,193.83,MA,Nordeste,Boleto,Online
103472,2025-10-13,C2110,Liquidificador,Casa,2,550.93,0.1,347.09,AL,Nordeste,Boleto,Online
103473,2025-07-11,C0731,Cafeteira,Casa,2,270.55,0.1,175.86,CE,Nordeste,PIX,Marketplace
103474,2026-03-25,C0119,Cabo USB,Acessórios,1,87.92,0.15,39.56,BA,Nordeste,PIX,Marketplace
103475,2025-06-13,C1728,Aspirador,Casa,1,860.24,0,576.36,MT,Centro-Oeste,PIX,Online
103476,2025-03-29,C0528,Monitor,Eletrônicos,4,784.96,0.15,533.77,BA,Nordeste,Cartão de crédito,Online
103477,2026-06-01,C2044,Air Fryer,Casa,1,831.44,0,532.12,BA,Nordeste,Cartão de débito,Marketplace
103478,2025-02-24,C1313,Luminária,Escritório,3,255.4,0.2,132.81,MG,Sudeste,Cartão de crédito,Online
103479,2025-08-12,C0847,Mesa,Escritório,1,1740.33,0,1183.42,RN,Nordeste,Boleto,Online
103480,2026-04-06,C2012,Mouse,Eletrônicos,1,402.12,0,233.23,MA,Nordeste,Boleto,Marketplace
103481,2026-01-12,C1896,Luminária,Escritório,2,266.04,0.15,138.34,PB,Nordeste,Boleto,Marketplace
103482,2026-01-15,C1507,Cadeira,Escritório,1,1185.21,0.15,829.65,BA,Nordeste,Boleto,Online
103483,2026-03-30,C0470,Smartphone,Eletrônicos,1,2458.2,0.15,1917.4,TO,Norte,PIX,Online
103484,2025-12-20,C0658,Air Fryer,Casa,2,391.69,0.15,250.68,PB,Nordeste,Cartão de débito,Online
103485,2026-06-27,C2051,Cabo USB,Acessórios,1,80.74,0.05,36.33,MA,Nordeste,Cartão de crédito,Online
103486,2025-04-05,C1227,Headset,Eletrônicos,3,430.7,0,267.03,CE,Nordeste,PIX,Online
103487,2025-07-29,C0166,Monitor,Eletrônicos,2,1896.66,0.05,1289.73,RN,Nordeste,PIX,Marketplace
103488,2025-01-27,C2101,Cafeteira,Casa,2,746.93,0,485.5,MG,Sudeste,Cartão de débito,Marketplace
103489,2025-06-26,C0376,Air Fryer,Casa,2,816.48,0,522.55,CE,Nordeste,Cartão de crédito,Online
103490,2026-03-23,C0957,Cafeteira,Casa,1,1035.5,0.1,673.08,MS,Centro-Oeste,PIX,Online
103491,2025-04-01,C2260,Headset,Eletrônicos,3,421.27,0.1,261.19,SC,Sul,PIX,Marketplace
103492,2025-03-04,C0111,Cadeira,Escritório,1,2134.6,0.1,1494.22,PE,Nordeste,Cartão de crédito,Online
103493,2025-06-07,C1331,Air Fryer,Casa,1,305.71,0.05,195.65,DF,Centro-Oeste,Cartão de crédito,Online
103494,2025-11-06,C0956,Cafeteira,Casa,1,702.34,0.05,456.52,RJ,Sudeste,Cartão de débito,Online
103495,2025-06-30,C1892,Luminária,Escritório,1,213.12,0,110.82,BA,Nordeste,PIX,Online
103496,2025-04-30,C0618,Teclado,Eletrônicos,1,215.8,0,129.48,RO,Norte,Cartão de débito,Online
103497,2025-02-10,C0378,Air Fryer,Casa,1,901.51,0.05,576.97,SC,Sul,Cartão de crédito,Online
103498,2026-02-27,C1238,Suporte para Monitor,Escritório,3,178.89,0,98.39,MS,Centro-Oeste,Cartão de crédito,Online
103499,2025-06-07,C0288,Carregador,Acessórios,2,88.44,0.05,44.22,MT,Centro-Oeste,Cartão de débito,Online
103500,2025-06-05,C0957,Cabo USB,Acessórios,2,90.48,0.1,40.72,PI,Nordeste,Cartão de crédito,Marketplace
103501,2026-05-11,C0349,Smartphone,Eletrônicos,1,3620.78,0.1,2824.21,MS,Centro-Oeste,Cartão de crédito,Online
103502,2026-05-06,C1191,Carregador,Acessórios,1,212.63,0,106.31,BA,Nordeste,Cartão de débito,Online
103503,2025-09-12,C1116,Notebook,Eletrônicos,4,3422.24,0.05,2464.01,SP,Sudeste,Boleto,Online
103504,2026-06-16,C1945,Aspirador,Casa,2,681.18,0.1,456.39,PI,Nordeste,Boleto,Marketplace
103505,2026-01-02,C1882,Mouse,Eletrônicos,1,111.6,0.05,64.73,AC,Norte,Cartão de débito,Online
103506,2025-01-27,C0803,Suporte para Monitor,Escritório,2,579.84,0.05,318.91,RJ,Sudeste,Cartão de crédito,Online
103507,2026-03-27,C0127,Cadeira,Escritório,4,2019.38,0.05,1413.57,RN,Nordeste,Cartão de débito,Online
103508,2026-02-13,C1891,Luminária,Escritório,1,190.52,0.1,99.07,RN,Nordeste,Boleto,Marketplace
103509,2025-05-21,C1016,Air Fryer,Casa,1,622.85,0,398.62,ES,Sudeste,PIX,Online
103510,2026-05-23,C0270,Notebook,Eletrônicos,1,2669.95,0.05,1922.36,BA,Nordeste,Cartão de débito,Online
103511,2025-08-09,C0126,Liquidificador,Casa,2,314.99,0.15,198.44,AP,Norte,Boleto,Marketplace
103512,2026-06-23,C2262,Liquidificador,Casa,1,540.13,0,340.28,SE,Nordeste,PIX,Online
103513,2025-07-10,C0583,Hub USB,Acessórios,1,275.66,0.15,151.61,TO,Norte,Cartão de débito,Marketplace
103514,2025-10-08,C1459,Cadeira,Escritório,1,2240.53,0,1568.37,AP,Norte,Cartão de crédito,Marketplace
103515,2025-08-08,C1274,Notebook,Eletrônicos,1,3077.83,0.1,2216.04,AL,Nordeste,Boleto,Online
103516,2025-07-20,C1624,Hub USB,Acessórios,3,265.06,0,145.78,BA,Nordeste,Cartão de crédito,Online
103517,2025-08-30,C1685,Aspirador,Casa,1,705.12,0,472.43,AL,Nordeste,PIX,Marketplace
103518,2025-09-30,C0403,Hub USB,Acessórios,1,188.04,0,103.42,mg,Sudeste,Boleto,Online
103519,2026-04-14,C1364,Teclado,Eletrônicos,1,218.06,0.05,130.84,RN,Nordeste,Cartão de crédito,Online
103520,2026-01-02,C2103,Aspirador,Casa,1,891.09,0,597.03,AP,Norte,PIX,Marketplace
103521,2026-01-14,C1800,Smartphone,Eletrônicos,1,1450.96,0,1131.75,RS,Sul,,Online
103522,2026-03-01,C2208,Smartphone,Eletrônicos,1,1407.91,0.05,1098.17,SP,Sudeste,Cartão de débito,Marketplace
103523,2025-04-02,C2116,Smartphone,Eletrônicos,2,2598.67,0.1,2026.96,RR,Norte,PIX,Marketplace
103524,2025-10-04,C1553,Cadeira,Escritório,4,2319.53,0,1623.67,RN,Nordeste,Cartão de débito,Marketplace
103525,2025-09-19,C0949,Carregador,Acessórios,1,67.9,0,33.95,SP,Sudeste,Cartão de débito,Marketplace
103526,2025-11-19,C1151,Aspirador,Casa,5,1309.5,0.05,877.37,AL,Nordeste,Boleto,Online
103527,2025-08-25,C0029,Notebook,Eletrônicos,3,2824.51,0.2,2033.65,AM,Norte,Cartão de débito,Online
103528,2025-06-03,C0904,Hub USB,Acessórios,4,162.81,0.05,89.55,PE,Nordeste,Cartão de débito,Online
103529,2025-08-01,C1600,Cabo USB,Acessórios,2,38.54,0.05,17.34,RR,Norte,Cartão de crédito,Marketplace
103530,2025-01-22,C2399,Cabo USB,Acessórios,1,22.35,0.1,10.06,MS,Centro-Oeste,Cartão de crédito,Marketplace
103531,2025-02-03,C2227,Mesa,Escritório,1,702.36,0.1,477.6,RR,Norte,PIX,Online
103532,2025-10-09,C2162,Air Fryer,Casa,2,693.38,0,443.76,AC,Norte,Boleto,Marketplace
103533,2025-01-16,C1721,Monitor,Eletrônicos,1,1576.63,0.05,1072.11,RO,Norte,PIX,Online
103534,2025-07-05,C2433,Liquidificador,Casa,4,242.44,0.1,152.74,RN,Nordeste,Boleto,Marketplace
103535,2025-05-22,C0347,Liquidificador,Casa,5,480.76,0.05,302.88,RO,Norte,PIX,Marketplace
103536,2026-05-02,C1405,Mouse,Eletrônicos,1,83.26,0,48.29,AL,Nordeste,Cartão de crédito,Marketplace
103537,2025-10-05,C1254,Cafeteira,Casa,1,862.26,0,560.47,AP,Norte,PIX,Online
103538,2025-11-17,C0482,Air Fryer,Casa,3,798.12,0.05,510.8,TO,Norte,Cartão de débito,Marketplace
103539,2026-06-11,C2483,Aspirador,Casa,1,363.87,0.2,243.79,MG,Sudeste,Cartão de crédito,Online
103540,2025-01-14,C1906,Cabo USB,Acessórios,2,95.68,0,43.06,RO,Norte,PIX,Marketplace
103541,2026-02-19,C0307,Cabo USB,Acessórios,2,39.15,0.15,17.62,AP,Norte,PIX,Marketplace
103542,2025-10-23,C0712,Smartphone,Eletrônicos,2,4564.11,0.1,3560.01,RR,Norte,Cartão de débito,Marketplace
103543,2025-06-03,C2220,Mesa,Escritório,1,741.23,0,504.04,MT,Centro-Oeste,Boleto,Marketplace
103544,2026-05-19,C2351,Suporte para Monitor,Escritório,5,162.35,0,89.29,PR,Sul,Boleto,Marketplace
103545,2025-10-08,C1870,Suporte para Monitor,Escritório,4,336.18,0.1,184.9,MA,Nordeste,Cartão de débito,Online
103546,2026-04-25,C0154,Carregador,Acessórios,2,154.35,0.05,77.17,RJ,Sudeste,Cartão de crédito,Marketplace
103547,2025-04-29,C1707,Teclado,Eletrônicos,1,310.49,0.05,186.29,PE,Nordeste,Boleto,Online
103548,2026-06-01,C0988,Teclado,Eletrônicos,1,503.59,0.05,302.15,CE,Nordeste,Cartão de débito,Marketplace
103549,2025-08-06,C2115,Hub USB,Acessórios,3,268.76,0.1,147.82,RO,Norte,Cartão de débito,Online
103550,2026-05-10,C1198,Hub USB,Acessórios,2,264.53,0.1,145.49,SE,Nordeste,Cartão de crédito,Online
103551,2025-05-04,C0603,Hub USB,Acessórios,1,117.97,0.15,64.88,SC,Sul,Cartão de crédito,Online
103552,2025-06-19,C1664,Headset,Eletrônicos,1,878.69,0,544.79,AL,Nordeste,Boleto,Marketplace
103553,2025-06-01,C2217,Notebook,Eletrônicos,1,5686.98,0.1,4094.63,MT,Centro-Oeste,Cartão de débito,Marketplace
103554,2025-03-06,C1679,Cabo USB,Acessórios,1,80.64,0.1,36.29,PR,Sul,Cartão de crédito,Online
103555,2025-07-13,C1935,Notebook,Eletrônicos,1,5149.54,0.05,3707.67,SP,Sudeste,Boleto,Online
103556,2026-05-15,C2131,Air Fryer,Casa,2,669.41,0.05,428.42,AC,Norte,Boleto,Marketplace
103557,2025-06-18,C0150,Air Fryer,Casa,1,888.46,0.1,568.61,MG,Sudeste,Cartão de débito,Marketplace
103558,2025-10-05,C2433,Carregador,Acessórios,1,189.05,0.05,94.53,AC,Norte,PIX,Marketplace
103559,2025-06-30,C1679,Luminária,Escritório,1,352.78,0.1,183.45,PA,Norte,PIX,Marketplace
103560,2025-11-21,C1809,Suporte para Monitor,Escritório,1,335.45,0.05,184.5,PE,Nordeste,Cartão de crédito,Online
103561,2025-04-16,C1830,Carregador,Acessórios,5,104.29,0.05,52.15,PB,Nordeste,Cartão de crédito,Online
103562,2025-11-11,C1368,Cafeteira,Casa,2,954.8,0,620.62,AL,Nordeste,Cartão de débito,Marketplace
103563,2025-03-01,C0888,Air Fryer,Casa,1,820.23,0.1,524.95,PE,Nordeste,PIX,Online
103564,2026-03-30,C0913,Mesa,Escritório,1,1378.86,0.1,937.62,MG,Sudeste,Boleto,Marketplace
103565,2026-01-26,C0931,Monitor,Eletrônicos,1,1478.82,0,1005.6,AM,Norte,Cartão de débito,Marketplace
103566,2026-02-14,C1961,Cabo USB,Acessórios,1,30.01,0.1,13.5,RS,Sul,Boleto,Online
103567,2026-01-02,C0860,Monitor,Eletrônicos,1,2363.47,0.05,1607.16,RS,Sul,Cartão de débito,Online
103568,2026-03-21,C0945,Hub USB,Acessórios,1,136.73,0,75.2,PB,Nordeste,Boleto,Online
103569,2025-08-25,C1907,Carregador,Acessórios,1,207.3,0.15,103.65,BA,Nordeste,Boleto,Online
103570,2025-12-12,C2375,Headset,Eletrônicos,1,176.51,0.1,109.44,RO,Norte,Boleto,Online
103571,2025-11-16,C0584,Notebook,Eletrônicos,2,3378.44,0.15,2432.48,RS,Sul,Boleto,Online
103572,2025-07-22,C0783,Aspirador,Casa,1,1202.08,0.1,805.39,AM,Norte,Cartão de débito,Marketplace
103573,2026-02-13,C0338,Mesa,Escritório,1,1433.07,0.15,974.49,AM,Norte,Cartão de crédito,Marketplace
103574,2025-08-13,C1802,Cabo USB,Acessórios,1,61.9,0.1,27.86,AM,Norte,PIX,Online
103575,2026-03-08,C2341,Hub USB,Acessórios,2,198.88,0.15,109.38,AM,Norte,Boleto,Marketplace
103576,2026-01-01,C1259,Mesa,Escritório,1,1731.2,0,1177.22,PB,Nordeste,Boleto,Online
103577,2025-06-11,C1783,Cabo USB,Acessórios,1,45.86,0.1,20.64,AM,Norte,Boleto,Online
103578,2026-06-19,C2169,Luminária,Escritório,1,145.34,0.1,75.58,PR,Sul,Cartão de débito,Online
103579,2026-04-13,C2488,Air Fryer,Casa,1,941.4,0.1,602.5,RS,Sul,Cartão de débito,Online
103580,2025-01-24,C0975,Mesa,Escritório,1,1350.18,0.05,918.12,MS,Centro-Oeste,Boleto,Marketplace
103581,2025-03-24,C0123,Mesa,Escritório,1,418.69,0.05,284.71,AC,Norte,Boleto,Online
103582,2026-04-14,C0915,Suporte para Monitor,Escritório,5,347.11,0.05,190.91,CE,Nordeste,Boleto,Online
103583,2026-01-02,C0365,Mouse,Eletrônicos,3,80.41,0.05,46.64,SC,Sul,PIX,Online
103584,2026-01-26,C0692,Hub USB,Acessórios,1,151.56,0.05,83.36,RN,Nordeste,Cartão de débito,Marketplace
103585,2025-07-30,C2347,Liquidificador,Casa,2,319.02,0.05,200.98,PE,Nordeste,PIX,Marketplace
103586,2025-07-25,C2279,Notebook,Eletrônicos,2,3621.35,0.1,2607.37,AL,Nordeste,PIX,Marketplace
103587,2025-07-23,C0306,Mesa,Escritório,1,1221.68,0,830.74,MG,Sudeste,Cartão de débito,Online
103588,2025-05-30,C1916,Notebook,Eletrônicos,4,3830.59,0.05,2758.02,PA,Norte,Cartão de débito,Marketplace
103589,2026-04-18,C0840,Suporte para Monitor,Escritório,2,513.41,0,282.38,AC,Norte,Cartão de débito,Marketplace
103590,2026-04-08,C1098,Carregador,Acessórios,2,169.68,0,84.84,PA,Norte,Boleto,Online
103591,2025-05-07,C0137,Teclado,Eletrônicos,2,311.65,0.05,186.99,RN,Nordeste,Cartão de crédito,Marketplace
103592,2025-06-07,C1694,Cafeteira,Casa,1,1123.97,0.05,730.58,AP,Norte,Cartão de débito,Marketplace
103593,2026-01-01,C1488,Carregador,Acessórios,2,105.88,0.05,52.94,AL,Nordeste,Cartão de crédito,Online
103594,2026-05-23,C0397,Cafeteira,Casa,3,492.64,0.15,320.22,RO,Norte,PIX,Online
103595,2025-10-20,C1434,Notebook,Eletrônicos,2,5351.13,0.1,3852.81,AL,Nordeste,Boleto,Marketplace
103596,2026-05-21,C0875,Aspirador,Casa,2,1460.66,0.05,978.64,AP,Norte,Cartão de crédito,Marketplace
103597,2026-05-29,C2346,Mouse,Eletrônicos,1,219.34,0.05,127.22,RJ,Sudeste,Cartão de débito,Marketplace
103598,2026-04-06,C1813,Liquidificador,Casa,1,373.76,0.1,235.47,GO,Centro-Oeste,Cartão de débito,Marketplace
103599,2025-09-09,C1082,Aspirador,Casa,1,1007.79,0.05,675.22,MA,Nordeste,Cartão de débito,Online
103600,2025-06-11,C1325,Suporte para Monitor,Escritório,1,219.87,0.05,120.93,MS,Centro-Oeste,Boleto,Marketplace
103601,2025-06-19,C1087,Suporte para Monitor,Escritório,4,249.09,0.15,137.0,PB,Nordeste,PIX,Marketplace
103602,2025-07-01,C0460,Cadeira,Escritório,1,704.25,0.05,492.97,MG,Sudeste,Cartão de débito,Marketplace
103603,2025-01-06,C2135,Smartphone,Eletrônicos,1,1838.31,0.15,1433.88,AL,Nordeste,PIX,Marketplace
103604,2025-01-01,C1228,Luminária,Escritório,2,98.75,0.05,51.35,PE,Nordeste,Boleto,Marketplace
103605,2026-03-17,C2388,Cabo USB,Acessórios,1,79.33,0,35.7,RJ,Sudeste,Cartão de débito,Online
103606,2025-12-13,C0182,Teclado,Eletrônicos,5,266.42,0.05,159.85,PA,Norte,Boleto,Marketplace
103607,2026-02-23,C2060,Mesa,Escritório,2,1523.06,0.1,1035.68,AM,Norte,Cartão de crédito,Online
103608,2025-05-06,C1286,Liquidificador,Casa,1,226.37,0,142.61,PR,Sul,Boleto,Marketplace
103609,2025-04-13,C0916,Notebook,Eletrônicos,1,3604.79,0,2595.45,SP,Sudeste,Cartão de débito,Marketplace
103610,2025-07-17,C2125,Hub USB,Acessórios,1,298.13,0.15,163.97,RJ,Sudeste,Cartão de débito,Marketplace
103611,2026-04-22,C0388,Mesa,Escritório,4,548.23,0.05,372.8,MG,Sudeste,Boleto,Online
103612,2025-04-29,C0777,Liquidificador,Casa,3,420.23,0.1,264.74,MG,Sudeste,PIX,Marketplace
103613,2025-04-08,C2430,Teclado,Eletrônicos,1,750.09,0.05,450.05,SE,Nordeste,Cartão de crédito,Marketplace
103614,2025-03-20,C1979,Hub USB,Acessórios,1,82.52,0,45.39,PR,Sul,Cartão de débito,Online
103615,2025-01-18,C2009,Mesa,Escritório,3,1523.19,0.1,1035.77,RJ,Sudeste,Cartão de débito,Online
103616,2025-05-24,C0305,Cafeteira,Casa,2,479.45,0.05,311.64,PR,Sul,Cartão de crédito,Marketplace
103617,2025-02-23,C0874,Monitor,Eletrônicos,1,1917.2,0.15,1303.7,PI,Nordeste,Boleto,Marketplace
103618,2025-12-24,C1579,Carregador,Acessórios,1,139.79,0.05,69.89,RN,Nordeste,Boleto,Online
103619,2025-07-05,C1698,Smartphone,Eletrônicos,2,3962.63,0.1,3090.85,AM,Norte,Cartão de débito,Online
103620,2026-01-15,C0301,Suporte para Monitor,Escritório,1,345.19,0,189.85,ES,Sudeste,Cartão de crédito,Marketplace
103621,2025-03-06,C2221,Monitor,Eletrônicos,1,918.59,0.1,624.64,PA,Norte,Cartão de débito,Online
103622,2025-03-02,C0746,Cafeteira,Casa,1,783.72,0.1,509.42,AP,Norte,Boleto,Online
103623,2026-03-16,C0618,Monitor,Eletrônicos,1,2123.28,0.1,1443.83,MA,Nordeste,Boleto,Online
103624,2026-02-01,C0442,Notebook,Eletrônicos,2,3915.96,0.05,2819.49,CE,Nordeste,PIX,Online
103625,2025-06-17,C0365,Mesa,Escritório,1,1607.26,0.1,1092.94,RR,Norte,Boleto,Online
103626,2025-05-06,C1659,Carregador,Acessórios,2,205.19,0.15,102.59,MT,Centro-Oeste,Cartão de crédito,Marketplace
103627,2026-02-21,C0175,Aspirador,Casa,3,1126.84,0.1,754.98,PI,Nordeste,Cartão de crédito,Marketplace
103628,2025-08-30,C1119,Monitor,Eletrônicos,1,1286.23,0,874.64,PB,Nordeste,Cartão de crédito,Marketplace
103629,2025-12-07,C2055,Notebook,Eletrônicos,1,5396.94,0.1,3885.8,SE,Nordeste,PIX,Marketplace
103630,2026-03-19,C2434,Suporte para Monitor,Escritório,2,442.13,0.1,243.17,TO,Norte,PIX,Online
103631,2025-09-22,C0581,Hub USB,Acessórios,2,140.32,0,77.18,PA,Norte,Cartão de crédito,Marketplace
103632,2026-04-11,C1815,Mesa,Escritório,3,686.63,0.1,466.91,PA,Norte,PIX,Marketplace
103633,2026-02-04,C2478,Suporte para Monitor,Escritório,1,400.29,0,220.16,MG,Sudeste,Cartão de crédito,Marketplace
103634,2026-05-23,C0570,Liquidificador,Casa,1,422.41,0,266.12,CE,Nordeste,Boleto,Marketplace
103635,2025-05-18,C1587,Notebook,Eletrônicos,1,5323.23,0.2,3832.73,RJ,Sudeste,Cartão de crédito,Marketplace
103636,2025-05-21,C2213,Suporte para Monitor,Escritório,1,103.94,0,57.17,DF,Centro-Oeste,Cartão de débito,Marketplace
103637,2026-02-27,C1979,Suporte para Monitor,Escritório,2,162.47,0.05,89.36,SC,Sul,Boleto,Marketplace
103638,2025-02-15,C0648,Liquidificador,Casa,1,294.68,0.15,185.65,PR,Sul,Cartão de débito,Online
103639,2025-11-27,C0607,Mouse,Eletrônicos,1,483.63,0,280.51,MA,Nordeste,Boleto,Online
103640,2026-06-18,C1315,Notebook,Eletrônicos,2,4328.68,0.1,3116.65,DF,Centro-Oeste,Boleto,Online
103641,2025-07-04,C0443,Cabo USB,Acessórios,1,87.94,0,39.57,PR,Sul,Cartão de crédito,Marketplace
103642,2025-12-05,C0816,Air Fryer,Casa,2,431.89,0,276.41,PE,Nordeste,PIX,Marketplace
103643,2025-12-04,C0942,Notebook,Eletrônicos,1,3022.95,0,2176.52,AC,Norte,Cartão de crédito,Online
103644,2025-05-31,C2371,Smartphone,eletronicos,1,2032.57,0.1,1585.4,AC,Norte,Cartão de crédito,Marketplace
103645,2025-10-15,C0127,Smartphone,Eletrônicos,3,3152.99,0.1,2459.33,GO,Centro-Oeste,Cartão de débito,Marketplace
103646,2026-04-22,C1974,Cafeteira,Casa,2,743.99,0.1,483.59,CE,Nordeste,Cartão de crédito,Online
103647,2025-04-28,C1750,Teclado,Eletrônicos,4,203.09,0,121.85,PI,Nordeste,Cartão de crédito,Online
103648,2025-02-13,C2322,Notebook,Eletrônicos,1,5515.3,0,3971.02,AL,Nordeste,PIX,Marketplace
103649,2026-03-22,C0890,Carregador,Acessórios,2,122.32,0.05,61.16,CE,Nordeste,PIX,Online
103650,2025-08-07,C1231,Luminária,Escritório,1,384.11,0,199.74,AC,Norte,Boleto,Online
103651,2025-11-15,C1211,Cadeira,Escritório,2,756.52,0,529.56,MA,Nordeste,Cartão de crédito,Online
103652,2026-06-24,C2282,Cabo USB,Acessórios,2,64.28,0,28.93,BA,Nordeste,PIX,Marketplace
103653,2025-08-24,C2270,Mesa,Escritório,2,698.7,0.2,475.12,SC,Sul,Cartão de crédito,Marketplace
103654,2026-02-11,C1937,Cabo USB,Acessórios,1,93.21,0.1,41.94,MT,Centro-Oeste,Cartão de débito,Marketplace
103655,2025-11-25,C2051,Liquidificador,Casa,1,467.02,0,294.22,AM,Norte,Boleto,Marketplace
103656,2025-03-15,C0882,Cafeteira,Casa,2,590.03,0.05,383.52,RS,Sul,Cartão de crédito,Marketplace
103657,2026-02-10,C0526,Mouse,Eletrônicos,1,355.03,0.05,205.92,CE,Nordeste,Cartão de crédito,Marketplace
103658,2025-08-14,C0016,Aspirador,Casa,2,402.23,0.1,269.49,RJ,Sudeste,PIX,Marketplace
103659,2025-05-26,C2421,Mesa,Escritório,2,1356.0,0.15,922.08,PB,Nordeste,Boleto,Marketplace
103660,2025-07-29,C0875,Aspirador,Casa,1,1244.62,0.15,833.9,ES,Sudeste,Cartão de crédito,Marketplace
103661,2025-08-21,C0996,Air Fryer,Casa,3,849.84,0.15,543.9,SC,Sul,Boleto,Marketplace
103662,2025-04-05,C0104,Notebook,Eletrônicos,2,5112.09,0.1,3680.7,CE,Nordeste,Cartão de débito,Marketplace
103663,2026-05-24,C1493,Liquidificador,Casa,2,380.51,0.05,239.72,MT,Centro-Oeste,Boleto,Online
103664,2026-06-21,C2075,Carregador,Acessórios,1,236.52,0.05,118.26,MG,Sudeste,Cartão de débito,Online
103665,2025-06-07,C2045,Mesa,Escritório,2,747.76,0.05,508.48,BA,Nordeste,Cartão de débito,Marketplace
103666,2025-02-16,C0863,Liquidificador,Casa,1,196.89,0,124.04,DF,Centro-Oeste,PIX,Marketplace
103667,2026-03-26,C0057,Monitor,Eletrônicos,1,1072.13,0,729.05,CE,Nordeste,Cartão de débito,Marketplace
103668,2025-11-14,C1884,Cabo USB,Acessórios,1,88.68,0,39.91,SE,Nordeste,Cartão de crédito,Online
103669,2026-01-30,C1684,Suporte para Monitor,Escritório,3,591.01,0.05,325.06,SP,Sudeste,Cartão de crédito,Marketplace
103670,2025-05-23,C0664,Suporte para Monitor,Escritório,3,374.81,0,206.15,SC,Sul,Cartão de débito,Online
103671,2026-05-31,C1702,Cafeteira,Casa,3,737.18,0.05,479.17,RR,Norte,PIX,Marketplace
103672,2026-03-13,C1071,Mouse,Eletrônicos,2,170.51,0,98.9,SP,Sudeste,PIX,Marketplace
103673,2025-06-20,C0151,Luminária,Escritório,3,208.28,0.2,108.31,MG,Sudeste,PIX,Marketplace
103674,2025-04-07,C0745,Air Fryer,Casa,1,757.4,0,484.74,MA,Nordeste,PIX,Online
103675,2026-06-18,C1267,Teclado,Eletrônicos,5,658.84,0.05,395.3,PR,Sul,PIX,Online
103676,2025-01-30,C1593,Teclado,Eletrônicos,2,427.38,0.1,256.43,PI,Nordeste,Cartão de crédito,Marketplace
103677,2026-01-21,C1034,Air Fryer,Casa,2,670.32,0,429.0,AL,Nordeste,PIX,Marketplace
103678,2026-01-17,C2346,Mesa,Escritório,4,667.07,0.1,453.61,PI,Nordeste,Cartão de débito,Online
103679,2026-02-24,C0793,Cafeteira,Casa,3,593.88,0.05,386.02,SC,Sul,Boleto,Marketplace
103680,2026-03-14,C2129,Cabo USB,Acessórios,1,59.05,0.05,26.57,PB,Nordeste,Boleto,Online
103681,2025-11-13,C0366,Cafeteira,Casa,1,1198.42,0,778.97,PB,Nordeste,Cartão de débito,Online
103682,2025-07-03,C1771,Liquidificador,Casa,2,530.38,0,334.14,DF,Centro-Oeste,Cartão de crédito,Marketplace
103683,2025-04-28,C1489,Suporte para Monitor,Escritório,3,116.58,0,64.12,BA,Nordeste,Cartão de crédito,Marketplace
103684,2026-06-23,C0001,Liquidificador,Casa,1,208.05,0,131.07,PE,Nordeste,Boleto,Online
103685,2025-09-25,C2397,Smartphone,Eletrônicos,2,1348.12,0.15,1051.53,GO,Centro-Oeste,Boleto,Online
103686,2025-09-14,C1886,Suporte para Monitor,Escritório,2,109.27,0.1,60.1,RR,Norte,Cartão de crédito,Marketplace
103687,2025-08-18,C2173,Hub USB,Acessórios,2,85.89,0.05,47.24,MS,Centro-Oeste,Boleto,Marketplace
103688,2026-02-01,C1852,Air Fryer,Casa,1,325.6,0.1,208.38,ES,Sudeste,Cartão de crédito,Online
103689,2026-04-15,C0743,Cafeteira,Casa,1,423.72,0,275.42,PB,Nordeste,Boleto,Marketplace
103690,2025-10-01,C1488,Headset,Eletrônicos,2,501.73,0.1,311.07,AP,Norte,PIX,Marketplace
103691,2025-07-20,C0643,Cabo USB,Acessórios,2,59.11,0,26.6,ES,Sudeste,PIX,Marketplace
103692,2026-04-23,C2045,Teclado,Eletrônicos,1,665.86,0.1,399.52,AL,Nordeste,Cartão de crédito,Marketplace
103693,2025-12-15,C1665,Carregador,Acessórios,1,187.57,0.15,93.78,PA,Norte,Boleto,Online
103694,2026-06-21,C1406,Monitor,Eletrônicos,2,1553.71,0.15,1056.52,GO,Centro-Oeste,Boleto,Marketplace
103695,2025-08-06,C0797,Liquidificador,Casa,5,317.15,0,199.8,PI,Nordeste,Cartão de crédito,Online
103696,2025-07-25,C0616,Suporte para Monitor,Escritório,1,519.83,0.1,285.91,RR,Norte,PIX,Marketplace
103697,2025-12-09,C2123,Aspirador,Casa,1,1176.77,0.05,788.44,PE,Nordeste,PIX,Marketplace
103698,2025-12-24,C1449,Smartphone,Eletrônicos,3,4236.59,0,3304.54,SE,Nordeste,PIX,Marketplace
103699,2025-05-13,C1038,Monitor,Eletrônicos,1,1356.18,0.05,922.2,SC,Sul,Cartão de crédito,Marketplace
103700,2026-02-12,C1290,Carregador,Acessórios,3,178.34,0,89.17,SP,Sudeste,Cartão de débito,Marketplace
103701,2025-10-14,C2270,Mesa,Escritório,3,452.06,0.2,307.4,GO,Centro-Oeste,Cartão de crédito,Marketplace
103702,2026-06-29,C0885,Air Fryer,Casa,1,673.57,0.15,431.08,MS,Centro-Oeste,Cartão de débito,Online
103703,2025-09-11,C1668,Teclado,Eletrônicos,2,312.06,0.1,187.24,MG,Sudeste,PIX,Online
103704,2025-08-15,C1879,Hub USB,Acessórios,1,292.87,0.15,161.08,RJ,Sudeste,PIX,Online
103705,2025-08-12,C0724,Suporte para Monitor,Escritório,3,453.26,0.1,249.29,MA,Nordeste,Cartão de crédito,Online
103706,2026-02-22,C1479,Mouse,Eletrônicos,1,445.13,0.05,258.18,MS,Centro-Oeste,Boleto,Online
103707,2025-10-26,C1617,Cafeteira,Casa,1,847.72,0,551.02,RR,Norte,Boleto,Marketplace
103708,2025-09-11,C0895,Monitor,Eletrônicos,3,2412.96,0.15,1640.81,RS,Sul,Boleto,Marketplace
103709,2025-12-10,C2436,Teclado,Eletrônicos,1,137.58,0.2,82.55,MS,Centro-Oeste,PIX,Online
103710,2025-04-01,C0087,Monitor,Eletrônicos,1,1580.62,0,1074.82,RR,Norte,Cartão de crédito,Marketplace
103711,2026-02-06,C1225,Teclado,Eletrônicos,4,283.66,0.15,170.2,PI,Nordeste,Boleto,Online
103712,2025-07-21,C0967,Carregador,Acessórios,3,54.35,0,27.18,PE,Nordeste,Cartão de débito,Marketplace
103713,2026-01-16,C1105,Cabo USB,Acessórios,2,57.84,0.05,26.03,MA,Nordeste,Cartão de crédito,Marketplace
103714,2026-02-24,C0130,Headset,Eletrônicos,1,500.51,0.1,310.32,GO,Centro-Oeste,Boleto,Marketplace
103715,2026-04-27,C0248,Luminária,Escritório,1,283.68,0.15,147.51,MT,Centro-Oeste,Cartão de crédito,Online
103716,2025-09-02,C1635,Headset,Eletrônicos,4,797.02,0.05,494.15,PR,Sul,Cartão de débito,Marketplace
103717,2025-09-17,C1491,Cabo USB,Acessórios,2,67.06,0.2,30.18,PA,Norte,Cartão de crédito,Online
103718,2026-05-26,C1685,Air Fryer,Casa,4,612.13,0,391.76,RO,Norte,Cartão de crédito,Marketplace
103719,2025-02-15,C1657,Smartphone,Eletrônicos,3,2453.46,0.15,1913.7,TO,Norte,Boleto,Marketplace
103720,2026-05-23,C0147,Monitor,Eletrônicos,4,1649.88,0.1,1121.92,PA,Norte,PIX,Marketplace
103721,2025-10-03,C2099,Carregador,Acessórios,4,211.11,0,105.56,GO,Centro-Oeste,PIX,Marketplace
103722,2026-03-20,C1346,Cafeteira,Casa,2,890.1,0,578.57,CE,Nordeste,PIX,Online
103723,2025-07-09,C2106,Hub USB,Acessórios,1,82.18,0,45.2,SE,Nordeste,Cartão de débito,Marketplace
103724,2025-09-09,C0339,Aspirador,Casa,1,1180.26,0,790.77,DF,Centro-Oeste,PIX,Marketplace
103725,2025-02-12,C2257,Aspirador,Casa,2,965.67,0,647.0,AC,Norte,Cartão de débito,Online
103726,2025-07-10,C0138,Cafeteira,Casa,1,1087.46,0.05,706.85,RO,Norte,PIX,Online
103727,2025-02-25,C0509,Luminária,Escritório,2,130.87,0.1,68.05,AM,Norte,Cartão de crédito,Online
103728,2026-01-26,C0803,Suporte para Monitor,Escritório,1,579.7,0.1,318.84,SC,Sul,Cartão de débito,Marketplace
103729,2025-12-28,C1085,Suporte para Monitor,Escritório,4,589.24,0,324.08,DF,Centro-Oeste,Cartão de crédito,Marketplace
103730,2025-03-03,C0738,Aspirador,Casa,2,510.6,0,342.1,ES,Sudeste,Cartão de débito,Marketplace
103731,2025-04-06,C2288,Cafeteira,Casa,4,526.36,0,342.13,PR,Sul,Cartão de débito,Online
103732,2025-02-09,C1575,Mouse,Eletrônicos,4,133.05,0.15,77.17,CE,Nordeste,Cartão de crédito,Online
103733,2025-02-27,C1420,Air Fryer,Casa,1,501.52,0.05,320.97,GO,Centro-Oeste,PIX,Marketplace
103734,2026-04-03,C0838,Hub USB,Acessórios,2,195.6,0.1,107.58,PE,Nordeste,PIX,Marketplace
103735,2026-06-23,C0430,Air Fryer,Casa,1,359.25,0,229.92,PR,Sul,Cartão de débito,Online
103736,2025-10-09,C0539,Luminária,Escritório,2,357.78,0,186.05,MA,Nordeste,Cartão de débito,Marketplace
103737,2026-04-24,C1716,Mesa,Escritório,2,1653.51,0.1,1124.39,RJ,Sudeste,PIX,Marketplace
103738,2025-09-07,C0220,Monitor,Eletrônicos,4,923.08,0.05,627.69,AC,Norte,PIX,Marketplace
103739,2026-05-29,C1858,Aspirador,Casa,1,1094.01,0,732.99,TO,Norte,PIX,Marketplace
103740,2025-11-30,C0125,Teclado,Eletrônicos,1,195.36,0,117.22,AL,Nordeste,PIX,Online
103741,2025-12-07,C0110,Air Fryer,Casa,1,895.47,0.05,573.1,PB,Nordeste,PIX,Marketplace
103742,2026-01-13,C1363,Cafeteira,Casa,1,277.8,0,180.57,AP,Norte,Cartão de débito,Online
103743,2026-03-26,C1351,Cabo USB,Acessórios,1,81.41,0.05,36.63,PI,Nordeste,Boleto,Marketplace
103744,2025-07-04,C1516,Mesa,Escritório,1,1532.86,0,1042.34,GO,Centro-Oeste,Boleto,Online
103745,2025-09-12,C1977,Liquidificador,Casa,2,415.53,0,261.78,MG,Sudeste,PIX,Marketplace
103746,2025-10-19,C2243,Mesa,Escritório,3,1310.71,0.1,891.28,SE,Nordeste,PIX,Online
103747,2026-03-13,C0544,Luminária,Escritório,1,260.36,0.1,135.39,PA,Norte,Boleto,Online
103748,2025-12-04,C1492,Mouse,Eletrônicos,2,224.27,0,130.08,SC,Sul,Boleto,Marketplace
103749,2025-09-27,C0086,Cabo USB,Acessórios,1,29.91,0,13.46,AP,Norte,Cartão de débito,Marketplace
103750,2026-05-10,C1628,Mouse,Eletrônicos,1,418.21,0.15,242.56,TO,Norte,,Online
103751,2025-10-10,C0423,Cafeteira,Casa,1,1128.89,0.1,733.78,MG,Sudeste,PIX,Marketplace
103752,2025-12-11,C2277,Mesa,Escritório,1,863.66,0.05,587.29,MA,Nordeste,PIX,Marketplace
103753,2025-05-06,C1737,Headset,Eletrônicos,5,867.23,0.1,537.68,RS,Sul,PIX,Marketplace
103754,2026-03-01,C2085,Luminária,Escritório,1,342.52,0.1,178.11,AP,Norte,Cartão de crédito,Marketplace
103755,2025-01-31,C2060,Smartphone,Eletrônicos,1,3870.16,0,3018.72,RJ,Sudeste,Boleto,Online
103756,2025-12-04,C1932,Mesa,Escritório,2,1625.53,0,1105.36,RO,Norte,Boleto,Online
103757,2026-02-05,C2278,Air Fryer,Casa,1,332.36,0.15,212.71,PA,Norte,Cartão de débito,Online
103758,2025-02-06,C2145,Luminária,Escritório,2,388.33,0.05,201.93,GO,Centro-Oeste,PIX,Online
103759,2025-02-04,C1510,Smartphone,Eletrônicos,1,4049.89,0,3158.91,RJ,Sudeste,Cartão de crédito,Online
103760,2025-07-29,C0710,Mesa,Escritório,1,1049.44,0,713.62,DF,Centro-Oeste,Cartão de débito,Online
103761,2026-03-20,C0996,Cafeteira,Casa,1,242.56,0.15,157.66,PA,Norte,Cartão de débito,Marketplace
103762,2025-06-23,C0258,Carregador,Acessórios,2,172.99,0.05,86.5,CE,Nordeste,Boleto,Online
103763,2026-04-09,C1771,Luminária,Escritório,1,319.27,0,166.02,TO,Norte,Cartão de débito,Online
103764,2025-11-03,C2100,Air Fryer,Casa,2,429.92,0,275.15,AP,Norte,Boleto,Marketplace
103765,2026-05-08,C1140,Liquidificador,Casa,1,511.76,0,322.41,SP,Sudeste,PIX,Marketplace
103766,2025-06-20,C2028,Cafeteira,Casa,2,634.09,0,412.16,DF,Centro-Oeste,PIX,Online
103767,2026-03-31,C1239,Hub USB,Acessórios,1,204.63,0,112.55,GO,Centro-Oeste,Boleto,Online
103768,2025-09-21,C1573,Liquidificador,Casa,3,224.27,0.1,141.29,DF,Centro-Oeste,PIX,Online
103769,2025-12-01,C1353,Smartphone,Eletrônicos,3,2613.5,0.1,2038.53,RS,Sul,PIX,Online
103770,2026-01-23,C2390,Mouse,Eletrônicos,2,435.69,0.15,252.7,RR,Norte,,Marketplace
103771,2026-02-04,C1714,Suporte para Monitor,Escritório,2,503.91,0,277.15,ES,Sudeste,Cartão de débito,Online
103772,2025-09-06,C0559,Mouse,Eletrônicos,1,315.28,0,182.86,MG,Sudeste,Cartão de débito,Marketplace
103773,2025-08-24,C1991,Cafeteira,Casa,2,973.54,0,632.8,RN,Nordeste,Cartão de crédito,Online
103774,2026-02-28,C2015,Carregador,Acessórios,3,191.37,0.2,95.69,MA,Nordeste,Boleto,Online
103775,2025-09-29,C1351,Monitor,Eletrônicos,1,1393.08,0.1,947.29,MA,Nordeste,Boleto,Marketplace
103776,2026-04-17,C2058,Mesa,Escritório,1,1483.2,0,1008.58,PB,Nordeste,PIX,Online
103777,2026-02-10,C1962,Mouse,Eletrônicos,2,189.68,0,110.01,DF,Centro-Oeste,PIX,Online
103778,2025-08-18,C0679,Luminária,Escritório,1,197.65,0,102.78,AL,Nordeste,PIX,Online
103779,2025-09-17,C0728,Aspirador,Casa,1,614.8,0,411.92,PA,Norte,Boleto,Marketplace
103780,2026-04-12,C0409,Aspirador,Casa,3,421.61,0,282.48,RJ,Sudeste,Cartão de crédito,Marketplace
103781,2025-12-15,C1675,Notebook,Eletrônicos,1,2854.49,0,2055.23,MT,Centro-Oeste,PIX,Online
103782,2025-09-27,C0769,Smartphone,Eletrônicos,3,4331.82,0.1,3378.82,GO,Centro-Oeste,Boleto,Marketplace
103783,2025-07-29,C0763,Luminária,Escritório,3,294.92,0.1,153.36,MG,Sudeste,PIX,Online
103784,2025-07-29,C2245,Cafeteira,Casa,1,602.21,0.15,391.44,AC,Norte,Cartão de crédito,Marketplace
103785,2025-02-09,C1490,Monitor,Eletrônicos,1,1785.65,0.05,1214.24,PB,Nordeste,Boleto,Marketplace
103786,2026-01-06,C2452,Luminária,Escritório,1,351.12,0.05,182.58,RO,Norte,Cartão de débito,Marketplace
103787,2025-04-08,C0464,Luminária,Escritório,3,148.98,0.15,77.47,GO,Centro-Oeste,Cartão de débito,Online
103788,2025-01-07,C1983,Liquidificador,Casa,1,550.49,0.1,346.81,ES,Sudeste,Cartão de débito,Online
103789,2025-03-20,C0045,Luminária,Escritório,2,129.01,0.15,67.09,PR,Sul,Cartão de crédito,Marketplace
103790,2025-10-22,C1390,Cabo USB,Acessórios,3,36.09,0.05,16.24,CE,Nordeste,Boleto,Online
103791,2025-02-14,C1161,Mouse,Eletrônicos,1,336.03,0.05,194.9,BA,Nordeste,Cartão de crédito,Online
103792,2026-03-12,C1685,Luminária,Escritório,1,353.89,0,184.02,RS,Sul,Boleto,Online
103793,2025-12-31,C1392,Luminária,Escritório,1,213.93,0,111.24,SE,Nordeste,PIX,Marketplace
103794,2025-06-03,C1725,Cadeira,Escritório,1,777.69,0,544.38,BA,Nordeste,Boleto,Marketplace
103795,2025-05-28,C1863,Monitor,Eletrônicos,2,902.92,0,613.99,PB,Nordeste,Boleto,Marketplace
103796,2026-03-13,C2372,Monitor,Eletrônicos,1,1532.25,0,1041.93,RJ,Sudeste,Cartão de débito,Online
103797,2025-04-04,C1570,Carregador,Acessórios,1,187.63,0,93.81,SC,Sul,Cartão de débito,Marketplace
103798,2025-08-24,C0948,Cafeteira,Casa,1,1065.04,0,692.28,CE,Nordeste,PIX,Online
103799,2025-12-05,C1938,Luminária,Escritório,3,366.84,0.05,190.76,RS,Sul,Cartão de débito,Online
103800,2025-08-21,C0132,Carregador,Acessórios,1,85.33,0.1,42.66,AL,Nordeste,PIX,Marketplace
103801,2025-01-26,C0585,Teclado,Eletrônicos,2,313.21,0.15,187.93,AM,Norte,Cartão de crédito,Marketplace
103802,2026-06-01,C0135,Liquidificador,Casa,2,167.29,0.1,105.39,RS,Sul,PIX,Marketplace
103803,2025-09-11,C0919,Mesa,Escritório,5,724.93,0,492.95,MA,Nordeste,Boleto,Marketplace
103804,2025-07-18,C1907,Liquidificador,Casa,2,145.41,0.05,91.61,MT,Centro-Oeste,PIX,Online
103805,2025-09-27,C0956,Suporte para Monitor,Escritório,1,324.49,0.1,178.47,PR,Sul,Cartão de crédito,Marketplace
103806,2025-10-04,C1806,Notebook,Eletrônicos,1,5366.2,0,3863.66,RO,Norte,Cartão de débito,Online
103807,2026-04-27,C0380,Cafeteira,Casa,1,1040.57,0.05,676.37,RN,Nordeste,Cartão de crédito,Marketplace
103808,2026-04-01,C1536,Suporte para Monitor,Escritório,1,402.15,0.05,221.18,AC,Norte,Cartão de débito,Online
103809,2025-03-12,C0235,Notebook,Eletrônicos,2,5023.88,0.15,3617.19,MS,Centro-Oeste,Cartão de crédito,Marketplace
103810,2025-09-11,C0302,Cafeteira,Casa,1,411.88,0.15,267.72,CE,Nordeste,Boleto,Online
103811,2025-09-21,C1229,Carregador,Acessórios,1,120.08,0.1,60.04,AM,Norte,PIX,Marketplace
103812,2025-12-09,C2339,Mouse,Eletrônicos,1,433.19,0.05,251.25,PA,Norte,Boleto,Marketplace
103813,2025-01-07,C2362,Mesa,Escritório,1,687.88,0,467.76,MT,Centro-Oeste,PIX,Marketplace
103814,2025-07-06,C1844,Mouse,Eletrônicos,1,357.89,0,207.58,SP,Sudeste,Cartão de débito,Marketplace
103815,2025-05-05,C2299,Smartphone,Eletrônicos,1,4442.96,0,3465.51,ES,Sudeste,Cartão de crédito,Online
103816,2025-01-04,C2407,Luminária,Escritório,2,268.66,0.1,139.7,SP,Sudeste,Cartão de crédito,Marketplace
103817,2025-02-20,C0805,Monitor,Eletrônicos,5,1599.27,0.05,1087.5,SC,Sul,Cartão de crédito,Marketplace
103818,2026-04-18,C1905,Carregador,Acessórios,3,220.23,0.1,110.11,RJ,Sudeste,PIX,Marketplace
103819,2026-01-30,C2075,Mouse,Eletrônicos,1,482.72,0,279.98,MA,Nordeste,Boleto,Marketplace
103820,2026-03-21,C0116,Liquidificador,Casa,4,335.81,0.1,211.56,DF,Centro-Oeste,PIX,Marketplace
103821,2025-06-21,C0612,Teclado,Eletrônicos,1,705.72,0.15,423.43,ES,Sudeste,Cartão de débito,Marketplace
103822,2025-09-03,C2331,Suporte para Monitor,Escritório,4,431.45,0.1,237.3,AC,Norte,Cartão de débito,Marketplace
103823,2025-02-19,C2032,Monitor,Eletrônicos,1,1463.95,0.1,995.49,RR,Norte,Boleto,Marketplace
103824,2026-01-07,C2218,Cafeteira,Casa,1,330.72,0,214.97,AC,Norte,Boleto,Marketplace
103825,2026-04-06,C1156,Carregador,Acessórios,1,171.44,0.05,85.72,DF,Centro-Oeste,PIX,Marketplace
103826,2025-08-29,C1528,Cafeteira,Casa,1,778.69,0.05,506.15,ES,Sudeste,Cartão de débito,Marketplace
103827,2025-02-06,C0329,Mouse,Eletrônicos,2,105.86,0.05,61.4,PE,Nordeste,Boleto,Online
103828,2026-01-26,C2011,Mouse,Eletrônicos,1,117.4,0.05,68.09,MS,Centro-Oeste,Cartão de débito,Online
103829,2025-09-02,C0154,Mesa,Escritório,1,522.08,0.1,355.01,PI,Nordeste,Cartão de débito,Online
103830,2026-02-07,C2173,Cadeira,Escritório,1,2095.68,0.1,1466.98,PI,Nordeste,PIX,Online
103831,2025-12-04,C1358,Air Fryer,Casa,1,782.68,0,500.92,DF,Centro-Oeste,PIX,Marketplace
103832,2026-05-07,C2066,Aspirador,Casa,1,482.87,0,323.52,MS,Centro-Oeste,Cartão de débito,Marketplace
103833,2025-05-06,C1852,Mesa,Escritório,1,1957.69,0.1,1331.23,PR,Sul,Cartão de débito,Online
103834,2026-04-17,C2092,Cabo USB,Acessórios,1,92.45,0,41.6,BA,Nordeste,PIX,Marketplace
103835,2025-02-26,C1296,Mesa,Escritório,1,1171.77,0.1,796.8,AC,Norte,Boleto,Online
103836,2025-11-04,C0835,Cabo USB,Acessórios,1,30.04,0,13.52,CE,Nordeste,PIX,Online
103837,2025-09-11,C2060,Mesa,Escritório,4,522.39,0.1,355.23,PI,Nordeste,PIX,Online
103838,2026-04-16,C0647,Mouse,Eletrônicos,1,194.1,0,112.58,RR,Norte,Cartão de débito,Marketplace
103839,2026-04-07,C1444,Mesa,Escritório,5,698.33,0.1,474.86,RS,Sul,Cartão de débito,Online
103840,2026-01-22,C1887,Luminária,Escritório,4,338.11,0.05,175.82,MA,Nordeste,Cartão de crédito,Marketplace
103841,2025-08-22,C2373,Aspirador,Casa,2,590.73,0.1,395.79,MG,Sudeste,Cartão de crédito,Online
103842,2025-05-30,C1994,Liquidificador,Casa,2,404.64,0,254.92,RS,Sul,PIX,Marketplace
103843,2025-04-28,C0006,Mouse,Eletrônicos,1,300.32,0,174.19,MT,Centro-Oeste,Boleto,Online
103844,2025-06-09,C2402,Cafeteira,Casa,1,648.3,0.2,421.39,RS,Sul,PIX,Online
103845,2025-04-02,C1331,Teclado,Eletrônicos,2,126.31,0,75.79,SE,Nordeste,PIX,Marketplace
103846,2025-04-05,C1688,Monitor,Eletrônicos,1,2379.44,0.1,1618.02,RN,Nordeste,Cartão de débito,Marketplace
103847,2025-11-28,C1163,Cadeira,Escritório,1,825.33,0.15,577.73,ES,Sudeste,Cartão de débito,Marketplace
103848,2026-02-03,C0695,Aspirador,Casa,1,562.45,0,376.84,PI,Nordeste,Cartão de crédito,Marketplace
103849,2025-10-30,C0939,Air Fryer,Casa,1,568.12,0,363.6,RR,Norte,PIX,Marketplace
103850,2025-02-20,C0208,Hub USB,Acessórios,1,255.14,0,140.33,MS,Centro-Oeste,Cartão de crédito,Online
103851,2026-01-02,C0444,Cabo USB,Acessórios,1,46.98,0,21.14,AM,Norte,Cartão de crédito,Online
103852,2025-06-24,C0678,Notebook,Eletrônicos,1,2873.43,0,2068.87,RJ,Sudeste,Boleto,Online
103853,2026-03-23,C1037,Cadeira,Escritório,2,671.79,0.1,470.25,MA,Nordeste,PIX,Online
103854,2025-08-12,C0808,Cafeteira,Casa,1,559.66,0.1,363.78,PR,Sul,PIX,Online
103855,2026-03-18,C1309,Cadeira,Escritório,2,1378.49,0.1,964.94,PA,Norte,PIX,Marketplace
103856,2025-03-02,C1349,Headset,Eletrônicos,1,752.25,0.05,466.39,SC,Sul,Cartão de crédito,Online
103857,2025-10-17,C0656,Teclado,Eletrônicos,2,737.34,0,442.4,ES,Sudeste,PIX,Online
103858,2025-01-08,C0345,Liquidificador,Casa,1,366.35,0.05,230.8,RO,Norte,Boleto,Online
103859,2025-10-19,C0690,Teclado,Eletrônicos,1,207.69,0.15,124.61,TO,Norte,Cartão de débito,Online
103860,2026-04-07,C1237,Teclado,Eletrônicos,3,206.5,0.1,123.9,GO,Centro-Oeste,PIX,Marketplace
103861,2026-05-31,C2104,Luminária,Escritório,4,205.12,0.05,106.66,CE,Nordeste,Cartão de crédito,Online
103862,2025-07-11,C2458,Cabo USB,Acessórios,1,72.97,0.05,32.84,PA,Norte,PIX,Online
103863,2025-11-16,C1119,Luminária,Escritório,2,264.55,0.2,137.57,MA,Nordeste,Cartão de débito,Online
103864,2025-01-27,C0390,Teclado,Eletrônicos,1,143.15,0,85.89,PR,Sul,Cartão de débito,Online
103865,2026-02-17,C2186,Mesa,Escritório,2,1819.54,0,1237.29,SC,Sul,PIX,Online
103866,2025-06-01,C1032,Mouse,Eletrônicos,1,475.92,0.05,276.03,RJ,Sudeste,Cartão de débito,Online
103867,2025-05-23,C1283,Notebook,Eletrônicos,1,5422.62,0.1,3904.29,PE,Nordeste,Cartão de débito,Online
103868,2026-03-28,C0162,Luminária,Escritório,3,231.71,0,120.49,AP,Norte,Cartão de débito,Online
103869,2026-03-13,C1619,Hub USB,Acessórios,3,146.52,0.2,80.59,RO,Norte,Boleto,Marketplace
103870,2025-03-18,C0163,Mouse,Eletrônicos,1,221.98,0.1,128.75,TO,Norte,Cartão de crédito,Online
103871,2025-08-12,C0147,Air Fryer,Casa,3,559.26,0,357.93,RO,Norte,Boleto,Online
103872,2026-04-19,C0564,Liquidificador,Casa,1,207.77,0,130.9,RJ,Sudeste,Boleto,Online
103873,2026-05-13,C1780,Headset,Eletrônicos,2,865.13,0.1,536.38,BA,Nordeste,PIX,Online
103874,2025-04-16,C2259,Air Fryer,Casa,1,949.53,0.05,607.7,RN,Nordeste,Cartão de débito,Online
103875,2026-03-13,C2114,Cabo USB,Acessórios,1,90.77,0.1,40.85,MG,Sudeste,PIX,Online
103876,2025-12-27,C1871,Air Fryer,Casa,2,461.69,0.05,295.48,DF,Centro-Oeste,PIX,Online
103877,2025-03-24,C1747,Smartphone,Eletrônicos,2,3372.68,0.1,2630.69,AM,Norte,Cartão de débito,Marketplace
103878,2025-11-16,C1916,Air Fryer,Casa,2,542.33,0.1,347.09,AM,Norte,Cartão de crédito,Marketplace
103879,2026-01-19,C0026,Hub USB,Acessórios,2,201.35,0.1,110.74,CE,Nordeste,PIX,Marketplace
103880,2025-12-21,C1869,Cafeteira,Casa,1,616.15,0.2,400.5,PR,Sul,Cartão de crédito,Online
103881,2025-11-30,C2371,Notebook,Eletrônicos,1,4638.11,0.1,3339.44,MT,Centro-Oeste,PIX,Marketplace
103882,2025-06-25,C0668,Aspirador,Casa,3,978.37,0,655.51,RS,Sul,Cartão de débito,Online
103883,2025-03-10,C1438,Cadeira,Escritório,1,1663.67,0,1164.57,RO,Norte,PIX,Online
103884,2025-01-27,C2444,Teclado,Eletrônicos,1,316.04,0,189.62,BA,Nordeste,Boleto,Online
103885,2025-12-31,C2480,Suporte para Monitor,Escritório,1,526.75,0.1,289.71,PE,Nordeste,Cartão de crédito,Marketplace
103886,2026-05-24,C0584,Air Fryer,Casa,1,482.57,0.05,308.84,RO,Norte,Boleto,Marketplace
103887,2025-07-23,C0707,Monitor,Eletrônicos,1,2185.97,0,1486.46,GO,Centro-Oeste,Cartão de crédito,Marketplace
103888,2026-06-23,C2336,Smartphone,Eletrônicos,2,2413.22,0.15,1882.31,PA,Norte,Boleto,Marketplace
103889,2025-05-03,C0290,Mouse,Eletrônicos,3,265.32,0,153.89,MS,Centro-Oeste,Boleto,Online
103890,2025-08-11,C0289,Hub USB,Acessórios,1,213.39,0.2,117.36,BA,Nordeste,Cartão de crédito,Online
103891,2026-02-17,C0664,Carregador,Acessórios,4,60.77,0.05,30.39,AP,Norte,PIX,Marketplace
103892,2025-01-28,C0963,Notebook,Eletrônicos,3,4363.91,0.05,3142.02,SP,Sudeste,Cartão de débito,Marketplace
103893,2026-01-17,C0380,Liquidificador,Casa,2,560.49,0,353.11,GO,Centro-Oeste,Cartão de débito,Marketplace
103894,2025-09-16,C0098,Smartphone,Eletrônicos,1,2790.96,0,2176.95,PE,Nordeste,Boleto,Online
103895,2026-04-27,C2183,Luminária,Escritório,1,333.61,0,173.48,AP,Norte,Cartão de crédito,Marketplace
103896,2025-01-12,C0859,Hub USB,Acessórios,2,291.78,0,160.48,AM,Norte,PIX,Marketplace
103897,2025-08-07,C0840,Aspirador,Casa,1,412.14,0,276.13,PB,Nordeste,Cartão de crédito,Online
103898,2025-10-29,C1619,Notebook,Eletrônicos,1,2541.95,0,1830.2,RS,Sul,Cartão de crédito,Online
103899,2026-01-11,C1368,Cadeira,Escritório,4,1410.43,0,987.3,MG,Sudeste,Boleto,Online
103900,2025-08-26,C2445,Mouse,Eletrônicos,4,257.77,0.15,149.51,RO,Norte,Boleto,Online
103901,2026-05-16,C1548,Smartphone,Eletrônicos,2,1307.02,0.05,1019.48,AP,Norte,Boleto,Marketplace
103902,2026-03-10,C1951,Hub USB,Acessórios,2,281.92,0.15,155.06,RS,Sul,Boleto,Marketplace
103903,2025-05-12,C0873,Smartphone,Eletrônicos,2,1336.1,0.2,1042.16,BA,Nordeste,Boleto,Online
103904,2025-10-12,C2076,Monitor,Eletrônicos,1,769.9,0.05,523.53,MS,Centro-Oeste,PIX,Marketplace
103905,2026-05-29,C1679,Cadeira,Escritório,4,2116.98,0,1481.89,AC,Norte,Boleto,Online
103906,2025-04-27,C2206,Aspirador,Casa,2,1106.99,0.05,741.68,MS,Centro-Oeste,,Marketplace
103907,2025-09-11,C0439,Monitor,Eletrônicos,1,1572.03,0,1068.98,MA,Nordeste,Cartão de débito,Online
103908,2025-09-02,C1603,Cadeira,Escritório,2,565.94,0.15,396.16,TO,Norte,PIX,Online
103909,2025-07-07,C1836,Air Fryer,Casa,1,694.48,0,444.47,AL,Nordeste,Cartão de débito,Marketplace
103910,2026-04-13,C0035,Luminária,Escritório,1,97.45,0.05,50.67,AM,Norte,Cartão de crédito,Marketplace
103911,2026-04-15,C2290,Cafeteira,Casa,2,385.91,0.1,250.84,PB,Nordeste,PIX,Marketplace
103912,2025-08-13,C1310,Cadeira,Escritório,1,2373.94,0.1,1661.76,SE,Nordeste,Boleto,Marketplace
103913,2026-05-31,C2153,Cabo USB,Acessórios,1,84.2,0.15,37.89,SC,Sul,Cartão de débito,Online
103914,2025-02-09,C1866,Monitor,Eletrônicos,2,1922.45,0,1307.27,PE,Nordeste,Cartão de crédito,Marketplace
103915,2025-03-11,C0512,Hub USB,Acessórios,2,144.91,0,79.7,SE,Nordeste,PIX,Marketplace
103916,2025-10-14,C0389,Notebook,Eletrônicos,4,2580.45,0.1,1857.92,CE,Nordeste,Boleto,Marketplace
103917,2025-03-25,C2138,Hub USB,Acessórios,1,289.23,0,159.08,AL,Nordeste,Cartão de débito,Marketplace
103918,2026-05-25,C0243,Liquidificador,Casa,2,390.22,0.05,245.84,RJ,Sudeste,Cartão de crédito,Online
103919,2026-05-30,C1898,Teclado,Eletrônicos,1,109.65,0,65.79,MA,Nordeste,Boleto,Online
103920,2025-10-28,C0919,Liquidificador,Casa,2,133.99,0,84.41,CE,Nordeste,Boleto,Marketplace
103921,2026-05-10,C1051,Carregador,Acessórios,2,212.17,0,106.08,RS,Sul,Cartão de crédito,Marketplace
103922,2026-06-10,C0415,Air Fryer,Casa,3,609.62,0.05,390.16,AC,Norte,Cartão de débito,Marketplace
103923,2025-06-14,C1162,Suporte para Monitor,Escritório,1,241.25,0.05,132.69,ES,Sudeste,Cartão de débito,Online
103924,2026-06-08,C1745,Smartphone,Eletrônicos,2,2153.65,0,1679.85,RJ,Sudeste,PIX,Marketplace
103925,2026-01-16,C0397,Suporte para Monitor,Escritório,1,162.35,0.05,89.29,DF,Centro-Oeste,Cartão de crédito,Marketplace
103926,2025-01-23,C1007,Monitor,Eletrônicos,1,2326.35,0.05,1581.92,RS,Sul,,Marketplace
103927,2026-04-26,C1213,Suporte para Monitor,Escritório,1,506.26,0.2,278.44,RO,Norte,PIX,Online
103928,2025-05-22,C1292,Suporte para Monitor,Escritório,1,424.7,0,233.59,ES,Sudeste,Cartão de crédito,Marketplace
103929,2025-04-22,C0273,Aspirador,Casa,1,1294.96,0.15,867.62,AM,Norte,Cartão de débito,Online
103930,2025-01-12,C2003,Suporte para Monitor,Escritório,1,468.5,0.1,257.68,RS,Sul,Cartão de crédito,Online
103931,2025-05-12,C0724,Mesa,Escritório,1,1479.83,0,1006.28,AM,Norte,Boleto,Marketplace
103932,2026-01-10,C0820,Air Fryer,Casa,2,768.84,0,492.06,AL,Nordeste,Cartão de crédito,Online
103933,2025-04-22,C1281,Luminária,Escritório,2,278.78,0.1,144.97,CE,Nordeste,PIX,Online
103934,2025-03-29,C2188,Luminária,Escritório,1,344.65,0,179.22,SE,Nordeste,PIX,Online
103935,2026-06-27,C0522,Suporte para Monitor,Escritório,2,412.43,0,226.84,ES,Sudeste,PIX,Marketplace
103936,2025-07-07,C0785,Monitor,Eletrônicos,1,1325.21,0.05,901.14,BA,Nordeste,PIX,Online
103937,2025-12-08,C0703,Cafeteira,Casa,1,230.26,0,149.67,RR,Norte,Boleto,Marketplace
103938,2026-05-25,C2083,Monitor,Eletrônicos,1,1935.03,0.15,1315.82,TO,Norte,Boleto,Online
103939,2025-09-23,C1208,Mesa,Escritório,3,973.01,0,661.65,RO,Norte,Boleto,Marketplace
103940,2026-05-10,C1037,Hub USB,Acessórios,1,280.14,0.05,154.08,PE,Nordeste,Cartão de débito,Online
103941,2026-03-14,C1157,Liquidificador,Casa,3,143.43,0,90.36,MS,Centro-Oeste,Cartão de débito,Marketplace
103942,2026-03-21,C0516,Liquidificador,Casa,4,442.37,0.05,278.69,PB,Nordeste,Cartão de débito,Marketplace
103943,2025-08-22,C2304,Cabo USB,Acessórios,1,72.13,0,32.46,RR,Norte,Boleto,Online
103944,2025-05-24,C0497,Teclado,Eletrônicos,1,692.51,0,415.51,SC,Sul,PIX,Marketplace
103945,2025-07-22,C2471,Mesa,Escritório,1,548.13,0.05,372.73,MS,Centro-Oeste,Cartão de débito,Online
103946,2026-04-25,C0128,Aspirador,Casa,1,429.15,0.2,287.53,PB,Nordeste,Cartão de crédito,Marketplace
103947,2025-07-26,C0510,Liquidificador,Casa,2,491.45,0,309.61,PB,Nordeste,Cartão de crédito,Online
103948,2025-09-10,C2448,Liquidificador,Casa,1,374.96,0.15,236.22,PR,Sul,Boleto,Marketplace
103949,2025-09-06,C1751,Mouse,Eletrônicos,1,437.49,0.05,253.74,PE,Nordeste,Boleto,Marketplace
103950,2025-11-10,C2477,Cadeira,Escritório,2,2291.7,0.1,1604.19,PB,Nordeste,Boleto,Online
103951,2026-04-05,C0791,Headset,Eletrônicos,2,519.76,0.15,322.25,PA,Norte,Cartão de débito,Marketplace
103952,2026-06-26,C0937,Teclado,Eletrônicos,1,201.55,0.1,120.93,SP,Sudeste,Cartão de débito,Online
103953,2026-02-08,C0530,Cafeteira,Casa,1,302.36,0.05,196.53,TO,Norte,PIX,Online
103954,2025-02-11,C1140,Aspirador,Casa,2,736.8,0.1,493.66,ES,Sudeste,Cartão de crédito,Online
103955,2025-08-25,C2068,Suporte para Monitor,Escritório,1,161.38,0,88.76,SP,Sudeste,Cartão de débito,Online
103956,2025-02-08,C1954,Headset,Eletrônicos,2,368.97,0.1,228.76,MS,Centro-Oeste,PIX,Online
103957,2025-05-19,C1812,Carregador,Acessórios,2,229.98,0.05,114.99,RR,Norte,PIX,Online
103958,2025-08-04,C1304,Cafeteira,Casa,2,417.02,0.1,271.06,TO,Norte,Boleto,Online
103959,2026-03-28,C2131,Mouse,Eletrônicos,4,335.32,0.1,194.49,MS,Centro-Oeste,Cartão de débito,Online
103960,2025-05-03,C0169,Mesa,Escritório,1,1006.97,0.05,684.74,AP,Norte,Cartão de débito,Online
103961,2025-07-18,C1030,Aspirador,Casa,4,1121.14,0.05,751.16,MS,Centro-Oeste,Boleto,Marketplace
103962,2026-05-24,C0280,Cafeteira,Casa,1,556.47,0,361.71,SP,Sudeste,PIX,Online
103963,2025-07-19,C0269,Notebook,Eletrônicos,2,3276.93,0.1,2359.39,MS,Centro-Oeste,PIX,Online
103964,2025-08-03,C0955,Hub USB,Acessórios,1,267.0,0.15,146.85,ES,Sudeste,Cartão de débito,Marketplace
103965,2025-10-09,C0351,Cafeteira,Casa,2,717.19,0,466.17,AP,Norte,Cartão de débito,Marketplace
103966,2025-01-28,C2153,Mesa,Escritório,1,1270.58,0,863.99,DF,Centro-Oeste,Cartão de crédito,Marketplace
103967,2025-06-26,C0113,Mouse,Eletrônicos,2,343.87,0,199.44,SC,Sul,Cartão de crédito,Marketplace
103968,2025-07-04,C1005,Mesa,Escritório,2,1429.09,0,971.78,AL,Nordeste,Cartão de crédito,Online
103969,2025-08-03,C0309,Air Fryer,Casa,3,867.48,0.15,555.19,DF,Centro-Oeste,Boleto,Marketplace
103970,2026-04-17,C1478,Teclado,Eletrônicos,1,534.74,0,320.84,RS,Sul,Cartão de crédito,Online
103971,2025-01-04,C2479,Luminária,Escritório,1,101.45,0,52.75,SC,Sul,PIX,Online
103972,2025-01-25,C0193,Air Fryer,Casa,1,737.69,0.05,472.12,AM,Norte,PIX,Marketplace
103973,2025-12-15,C2217,Cadeira,Escritório,1,2481.78,0.05,1737.25,MS,Centro-Oeste,Cartão de crédito,Marketplace
103974,2025-02-14,C1216,Cadeira,Escritório,2,2317.46,0,1622.22,BA,Nordeste,Boleto,Marketplace
103975,2026-02-07,C0525,Liquidificador,Casa,1,360.82,0.2,227.32,ES,Sudeste,Cartão de crédito,Marketplace
103976,2025-02-10,C1264,Mouse,Eletrônicos,2,465.92,0.1,270.23,PE,Nordeste,PIX,Online
103977,2026-02-15,C0599,Aspirador,Casa,1,1345.93,0,901.77,RS,Sul,PIX,Online
103978,2025-04-20,C1744,Liquidificador,Casa,2,562.3,0.1,354.25,RN,Nordeste,Boleto,Marketplace
103979,2026-03-29,C2278,Monitor,Eletrônicos,3,1707.54,0.15,1161.13,AL,Nordeste,PIX,Marketplace
103980,2025-10-05,C0309,Cabo USB,Acessórios,4,26.88,0.05,12.1,RR,Norte,Boleto,Marketplace
103981,2026-03-16,C1187,Mouse,Eletrônicos,4,291.68,0.1,169.17,AM,Norte,Boleto,Marketplace
103982,2026-04-11,C1937,Cafeteira,Casa,1,1167.02,0,758.56,RS,Sul,Cartão de crédito,Marketplace
103983,2025-12-31,C2448,Aspirador,Casa,1,434.02,0.15,290.79,BA,Nordeste,Boleto,Online
103984,2026-03-27,C0012,Aspirador,Casa,1,853.09,0.05,571.57,RN,Nordeste,PIX,Online
103985,2026-04-03,C1529,Carregador,Acessórios,1,165.98,0.2,82.99,RO,Norte,Cartão de débito,Online
103986,2025-06-12,C1924,Air Fryer,Casa,4,974.73,0.1,623.83,ES,Sudeste,Cartão de débito,Marketplace
103987,2026-05-11,C0757,Suporte para Monitor,Escritório,5,177.15,0,97.43,SP,Sudeste,PIX,Marketplace
103988,2025-12-24,C2405,Carregador,Acessórios,1,96.83,0.1,48.41,SC,Sul,,Marketplace
103989,2025-01-21,C0029,Suporte para Monitor,Escritório,2,492.24,0.15,270.73,MA,Nordeste,Boleto,Online
103990,2025-02-17,C0842,Luminária,Escritório,1,368.6,0,191.67,TO,Norte,Cartão de débito,Marketplace
103991,2025-07-13,C0513,Cadeira,Escritório,2,1146.35,0.1,802.44,MT,Centro-Oeste,PIX,Marketplace
103992,2025-01-29,C2042,Cabo USB,Acessórios,3,54.1,0,24.35,PE,Nordeste,Boleto,Online
103993,2025-09-03,C1014,Aspirador,Casa,3,289.23,0,193.78,PE,Nordeste,Cartão de crédito,Marketplace
103994,2025-10-18,C0807,Liquidificador,Casa,1,330.09,0.1,207.96,AM,Norte,Boleto,Online
103995,2026-04-15,C1789,Carregador,Acessórios,1,65.87,0.05,32.94,PI,Nordeste,Boleto,Marketplace
103996,2025-11-29,C1045,Notebook,Eletrônicos,4,5416.69,0.05,3900.02,ES,Sudeste,Cartão de débito,Marketplace
103997,2025-11-11,C0275,Hub USB,Acessórios,1,187.59,0.05,103.17,BA,Nordeste,Cartão de crédito,Marketplace
103998,2026-05-31,C2051,Teclado,Eletrônicos,1,392.79,0.1,235.67,PA,Norte,Cartão de débito,Online
103999,2025-05-20,C0840,Headset,Eletrônicos,2,582.18,0.05,360.95,RR,Norte,Cartão de débito,Online
104000,2025-01-25,C0059,Cadeira,Escritório,1,2144.4,0,1501.08,PR,Sul,Cartão de crédito,Marketplace
104001,2026-06-08,C1060,Aspirador,Casa,4,688.88,0.05,461.55,RR,Norte,Boleto,Online
104002,2025-09-30,C0453,Mesa,Escritório,2,1143.46,0.1,777.55,RN,Nordeste,Cartão de crédito,Marketplace
104003,2026-03-04,C2245,Cadeira,Escritório,2,961.35,0,672.94,ES,Sudeste,Boleto,Marketplace
104004,2026-03-27,C1642,Mesa,Escritório,1,1659.06,0.1,1128.16,SE,Nordeste,Boleto,Marketplace
104005,2026-03-20,C1577,Hub USB,Acessórios,1,135.38,0.2,74.46,MG,Sudeste,PIX,Online
104006,2026-05-28,C1401,Notebook,Eletrônicos,3,2988.87,0.05,2151.99,MA,Nordeste,PIX,Online
104007,2026-05-18,C1490,Smartphone,Eletrônicos,1,3292.91,0.05,2568.47,PI,Nordeste,Cartão de débito,Marketplace
104008,2026-04-25,C1477,Mouse,Eletrônicos,1,195.87,0,113.6,AL,Nordeste,Cartão de crédito,Marketplace
104009,2026-03-01,C2488,Monitor,Eletrônicos,1,2188.36,0.05,1488.08,PA,Norte,Cartão de débito,Marketplace
104010,2025-02-05,C0253,Aspirador,Casa,1,848.69,0,568.62,AL,Nordeste,Cartão de débito,Online
104011,2025-06-16,C0360,Air Fryer,Casa,1,338.93,0,216.92,RO,Norte,Cartão de débito,Online
104012,2025-01-21,C0324,Air Fryer,Casa,1,378.43,0.15,242.2,PE,Nordeste,Cartão de crédito,Marketplace
104013,2025-09-15,C2056,Mesa,Escritório,1,949.02,0.05,645.33,PB,Nordeste,Cartão de débito,Marketplace
104014,2025-06-07,C2333,Mesa,Escritório,1,949.76,0,645.84,AL,Nordeste,Boleto,Marketplace
104015,2026-04-11,C2144,Mesa,Escritório,1,516.57,0.05,351.27,MS,Centro-Oeste,Cartão de débito,Marketplace
104016,2025-09-05,C1345,Smartphone,Eletrônicos,1,2589.67,0.05,2019.94,DF,Centro-Oeste,Boleto,Online
104017,2025-12-30,C2201,Cafeteira,Casa,1,450.34,0.05,292.72,MT,Centro-Oeste,Cartão de débito,Marketplace
104018,2025-02-17,C0503,Suporte para Monitor,Escritório,2,474.99,0.2,261.24,AP,Norte,Boleto,Online
104019,2026-03-11,C2469,Aspirador,Casa,1,838.16,0.1,561.57,SC,Sul,Cartão de débito,Marketplace
104020,2025-05-21,C1768,Liquidificador,Casa,1,293.71,0,185.04,MS,Centro-Oeste,Boleto,Online
104021,2026-05-08,C2313,Luminária,Escritório,2,273.98,0.2,142.47,RJ,Sudeste,Cartão de crédito,Online
104022,2025-03-20,C2486,Hub USB,Acessórios,2,229.53,0.2,126.24,MA,Nordeste,Cartão de débito,Online
104023,2026-04-11,C0651,Cafeteira,Casa,1,328.61,0.1,213.6,RR,Norte,PIX,Online
104024,2025-10-08,C1442,Monitor,Eletrônicos,2,1388.84,0.1,944.41,TO,Norte,PIX,Marketplace
104025,2025-06-04,C0147,Headset,Eletrônicos,1,402.44,0.05,249.51,AM,Norte,Cartão de débito,Online
104026,2025-02-07,C2138,Mesa,Escritório,1,701.78,0,477.21,PR,Sul,PIX,Online
104027,2025-10-11,C0060,Smartphone,Eletrônicos,1,3572.82,0,2786.8,DF,Centro-Oeste,PIX,Online
104028,2025-06-13,C0252,Aspirador,Casa,1,603.85,0,404.58,AP,Norte,PIX,Online
104029,2025-10-14,C1512,Hub USB,Acessórios,1,290.05,0.1,159.53,AC,Norte,Cartão de débito,Online
104030,2025-02-25,C2394,Carregador,Acessórios,2,226.39,0.1,113.19,SE,Nordeste,Cartão de crédito,Online
104031,2025-10-04,C0017,Aspirador,Casa,1,1234.67,0,827.23,DF,Centro-Oeste,Cartão de crédito,Marketplace
104032,2025-04-09,C2283,Hub USB,Acessórios,1,229.09,0.1,126.0,BA,Nordeste,Cartão de débito,Marketplace
104033,2025-08-14,C2006,Hub USB,Acessórios,1,155.49,0.05,85.52,RJ,Sudeste,Boleto,Online
104034,2026-01-01,C1949,Cabo USB,Acessórios,4,47.0,0,21.15,ES,Sudeste,PIX,Marketplace
104035,2025-07-04,C1596,Teclado,Eletrônicos,1,174.03,0.15,104.42,BA,Nordeste,Cartão de débito,Online
104036,2025-07-03,C1896,Aspirador,Casa,2,1290.34,0.2,864.53,PB,Nordeste,Cartão de crédito,Online
104037,2025-09-18,C0912,Cafeteira,Casa,2,769.39,0.05,500.1,PI,Nordeste,PIX,Online
104038,2026-04-03,C1939,Liquidificador,Casa,1,458.33,0.1,288.75,RJ,Sudeste,Cartão de débito,Online
104039,2026-04-06,C0459,Air Fryer,Casa,2,376.75,0.2,241.12,PB,Nordeste,Cartão de débito,Marketplace
104040,2026-04-19,C0359,Cadeira,Escritório,4,2104.08,0,1472.86,AC,Norte,Cartão de crédito,Marketplace
104041,2025-07-01,C0138,Headset,Eletrônicos,3,679.65,0.15,421.38,AC,Norte,PIX,Online
104042,2025-01-04,C1131,Monitor,Eletrônicos,3,1041.26,0,708.06,RS,Sul,Boleto,Marketplace
104043,2025-09-15,C0862,Liquidificador,Casa,3,479.4,0.05,302.02,RR,Norte,Boleto,Online
104044,2025-05-31,C0641,Aspirador,Casa,2,1475.72,0.1,988.73,AM,Norte,Cartão de crédito,Marketplace
104045,2025-06-19,C1809,Mouse,Eletrônicos,1,290.09,0,168.25,SE,Nordeste,Cartão de crédito,Marketplace
104046,2026-05-09,C0436,Cadeira,Escritório,1,2332.0,0,1632.4,AP,Norte,PIX,Online
104047,2025-01-15,C0179,Monitor,Eletrônicos,2,2319.12,0.1,1577.0,RS,Sul,Cartão de débito,Marketplace
104048,2026-03-11,C1950,Carregador,Acessórios,4,226.94,0,113.47,PB,Nordeste,Boleto,Online
104049,2025-06-19,C2265,Hub USB,Acessórios,2,292.06,0.1,160.63,BA,Nordeste,PIX,Marketplace
104050,2025-08-10,C0903,Luminária,Escritório,1,171.85,0.05,89.36,AM,Norte,Boleto,Marketplace
104051,2025-12-09,C1216,Smartphone,Eletrônicos,2,3939.39,0,3072.72,SE,Nordeste,PIX,Marketplace
104052,2025-11-18,C0279,Cafeteira,Casa,3,714.67,0,464.54,AC,Norte,Boleto,Marketplace
104053,2026-01-03,C2320,Suporte para Monitor,Escritório,1,389.96,0,214.48,AL,Nordeste,Cartão de crédito,Online
104054,2025-08-13,C1834,Air Fryer,Casa,2,407.41,0.05,260.74,RN,Nordeste,PIX,Marketplace
104055,2025-04-01,C0036,Mouse,Eletrônicos,2,157.28,0.15,91.22,MA,Nordeste,Cartão de crédito,Marketplace
104056,2025-12-28,C1966,Cadeira,Escritório,3,1767.8,0.1,1237.46,RS,Sul,Boleto,Online
104057,2026-05-12,C1625,Air Fryer,Casa,1,491.11,0,314.31,AL,Nordeste,PIX,Online
104058,2025-07-09,C1933,Monitor,Eletrônicos,1,839.46,0.1,570.83,PR,Sul,Cartão de débito,Online
104059,2025-01-17,C0821,Teclado,Eletrônicos,1,630.05,0,378.03,PA,Norte,Cartão de débito,Online
104060,2026-01-14,C0135,Headset,Eletrônicos,1,891.94,0.1,553.0,CE,Nordeste,Boleto,Online
104061,2025-01-27,C1888,Aspirador,Casa,3,1096.09,0.1,734.38,RR,Norte,PIX,Online
104062,2026-04-25,C2206,Monitor,Eletrônicos,4,1886.62,0.1,1282.9,AP,Norte,Boleto,Marketplace
104063,2025-01-25,C0207,Cabo USB,Acessórios,4,55.06,0,24.78,CE,Nordeste,Boleto,Marketplace
104064,2026-01-22,C2489,Suporte para Monitor,Escritório,1,381.0,0.05,209.55,PA,Norte,Cartão de crédito,Marketplace
104065,2026-06-15,C1674,Cafeteira,Casa,1,1078.8,0.1,701.22,AC,Norte,Cartão de crédito,Marketplace
104066,2025-07-05,C1369,Cadeira,Escritório,2,1354.35,0.05,948.04,RR,Norte,Cartão de débito,Marketplace
104067,2025-05-30,C0864,Suporte para Monitor,Escritório,3,489.03,0,268.97,AC,Norte,Cartão de débito,Marketplace
104068,2025-11-08,C1692,Air Fryer,Casa,4,874.03,0.1,559.38,SC,Sul,Boleto,Online
104069,2026-04-24,C0725,Aspirador,Casa,1,1089.97,0,730.28,AM,Norte,PIX,Marketplace
104070,2026-02-12,C0432,Luminária,Escritório,1,112.04,0.2,58.26,DF,Centro-Oeste,Boleto,Online
104071,2026-01-23,C2103,Monitor,Eletrônicos,1,1603.88,0.05,1090.64,AP,Norte,Boleto,Online
104072,2025-09-14,C2475,Aspirador,Casa,3,568.53,0,380.92,BA,Nordeste,PIX,Online
104073,2026-03-14,C1328,Carregador,Acessórios,1,67.34,0.1,33.67,PE,Nordeste,Cartão de crédito,Online
104074,2025-04-14,C2231,Air Fryer,Casa,1,319.36,0.05,204.39,AC,Norte,Cartão de débito,Marketplace
104075,2026-03-07,C2399,Hub USB,Acessórios,1,109.75,0.1,60.36,RS,Sul,Boleto,Marketplace
104076,2025-01-03,C0373,Air Fryer,Casa,2,913.66,0,584.74,RR,Norte,Cartão de crédito,Online
104077,2025-08-09,C0393,Suporte para Monitor,Escritório,1,283.53,0,155.94,AM,Norte,Cartão de débito,Online
104078,2026-01-08,C0623,Teclado,Eletrônicos,1,749.73,0,449.84,TO,Norte,Boleto,Online
104079,2025-10-26,C0020,Smartphone,Eletrônicos,2,1709.73,0,1333.59,MG,Sudeste,Cartão de débito,Online
104080,2026-03-13,C1983,Teclado,Eletrônicos,1,683.62,0,410.17,PB,Nordeste,Cartão de crédito,Online
104081,2026-04-13,C1991,Teclado,Eletrônicos,2,379.2,0.05,227.52,RO,Norte,Cartão de crédito,Online
104082,2025-04-18,C2384,Notebook,Eletrônicos,2,5131.36,0,3694.58,SE,Nordeste,Boleto,Marketplace
104083,2025-06-28,C1205,Cafeteira,Casa,3,729.6,0,474.24,RS,Sul,Boleto,Online
104084,2025-03-16,C1281,Mesa,Escritório,1,1188.5,0.05,808.18,ES,Sudeste,Cartão de crédito,Marketplace
104085,2026-04-09,C0045,Monitor,Eletrônicos,1,953.14,0.2,648.14,MG,Sudeste,PIX,Online
104086,2025-09-01,C2129,Monitor,Eletrônicos,1,2265.23,0.15,1540.36,RS,Sul,PIX,Online
104087,2025-07-29,C0688,Headset,Eletrônicos,1,649.55,0,402.72,PB,Nordeste,Cartão de débito,Online
104088,2025-03-19,C2238,Aspirador,Casa,1,1104.05,0.1,739.71,SC,Sul,Boleto,Marketplace
104089,2026-01-05,C0605,Headset,Eletrônicos,2,182.2,0,112.96,BA,Nordeste,Cartão de crédito,Online
104090,2026-04-24,C2311,Luminária,Escritório,1,172.84,0.05,89.88,AC,Norte,Cartão de débito,Online
104091,2026-05-21,C0109,Suporte para Monitor,Escritório,1,478.73,0.05,263.3,GO,Centro-Oeste,Cartão de crédito,Online
104092,2026-04-25,C2200,Luminária,Escritório,1,123.42,0.05,64.18,SC,Sul,PIX,Online
104093,2025-07-13,C2078,Cadeira,Escritório,1,1013.18,0,709.23,SE,Nordeste,Cartão de débito,Online
104094,2025-06-25,C0168,Headset,Eletrônicos,2,374.15,0.05,231.97,RR,Norte,PIX,Online
104095,2025-10-17,C0049,Notebook,Eletrônicos,1,3190.85,0.1,2297.41,PE,Nordeste,Cartão de crédito,Online
104096,2025-01-29,C1833,Cadeira,Escritório,1,1139.46,0.05,797.62,GO,Centro-Oeste,PIX,Online
104097,2026-02-27,C2005,Liquidificador,Casa,1,231.69,0.05,145.96,PE,Nordeste,Boleto,Marketplace
104098,2025-02-20,C0029,Hub USB,Acessórios,2,239.74,0.2,131.86,AM,Norte,Boleto,Marketplace
104099,2025-10-29,C0166,Aspirador,Casa,1,887.42,0,594.57,RO,Norte,Cartão de crédito,Online
104100,2025-06-17,C1810,Hub USB,Acessórios,1,221.07,0.2,121.59,BA,Nordeste,Cartão de débito,Online
104101,2025-05-01,C2242,Notebook,Eletrônicos,3,2956.53,0.05,2128.7,RJ,Sudeste,Cartão de débito,Online
104102,2025-09-19,C0114,Cafeteira,Casa,1,395.45,0.05,257.04,SP,Sudeste,Cartão de crédito,Online
104103,2025-01-31,C0733,Mesa,Escritório,1,1041.97,0,708.54,PA,Norte,Boleto,Marketplace
104104,2025-03-21,C0364,Hub USB,Acessórios,1,227.02,0,124.86,PB,Nordeste,Boleto,Marketplace
104105,2026-02-20,C0800,Carregador,Acessórios,2,67.91,0.15,33.95,RR,Norte,PIX,Online
104106,2025-01-26,C1262,Cabo USB,Acessórios,2,63.44,0,28.55,BA,Nordeste,Cartão de crédito,Online
104107,2025-04-13,C1124,Teclado,Eletrônicos,3,334.69,0.05,200.81,RR,Norte,Boleto,Marketplace
104108,2026-03-03,C0292,Cabo USB,Acessórios,2,47.07,0,21.18,RN,Nordeste,Cartão de crédito,Online
104109,2025-02-09,C2328,Hub USB,Acessórios,1,100.8,0.05,55.44,MA,Nordeste,Cartão de crédito,Marketplace
104110,2025-02-11,C0529,Cabo USB,Acessórios,3,73.24,0.05,32.96,PE,Nordeste,PIX,Online
104111,2026-04-08,C2068,Liquidificador,Casa,3,331.41,0.1,208.79,MA,Nordeste,Cartão de débito,Online
104112,2025-12-28,C2409,Monitor,Eletrônicos,2,1028.66,0,699.49,MS,Centro-Oeste,Boleto,Online
104113,2026-05-30,C2044,Mesa,Escritório,1,1133.73,0,770.94,DF,Centro-Oeste,Cartão de débito,Online
104114,2026-04-29,C0066,Cadeira,Escritório,1,2302.28,0,1611.6,TO,Norte,Cartão de débito,Marketplace
104115,2025-07-20,C2484,Luminária,Escritório,2,178.67,0.05,92.91,MT,Centro-Oeste,PIX,Marketplace
104116,2026-04-11,C1018,Mouse,Eletrônicos,2,177.66,0.1,103.04,RN,Nordeste,PIX,Online
104117,2025-03-21,C2266,Air Fryer,Casa,2,591.42,0.05,378.51,SC,Sul,Cartão de débito,Marketplace
104118,2025-12-08,C0925,Air Fryer,Casa,3,899.82,0.15,575.88,RN,Nordeste,Cartão de débito,Online
104119,2026-02-25,C1738,Teclado,Eletrônicos,1,289.12,0,173.47,PE,Nordeste,Cartão de débito,Online
104120,2026-02-12,C0804,Mesa,Escritório,1,1502.46,0,1021.67,AL,Nordeste,Cartão de débito,Marketplace
104121,2026-06-25,C2280,Headset,Eletrônicos,1,815.17,0,505.41,SE,Nordeste,Cartão de crédito,Marketplace
104122,2025-09-30,C1491,Aspirador,Casa,1,1145.75,0.1,767.65,AM,Norte,PIX,Online
104123,2025-10-25,C0604,Aspirador,Casa,1,381.57,0,255.65,MS,Centro-Oeste,PIX,Marketplace
104124,2026-05-05,C1184,Cadeira,Escritório,1,2125.9,0.1,1488.13,MT,Centro-Oeste,PIX,Online
104125,2026-01-23,C0974,Liquidificador,Casa,1,551.63,0,347.53,DF,Centro-Oeste,Cartão de crédito,Online
104126,2025-10-07,C2012,Luminária,Escritório,2,135.56,0,70.49,RN,Nordeste,PIX,Online
104127,2026-03-29,C0711,Carregador,Acessórios,1,195.69,0,97.84,AM,Norte,Boleto,Marketplace
104128,2026-01-04,C0983,Teclado,Eletrônicos,3,142.81,0,85.69,ES,Sudeste,PIX,Marketplace
104129,2026-06-26,C0903,Smartphone,Eletrônicos,3,2920.43,0.05,2277.94,PA,Norte,Cartão de débito,Online
104130,2026-04-22,C2285,Cadeira,Escritório,1,1148.56,0,803.99,RJ,Sudeste,Cartão de crédito,Online
104131,2025-09-15,C1657,Mouse,Eletrônicos,4,459.72,0,266.64,PI,Nordeste,Boleto,Online
104132,2025-07-30,C0195,Liquidificador,Casa,5,425.13,0.15,267.83,AM,Norte,Boleto,Online
104133,2026-03-07,C2419,Luminária,Escritório,1,312.13,0.05,162.31,DF,Centro-Oeste,Boleto,Online
104134,2025-11-13,C2487,Cabo USB,Acessórios,1,84.96,0.1,38.23,RR,Norte,Cartão de crédito,Marketplace
104135,2026-01-31,C1386,Monitor,Eletrônicos,1,839.55,0.1,570.89,SE,Nordeste,Cartão de crédito,Marketplace
104136,2025-04-15,C0441,Notebook,Eletrônicos,3,3614.47,0,2602.42,RS,Sul,Cartão de crédito,Marketplace
104137,2025-01-02,C1042,Monitor,Eletrônicos,2,1037.04,0.2,705.19,SC,Sul,Boleto,Online
104138,2025-04-26,C0708,Mouse,Eletrônicos,1,244.27,0,141.68,AC,Norte,PIX,Online
104139,2025-02-07,C1893,Mesa,Escritório,2,1620.58,0.1,1101.99,TO,Norte,Boleto,Marketplace
104140,2025-02-03,C0253,Headset,Eletrônicos,2,364.44,0,225.95,PE,Nordeste,Cartão de débito,Marketplace
104141,2025-01-15,C1949,Suporte para Monitor,Escritório,1,344.17,0,189.29,MT,Centro-Oeste,Boleto,Online
104142,2026-01-13,C0695,Mesa,Escritório,1,1882.57,0,1280.15,DF,Centro-Oeste,PIX,Marketplace
104143,2026-04-27,C1790,Cadeira,Escritório,1,2007.04,0.05,1404.93,AP,Norte,Cartão de débito,Online
104144,2025-12-15,C1288,Notebook,Eletrônicos,1,4511.74,0.1,3248.45,DF,Centro-Oeste,Cartão de débito,Marketplace
104145,2026-03-21,C0065,Cabo USB,Acessórios,1,77.59,0,34.92,PB,Nordeste,Cartão de débito,Marketplace
104146,2025-11-21,C0019,Teclado,Eletrônicos,2,672.12,0,403.27,MG,Sudeste,Cartão de débito,Marketplace
104147,2025-01-27,C0547,Luminária,Escritório,1,325.6,0.1,169.31,DF,Centro-Oeste,Boleto,Marketplace
104148,2026-03-06,C0867,Notebook,Eletrônicos,1,4867.8,0.15,3504.82,RN,Nordeste,Cartão de crédito,Marketplace
104149,2025-03-25,C0703,Cadeira,Escritório,1,677.21,0,474.05,RN,Nordeste,Cartão de débito,Online
104150,2025-11-15,C1171,Suporte para Monitor,Escritório,3,363.2,0.15,199.76,PR,Sul,PIX,Marketplace
104151,2025-03-04,C2056,Liquidificador,Casa,1,497.37,0.1,313.34,MA,Nordeste,Boleto,Marketplace
104152,2025-12-11,C0646,Air Fryer,Casa,3,748.64,0.05,479.13,SE,Nordeste,PIX,Online
104153,2026-03-04,C1485,Cabo USB,Acessórios,2,45.82,0.15,20.62,PI,Nordeste,PIX,Marketplace
104154,2025-12-05,C0312,Mouse,Eletrônicos,1,476.13,0.15,276.16,AC,Norte,PIX,Marketplace
104155,2025-02-22,C0338,Cabo USB,Acessórios,2,84.43,0.1,37.99,SC,Sul,Boleto,Online
104156,2026-03-15,C1343,Aspirador,Casa,3,511.28,0.1,342.56,PI,Nordeste,PIX,Online
104157,2025-03-03,C0918,Mouse,Eletrônicos,2,222.56,0,129.08,SP,Sudeste,Cartão de crédito,Marketplace
104158,2025-12-17,C2337,Smartphone,Eletrônicos,2,4765.38,0,3717.0,AL,Nordeste,PIX,Marketplace
104159,2025-08-15,C2226,Cadeira,Escritório,1,1914.33,0,1340.03,DF,Centro-Oeste,Boleto,Marketplace
104160,2025-12-08,C0660,Air Fryer,Casa,2,592.06,0,378.92,AC,Norte,Boleto,Online
104161,2025-10-05,C0244,Notebook,Eletrônicos,1,2992.58,0.05,2154.66,BA,Nordeste,Cartão de débito,Marketplace
104162,2025-03-20,C0283,Luminária,Escritório,1,239.42,0.05,124.5,SE,Nordeste,Cartão de débito,Online
104163,2025-12-24,C2471,Suporte para Monitor,Escritório,3,194.3,0,106.87,GO,Centro-Oeste,Cartão de crédito,Marketplace
104164,2025-03-09,C1971,Teclado,Eletrônicos,1,719.02,0.05,431.41,BA,Nordeste,Cartão de débito,Online
104165,2026-06-01,C1531,Monitor,Eletrônicos,1,856.31,0.1,582.29,BA,Nordeste,Boleto,Marketplace
104166,2025-07-05,C0066,Monitor,Eletrônicos,2,2352.45,0,1599.67,PI,Nordeste,Cartão de crédito,Online
104167,2025-02-02,C2378,Smartphone,Eletrônicos,1,2662.02,0.1,2076.38,AC,Norte,Boleto,Marketplace
104168,2026-04-20,C1864,Cabo USB,Acessórios,1,53.28,0.1,23.98,SE,Nordeste,Boleto,Marketplace
104169,2025-12-23,C1224,Mesa,Escritório,1,1817.0,0,1235.56,GO,Centro-Oeste,Cartão de crédito,Marketplace
104170,2025-07-26,C1468,Aspirador,Casa,2,1152.4,0,772.11,MG,Sudeste,Cartão de débito,Marketplace
104171,2025-11-19,C1522,Cafeteira,Casa,1,1022.59,0.05,664.68,AC,Norte,Cartão de débito,Online
104172,2025-07-13,C0337,Air Fryer,Casa,1,775.1,0.2,496.06,CE,Nordeste,PIX,Marketplace
104173,2026-04-21,C0094,Notebook,Eletrônicos,1,3376.4,0.05,2431.01,RR,Norte,Boleto,Online
104174,2026-03-27,C1153,Suporte para Monitor,Escritório,2,259.91,0.2,142.95,AC,Norte,PIX,Marketplace
104175,2026-05-04,C1790,Carregador,Acessórios,1,236.51,0.15,118.25,AL,Nordeste,PIX,Online
104176,2025-05-20,C1857,Aspirador,Casa,2,1294.1,0.05,867.05,BA,Nordeste,Cartão de crédito,Online
104177,2025-02-24,C1790,Liquidificador,Casa,2,516.03,0.15,325.1,PB,Nordeste,Cartão de débito,Online
104178,2025-08-23,C1480,Headset,Eletrônicos,1,304.68,0.05,188.9,ES,Sudeste,Cartão de débito,Marketplace
104179,2025-09-28,C2174,Headset,Eletrônicos,5,569.5,0.15,353.09,MS,Centro-Oeste,PIX,Marketplace
104180,2026-01-29,C1368,Smartphone,Eletrônicos,2,1268.88,0.1,989.73,MS,Centro-Oeste,PIX,Marketplace
104181,2025-10-28,C1223,Suporte para Monitor,Escritório,1,483.73,0,266.05,TO,Norte,Cartão de crédito,Online
104182,2025-03-16,C1518,Aspirador,Casa,1,1341.28,0.2,898.66,AC,Norte,Boleto,Marketplace
104183,2025-12-05,C1048,Mesa,Escritório,1,414.94,0,282.16,MS,Centro-Oeste,Boleto,Marketplace
104184,2025-02-16,C0512,Mesa,Escritório,3,882.02,0.05,599.77,MG,Sudeste,Cartão de débito,Marketplace
104185,2025-05-27,C1408,Hub USB,Acessórios,3,243.44,0.15,133.89,RO,Norte,Cartão de crédito,Online
104186,2025-03-20,C1891,Liquidificador,Casa,1,461.32,0.1,290.63,PI,Nordeste,Cartão de débito,Marketplace
104187,2025-02-13,C1017,Luminária,Escritório,1,111.28,0.1,57.87,SP,Sudeste,Boleto,Online
104188,2026-01-30,C1099,Smartphone,Eletrônicos,1,2294.45,0,1789.67,PB,Nordeste,PIX,Online
104189,2025-07-26,C0515,Carregador,Acessórios,2,200.89,0.05,100.44,GO,Centro-Oeste,PIX,Online
104190,2025-02-23,C1733,Mesa,Escritório,3,1026.02,0.15,697.69,RJ,Sudeste,PIX,Marketplace
104191,2025-04-23,C1332,Cabo USB,Acessórios,1,53.27,0.05,23.97,AL,Nordeste,Boleto,Marketplace
104192,2025-09-03,C1723,Monitor,Eletrônicos,4,1130.17,0,768.52,AM,Norte,Cartão de crédito,Marketplace
104193,2025-11-18,C0490,Mesa,Escritório,2,586.51,0.15,398.83,BA,Nordeste,Cartão de débito,Marketplace
104194,2025-07-12,C0768,Luminária,Escritório,1,370.02,0.15,192.41,GO,Centro-Oeste,Cartão de débito,Marketplace
104195,2026-02-18,C0276,Suporte para Monitor,Escritório,2,140.76,0,77.42,RO,Norte,Boleto,Marketplace
104196,2026-02-02,C2375,Liquidificador,Casa,1,266.0,0.05,167.58,AP,Norte,Boleto,Online
104197,2026-03-12,C0920,Smartphone,Eletrônicos,1,1648.15,0.1,1285.56,PE,Nordeste,Cartão de débito,Marketplace
104198,2025-07-04,C1424,Headset,Eletrônicos,3,698.83,0.05,433.27,PR,Sul,Cartão de débito,Online
104199,2025-05-18,C1978,Teclado,Eletrônicos,1,510.49,0.1,306.29,SP,Sudeste,Cartão de crédito,Marketplace
104200,2025-07-28,C0443,Suporte para Monitor,Escritório,2,145.24,0.1,79.88,AL,Nordeste,Cartão de débito,Marketplace
104201,2026-06-21,C1487,Notebook,Eletrônicos,2,3291.78,0.05,2370.08,AL,Nordeste,Cartão de débito,Online
104202,2025-01-13,C1693,Cafeteira,Casa,1,617.18,0,401.17,AC,Norte,PIX,Marketplace
104203,2026-01-18,C1604,Cabo USB,Acessórios,2,43.15,0.1,19.42,GO,Centro-Oeste,PIX,Online
104204,2025-11-02,C0035,Notebook,Eletrônicos,3,4984.77,0,3589.03,AC,Norte,Cartão de débito,Marketplace
104205,2025-01-19,C0893,Cafeteira,Casa,2,508.54,0.05,330.55,RO,Norte,Boleto,Marketplace
104206,2025-07-31,C1331,Suporte para Monitor,Escritório,1,462.31,0.1,254.27,TO,Norte,Boleto,Online
104207,2026-06-12,C0620,Teclado,Eletrônicos,1,269.98,0.2,161.99,SP,Sudeste,Boleto,Marketplace
104208,2026-02-27,C0569,Carregador,Acessórios,2,162.44,0,81.22,AM,Norte,Cartão de crédito,Online
104209,2025-06-17,C2059,Teclado,Eletrônicos,2,426.64,0.1,255.98,SP,Sudeste,Cartão de débito,Marketplace
104210,2026-01-30,C1611,Luminária,Escritório,1,288.3,0.15,149.92,CE,Nordeste,Boleto,Online
104211,2025-03-17,C1009,Carregador,Acessórios,1,240.33,0,120.17,GO,Centro-Oeste,PIX,Marketplace
104212,2025-07-17,C0824,Notebook,Eletrônicos,4,4219.67,0,3038.16,SC,Sul,PIX,Online
104213,2026-05-18,C1480,Air Fryer,Casa,1,743.06,0,475.56,AC,Norte,Cartão de crédito,Online
104214,2025-09-14,C1405,Mouse,Eletrônicos,1,369.49,0.2,214.3,MA,Nordeste,Boleto,Marketplace
104215,2025-12-17,C0195,Teclado,Eletrônicos,3,679.83,0.1,407.9,MG,Sudeste,PIX,Marketplace
104216,2026-04-11,C2276,Carregador,Acessórios,1,207.94,0,103.97,AP,Norte,Boleto,Marketplace
104217,2025-10-18,C1197,Mouse,Eletrônicos,2,333.53,0.05,193.45,SC,Sul,Cartão de débito,Online
104218,2025-03-17,C1344,Notebook,Eletrônicos,1,4554.85,0.05,3279.49,AL,Nordeste,PIX,Online
104219,2026-02-14,C0348,Air Fryer,Casa,1,546.43,0.05,349.72,PB,Nordeste,Cartão de débito,Online
104220,2026-02-01,C0445,Mouse,Eletrônicos,3,355.32,0.1,206.09,RO,Norte,Cartão de crédito,Online
104221,2025-09-27,C2378,Liquidificador,Casa,2,211.06,0.15,132.97,TO,Norte,PIX,Marketplace
104222,2026-05-07,C1677,Cabo USB,Acessórios,3,26.15,0.15,11.77,MT,Centro-Oeste,Boleto,Marketplace
104223,2025-01-17,C0140,Cadeira,Escritório,2,1665.24,0,1165.67,PB,Nordeste,PIX,Marketplace
104224,2026-06-12,C0769,Cabo USB,Acessórios,1,36.66,0.1,16.5,AC,Norte,PIX,Online
104225,2025-01-16,C0480,Suporte para Monitor,Escritório,2,242.39,0,133.31,SE,Nordeste,Cartão de crédito,Marketplace
104226,2025-04-19,C2302,Suporte para Monitor,Escritório,2,435.68,0.05,239.62,RO,Norte,Boleto,Online
104227,2025-05-20,C0003,Cabo USB,Acessórios,2,22.33,0.15,10.05,BA,Nordeste,Cartão de débito,Online
104228,2025-06-11,C0047,Smartphone,Eletrônicos,2,3311.36,0.05,2582.86,PI,Nordeste,Boleto,Online
104229,2025-06-17,C0072,Cabo USB,Acessórios,1,55.5,0,24.98,PE,Nordeste,Cartão de débito,Marketplace
104230,2026-03-07,C1979,Mesa,Escritório,1,1424.96,0.05,968.97,RO,Norte,Cartão de crédito,Marketplace
104231,2025-11-30,C2009,Suporte para Monitor,Escritório,3,519.5,0.1,285.73,MS,Centro-Oeste,Boleto,Marketplace
104232,2025-02-04,C1302,Hub USB,Acessórios,1,260.11,0,143.06,BA,Nordeste,Cartão de crédito,Marketplace
104233,2025-01-06,C2419,Aspirador,Casa,4,1493.21,0,1000.45,AL,Nordeste,Boleto,Online
104234,2025-12-29,C2120,Monitor,Eletrônicos,4,1471.76,0,1000.8,SC,Sul,PIX,Online
104235,2025-05-20,C2416,Teclado,Eletrônicos,3,395.7,0.15,237.42,PR,Sul,PIX,Marketplace
104236,2026-06-05,C0200,Hub USB,Acessórios,2,203.98,0.05,112.19,CE,Nordeste,Cartão de crédito,Online
104237,2026-01-31,C0501,Liquidificador,Casa,3,412.03,0.05,259.58,AC,Norte,Cartão de crédito,Online
104238,2025-03-14,C2376,Notebook,Eletrônicos,2,5881.62,0.15,4234.77,SE,Nordeste,Cartão de débito,Marketplace
104239,2026-02-06,C1807,Aspirador,Casa,3,1136.37,0.1,761.37,AC,Norte,Boleto,Marketplace
104240,2026-02-16,C2345,Air Fryer,Casa,1,701.62,0.2,449.04,MT,Centro-Oeste,PIX,Online
104241,2025-04-20,C2353,Cafeteira,Casa,1,1146.32,0.05,745.11,RJ,Sudeste,Cartão de débito,Online
104242,2025-07-25,C0055,Teclado,Eletrônicos,1,188.1,0.1,112.86,AM,Norte,PIX,Online
104243,2025-03-11,C0425,Mesa,Escritório,1,1844.79,0.1,1254.46,RS,Sul,PIX,Marketplace
104244,2025-10-28,C0681,Notebook,Eletrônicos,2,3489.4,0.1,2512.37,MA,Nordeste,Boleto,Online
104245,2025-05-23,C1012,Air Fryer,Casa,2,796.8,0.1,509.95,SE,Nordeste,Boleto,Marketplace
104246,2026-02-01,C0678,Monitor,Eletrônicos,3,1642.46,0.15,1116.87,TO,Norte,Cartão de crédito,Online
104247,2025-01-18,C0871,Liquidificador,Casa,2,512.69,0.05,322.99,RS,Sul,Boleto,Marketplace
104248,2025-07-19,C0088,Liquidificador,Casa,1,365.06,0.05,229.99,SC,Sul,Cartão de débito,Marketplace
104249,2025-07-04,C1577,Notebook,Eletrônicos,2,3348.25,0,2410.74,SP,Sudeste,Boleto,Online
104250,2025-11-13,C2291,Mesa,Escritório,1,921.13,0,626.37,TO,Norte,Cartão de crédito,Online
104251,2026-06-06,C1700,Hub USB,Acessórios,1,176.3,0.05,96.97,TO,Norte,Boleto,Marketplace
104252,2025-05-20,C2289,Smartphone,Eletrônicos,2,1539.09,0,1200.49,BA,Nordeste,Cartão de crédito,Online
104253,2026-03-31,C1310,Carregador,Acessórios,3,103.96,0.05,51.98,DF,Centro-Oeste,Cartão de débito,Online
104254,2025-08-03,C1711,Notebook,Eletrônicos,1,4032.67,0.05,2903.52,ES,Sudeste,Cartão de débito,Marketplace
104255,2025-06-29,C1549,Hub USB,Acessórios,1,245.14,0.05,134.83,RS,Sul,Boleto,Marketplace
104256,2026-05-04,C1060,Luminária,Escritório,2,110.32,0.1,57.37,MA,Nordeste,Cartão de débito,Marketplace
104257,2025-07-01,C1456,Mesa,Escritório,1,880.72,0.1,598.89,PA,Norte,Cartão de débito,Marketplace
104258,2026-03-06,C2473,Mouse,Eletrônicos,2,100.38,0,58.22,GO,Centro-Oeste,PIX,Online
104259,2025-04-25,C1289,Teclado,Eletrônicos,2,433.43,0,260.06,BA,Nordeste,PIX,Online
104260,2026-04-16,C1753,Cadeira,Escritório,1,1340.92,0.2,938.64,AM,Norte,PIX,Online
104261,2026-06-29,C0038,Luminária,Escritório,4,254.27,0.05,132.22,RS,Sul,Cartão de crédito,Online
104262,2026-03-21,C1326,Aspirador,Casa,2,471.85,0.05,316.14,GO,Centro-Oeste,Boleto,Online
104263,2025-11-03,C1410,Air Fryer,Casa,1,781.71,0.15,500.29,AP,Norte,Cartão de débito,Online
104264,2026-01-04,C0567,Liquidificador,Casa,1,274.09,0,172.68,RJ,Sudeste,PIX,Marketplace
104265,2026-06-28,C0547,Hub USB,Acessórios,1,197.79,0,108.78,AM,Norte,Cartão de débito,Online
104266,2025-05-29,C1901,Aspirador,Casa,1,387.63,0.05,259.71,PA,Norte,Boleto,Online
104267,2026-01-22,C2376,Carregador,Acessórios,4,241.72,0,120.86,AL,Nordeste,Cartão de débito,Online
104268,2025-01-26,C0857,Hub USB,Acessórios,2,155.8,0.2,85.69,PI,Nordeste,Boleto,Online
104269,2026-06-24,C0394,Luminária,Escritório,2,357.7,0.15,186.0,RR,Norte,Cartão de débito,Online
104270,2025-04-03,C0720,Aspirador,Casa,4,1127.12,0,755.17,AP,Norte,Cartão de crédito,Marketplace
104271,2025-12-23,C0986,Headset,Eletrônicos,2,338.03,0.1,209.58,GO,Centro-Oeste,PIX,Marketplace
104272,2026-01-12,C1140,Cadeira,Escritório,1,1578.31,0,1104.82,MT,Centro-Oeste,Cartão de débito,Online
104273,2025-01-04,C0210,Aspirador,Casa,3,683.95,0,458.25,RS,Sul,Cartão de débito,Online
104274,2026-05-02,C0782,Luminária,Escritório,1,176.88,0.1,91.98,CE,Nordeste,Boleto,Marketplace
104275,2026-03-30,C0411,Mesa,Escritório,1,1669.13,0.05,1135.01,AL,Nordeste,Cartão de débito,Online
104276,2025-06-01,C1502,Cafeteira,Casa,1,617.83,0.15,401.59,AL,Nordeste,PIX,Marketplace
104277,2025-08-04,C1221,Liquidificador,Casa,1,144.26,0.1,90.88,TO,Norte,Cartão de débito,Online
104278,2025-06-24,C1481,Notebook,Eletrônicos,1,3119.83,0.05,2246.28,AM,Norte,PIX,Marketplace
104279,2025-08-07,C1610,Cabo USB,Acessórios,1,51.73,0,23.28,MT,Centro-Oeste,PIX,Marketplace
104280,2025-04-16,C1922,Monitor,Eletrônicos,1,1409.44,0.15,958.42,GO,Centro-Oeste,Cartão de crédito,Online
104281,2026-02-19,C1277,Cafeteira,Casa,2,715.57,0.1,465.12,RR,Norte,Boleto,Marketplace
104282,2025-04-03,C1775,Smartphone,Eletrônicos,3,1958.17,0.15,1527.37,RO,Norte,Cartão de débito,Online
104283,2025-04-08,C0251,Air Fryer,Casa,2,782.77,0.05,500.97,BA,Nordeste,Boleto,Marketplace
104284,2025-05-28,C2147,Headset,Eletrônicos,1,777.81,0,482.24,CE,Nordeste,Cartão de crédito,Marketplace
104285,2026-01-23,C0624,Cabo USB,Acessórios,1,65.99,0,29.7,TO,Norte,Cartão de crédito,Online
104286,2025-11-16,C2159,Carregador,Acessórios,1,57.28,0.1,28.64,AP,Norte,Boleto,Online
104287,2025-07-07,C1596,Monitor,Eletrônicos,3,1233.15,0.05,838.54,AM,Norte,Cartão de crédito,Marketplace
104288,2025-12-10,C0817,Aspirador,Casa,1,1042.75,0,698.64,TO,Norte,Boleto,Online
104289,2025-10-12,C0298,Liquidificador,Casa,4,319.88,0.1,201.52,MT,Centro-Oeste,PIX,Marketplace
104290,2025-08-15,C0605,Hub USB,Acessórios,3,174.73,0,96.1,SC,Sul,PIX,Online
104291,2026-06-22,C2344,Cafeteira,Casa,1,466.08,0,302.95,TO,Norte,Cartão de crédito,Marketplace
104292,2025-03-11,C0063,Smartphone,Eletrônicos,2,4023.8,0.1,3138.56,PB,Nordeste,Cartão de crédito,Online
104293,2025-01-27,C1418,Air Fryer,Casa,2,824.32,0.1,527.56,AL,Nordeste,Boleto,Online
104294,2025-12-14,C0959,Aspirador,Casa,4,1071.32,0.1,717.78,PI,Nordeste,Cartão de crédito,Marketplace
104295,2025-11-21,C1462,Cabo USB,Acessórios,1,84.83,0,38.17,RR,Norte,Cartão de débito,Marketplace
104296,2025-06-10,C0024,Headset,Eletrônicos,3,284.93,0.2,176.66,MT,Centro-Oeste,Cartão de crédito,Marketplace
104297,2025-02-18,C2085,Headset,Eletrônicos,2,899.56,0.05,557.73,ES,Sudeste,Boleto,Marketplace
104298,2025-05-04,C0647,Notebook,Eletrônicos,1,4005.39,0,2883.88,MG,Sudeste,PIX,Online
104299,2025-08-22,C0557,Hub USB,Acessórios,1,281.97,0,155.08,DF,Centro-Oeste,PIX,Online
104300,2025-09-10,C0692,Monitor,Eletrônicos,1,2035.36,0,1384.04,PE,Nordeste,Boleto,Online
104301,2025-08-24,C2072,Air Fryer,Casa,4,506.98,0.1,324.47,PA,Norte,Cartão de débito,Marketplace
104302,2025-12-30,C1053,Suporte para Monitor,Escritório,1,392.02,0,215.61,TO,Norte,PIX,Online
104303,2025-08-19,C0108,Cafeteira,Casa,1,840.57,0.1,546.37,CE,Nordeste,Boleto,Online
104304,2025-02-17,C2111,Mouse,Eletrônicos,1,88.55,0.2,51.36,AP,Norte,PIX,Marketplace
104305,2025-12-09,C2395,Teclado,Eletrônicos,1,320.47,0.05,192.28,RS,Sul,Boleto,Marketplace
104306,2025-04-18,C0244,Headset,Eletrônicos,2,512.48,0,317.74,PI,Nordeste,Cartão de débito,Online
104307,2026-04-28,C0512,Smartphone,Eletrônicos,1,2005.7,0.1,1564.45,SP,Sudeste,Cartão de débito,Marketplace
104308,2026-02-08,C2163,Mesa,Escritório,2,1206.6,0,820.49,GO,Centro-Oeste,Boleto,Marketplace
104309,2025-08-02,C1962,Hub USB,Acessórios,1,141.19,0.05,77.65,RN,Nordeste,Cartão de crédito,Marketplace
104310,2025-08-13,C1613,Mouse,Eletrônicos,1,104.38,0,60.54,RR,Norte,Boleto,Marketplace
104311,2025-06-01,C0028,Teclado,Eletrônicos,2,480.26,0,288.16,GO,Centro-Oeste,Cartão de débito,Online
104312,2025-05-16,C2186,Mesa,Escritório,2,1337.01,0,909.17,CE,Nordeste,Cartão de débito,Online
104313,2025-04-30,C1648,Mesa,Escritório,1,1033.48,0.1,702.77,MA,Nordeste,Boleto,Marketplace
104314,2025-05-16,C1764,Mesa,Escritório,1,863.47,0.05,587.16,MG,Sudeste,Cartão de débito,Online
104315,2025-07-21,C1640,Luminária,Escritório,1,102.24,0,53.16,PE,Nordeste,Cartão de crédito,Online
104316,2025-09-07,C1997,Cadeira,Escritório,1,1035.26,0.1,724.68,GO,Centro-Oeste,Cartão de débito,Online
104317,2025-08-03,C1466,Notebook,Eletrônicos,1,3783.43,0.1,2724.07,RN,Nordeste,Cartão de crédito,Marketplace
104318,2025-07-05,C2458,Cafeteira,Casa,3,1036.68,0.15,673.84,CE,Nordeste,Cartão de crédito,Online
104319,2025-09-18,C2468,Smartphone,Eletrônicos,1,3879.23,0.05,3025.8,MA,Nordeste,PIX,Marketplace
104320,2026-04-06,C1898,Cafeteira,Casa,1,960.85,0.2,624.55,MG,Sudeste,Boleto,Marketplace
104321,2025-11-14,C1494,Smartphone,Eletrônicos,3,2557.44,0.15,1994.8,MS,Centro-Oeste,Boleto,Marketplace
104322,2026-01-30,C0386,Air Fryer,Casa,2,321.92,0,206.03,PA,Norte,PIX,Online
104323,2026-04-27,C0843,Cadeira,Escritório,3,1302.93,0.15,912.05,AC,Norte,Cartão de crédito,Online
104324,2025-01-21,C1202,Carregador,Acessórios,3,191.15,0.05,95.58,MA,Nordeste,Boleto,Marketplace
104325,2025-02-02,C1941,Cafeteira,Casa,3,1111.91,0.1,722.74,PA,Norte,Boleto,Marketplace
104326,2026-03-11,C2361,Smartphone,Eletrônicos,2,2548.82,0.05,1988.08,SC,Sul,Cartão de débito,Marketplace
104327,2025-11-12,C0288,Air Fryer,Casa,1,484.58,0.15,310.13,SE,Nordeste,Boleto,Marketplace
104328,2025-05-29,C1578,Teclado,Eletrônicos,1,433.94,0,260.36,TO,Norte,Cartão de crédito,Online
104329,2025-06-20,C2010,Teclado,Eletrônicos,2,536.65,0.1,321.99,GO,Centro-Oeste,PIX,Online
104330,2025-03-07,C1657,Aspirador,Casa,1,912.29,0,611.23,RO,Norte,PIX,Marketplace
104331,2025-07-17,C1906,Mesa,Escritório,2,498.74,0.1,339.14,RS,Sul,Boleto,Marketplace
104332,2025-05-07,C2170,Cafeteira,Casa,1,765.49,0.2,497.57,SP,Sudeste,Boleto,Online
104333,2025-09-19,C1046,Luminária,Escritório,1,375.03,0,195.02,AC,Norte,PIX,Online
104334,2025-03-02,C1114,Notebook,Eletrônicos,1,4055.97,0.05,2920.3,PR,Sul,Cartão de débito,Online
104335,2026-03-09,C1280,Monitor,Eletrônicos,4,772.63,0.1,525.39,DF,Centro-Oeste,Boleto,Online
104336,2026-06-21,C0661,Luminária,Escritório,1,259.78,0.1,135.09,MA,Nordeste,PIX,Online
104337,2025-07-31,C1096,Cabo USB,Acessórios,1,67.1,0.05,30.19,TO,Norte,Cartão de débito,Marketplace
104338,2026-05-07,C0799,Teclado,Eletrônicos,3,385.51,0.1,231.31,MA,Nordeste,PIX,Marketplace
104339,2026-06-05,C1891,Mesa,Escritório,3,1523.59,0.15,1036.04,AC,Norte,Cartão de débito,Marketplace
104340,2025-03-03,C1322,Smartphone,Eletrônicos,1,3347.88,0.1,2611.35,PB,Nordeste,Cartão de crédito,Marketplace
104341,2026-04-16,C0494,Hub USB,Acessórios,2,122.91,0.05,67.6,AP,Norte,Cartão de crédito,Marketplace
104342,2025-08-18,C0083,Liquidificador,Casa,1,582.25,0,366.82,RN,Nordeste,Cartão de crédito,Online
104343,2025-05-04,C0824,Liquidificador,Casa,3,316.32,0.05,199.28,PI,Nordeste,Boleto,Marketplace
104344,2026-05-07,C0003,Mouse,Eletrônicos,1,496.06,0.15,287.71,MS,Centro-Oeste,Boleto,Online
104345,2026-03-17,C0873,Cabo USB,Acessórios,2,46.06,0.05,20.73,RR,Norte,PIX,Online
104346,2025-06-11,C2333,Cabo USB,Acessórios,2,93.34,0.1,42.0,RS,Sul,Cartão de crédito,Marketplace
104347,2026-04-18,C1629,Luminária,Escritório,1,356.67,0.1,185.47,SE,Nordeste,Cartão de crédito,Online
104348,2025-11-16,C1010,Mesa,Escritório,4,1034.03,0.2,703.14,BA,Nordeste,Cartão de crédito,Marketplace
104349,2025-11-13,C1725,Carregador,Acessórios,1,146.5,0,73.25,MG,Sudeste,PIX,Marketplace
104350,2026-06-09,C0646,Cabo USB,Acessórios,5,23.58,0,10.61,DF,Centro-Oeste,Cartão de crédito,Marketplace
104351,2025-11-24,C1438,Teclado,Eletrônicos,1,669.2,0.05,401.52,RJ,Sudeste,Cartão de débito,Marketplace
104352,2026-04-28,C0928,Notebook,Eletrônicos,1,2972.73,0.1,2140.37,PA,Norte,Cartão de crédito,Marketplace
104353,2026-03-26,C1784,Suporte para Monitor,Escritório,1,261.49,0.1,143.82,MA,Nordeste,Cartão de débito,Online
104354,2025-06-10,C0467,Aspirador,Casa,2,764.84,0.05,512.44,BA,Nordeste,PIX,Online
104355,2026-05-28,C1780,Headset,Eletrônicos,3,499.77,0.1,309.86,PB,Nordeste,Cartão de crédito,Online
104356,2025-02-02,C1364,Carregador,Acessórios,1,87.36,0,43.68,AP,Norte,Boleto,Marketplace
104357,2026-01-01,C1361,Liquidificador,Casa,3,184.02,0,115.93,ES,Sudeste,Cartão de crédito,Marketplace
104358,2025-12-23,C1497,Notebook,Eletrônicos,5,2529.4,0.2,1821.17,SC,Sul,PIX,Online
104359,2026-06-29,C2019,Suporte para Monitor,Escritório,3,233.47,0,128.41,AP,Norte,Cartão de débito,Marketplace
104360,2025-06-27,C1303,Luminária,Escritório,2,270.94,0.15,140.89,BA,Nordeste,PIX,Marketplace
104361,2025-02-05,C1569,Notebook,Eletrônicos,2,3671.54,0,2643.51,PB,Nordeste,Cartão de crédito,Marketplace
104362,2026-01-07,C0310,Cabo USB,Acessórios,3,36.06,0.15,16.23,PE,Nordeste,PIX,Online
104363,2025-06-26,C1861,Smartphone,Eletrônicos,3,2068.47,0.15,1613.41,RR,Norte,PIX,Online
104364,2026-05-20,C1734,Smartphone,Eletrônicos,2,1447.99,0.15,1129.43,AL,Nordeste,Cartão de crédito,Marketplace
104365,2026-01-21,C0316,Aspirador,Casa,1,1423.14,0.1,953.5,AL,Nordeste,PIX,Online
104366,2025-05-25,C0523,Mouse,Eletrônicos,3,412.16,0.15,239.05,AP,Norte,Boleto,Online
104367,2025-04-08,C0010,Carregador,Acessórios,1,155.61,0,77.81,MS,Centro-Oeste,Boleto,Online
104368,2025-02-14,C2276,Aspirador,Casa,2,1459.3,0,977.73,SE,Nordeste,PIX,Online
104369,2026-02-16,C2111,Mouse,Eletrônicos,1,396.71,0.1,230.09,SP,Sudeste,Cartão de crédito,Online
104370,2026-06-12,C2220,Cadeira,Escritório,3,1716.05,0,1201.23,AM,Norte,Cartão de crédito,Online
104371,2025-01-17,C0789,Aspirador,Casa,1,1140.5,0,764.13,MG,Sudeste,Cartão de crédito,Online
104372,2026-01-21,C0907,Cadeira,Escritório,1,1783.15,0.1,1248.2,PA,Norte,Boleto,Online
104373,2025-04-19,C0967,Headset,Eletrônicos,5,222.91,0.1,138.2,MS,Centro-Oeste,PIX,Marketplace
104374,2025-05-21,C0308,Notebook,Eletrônicos,1,5846.03,0,4209.14,AL,Nordeste,Boleto,Marketplace
104375,2025-05-28,C2072,Aspirador,Casa,1,1132.07,0.1,758.49,PB,Nordeste,Cartão de débito,Marketplace
104376,2025-02-22,C1873,Headset,Eletrônicos,3,350.61,0.05,217.38,MT,Centro-Oeste,PIX,Marketplace
104377,2025-06-26,C1593,Smartphone,Eletrônicos,1,3314.9,0,2585.62,BA,Nordeste,Cartão de crédito,Marketplace
104378,2026-01-14,C1710,Luminária,Escritório,4,193.26,0.1,100.5,ES,Sudeste,Boleto,Marketplace
104379,2026-05-18,C2099,Mesa,Escritório,2,737.73,0,501.66,MS,Centro-Oeste,PIX,Online
104380,2025-08-29,C2054,Liquidificador,Casa,2,481.82,0,303.55,ES,Sudeste,Boleto,Marketplace
104381,2025-02-10,C2165,Mesa,Escritório,1,1801.02,0.1,1224.69,MS,Centro-Oeste,PIX,Online
104382,2025-05-11,C0927,Mouse,Eletrônicos,1,498.39,0.2,289.07,AC,Norte,Boleto,Marketplace
104383,2025-04-07,C0764,Aspirador,Casa,1,1365.75,0.1,915.05,MS,Centro-Oeste,PIX,Marketplace
104384,2025-09-15,C1314,Hub USB,Acessórios,1,106.09,0.1,58.35,RO,Norte,PIX,Online
104385,2025-11-16,C0149,Air Fryer,Casa,1,558.3,0.1,357.31,PE,Nordeste,Cartão de débito,Marketplace
104386,2026-06-28,C1446,Carregador,Acessórios,2,235.58,0,117.79,SC,Sul,Cartão de crédito,Marketplace
104387,2026-01-17,C1561,Suporte para Monitor,Escritório,2,188.89,0.1,103.89,DF,Centro-Oeste,Boleto,Online
104388,2026-03-23,C0669,Cabo USB,Acessórios,1,53.15,0,23.92,RR,Norte,Cartão de débito,Marketplace
104389,2025-08-25,C1042,Cadeira,Escritório,1,911.72,0.1,638.2,RO,Norte,PIX,Marketplace
104390,2025-02-03,C0660,Hub USB,Acessórios,3,252.35,0.1,138.79,PR,Sul,Cartão de crédito,Online
104391,2026-05-25,C0331,Cabo USB,Acessórios,2,22.14,0,9.96,CE,Nordeste,PIX,Online
104392,2026-01-31,C2341,Mouse,Eletrônicos,1,271.03,0.1,157.2,PA,Norte,Cartão de débito,Marketplace
104393,2025-10-16,C1011,Teclado,Eletrônicos,2,121.46,0,72.88,BA,Nordeste,Cartão de crédito,Marketplace
104394,2026-04-25,C2348,Luminária,Escritório,2,364.3,0.05,189.44,PI,Nordeste,PIX,Marketplace
104395,2025-05-20,C0212,Hub USB,Acessórios,2,101.47,0.1,55.81,MG,Sudeste,PIX,Online
104396,2026-06-06,C1026,Air Fryer,Casa,1,627.79,0.05,401.79,RN,Nordeste,Cartão de crédito,Online
104397,2026-04-26,C1949,Cabo USB,Acessórios,2,80.23,0.1,36.1,RS,Sul,PIX,Online
104398,2025-11-29,C0868,Mouse,Eletrônicos,2,475.29,0,275.67,PE,Nordeste,Cartão de débito,Marketplace
104399,2026-05-04,C1848,Hub USB,Acessórios,2,180.32,0,99.18,SE,Nordeste,PIX,Online
104400,2025-04-20,C2135,Headset,Eletrônicos,1,408.21,0,253.09,CE,Nordeste,PIX,Marketplace
104401,2025-08-21,C1551,Monitor,Eletrônicos,1,1114.53,0.1,757.88,RO,Norte,Boleto,Marketplace
104402,2025-01-17,C1169,Headset,Eletrônicos,1,825.16,0.1,511.6,MS,Centro-Oeste,Cartão de débito,Marketplace
104403,2025-11-15,C1832,Carregador,Acessórios,2,61.2,0.05,30.6,RO,Norte,Cartão de débito,Online
104404,2025-12-15,C0989,Carregador,Acessórios,1,177.79,0,88.89,MA,Nordeste,PIX,Marketplace
104405,2026-03-06,C1943,Smartphone,Eletrônicos,2,2159.24,0.1,1684.21,SE,Nordeste,Boleto,Online
104406,2026-06-14,C1780,Carregador,Acessórios,1,132.85,0.15,66.42,BA,Nordeste,PIX,Marketplace
104407,2025-05-19,C0265,Cadeira,Escritório,1,1620.55,0.1,1134.38,SC,Sul,Cartão de débito,Marketplace
104408,2025-03-31,C1151,Monitor,Eletrônicos,1,1589.79,0.05,1081.06,PR,Sul,Boleto,Online
104409,2026-01-24,C1447,Carregador,Acessórios,1,241.99,0.15,121.0,PI,Nordeste,Boleto,Online
104410,2025-06-07,C0554,Hub USB,Acessórios,1,201.03,0.1,110.57,SP,Sudeste,Cartão de crédito,Online
104411,2025-07-02,C2067,Aspirador,Casa,3,1084.76,0.05,726.79,RN,Nordeste,Cartão de débito,Marketplace
104412,2025-11-26,C2001,Smartphone,Eletrônicos,1,2360.78,0,1841.41,MS,Centro-Oeste,Cartão de crédito,Marketplace
104413,2025-04-11,C0058,Cabo USB,Acessórios,2,20.63,0.1,9.28,AM,Norte,PIX,Marketplace
104414,2025-10-07,C0642,Headset,Eletrônicos,2,512.83,0.1,317.95,AM,Norte,PIX,Marketplace
104415,2025-12-24,C0527,Luminária,Escritório,2,341.16,0,177.4,MG,Sudeste,PIX,Online
104416,2025-05-08,C2402,Cabo USB,Acessórios,1,79.44,0,35.75,AM,Norte,Cartão de débito,Marketplace
104417,2025-08-29,C1342,Cafeteira,Casa,1,632.02,0.05,410.81,SE,Nordeste,Boleto,Marketplace
104418,2025-08-06,C1027,Cabo USB,Acessórios,3,82.96,0,37.33,RR,Norte,PIX,Marketplace
104419,2025-02-19,C0848,Cadeira,Escritório,2,518.15,0.1,362.7,MS,Centro-Oeste,Boleto,Online
104420,2025-01-02,C1927,Aspirador,Casa,3,343.77,0.15,230.33,AM,Norte,Cartão de débito,Online
104421,2025-03-29,C2362,Luminária,Escritório,2,234.04,0,121.7,RN,Nordeste,Boleto,Marketplace
104422,2025-10-07,C1944,Hub USB,Acessórios,1,265.83,0.15,146.21,RJ,Sudeste,Boleto,Online
104423,2025-10-24,C0944,Headset,Eletrônicos,1,467.4,0.1,289.79,BA,Nordeste,Cartão de crédito,Online
104424,2025-12-23,C0808,Mouse,Eletrônicos,1,495.35,0.15,287.3,PB,Nordeste,Cartão de débito,Marketplace
104425,2026-06-29,C1825,Cadeira,Escritório,2,2278.91,0.05,1595.24,MA,Nordeste,Cartão de crédito,Marketplace
104426,2025-02-26,C2045,Smartphone,Eletrônicos,1,3754.29,0.1,2928.35,CE,Nordeste,Boleto,Marketplace
104427,2026-03-02,C0295,Aspirador,Casa,1,723.6,0,484.81,RO,Norte,Cartão de débito,Marketplace
104428,2025-04-20,C2348,Air Fryer,Casa,1,902.44,0.15,577.56,MA,Nordeste,Boleto,Marketplace
104429,2025-08-17,C2377,Aspirador,Casa,3,297.81,0,199.53,AM,Norte,PIX,Marketplace
104430,2025-08-11,C0068,Suporte para Monitor,Escritório,1,296.93,0.05,163.31,RO,Norte,Cartão de crédito,Online
104431,2025-03-21,C1593,Mesa,Escritório,1,1112.53,0.05,756.52,AC,Norte,Cartão de crédito,Marketplace
104432,2025-04-21,C0371,Carregador,Acessórios,1,180.81,0.1,90.41,AP,Norte,Cartão de débito,Marketplace
104433,2026-03-02,C1495,Air Fryer,Casa,4,637.91,0.1,408.26,SC,Sul,PIX,Marketplace
104434,2026-04-17,C1921,Cabo USB,Acessórios,2,46.77,0,21.05,MS,Centro-Oeste,Cartão de crédito,Marketplace
104435,2025-07-06,C2408,Smartphone,Eletrônicos,3,2536.72,0.1,1978.64,ES,Sudeste,PIX,Marketplace
104436,2026-05-05,C0039,Headset,Eletrônicos,1,245.47,0,152.19,AP,Norte,Cartão de crédito,Online
104437,2026-02-05,C2087,Mouse,Eletrônicos,2,277.81,0,161.13,SP,Sudeste,Cartão de débito,Online
104438,2026-03-21,C2233,Air Fryer,Casa,3,500.99,0.05,320.63,PI,Nordeste,Cartão de crédito,Online
104439,2026-06-23,C1090,Smartphone,Eletrônicos,1,3501.62,0.05,2731.26,AC,Norte,PIX,Marketplace
104440,2026-04-30,C1785,Smartphone,Eletrônicos,2,4628.77,0,3610.44,DF,Centro-Oeste,Cartão de débito,Online
104441,2026-01-13,C1481,Air Fryer,Casa,3,783.56,0,501.48,PI,Nordeste,Cartão de crédito,Marketplace
104442,2025-01-06,C0620,Cafeteira,Casa,2,746.94,0.15,485.51,SC,Sul,Cartão de débito,Online
104443,2025-05-28,C2225,Mesa,Escritório,3,1243.45,0.05,845.55,PB,Nordeste,Cartão de débito,Marketplace
104444,2025-11-04,C1985,Luminária,Escritório,4,211.37,0.1,109.91,AC,Norte,Boleto,Marketplace
104445,2025-10-11,C1475,Luminária,Escritório,1,225.55,0,117.29,GO,Centro-Oeste,Cartão de débito,Online
104446,2025-05-06,C2256,Notebook,Eletrônicos,4,5040.91,0,3629.46,MT,Centro-Oeste,Cartão de crédito,Marketplace
104447,2026-02-17,C1272,Cadeira,Escritório,3,2383.93,0.1,1668.75,AC,Norte,PIX,Online
104448,2025-11-24,C2170,Notebook,Eletrônicos,1,2505.28,0.15,1803.8,MT,Centro-Oeste,Boleto,Marketplace
104449,2025-09-24,C1039,Hub USB,Acessórios,1,97.46,0,53.6,MT,Centro-Oeste,Boleto,Marketplace
104450,2026-01-29,C1212,Cafeteira,Casa,1,530.49,0.15,344.82,BA,Nordeste,PIX,Marketplace
104451,2025-10-11,C2352,Cabo USB,Acessórios,1,38.31,0.2,17.24,MS,Centro-Oeste,Cartão de débito,Online
104452,2025-06-24,C2057,Luminária,Escritório,1,375.96,0,195.5,SC,Sul,Cartão de débito,Marketplace
104453,2025-07-31,C2251,Liquidificador,Casa,3,359.39,0,226.42,MA,Nordeste,Cartão de crédito,Marketplace
104454,2025-04-29,C2459,Headset,Eletrônicos,1,389.62,0.1,241.56,PE,Nordeste,Boleto,Online
104455,2025-01-28,C1959,Luminária,Escritório,3,285.31,0.05,148.36,DF,Centro-Oeste,Cartão de crédito,Marketplace
104456,2026-05-14,C1847,Mesa,Escritório,1,1952.39,0.05,1327.63,MS,Centro-Oeste,PIX,Online
104457,2026-03-26,C1221,Smartphone,Eletrônicos,1,3882.78,0.05,3028.57,PB,Nordeste,Cartão de débito,Marketplace
104458,2026-06-24,C1434,Carregador,Acessórios,1,211.25,0.05,105.62,DF,Centro-Oeste,PIX,Marketplace
104459,2025-04-30,C1003,Cabo USB,Acessórios,1,70.54,0.05,31.74,PE,Nordeste,,Marketplace
104460,2026-03-22,C0996,Smartphone,Eletrônicos,3,2280.53,0,1778.81,PE,Nordeste,Boleto,Marketplace
104461,2025-10-12,C0971,Hub USB,Acessórios,1,114.72,0,63.1,GO,Centro-Oeste,PIX,Marketplace
104462,2026-01-14,C1571,Cabo USB,Acessórios,3,25.82,0.15,11.62,DF,Centro-Oeste,Cartão de crédito,Marketplace
104463,2026-01-18,C2019,Cadeira,Escritório,2,1837.63,0.1,1286.34,BA,Nordeste,Cartão de débito,Online
104464,2025-01-30,C0245,Monitor,Eletrônicos,1,722.13,0,491.05,AC,Norte,Cartão de crédito,Marketplace
104465,2026-01-24,C1320,Air Fryer,Casa,2,499.07,0,319.4,MS,Centro-Oeste,Cartão de crédito,Online
104466,2025-11-07,C0758,Aspirador,Casa,1,407.11,0.1,272.76,PI,Nordeste,Cartão de crédito,Online
104467,2025-08-28,C1012,Cafeteira,Casa,4,1110.27,0.1,721.68,AP,Norte,Boleto,Marketplace
104468,2025-07-27,C1524,Air Fryer,Casa,3,436.32,0.1,279.24,DF,Centro-Oeste,Boleto,Marketplace
104469,2026-02-10,C0641,Notebook,Eletrônicos,1,5055.83,0,3640.2,RN,Nordeste,Cartão de crédito,Marketplace
104470,2025-11-30,C1928,Hub USB,Acessórios,1,269.1,0,148.01,RO,Norte,Boleto,Online
104471,2026-03-12,C1014,Cabo USB,Acessórios,1,94.56,0.05,42.55,MS,Centro-Oeste,Cartão de débito,Marketplace
104472,2026-02-26,C0112,Suporte para Monitor,Escritório,2,428.67,0.2,235.77,GO,Centro-Oeste,PIX,Marketplace
104473,2025-02-26,C1198,Notebook,Eletrônicos,1,3773.3,0,2716.78,RO,Norte,Cartão de débito,Marketplace
104474,2025-01-28,C0335,Headset,Eletrônicos,1,481.08,0,298.27,SC,Sul,Cartão de débito,Marketplace
104475,2025-06-01,C1838,Mesa,Escritório,1,953.01,0.05,648.05,SP,Sudeste,PIX,Marketplace
104476,2025-12-26,C1743,Smartphone,Eletrônicos,1,1270.75,0.05,991.19,RS,Sul,Boleto,Online
104477,2025-11-20,C2268,Aspirador,Casa,1,1349.09,0.1,903.89,MT,Centro-Oeste,Boleto,Online
104478,2026-05-28,C1246,Carregador,Acessórios,1,115.87,0,57.94,RS,Sul,Cartão de crédito,Marketplace
104479,2026-02-06,C1388,Cafeteira,Casa,2,677.22,0.05,440.19,RS,Sul,PIX,Online
104480,2025-01-25,C1431,Cabo USB,Acessórios,1,35.19,0,15.84,DF,Centro-Oeste,Boleto,Marketplace
104481,2025-03-08,C0527,Headset,Eletrônicos,1,388.18,0.05,240.67,MT,Centro-Oeste,Boleto,Online
104482,2026-05-11,C2133,Headset,Eletrônicos,4,318.3,0.05,197.35,TO,Norte,Cartão de débito,Online
104483,2025-06-24,C1271,Liquidificador,Casa,1,347.1,0.05,218.67,SP,Sudeste,Boleto,Online
104484,2026-06-26,C1524,Monitor,Eletrônicos,1,760.01,0.05,516.81,PA,Norte,Cartão de débito,Marketplace
104485,2025-05-07,C1735,Carregador,Acessórios,1,89.79,0.05,44.9,MA,Nordeste,Boleto,Online
104486,2026-05-02,C1970,Suporte para Monitor,Escritório,1,567.02,0.05,311.86,SE,Nordeste,Cartão de débito,Marketplace
104487,2025-04-13,C0013,Liquidificador,Casa,1,477.62,0.1,300.9,SE,Nordeste,Boleto,Online
104488,2025-01-13,C1203,Mesa,Escritório,1,925.14,0.1,629.1,AC,Norte,Cartão de crédito,Online
104489,2025-11-30,C2166,Cadeira,Escritório,1,922.46,0.05,645.72,CE,Nordeste,PIX,Marketplace
104490,2025-02-17,C2157,Mouse,Eletrônicos,1,201.01,0,116.59,RR,Norte,PIX,Online
104491,2025-03-02,C1913,Mesa,Escritório,2,1898.11,0,1290.71,BA,Nordeste,Cartão de crédito,Marketplace
104492,2025-01-15,C2143,Suporte para Monitor,Escritório,2,314.06,0.1,172.73,ES,Sudeste,Cartão de crédito,Marketplace
104493,2026-01-27,C1789,Mesa,Escritório,1,1436.65,0,976.92,PE,Nordeste,Boleto,Marketplace
104494,2025-02-13,C0170,Monitor,Eletrônicos,3,1261.4,0.05,857.75,MG,Sudeste,Cartão de débito,Online
104495,2025-01-24,C1664,Hub USB,Acessórios,3,205.55,0.1,113.05,AM,Norte,Boleto,Marketplace
104496,2025-09-05,C1361,Liquidificador,Casa,1,287.18,0.1,180.92,AM,Norte,Cartão de crédito,Online
104497,2025-08-05,C2304,Suporte para Monitor,Escritório,1,246.44,0,135.54,SC,Sul,PIX,Marketplace
104498,2026-06-07,C0399,Cadeira,Escritório,1,1547.96,0,1083.57,PB,Nordeste,Cartão de crédito,Marketplace
104499,2025-09-24,C1115,Headset,Eletrônicos,2,803.98,0.1,498.47,TO,Norte,Boleto,Marketplace
104500,2025-02-06,C0167,Air Fryer,Casa,2,481.89,0,308.41,RO,Norte,Cartão de crédito,Marketplace
104501,2026-05-23,C0679,Luminária,Escritório,3,113.44,0,58.99,MS,Centro-Oeste,Boleto,Online
104502,2025-02-22,C2313,Cabo USB,Acessórios,2,95.62,0,43.03,PI,Nordeste,Cartão de crédito,Online
104503,2026-02-21,C2185,Suporte para Monitor,Escritório,3,151.32,0.15,83.23,BA,Nordeste,PIX,Marketplace
104504,2025-07-04,C2251,Teclado,Eletrônicos,1,138.25,0.05,82.95,MA,Nordeste,,Marketplace
104505,2025-06-07,C1515,Suporte para Monitor,Escritório,1,155.85,0.15,85.72,BA,Nordeste,Boleto,Online
104506,2026-03-28,C1649,Mouse,Eletrônicos,2,270.02,0,156.61,SC,Sul,PIX,Marketplace
104507,2026-05-16,C1148,Liquidificador,Casa,1,386.58,0.1,243.55,AM,Norte,Boleto,Online
104508,2025-08-26,C0904,Cabo USB,Acessórios,1,46.95,0.05,21.13,AL,Nordeste,Cartão de crédito,Marketplace
104509,2026-01-27,C0338,Headset,Eletrônicos,1,831.17,0,515.33,RJ,Sudeste,Boleto,Marketplace
104510,2025-09-29,C1076,Monitor,Eletrônicos,2,1365.96,0.05,928.85,CE,Nordeste,PIX,Online
104511,2025-10-20,C1512,Luminária,Escritório,1,291.16,0.1,151.4,RR,Norte,Cartão de crédito,Online
104512,2025-02-15,C1042,Cabo USB,Acessórios,2,58.81,0.05,26.46,SP,Sudeste,Cartão de débito,Online
104513,2025-09-10,C2434,Cabo USB,Acessórios,1,46.02,0,20.71,SC,Sul,Boleto,Marketplace
104514,2026-05-13,C1153,Notebook,Eletrônicos,2,2923.73,0.05,2105.09,AP,Norte,PIX,Online
104515,2026-03-22,C0508,Headset,Eletrônicos,1,293.46,0,181.95,PB,Nordeste,PIX,Marketplace
104516,2025-07-22,C0588,Smartphone,Eletrônicos,3,2720.97,0,2122.36,RJ,Sudeste,Cartão de débito,Marketplace
104517,2026-01-04,C1412,Teclado,Eletrônicos,1,106.23,0.1,63.74,PE,Nordeste,Cartão de débito,Marketplace
104518,2026-05-08,C1390,Mouse,Eletrônicos,1,248.82,0.05,144.32,AM,Norte,Cartão de crédito,Marketplace
104519,2025-06-26,C0055,Carregador,Acessórios,1,144.16,0,72.08,RS,Sul,Cartão de débito,Marketplace
104520,2025-07-08,C0868,Monitor,Eletrônicos,1,2385.34,0.1,1622.03,BA,Nordeste,Cartão de débito,Marketplace
104521,2025-06-12,C1849,Hub USB,Acessórios,1,114.02,0.05,62.71,SE,Nordeste,Boleto,Marketplace
104522,2025-10-26,C1780,Cabo USB,Acessórios,3,46.86,0.05,21.09,GO,Centro-Oeste,Cartão de crédito,Marketplace
104523,2026-04-03,C1876,Suporte para Monitor,Escritório,2,391.78,0,215.48,MS,Centro-Oeste,PIX,Marketplace
104524,2025-03-16,C0825,Cafeteira,Casa,1,546.58,0.15,355.28,SC,Sul,Boleto,Marketplace
104525,2025-09-24,C2473,Carregador,Acessórios,4,50.92,0.1,25.46,BA,Nordeste,Boleto,Marketplace
104526,2026-05-29,C0858,Cabo USB,Acessórios,2,22.54,0,10.14,ES,Sudeste,Cartão de débito,Online
104527,2026-04-06,C2445,Hub USB,Acessórios,1,133.53,0,73.44,RS,Sul,Cartão de débito,Online
104528,2025-04-15,C1307,Cafeteira,Casa,2,864.75,0.15,562.09,ES,Sudeste,Cartão de crédito,Online
104529,2026-02-17,C1146,Suporte para Monitor,Escritório,1,105.67,0,58.12,PR,Sul,Cartão de crédito,Online
104530,2026-05-28,C2165,Air Fryer,Casa,3,816.32,0.1,522.44,PB,Nordeste,Cartão de débito,Online
104531,2025-12-29,C1131,Teclado,Eletrônicos,2,567.71,0,340.63,PI,Nordeste,Cartão de crédito,Marketplace
104532,2025-09-09,C1066,Hub USB,Acessórios,3,269.26,0.05,148.09,RJ,Sudeste,Cartão de crédito,Marketplace
104533,2025-01-13,C2049,Luminária,Escritório,1,138.67,0.1,72.11,PB,Nordeste,Cartão de crédito,Marketplace
104534,2025-02-08,C0579,Suporte para Monitor,Escritório,1,594.43,0,326.94,PR,Sul,PIX,Marketplace
104535,2025-05-29,C1380,Mouse,Eletrônicos,1,408.36,0.2,236.85,PR,Sul,Boleto,Online
104536,2025-12-12,C0177,Air Fryer,Casa,4,387.76,0,248.17,CE,Nordeste,Cartão de crédito,Online
104537,2026-05-07,C2384,Cadeira,Escritório,1,1803.22,0.05,1262.25,RO,Norte,Cartão de crédito,Online
104538,2025-12-29,C0754,Hub USB,Acessórios,3,172.98,0.05,95.14,PB,Nordeste,Cartão de crédito,Online
104539,2025-04-06,C1603,Luminária,Escritório,2,339.05,0.15,176.31,ES,Sudeste,PIX,Online
104540,2025-08-20,C1930,Cabo USB,Acessórios,5,24.31,0.1,10.94,SE,Nordeste,Cartão de crédito,Marketplace
104541,2025-01-19,C0799,Cafeteira,Casa,2,802.77,0.2,521.8,SP,Sudeste,Cartão de crédito,Marketplace
104542,2025-07-01,C1630,Suporte para Monitor,Escritório,2,341.19,0.1,187.65,AM,Norte,PIX,Marketplace
104543,2026-06-10,C1337,Liquidificador,Casa,3,335.46,0.05,211.34,MT,Centro-Oeste,Cartão de débito,Online
104544,2025-06-22,C1892,Air Fryer,Casa,1,382.04,0,244.51,SC,Sul,Cartão de débito,Online
104545,2025-05-19,C2355,Headset,Eletrônicos,1,659.25,0.2,408.74,MA,Nordeste,PIX,Online
104546,2025-10-31,C2428,Teclado,Eletrônicos,2,573.18,0.05,343.91,CE,Nordeste,Boleto,Marketplace
104547,2025-08-29,C0350,Liquidificador,Casa,1,312.87,0,197.11,DF,Centro-Oeste,PIX,Marketplace
104548,2025-02-28,C1948,Monitor,Eletrônicos,3,2196.08,0.05,1493.33,AC,Norte,PIX,Marketplace
104549,2026-02-14,C1684,Cafeteira,Casa,5,1035.84,0,673.3,TO,Norte,PIX,Marketplace
104550,2025-01-18,C1148,Mesa,Escritório,3,937.89,0,637.77,PI,Nordeste,PIX,Online
104551,2026-05-27,C1904,Notebook,Eletrônicos,4,4659.75,0,3355.02,RS,Sul,Cartão de crédito,Marketplace
104552,2025-04-08,C0319,Mouse,Eletrônicos,2,401.67,0.2,232.97,RO,Norte,Cartão de crédito,Marketplace
104553,2025-08-03,C0969,Cafeteira,Casa,1,957.36,0.1,622.28,MS,Centro-Oeste,Boleto,Marketplace
104554,2025-04-29,C0200,Notebook,Eletrônicos,1,3919.97,0,2822.38,DF,Centro-Oeste,Cartão de débito,Online
104555,2025-07-10,C0030,Cadeira,Escritório,3,1369.56,0.2,958.69,RR,Norte,Boleto,Online
104556,2025-03-21,C1589,Cafeteira,Casa,2,330.45,0.05,214.79,TO,Norte,Cartão de débito,Online
104557,2026-01-24,C0388,Teclado,Eletrônicos,1,732.9,0.2,439.74,RS,Sul,Cartão de crédito,Online
104558,2026-05-02,C0352,Smartphone,Eletrônicos,2,1484.3,0.1,1157.75,CE,Nordeste,PIX,Marketplace
104559,2025-02-17,C1370,Aspirador,Casa,2,1004.65,0.1,673.12,PB,Nordeste,Cartão de crédito,Online
104560,2025-01-06,C1363,Notebook,Eletrônicos,1,4043.42,0.1,2911.26,AM,Norte,PIX,Online
104561,2025-08-20,C1495,Luminária,Escritório,2,107.85,0.1,56.08,BA,Nordeste,PIX,Online
104562,2025-04-23,C0983,Aspirador,Casa,2,285.16,0.1,191.06,RR,Norte,Boleto,Marketplace
104563,2025-02-25,C1626,Teclado,Eletrônicos,1,619.74,0,371.84,CE,Nordeste,Cartão de débito,Online
104564,2026-04-02,C1804,Mesa,Escritório,1,529.85,0,360.3,MG,Sudeste,PIX,Marketplace
104565,2026-05-26,C1381,Smartphone,Eletrônicos,1,1514.02,0.05,1180.94,PA,Norte,Boleto,Marketplace
104566,2026-02-08,C0500,Headset,Eletrônicos,1,498.44,0.15,309.03,DF,Centro-Oeste,Cartão de crédito,Marketplace
104567,2025-04-12,C1956,Air Fryer,Casa,4,522.07,0.2,334.12,RJ,Sudeste,Cartão de crédito,Marketplace
104568,2025-09-27,C0476,Headset,Eletrônicos,1,676.29,0.05,419.3,PB,Nordeste,PIX,Marketplace
104569,2025-08-11,C0305,Cabo USB,Acessórios,3,94.82,0.05,42.67,AC,Norte,Boleto,Marketplace
104570,2025-01-01,C1679,Smartphone,Eletrônicos,1,2284.71,0.15,1782.07,MA,Nordeste,Cartão de crédito,Marketplace
104571,2025-01-06,C0787,Hub USB,Acessórios,1,276.41,0.1,152.03,RR,Norte,Cartão de crédito,Marketplace
104572,2025-04-02,C1891,Suporte para Monitor,Escritório,1,152.13,0.1,83.67,MG,Sudeste,Cartão de crédito,Online
104573,2026-04-08,C0874,Mouse,Eletrônicos,1,439.98,0.1,255.19,GO,Centro-Oeste,Cartão de crédito,Marketplace
104574,2025-01-31,C1002,Headset,Eletrônicos,4,502.6,0.05,311.61,TO,Norte,Boleto,Marketplace
104575,2025-02-01,C0261,Notebook,Eletrônicos,2,4829.96,0.15,3477.57,AC,Norte,PIX,Marketplace
104576,2026-02-13,C0235,Mouse,Eletrônicos,2,446.72,0.05,259.1,PR,Sul,PIX,Online
104577,2026-03-08,C1148,Teclado,Eletrônicos,1,633.61,0,380.17,PA,Norte,Cartão de crédito,Online
104578,2026-04-30,C1299,Aspirador,Casa,3,1073.6,0.15,719.31,PR,Sul,PIX,Online
104579,2025-08-23,C0256,Mouse,Eletrônicos,2,455.71,0.15,264.31,PR,Sul,Cartão de crédito,Online
104580,2026-06-08,C1072,Luminária,Escritório,1,151.78,0.1,78.93,DF,Centro-Oeste,PIX,Online
104581,2025-06-02,C0976,Cadeira,Escritório,1,1878.89,0.05,1315.22,PR,Sul,Cartão de crédito,Marketplace
104582,2026-03-11,C1054,Liquidificador,Casa,1,485.4,0,305.8,AL,Nordeste,PIX,Marketplace
104583,2026-03-17,C0139,Notebook,Eletrônicos,2,4759.51,0,3426.85,ES,Sudeste,Cartão de débito,Marketplace
104584,2025-08-18,C1191,Teclado,Eletrônicos,2,619.98,0.1,371.99,AM,Norte,Cartão de crédito,Online
104585,2025-02-16,C1981,Hub USB,Acessórios,1,206.85,0.1,113.77,MA,Nordeste,Boleto,Marketplace
104586,2025-04-25,C2284,Monitor,Eletrônicos,3,1648.4,0.2,1120.91,PE,Nordeste,Cartão de crédito,Marketplace
104587,2025-10-18,C2001,Aspirador,Casa,1,872.89,0,584.84,RO,Norte,Cartão de débito,Marketplace
104588,2025-09-12,C1770,Hub USB,Acessórios,2,185.12,0,101.82,AL,Nordeste,PIX,Online
104589,2025-09-05,C0314,Mesa,Escritório,2,1746.77,0.05,1187.8,MA,Nordeste,Cartão de crédito,Marketplace
104590,2025-08-08,C1941,Notebook,Eletrônicos,1,5691.78,0,4098.08,MA,Nordeste,Boleto,Marketplace
104591,2025-01-19,C1469,Aspirador,Casa,1,276.56,0.1,185.3,PA,Norte,PIX,Online
104592,2026-05-10,C2337,Mesa,Escritório,1,507.87,0,345.35,AC,Norte,Cartão de débito,Marketplace
104593,2026-06-02,C0204,Suporte para Monitor,Escritório,1,202.74,0.15,111.51,DF,Centro-Oeste,Cartão de débito,Marketplace
104594,2026-03-13,C0389,Smartphone,Eletrônicos,1,2385.32,0,1860.55,RR,Norte,Boleto,Online
104595,2026-06-10,C0107,Hub USB,Acessórios,1,197.2,0.1,108.46,AM,Norte,Cartão de crédito,Marketplace
104596,2025-07-26,C0365,Carregador,Acessórios,2,80.02,0.1,40.01,ES,Sudeste,Boleto,Marketplace
104597,2025-06-02,C0657,Mouse,Eletrônicos,1,481.34,0,279.18,RN,Nordeste,Boleto,Marketplace
104598,2025-12-21,C0010,Mouse,Eletrônicos,3,377.55,0,218.98,PB,Nordeste,Boleto,Online
104599,2025-06-29,C1887,Luminária,Escritório,2,386.55,0,201.01,RS,Sul,PIX,Online
104600,2026-05-22,C0773,Hub USB,Acessórios,1,149.42,0.05,82.18,RO,Norte,Boleto,Marketplace
104601,2025-04-14,C1268,Headset,Eletrônicos,2,158.9,0,98.52,MG,Sudeste,Boleto,Online
104602,2025-09-25,C0459,Hub USB,Acessórios,1,191.8,0,105.49,RO,Norte,PIX,Online
104603,2025-02-21,C1349,Cadeira,Escritório,5,771.88,0.2,540.32,RR,Norte,PIX,Online
104604,2026-01-08,C1471,Notebook,Eletrônicos,2,5087.17,0.05,3662.76,PI,Nordeste,Cartão de débito,Marketplace
104605,2025-07-06,C2002,Liquidificador,Casa,1,400.79,0.05,252.5,BA,Nordeste,Cartão de crédito,Marketplace
104606,2025-05-11,C2388,Smartphone,Eletrônicos,1,1957.41,0,1526.78,PA,Norte,Cartão de crédito,Online
104607,2025-02-21,C0438,Cafeteira,Casa,1,528.17,0.05,343.31,AP,Norte,Cartão de crédito,Online
104608,2026-02-19,C2363,Aspirador,Casa,1,906.59,0.1,607.42,CE,Nordeste,Cartão de crédito,Online
104609,2025-05-23,C0517,Cafeteira,Casa,1,1056.1,0.15,686.46,MT,Centro-Oeste,Boleto,Online
104610,2025-11-26,C1944,Carregador,Acessórios,1,203.63,0.1,101.81,MS,Centro-Oeste,PIX,Online
104611,2025-09-12,C1967,Teclado,Eletrônicos,1,468.75,0.05,281.25,SE,Nordeste,Cartão de débito,Marketplace
104612,2025-05-07,C0923,Headset,Eletrônicos,4,233.7,0.1,144.89,AC,Norte,Cartão de débito,Online
104613,2025-02-25,C2113,Suporte para Monitor,Escritório,1,597.76,0.05,328.77,SE,Nordeste,Cartão de crédito,Marketplace
104614,2025-08-26,C0306,Teclado,Eletrônicos,4,689.72,0,413.83,RO,Norte,Cartão de débito,Online
104615,2026-03-31,C1140,Cafeteira,Casa,5,637.67,0.1,414.49,BA,Nordeste,Cartão de crédito,Online
104616,2025-08-02,C1825,Air Fryer,Casa,1,475.15,0,304.1,SC,Sul,PIX,Marketplace
104617,2025-11-12,C0128,Cadeira,Escritório,1,1476.56,0.2,1033.59,SP,Sudeste,PIX,Online
104618,2025-11-26,C2080,Mesa,Escritório,1,1766.49,0.15,1201.21,MT,Centro-Oeste,Cartão de crédito,Online
104619,2025-01-29,C2275,Carregador,Acessórios,3,162.93,0.1,81.47,GO,Centro-Oeste,PIX,Online
104620,2025-10-15,C2016,Mouse,Eletrônicos,1,489.62,0.1,283.98,MA,Nordeste,Boleto,Marketplace
104621,2026-04-21,C0288,Air Fryer,Casa,5,598.32,0,382.92,MA,Nordeste,Cartão de débito,Online
104622,2026-04-02,C0067,Monitor,Eletrônicos,1,1448.97,0.15,985.3,MG,Sudeste,Boleto,Online
104623,2025-04-03,C0410,Air Fryer,Casa,2,990.84,0.1,634.14,RO,Norte,Cartão de crédito,Online
104624,2025-12-12,C0903,Cadeira,Escritório,1,989.81,0,692.87,ES,Sudeste,Cartão de débito,Marketplace
104625,2025-08-24,C1998,Monitor,Eletrônicos,1,838.91,0.05,570.46,AP,Norte,Cartão de débito,Marketplace
104626,2025-01-29,C1697,Cafeteira,Casa,1,738.45,0,479.99,MG,Sudeste,Cartão de crédito,Marketplace
104627,2026-06-14,C0531,Mesa,Escritório,1,630.21,0,428.54,SC,Sul,PIX,Marketplace
104628,2025-05-11,C1223,Liquidificador,Casa,1,249.61,0.05,157.25,PR,Sul,PIX,Marketplace
104629,2026-03-11,C1346,Monitor,Eletrônicos,3,1735.96,0.1,1180.45,MA,Nordeste,Cartão de débito,Marketplace
104630,2025-05-03,C0530,Cabo USB,Acessórios,1,56.02,0,25.21,AC,Norte,Cartão de crédito,Marketplace
104631,2025-01-24,C0960,Hub USB,Acessórios,1,294.57,0,162.01,MT,Centro-Oeste,Cartão de crédito,Marketplace
104632,2025-10-12,C1319,Aspirador,Casa,1,1439.33,0.05,964.35,AC,Norte,Cartão de crédito,Marketplace
104633,2025-10-29,C0760,Aspirador,Casa,1,643.24,0,430.97,AM,Norte,PIX,Online
104634,2025-11-30,C1720,Mesa,Escritório,1,1979.1,0,1345.79,RR,Norte,Cartão de débito,Online
104635,2026-02-08,C2042,Teclado,Eletrônicos,2,520.99,0.05,312.59,BA,Nordeste,Cartão de crédito,Online
104636,2025-08-18,C1055,Smartphone,Eletrônicos,3,1313.75,0.15,1024.73,PB,Nordeste,Cartão de crédito,Marketplace
104637,2025-01-20,C2339,Hub USB,Acessórios,1,136.07,0.1,74.84,AL,Nordeste,PIX,Marketplace
104638,2025-09-21,C0023,Carregador,Acessórios,4,52.71,0.15,26.36,MG,Sudeste,Cartão de crédito,Marketplace
104639,2025-09-18,C1470,Luminária,Escritório,1,227.83,0.05,118.47,RS,Sul,PIX,Marketplace
104640,2025-06-24,C1480,Mesa,Escritório,1,851.29,0.15,578.88,MS,Centro-Oeste,Cartão de débito,Marketplace
104641,2026-03-12,C0552,Suporte para Monitor,Escritório,1,311.03,0,171.07,RS,Sul,Cartão de crédito,Marketplace
104642,2025-03-23,C0366,Cadeira,Escritório,5,724.21,0.1,506.95,ES,Sudeste,Boleto,Marketplace
104643,2026-01-17,C0246,Headset,Eletrônicos,2,238.13,0.05,147.64,DF,Centro-Oeste,Cartão de crédito,Marketplace
104644,2025-04-22,C1386,Air Fryer,Casa,4,607.43,0.1,388.76,RJ,Sudeste,Boleto,Marketplace
104645,2026-03-20,C1125,Smartphone,Eletrônicos,1,4215.81,0.15,3288.33,AC,Norte,Boleto,Online
104646,2025-02-10,C0937,Teclado,Eletrônicos,2,209.42,0,125.65,MS,Centro-Oeste,Boleto,Marketplace
104647,2025-03-01,C0665,Hub USB,Acessórios,1,291.95,0,160.57,GO,Centro-Oeste,PIX,Marketplace
104648,2026-01-24,C2432,Aspirador,Casa,1,706.84,0.15,473.58,GO,Centro-Oeste,Cartão de débito,Marketplace
104649,2025-03-28,C2222,Liquidificador,Casa,1,364.07,0.1,229.36,RJ,Sudeste,Cartão de débito,Marketplace
104650,2025-10-06,C1143,Mouse,Eletrônicos,2,472.09,0.05,273.81,RO,Norte,Cartão de débito,Marketplace
104651,2025-04-05,C1091,Cadeira,Escritório,3,1098.67,0.05,769.07,MS,Centro-Oeste,PIX,Online
104652,2025-11-13,C1575,Notebook,Eletrônicos,1,5162.59,0.05,3717.06,RN,Nordeste,Cartão de débito,Online
104653,2026-05-31,C2025,Liquidificador,Casa,2,429.13,0.05,270.35,BA,Nordeste,Boleto,Marketplace
104654,2026-03-05,C1044,Hub USB,Acessórios,3,183.4,0,100.87,GO,Centro-Oeste,Cartão de crédito,Marketplace
104655,2025-10-08,C0607,Air Fryer,Casa,1,694.03,0.15,444.18,SE,Nordeste,Cartão de crédito,Marketplace
104656,2026-04-03,C1256,Mouse,Eletrônicos,1,418.83,0.05,242.92,RO,Norte,Boleto,Online
104657,2025-05-04,C2464,Smartphone,Eletrônicos,1,2459.12,0.05,1918.11,PE,Nordeste,Cartão de débito,Marketplace
104658,2025-04-26,C1837,Cafeteira,Casa,1,779.37,0.1,506.59,SP,Sudeste,PIX,Marketplace
104659,2025-11-23,C2356,Cabo USB,Acessórios,1,70.27,0.1,31.62,AL,Nordeste,Cartão de débito,Marketplace
104660,2025-02-17,C1242,Hub USB,Acessórios,3,252.72,0.05,139.0,PI,Nordeste,Cartão de crédito,Marketplace
104661,2025-12-30,C1845,Monitor,Eletrônicos,3,1542.53,0.15,1048.92,PR,Sul,PIX,Online
104662,2026-01-04,C1510,Smartphone,Eletrônicos,4,2024.19,0,1578.87,AM,Norte,PIX,Marketplace
104663,2025-05-16,C1517,Cadeira,Escritório,1,1759.86,0.05,1231.9,PE,Nordeste,PIX,Marketplace
104664,2025-12-11,C1940,Cadeira,Escritório,1,2166.89,0.1,1516.82,AL,Nordeste,Cartão de débito,Online
104665,2025-10-06,C0753,Cadeira,Escritório,1,2309.36,0,1616.55,MS,Centro-Oeste,PIX,Online
104666,2026-04-06,C0658,Notebook,Eletrônicos,1,5068.06,0,3649.0,AM,Norte,Cartão de débito,Marketplace
104667,2025-12-01,C2079,Suporte para Monitor,Escritório,3,348.99,0.15,191.94,MT,Centro-Oeste,PIX,Online
104668,2026-02-17,C0094,Luminária,Escritório,1,376.04,0.1,195.54,MT,Centro-Oeste,Cartão de crédito,Online
104669,2026-03-22,C1255,Cabo USB,Acessórios,1,33.8,0.15,15.21,DF,Centro-Oeste,PIX,Online
104670,2025-02-17,C0232,Mesa,Escritório,4,1365.05,0.05,928.23,ES,Sudeste,Boleto,Marketplace
104671,2026-05-05,C2031,Air Fryer,Casa,3,626.92,0.05,401.23,PR,Sul,PIX,Marketplace
104672,2026-03-07,C1180,Teclado,Eletrônicos,2,145.24,0,87.14,RS,Sul,Boleto,Marketplace
104673,2026-04-28,C0712,Notebook,Eletrônicos,1,3115.76,0,2243.35,RN,Nordeste,Cartão de crédito,Marketplace
104674,2026-05-03,C2172,Luminária,Escritório,1,279.96,0,145.58,MG,Sudeste,Boleto,Online
104675,2026-06-21,C0260,Notebook,Eletrônicos,1,5139.75,0.1,3700.62,TO,Norte,Cartão de crédito,Online
104676,2026-05-07,C1228,Cafeteira,Casa,1,1031.2,0.05,670.28,RO,Norte,Cartão de débito,Marketplace
104677,2025-04-11,C2262,Liquidificador,Casa,1,454.42,0.1,286.28,AM,Norte,PIX,Online
104678,2025-06-28,C2345,Teclado,Eletrônicos,3,394.37,0,236.62,BA,Nordeste,Cartão de crédito,Online
104679,2026-04-19,C2456,Mouse,Eletrônicos,3,190.53,0.15,110.51,MS,Centro-Oeste,PIX,Online
104680,2025-05-29,C0113,Smartphone,Eletrônicos,3,4305.6,0.05,3358.37,AC,Norte,Cartão de crédito,Marketplace
104681,2026-03-19,C1773,Suporte para Monitor,Escritório,2,226.9,0,124.8,CE,Nordeste,Cartão de débito,Online
104682,2026-01-01,C1176,Hub USB,Acessórios,3,196.58,0,108.12,BA,Nordeste,Boleto,Marketplace
104683,2025-11-10,C2253,Air Fryer,Casa,2,527.15,0.1,337.38,SP,Sudeste,Cartão de débito,Marketplace
104684,2025-05-20,C0325,Hub USB,Acessórios,5,206.6,0.1,113.63,RN,Nordeste,Cartão de débito,Marketplace
104685,2025-12-04,C1444,Monitor,Eletrônicos,1,1464.13,0.1,995.61,PR,Sul,PIX,Marketplace
104686,2025-09-09,C1909,Carregador,Acessórios,1,240.83,0.1,120.42,AP,Norte,Boleto,Online
104687,2026-06-24,C2333,Carregador,Acessórios,3,222.12,0,111.06,SC,Sul,Boleto,Marketplace
104688,2026-06-03,C1998,Headset,Eletrônicos,1,523.4,0.05,324.51,DF,Centro-Oeste,Cartão de crédito,Online
104689,2025-01-19,C1815,Liquidificador,Casa,1,538.55,0.1,339.29,DF,Centro-Oeste,Boleto,Marketplace
104690,2025-07-07,C1154,Cadeira,Escritório,1,1133.49,0,793.44,PA,Norte,Cartão de crédito,Online
104691,2025-10-20,C0083,Notebook,Eletrônicos,1,4965.28,0,3575.0,RR,Norte,Cartão de crédito,Online
104692,2025-10-14,C1022,Mouse,Eletrônicos,2,184.37,0,106.93,SC,Sul,Boleto,Marketplace
104693,2026-06-26,C0409,Cabo USB,Acessórios,1,51.65,0.1,23.24,MA,Nordeste,Cartão de crédito,Online
104694,2026-01-14,C0857,Cafeteira,Casa,3,861.72,0,560.12,ES,Sudeste,PIX,Marketplace
104695,2026-02-10,C1815,Mesa,Escritório,3,1927.03,0,1310.38,BA,Nordeste,Boleto,Online
104696,2025-03-09,C1889,Monitor,Eletrônicos,1,1043.0,0.15,709.24,SE,Nordeste,PIX,Marketplace
104697,2026-05-27,C0956,Notebook,Eletrônicos,1,5803.02,0.1,4178.17,RO,Norte,Boleto,Online
104698,2025-08-07,C0967,Cabo USB,Acessórios,3,58.49,0.1,26.32,MG,Sudeste,Cartão de crédito,Online
104699,2025-10-24,C2318,Teclado,Eletrônicos,1,209.54,0.1,125.72,MT,Centro-Oeste,Cartão de débito,Online
104700,2025-01-16,C0001,Aspirador,Casa,1,510.9,0.05,342.3,PE,Nordeste,Boleto,Marketplace
104701,2025-06-25,C1283,Monitor,Eletrônicos,3,2456.53,0,1670.44,MA,Nordeste,Cartão de crédito,Marketplace
104702,2025-03-27,C0263,Hub USB,Acessórios,3,236.47,0,130.06,RR,Norte,Cartão de crédito,Marketplace
104703,2025-02-23,C0340,Cadeira,Escritório,3,1992.72,0.15,1394.9,RO,Norte,Cartão de crédito,Marketplace
104704,2025-03-01,C0619,Luminária,Escritório,1,272.14,0,141.51,RO,Norte,PIX,Marketplace
104705,2026-03-24,C1709,Hub USB,Acessórios,1,152.01,0.15,83.61,TO,Norte,PIX,Marketplace
104706,2025-11-21,C1935,Mouse,Eletrônicos,1,431.7,0,250.39,CE,Nordeste,Boleto,Marketplace
104707,2026-02-01,C2420,Monitor,Eletrônicos,3,1893.26,0.1,1287.42,AL,Nordeste,Cartão de crédito,Marketplace
104708,2025-09-22,C0434,Cadeira,Escritório,2,818.72,0.1,573.1,ES,Sudeste,Cartão de crédito,Marketplace
104709,2026-01-27,C0228,Teclado,Eletrônicos,1,489.44,0.15,293.66,MS,Centro-Oeste,Boleto,Marketplace
104710,2026-05-17,C0173,Mesa,Escritório,2,1042.39,0.1,708.83,RN,Nordeste,PIX,Online
104711,2025-10-05,C1187,Aspirador,Casa,1,623.75,0.2,417.91,AC,Norte,Cartão de débito,Marketplace
104712,2026-02-19,C2023,Mouse,Eletrônicos,2,87.89,0.05,50.98,RO,Norte,PIX,Online
104713,2025-12-03,C0508,Smartphone,Eletrônicos,1,3676.33,0.1,2867.54,AP,Norte,Cartão de débito,Marketplace
104714,2025-09-16,C1820,Carregador,Acessórios,1,78.6,0,39.3,AC,Norte,Cartão de crédito,Marketplace
104715,2025-01-06,C1824,Mouse,Eletrônicos,4,356.98,0,207.05,AM,Norte,Cartão de crédito,Online
104716,2025-03-21,C1085,Luminária,Escritório,1,195.18,0.05,101.49,PA,Norte,Cartão de débito,Marketplace
104717,2026-02-25,C0430,Suporte para Monitor,Escritório,2,256.44,0,141.04,SE,Nordeste,Cartão de crédito,Marketplace
104718,2025-01-30,C2025,Monitor,Eletrônicos,1,844.59,0.1,574.32,SE,Nordeste,PIX,Online
104719,2025-01-06,C1839,Notebook,Eletrônicos,3,4437.59,0,3195.06,CE,Nordeste,PIX,Marketplace
104720,2026-03-24,C0421,Cabo USB,Acessórios,1,54.23,0.05,24.4,RR,Norte,Cartão de crédito,Marketplace
104721,2026-05-15,C0538,Luminária,Escritório,2,273.32,0,142.13,TO,Norte,Cartão de débito,Online
104722,2025-05-01,C1061,Liquidificador,Casa,1,576.33,0.05,363.09,PR,Sul,Cartão de crédito,Marketplace
104723,2026-04-09,C0724,Headset,Eletrônicos,2,616.62,0.05,382.3,RS,Sul,Boleto,Marketplace
104724,2025-02-25,C2146,Aspirador,Casa,2,377.82,0.1,253.14,MG,Sudeste,PIX,Marketplace
104725,2026-04-22,C1602,Liquidificador,Casa,2,526.74,0.2,331.85,MT,Centro-Oeste,Cartão de crédito,Online
104726,2025-06-19,C1402,Headset,Eletrônicos,2,748.2,0,463.88,RS,Sul,Boleto,Online
104727,2025-02-09,C0610,Notebook,Eletrônicos,1,5383.31,0,3875.98,RJ,Sudeste,Boleto,Online
104728,2026-02-12,C0987,Monitor,Eletrônicos,1,1107.67,0.05,753.22,MA,Nordeste,PIX,Online
104729,2025-05-07,C1604,Cadeira,Escritório,1,1257.57,0,880.3,RO,Norte,Boleto,Online
104730,2025-12-22,C2219,Suporte para Monitor,Escritório,3,561.85,0.1,309.02,RN,Nordeste,Cartão de crédito,Online
104731,2025-09-07,C1539,Mesa,Escritório,1,700.81,0,476.55,MG,Sudeste,Cartão de débito,Online
104732,2025-10-10,C1473,Cadeira,Escritório,1,1599.16,0.15,1119.41,SP,Sudeste,Boleto,Marketplace
104733,2026-03-26,C2291,Notebook,Eletrônicos,3,4120.8,0,2966.98,AM,Norte,Boleto,Online
104734,2025-10-22,C0481,Cafeteira,Casa,2,1182.24,0.1,768.46,AL,Nordeste,Boleto,Marketplace
104735,2026-06-12,C1177,Liquidificador,Casa,5,584.48,0,368.22,RO,Norte,Cartão de débito,Online
104736,2025-10-11,C1764,Notebook,Eletrônicos,1,4955.47,0,3567.94,AM,Norte,Boleto,Online
104737,2025-02-09,C1573,Hub USB,Acessórios,1,269.68,0.1,148.32,PI,Nordeste,PIX,Online
104738,2025-10-17,C1915,Liquidificador,Casa,3,589.21,0.1,371.2,MA,Nordeste,Cartão de débito,Online
104739,2026-04-27,C0061,Aspirador,Casa,1,1068.57,0.05,715.94,SC,Sul,Boleto,Marketplace
104740,2026-01-13,C0466,Aspirador,Casa,5,255.48,0.15,171.17,MG,Sudeste,PIX,Online
104741,2025-12-02,C2011,Teclado,Eletrônicos,1,437.54,0.15,262.52,GO,Centro-Oeste,Cartão de crédito,Marketplace
104742,2026-05-12,C1260,Headset,Eletrônicos,1,269.94,0,167.36,MA,Nordeste,Cartão de crédito,Marketplace
104743,2025-12-19,C1290,Headset,Eletrônicos,1,159.86,0.1,99.11,MT,Centro-Oeste,PIX,Online
104744,2026-01-14,C0230,Cadeira,Escritório,1,1158.95,0,811.26,RJ,Sudeste,Cartão de crédito,Marketplace
104745,2026-05-01,C1416,Carregador,Acessórios,1,122.29,0,61.15,DF,Centro-Oeste,Cartão de crédito,Marketplace
104746,2026-06-10,C0101,Smartphone,Eletrônicos,1,1370.35,0,1068.87,PR,Sul,Cartão de crédito,Online
104747,2025-09-22,C0171,Hub USB,Acessórios,4,241.69,0.05,132.93,MA,Nordeste,Boleto,Online
104748,2025-06-07,C1937,Cafeteira,Casa,1,824.97,0.1,536.23,RN,Nordeste,PIX,Marketplace
104749,2026-06-08,C1907,Air Fryer,Casa,3,442.15,0.05,282.98,PR,Sul,PIX,Online
104750,2025-02-19,C1538,Cafeteira,Casa,4,566.97,0,368.53,RR,Norte,Cartão de crédito,Marketplace
104751,2025-06-02,C1236,Smartphone,Eletrônicos,3,4390.62,0,3424.68,RS,Sul,PIX,Online
104752,2025-11-17,C2193,Mouse,Eletrônicos,5,109.2,0,63.34,AL,Nordeste,Boleto,Marketplace
104753,2026-03-18,C1219,Cafeteira,Casa,1,627.52,0.1,407.89,RS,Sul,Cartão de crédito,Marketplace
104754,2025-10-14,C1528,Cadeira,Escritório,4,1603.85,0,1122.69,MG,Sudeste,PIX,Online
104755,2026-01-26,C0954,Liquidificador,Casa,2,565.96,0,356.55,SE,Nordeste,Boleto,Marketplace
104756,2025-09-03,C0190,Air Fryer,Casa,1,305.48,0,195.51,TO,Norte,Cartão de débito,Online
104757,2026-06-15,C2152,Air Fryer,Casa,2,467.52,0.1,299.21,RN,Nordeste,Cartão de crédito,Online
104758,2025-01-28,C0629,Cadeira,Escritório,1,1017.01,0,711.91,CE,Nordeste,Cartão de débito,Marketplace
104759,2026-03-16,C2110,Suporte para Monitor,Escritório,1,120.05,0.05,66.03,PR,Sul,Boleto,Online
104760,2026-04-21,C1289,Headset,Eletrônicos,1,529.68,0.05,328.4,AL,Nordeste,Cartão de débito,Marketplace
104761,2025-01-30,C1462,Carregador,Acessórios,1,249.11,0,124.56,MG,Sudeste,Cartão de débito,Online
104762,2025-02-14,C2312,Cafeteira,Casa,1,293.37,0.1,190.69,MS,Centro-Oeste,Cartão de débito,Marketplace
104763,2026-05-27,C0207,Cabo USB,Acessórios,2,57.34,0,25.8,RO,Norte,Boleto,Online
104764,2025-01-04,C2308,Teclado,Eletrônicos,1,537.73,0.1,322.64,TO,Norte,Boleto,Online
104765,2026-04-17,C2161,Suporte para Monitor,Escritório,4,442.8,0.05,243.54,AM,Norte,Cartão de crédito,Marketplace
104766,2025-01-12,C0057,Suporte para Monitor,Escritório,1,542.11,0.05,298.16,RR,Norte,Cartão de crédito,Online
104767,2025-02-18,C1277,Hub USB,Acessórios,2,115.95,0,63.77,PA,Norte,PIX,Marketplace
104768,2026-05-31,C0096,Cadeira,Escritório,1,2052.48,0.1,1436.74,DF,Centro-Oeste,Cartão de débito,Online
104769,2025-04-14,C2498,Liquidificador,Casa,2,596.83,0.05,376.0,RS,Sul,Cartão de crédito,Online
104770,2026-06-28,C0869,Monitor,Eletrônicos,1,2004.78,0.1,1363.25,PB,Nordeste,PIX,Marketplace
104771,2026-04-12,C2257,Carregador,Acessórios,2,238.82,0.1,119.41,PE,Nordeste,Cartão de débito,Online
104772,2026-03-03,C1304,Aspirador,Casa,1,1397.42,0.05,936.27,AC,Norte,Cartão de débito,Marketplace
104773,2025-07-07,C0410,Monitor,Eletrônicos,1,1905.94,0.05,1296.04,SP,Sudeste,Boleto,Marketplace
104774,2025-11-01,C0230,Luminária,Escritório,1,284.79,0.15,148.09,PI,Nordeste,PIX,Online
104775,2026-06-28,C2043,Notebook,Eletrônicos,2,2530.15,0.1,1821.71,SE,Nordeste,Cartão de débito,Marketplace
104776,2026-03-26,C0438,Air Fryer,Casa,1,814.47,0.15,521.26,GO,Centro-Oeste,Boleto,Online
104777,2025-03-24,C1367,Liquidificador,Casa,2,273.62,0.05,172.38,AM,Norte,Cartão de crédito,Online
104778,2025-07-25,C0319,Cabo USB,Acessórios,1,33.37,0.2,15.02,TO,Norte,Boleto,Marketplace
104779,2025-05-21,C1107,Suporte para Monitor,Escritório,1,401.14,0.2,220.63,PE,Nordeste,Cartão de débito,Online
104780,2026-05-24,C2231,Teclado,Eletrônicos,1,258.22,0.1,154.93,PB,Nordeste,Boleto,Marketplace
104781,2025-05-19,C0132,Luminária,Escritório,1,343.97,0.15,178.86,SE,Nordeste,PIX,Marketplace
104782,2025-01-14,C0471,Aspirador,Casa,1,811.28,0.05,543.56,RN,Nordeste,Cartão de débito,Online
104783,2026-06-08,C1297,Hub USB,Acessórios,3,155.45,0,85.5,MA,Nordeste,PIX,Online
104784,2025-12-09,C2303,Aspirador,Casa,2,752.38,0,504.09,SC,Sul,Cartão de crédito,Marketplace
104785,2025-05-19,C1721,Headset,Eletrônicos,1,353.48,0.05,219.16,SP,Sudeste,Cartão de crédito,Marketplace
104786,2025-04-17,C0933,Aspirador,Casa,1,797.87,0.15,534.57,BA,Nordeste,Boleto,Online
104787,2025-05-19,C0832,Air Fryer,Casa,3,766.49,0.1,490.55,RN,Nordeste,Cartão de débito,Online
104788,2025-09-16,C1734,Mesa,Escritório,2,1583.43,0,1076.73,AL,Nordeste,Boleto,Online
104789,2025-08-21,C1477,Monitor,Eletrônicos,1,1595.03,0.1,1084.62,MG,Sudeste,PIX,Online
104790,2025-03-23,C1251,Hub USB,Acessórios,3,207.52,0.05,114.14,PI,Nordeste,Cartão de débito,Marketplace
104791,2026-02-13,C0129,Notebook,Eletrônicos,1,2770.02,0.1,1994.41,AL,Nordeste,PIX,Marketplace
104792,2026-03-21,C0310,Monitor,Eletrônicos,1,2109.74,0.05,1434.62,RJ,Sudeste,Cartão de crédito,Online
104793,2026-03-17,C1607,Teclado,Eletrônicos,1,566.2,0.15,339.72,CE,Nordeste,PIX,Marketplace
104794,2025-02-09,C0224,Air Fryer,Casa,1,919.56,0.15,588.52,RN,Nordeste,Cartão de débito,Marketplace
104795,2025-06-10,C0018,Liquidificador,Casa,3,271.1,0.1,170.79,PR,Sul,PIX,Marketplace
104796,2025-02-27,C2045,Cafeteira,Casa,2,398.3,0,258.9,RN,Nordeste,PIX,Marketplace
104797,2025-02-16,C1833,Teclado,Eletrônicos,1,472.55,0.1,283.53,AP,Norte,Cartão de crédito,Online
104798,2025-04-06,C0875,Hub USB,Acessórios,2,135.62,0.1,74.59,PB,Nordeste,Cartão de crédito,Online
104799,2025-10-04,C0722,Luminária,Escritório,1,226.68,0.05,117.87,RR,Norte,PIX,Online
104800,2025-11-10,C1696,Liquidificador,Casa,1,560.45,0.1,353.08,PB,Nordeste,Cartão de crédito,Marketplace
104801,2025-10-19,C2045,Cafeteira,Casa,3,871.91,0,566.74,RJ,Sudeste,Boleto,Online
104802,2026-06-05,C1532,Headset,Eletrônicos,2,807.91,0,500.9,TO,Norte,Boleto,Marketplace
104803,2026-05-21,C1297,Mesa,Escritório,2,1582.04,0,1075.79,AC,Norte,Cartão de crédito,Marketplace
104804,2025-06-17,C2169,Cadeira,Escritório,2,2181.05,0,1526.74,BA,Nordeste,Cartão de crédito,Online
104805,2025-10-08,C0947,Suporte para Monitor,Escritório,1,429.43,0.1,236.19,PR,Sul,Boleto,Marketplace
104806,2025-10-29,C1177,Aspirador,Casa,1,1219.63,0.2,817.15,MS,Centro-Oeste,PIX,Marketplace
104807,2026-06-22,C1756,Cabo USB,Acessórios,4,93.21,0.1,41.94,AC,Norte,PIX,Online
104808,2026-04-29,C1862,Liquidificador,Casa,1,425.42,0.1,268.01,AC,Norte,PIX,Marketplace
104809,2026-06-07,C0865,Mouse,Eletrônicos,2,204.24,0.05,118.46,SP,Sudeste,Boleto,Marketplace
104810,2025-01-23,C0132,Smartphone,Eletrônicos,2,2769.17,0,2159.95,SC,Sul,Cartão de débito,Online
104811,2026-01-24,C1064,Smartphone,Eletrônicos,1,1514.71,0,1181.47,PB,Nordeste,PIX,Marketplace
104812,2025-07-04,C1165,Monitor,Eletrônicos,1,828.59,0,563.44,PB,Nordeste,Boleto,Online
104813,2026-06-26,C1070,Mesa,Escritório,1,1485.67,0.05,1010.26,RN,Nordeste,PIX,Online
104814,2025-08-17,C1175,Mouse,Eletrônicos,1,191.4,0,111.01,SE,Nordeste,Cartão de crédito,Online
104815,2025-08-10,C0292,Luminária,Escritório,4,156.59,0,81.43,AM,Norte,PIX,Online
104816,2026-04-06,C2212,Cadeira,Escritório,2,1811.64,0,1268.15,MA,Nordeste,Cartão de crédito,Marketplace
104817,2025-05-07,C0640,Cafeteira,Casa,1,273.32,0,177.66,RJ,Sudeste,Cartão de débito,Marketplace
104818,2025-06-05,C0388,Liquidificador,Casa,4,365.22,0,230.09,PE,Nordeste,Boleto,Online
104819,2026-04-12,C0213,Cabo USB,Acessórios,1,49.59,0,22.32,SP,Sudeste,PIX,Online
104820,2025-05-14,C1577,Suporte para Monitor,Escritório,2,192.75,0.05,106.01,PE,Nordeste,Cartão de débito,Online
104821,2025-12-09,C1856,Luminária,Escritório,1,386.49,0.05,200.97,GO,Centro-Oeste,Cartão de crédito,Marketplace
104822,2025-02-11,C1972,Hub USB,Acessórios,1,299.72,0.1,164.85,AM,Norte,Cartão de débito,Marketplace
104823,2026-05-26,C2027,Carregador,Acessórios,2,82.62,0.2,41.31,RS,Sul,Boleto,Online
104824,2025-04-22,C2127,Suporte para Monitor,Escritório,1,238.56,0,131.21,PA,Norte,Cartão de débito,Marketplace
104825,2025-06-07,C2160,Cabo USB,Acessórios,1,84.69,0.1,38.11,SP,Sudeste,Cartão de crédito,Marketplace
104826,2025-04-18,C1294,Mesa,Escritório,2,1323.66,0,900.09,CE,Nordeste,Boleto,Marketplace
104827,2026-01-05,C1358,Teclado,Eletrônicos,2,235.15,0,141.09,AM,Norte,Boleto,Online
104828,2025-08-07,C1224,Smartphone,Eletrônicos,3,2317.87,0.05,1807.94,RJ,Sudeste,Boleto,Online
104829,2026-01-24,C1478,Cabo USB,Acessórios,2,31.4,0.1,14.13,RR,Norte,Cartão de crédito,Online
104830,2026-05-26,C2165,Headset,Eletrônicos,1,647.18,0.1,401.25,PB,Nordeste,Boleto,Online
104831,2025-12-26,C0495,Notebook,Eletrônicos,2,5798.04,0,4174.59,AM,Norte,Cartão de crédito,Marketplace
104832,2025-04-08,C0012,Cafeteira,Casa,1,415.77,0.05,270.25,RN,Nordeste,Cartão de débito,Online
104833,2025-06-21,C2040,Cabo USB,Acessórios,1,87.4,0.05,39.33,SC,Sul,Cartão de débito,Marketplace
104834,2026-05-03,C1300,Carregador,Acessórios,1,65.34,0.15,32.67,SC,Sul,PIX,Online
104835,2025-05-18,C0108,Hub USB,Acessórios,1,178.13,0,97.97,ES,Sudeste,PIX,Marketplace
104836,2025-10-02,C0472,Aspirador,Casa,2,955.61,0.1,640.26,MA,Nordeste,Boleto,Online
104837,2025-07-27,C2265,Aspirador,Casa,1,1457.32,0.15,976.4,RO,Norte,Cartão de débito,Marketplace
104838,2025-03-18,C1454,Cabo USB,Acessórios,1,93.88,0.1,42.25,AL,Nordeste,PIX,Online
104839,2025-03-02,C1313,Cabo USB,Acessórios,2,91.66,0,41.25,RJ,Sudeste,Cartão de crédito,Online
104840,2025-04-02,C2177,Cafeteira,Casa,1,330.58,0,214.88,PB,Nordeste,Cartão de crédito,Marketplace
104841,2026-01-18,C1697,Aspirador,Casa,1,1389.78,0.1,931.15,RR,Norte,Boleto,Marketplace
104842,2025-01-10,C0378,Suporte para Monitor,Escritório,2,127.3,0,70.02,PE,Nordeste,Cartão de crédito,Online
104843,2025-07-09,C1607,Notebook,Eletrônicos,2,3697.58,0.05,2662.26,CE,Nordeste,Boleto,Marketplace
104844,2026-02-09,C1486,Luminária,Escritório,2,362.37,0.1,188.43,MS,Centro-Oeste,Boleto,Marketplace
104845,2025-03-27,C0241,Liquidificador,Casa,1,327.95,0,206.61,SP,Sudeste,Cartão de débito,Online
104846,2025-02-25,C1217,Air Fryer,Casa,3,598.36,0.1,382.95,ES,Sudeste,PIX,Marketplace
104847,2026-03-05,C0401,Notebook,Eletrônicos,3,5827.71,0,4195.95,TO,Norte,Boleto,Online
104848,2025-11-26,C0835,Notebook,Eletrônicos,2,5558.11,0,4001.84,DF,Centro-Oeste,Cartão de crédito,Marketplace
104849,2025-03-13,C1712,Carregador,Acessórios,1,90.48,0.15,45.24,RR,Norte,Boleto,Online
104850,2025-02-27,C1962,Mesa,Escritório,1,1747.57,0.05,1188.35,ES,Sudeste,Boleto,Online
104851,2026-03-20,C1883,Air Fryer,Casa,1,703.33,0,450.13,ES,Sudeste,Boleto,Marketplace
104852,2026-03-18,C0831,Cabo USB,Acessórios,1,66.02,0,29.71,SE,Nordeste,Cartão de crédito,Marketplace
104853,2026-04-18,C1111,Monitor,Eletrônicos,2,2189.32,0.15,1488.74,PR,Sul,Cartão de débito,Online
104854,2026-05-17,C2217,Carregador,Acessórios,1,192.43,0.05,96.22,MS,Centro-Oeste,Cartão de débito,Marketplace
104855,2026-04-12,C1427,Cafeteira,Casa,2,1186.21,0.1,771.04,MT,Centro-Oeste,Boleto,Online
104856,2025-09-17,C2058,Cabo USB,Acessórios,1,75.68,0,34.06,AP,Norte,Cartão de crédito,Marketplace
104857,2025-11-29,C1055,Smartphone,Eletrônicos,1,2331.8,0.2,1818.8,SP,Sudeste,Cartão de crédito,Online
104858,2026-01-29,C1853,Cafeteira,Casa,3,926.82,0,602.43,TO,Norte,PIX,Marketplace
104859,2026-06-19,C0271,Cabo USB,Acessórios,1,62.86,0.15,28.29,SC,Sul,PIX,Marketplace
104860,2025-05-02,C0983,Liquidificador,Casa,1,321.67,0,202.65,MS,Centro-Oeste,PIX,Online
104861,2025-04-19,C1531,Cafeteira,Casa,3,608.31,0,395.4,MT,Centro-Oeste,Cartão de crédito,Online
104862,2025-03-06,C1494,Teclado,Eletrônicos,1,608.99,0.1,365.39,RN,Nordeste,Cartão de crédito,Online
104863,2026-03-27,C2434,Aspirador,Casa,1,790.26,0,529.47,DF,Centro-Oeste,PIX,Online
104864,2025-03-08,C1346,Mesa,Escritório,1,1616.94,0.1,1099.52,PR,Sul,Boleto,Online
104865,2025-06-14,C1778,Smartphone,Eletrônicos,2,3139.62,0,2448.9,DF,Centro-Oeste,Boleto,Online
104866,2026-06-20,C0298,Luminária,Escritório,3,346.43,0,180.14,RJ,Sudeste,Boleto,Marketplace
104867,2025-04-09,C0422,Suporte para Monitor,Escritório,1,333.3,0,183.32,DF,Centro-Oeste,PIX,Online
104868,2026-02-24,C1921,Notebook,Eletrônicos,1,5891.75,0,4242.06,GO,Centro-Oeste,PIX,Online
104869,2025-01-12,C1045,Aspirador,Casa,2,849.52,0.1,569.18,MS,Centro-Oeste,PIX,Marketplace
104870,2025-10-19,C0028,Headset,Eletrônicos,1,194.04,0,120.3,RJ,Sudeste,,Online
104871,2025-12-22,C2415,Cabo USB,Acessórios,2,54.82,0.1,24.67,PA,Norte,PIX,Marketplace
104872,2026-03-06,C1082,Cabo USB,Acessórios,2,28.04,0,12.62,TO,Norte,PIX,Online
104873,2026-01-07,C0309,Headset,Eletrônicos,2,178.42,0,110.62,RR,Norte,Boleto,Online
104874,2025-09-26,C0549,Cafeteira,Casa,5,643.07,0.1,418.0,RO,Norte,Boleto,Online
104875,2025-11-10,C0678,Cadeira,Escritório,1,844.61,0.1,591.23,AC,Norte,PIX,Marketplace
104876,2025-07-23,C1140,Aspirador,Casa,1,1234.8,0,827.32,GO,Centro-Oeste,Cartão de crédito,Online
104877,2025-11-17,C1389,Teclado,Eletrônicos,1,521.41,0.1,312.85,PA,Norte,PIX,Online
104878,2026-01-07,C1510,Cafeteira,Casa,3,448.42,0.15,291.47,RS,Sul,Boleto,Marketplace
104879,2026-06-01,C0884,Notebook,Eletrônicos,2,3347.75,0.05,2410.38,SC,Sul,PIX,Online
104880,2025-05-31,C1142,Air Fryer,Casa,1,789.07,0,505.0,RS,Sul,PIX,Marketplace
104881,2025-11-30,C1791,Luminária,Escritório,1,82.08,0,42.68,BA,Nordeste,PIX,Online
104882,2026-03-07,C1061,Notebook,Eletrônicos,3,3639.94,0,2620.76,GO,Centro-Oeste,Cartão de crédito,Marketplace
104883,2025-06-24,C1199,Carregador,Acessórios,1,221.58,0.05,110.79,GO,Centro-Oeste,Boleto,Online
104884,2025-12-22,C2137,Mesa,Escritório,1,687.52,0,467.51,AC,Norte,Boleto,Online
104885,2025-06-11,C1480,Luminária,Escritório,3,384.56,0.1,199.97,RN,Nordeste,Cartão de crédito,Online
104886,2025-12-27,C2206,Mesa,Escritório,1,1482.3,0.05,1007.96,AP,Norte,Cartão de débito,Online
104887,2026-04-17,C1529,Luminária,Escritório,3,100.33,0.05,52.17,PR,Sul,Boleto,Online
104888,2025-11-04,C0391,Cafeteira,Casa,3,1074.41,0.15,698.37,SE,Nordeste,Boleto,Marketplace
104889,2026-06-06,C1727,Suporte para Monitor,Escritório,1,343.78,0,189.08,SE,Nordeste,Boleto,Online
104890,2025-02-01,C1364,Carregador,Acessórios,1,86.86,0.15,43.43,MT,Centro-Oeste,Cartão de crédito,Online
104891,2025-08-17,C1599,Mouse,Eletrônicos,3,218.64,0.1,126.81,PB,Nordeste,Cartão de débito,Marketplace
104892,2025-10-04,C1181,Suporte para Monitor,Escritório,1,179.27,0,98.6,RN,Nordeste,Cartão de débito,Online
104893,2025-01-13,C2219,Mouse,Eletrônicos,4,355.86,0.1,206.4,AP,Norte,Boleto,Marketplace
104894,2025-05-15,C2409,Aspirador,Casa,2,1167.25,0,782.06,GO,Centro-Oeste,Cartão de crédito,Marketplace
104895,2026-01-21,C0182,Smartphone,Eletrônicos,3,2730.09,0.05,2129.47,AM,Norte,Cartão de débito,Marketplace
104896,2025-03-18,C0152,Cadeira,Escritório,4,1816.05,0.05,1271.23,GO,Centro-Oeste,Cartão de débito,Online
104897,2026-01-26,C0597,Smartphone,Eletrônicos,4,3065.19,0.1,2390.85,SP,Sudeste,PIX,Online
104898,2026-06-04,C1529,Hub USB,Acessórios,2,254.9,0,140.2,MG,Sudeste,Cartão de débito,Marketplace
104899,2025-01-13,C1476,Cafeteira,Casa,1,533.05,0.2,346.48,AP,Norte,Boleto,Online
104900,2025-02-05,C2381,Cadeira,Escritório,1,1100.17,0,770.12,MA,Nordeste,Cartão de débito,Online
104901,2026-06-16,C1572,Carregador,Acessórios,2,155.06,0,77.53,SP,Sudeste,Boleto,Online
104902,2025-06-28,C0837,Liquidificador,Casa,2,132.32,0.1,83.36,AL,Nordeste,Cartão de crédito,Marketplace
104903,2025-10-21,C1070,Carregador,Acessórios,2,104.4,0.1,52.2,PI,Nordeste,Cartão de débito,Online
104904,2025-06-27,C1768,Cafeteira,Casa,3,913.96,0.05,594.07,PI,Nordeste,Boleto,Online
104905,2025-03-16,C2406,Air Fryer,Casa,1,945.56,0,605.16,CE,Nordeste,Cartão de débito,Marketplace
104906,2025-02-17,C2422,Air Fryer,Casa,5,699.0,0.05,447.36,AP,Norte,Boleto,Marketplace
104907,2025-05-01,C2275,Headset,Eletrônicos,1,719.43,0,446.05,RR,Norte,Boleto,Marketplace
104908,2025-06-20,C2451,Cabo USB,Acessórios,1,96.29,0.15,43.33,ES,Sudeste,Cartão de crédito,Online
104909,2026-01-01,C1806,Suporte para Monitor,Escritório,1,103.69,0,57.03,PA,Norte,Cartão de débito,Online
104910,2025-03-15,C2005,Mouse,Eletrônicos,1,268.06,0.1,155.47,CE,Nordeste,Cartão de débito,Online
104911,2026-05-21,C1290,Mouse,Eletrônicos,1,311.59,0.15,180.72,MT,Centro-Oeste,PIX,Online
104912,2026-03-01,C0896,Notebook,Eletrônicos,1,3415.99,0.05,2459.51,PR,Sul,Boleto,Online
104913,2025-04-02,C2267,Suporte para Monitor,Escritório,3,151.46,0.05,83.3,BA,Nordeste,Cartão de crédito,Online
104914,2025-03-13,C1883,Notebook,Eletrônicos,2,5436.19,0.1,3914.06,RJ,Sudeste,Cartão de débito,Marketplace
104915,2025-06-09,C0799,Headset,Eletrônicos,1,163.5,0,101.37,SE,Nordeste,Cartão de crédito,Online
104916,2025-04-04,C2445,Notebook,Eletrônicos,1,2761.62,0.15,1988.37,PE,Nordeste,Boleto,Marketplace
104917,2025-08-30,C1651,Smartphone,Eletrônicos,1,2861.7,0,2232.13,PI,Nordeste,Cartão de débito,Online
104918,2026-01-09,C0199,Liquidificador,Casa,2,394.28,0.05,248.4,AL,Nordeste,Cartão de débito,Marketplace
104919,2025-09-04,C0848,Air Fryer,Casa,1,378.42,0.05,242.19,SC,Sul,Boleto,Online
104920,2025-03-11,C0147,Cadeira,Escritório,1,2167.07,0,1516.95,ES,Sudeste,Boleto,Online
104921,2026-01-07,C0306,Monitor,Eletrônicos,3,2405.7,0,1635.88,BA,Nordeste,Cartão de débito,Online
104922,2026-03-30,C0832,Suporte para Monitor,Escritório,1,532.4,0.05,292.82,TO,Norte,Cartão de débito,Marketplace
104923,2026-05-05,C1268,Notebook,Eletrônicos,1,5448.67,0,3923.04,AM,Norte,Boleto,Marketplace
104924,2025-09-02,C0969,Cadeira,Escritório,2,944.59,0.05,661.21,PA,Norte,PIX,Marketplace
104925,2025-07-25,C0907,Aspirador,Casa,2,985.05,0.15,659.98,SP,Sudeste,Cartão de crédito,Online
104926,2025-04-15,C1606,Liquidificador,Casa,1,301.05,0.05,189.66,RJ,Sudeste,PIX,Marketplace
104927,2025-09-04,C0497,Carregador,Acessórios,1,122.54,0.2,61.27,RR,Norte,Cartão de crédito,Online
104928,2026-01-15,C1478,Aspirador,Casa,1,1094.4,0.1,733.25,CE,Nordeste,Boleto,Marketplace
104929,2025-03-02,C0401,Headset,Eletrônicos,1,722.08,0.15,447.69,SP,Sudeste,Cartão de débito,Online
104930,2025-01-03,C0389,Headset,Eletrônicos,1,411.04,0.1,254.84,MT,Centro-Oeste,Cartão de crédito,Marketplace
104931,2025-04-25,C1994,Notebook,Eletrônicos,2,2613.2,0.2,1881.5,ES,Sudeste,Cartão de débito,Marketplace
104932,2026-04-30,C1452,Cabo USB,Acessórios,3,42.45,0,19.1,RN,Nordeste,Cartão de débito,Online
104933,2025-10-18,C0804,Carregador,Acessórios,2,184.77,0,92.39,MT,Centro-Oeste,Boleto,Online
104934,2025-05-26,C0015,Notebook,Eletrônicos,1,5894.42,0.05,4243.98,PI,Nordeste,Cartão de crédito,Online
104935,2026-01-28,C1391,Air Fryer,Casa,1,641.52,0.1,410.57,RJ,Sudeste,PIX,Marketplace
104936,2026-04-26,C0472,Mouse,Eletrônicos,2,324.46,0.05,188.19,CE,Nordeste,PIX,Online
104937,2025-10-31,C1489,Smartphone,Eletrônicos,2,2420.52,0.2,1888.01,MG,Sudeste,Cartão de crédito,Online
104938,2026-03-13,C2387,Notebook,Eletrônicos,1,4146.65,0.2,2985.59,AL,Nordeste,PIX,Online
104939,2025-05-23,C2431,Cabo USB,Acessórios,1,53.03,0,23.86,RR,Norte,Cartão de crédito,Online
104940,2025-11-28,C0233,Aspirador,Casa,2,395.53,0.1,265.01,PA,Norte,PIX,Marketplace
104941,2025-06-04,C0812,Monitor,Eletrônicos,1,1491.44,0,1014.18,MG,Sudeste,Boleto,Online
104942,2025-06-27,C1487,Headset,Eletrônicos,1,392.25,0.15,243.19,PA,Norte,Cartão de crédito,Online
104943,2025-04-06,C1844,Aspirador,Casa,1,1492.44,0.05,999.93,MS,Centro-Oeste,PIX,Marketplace
104944,2026-05-19,C1516,Smartphone,Eletrônicos,1,1126.32,0.05,878.53,SE,Nordeste,Cartão de crédito,Marketplace
104945,2025-06-18,C2268,Aspirador,Casa,1,484.91,0,324.89,AP,Norte,Boleto,Online
104946,2025-06-17,C2397,Notebook,Eletrônicos,1,4813.36,0.05,3465.62,ES,Sudeste,Cartão de débito,Online
104947,2025-10-19,C1583,Suporte para Monitor,Escritório,1,304.4,0.15,167.42,PI,Nordeste,Boleto,Marketplace
104948,2025-12-31,C1567,Cabo USB,Acessórios,1,91.92,0.05,41.36,PB,Nordeste,Cartão de crédito,Online
104949,2025-09-11,C2350,Liquidificador,Casa,2,194.52,0.05,122.55,SP,Sudeste,Cartão de débito,Marketplace
104950,2025-01-09,C0591,Teclado,Eletrônicos,1,540.05,0.1,324.03,ES,Sudeste,PIX,Online
104951,2025-06-06,C1321,Carregador,Acessórios,2,78.19,0,39.09,PA,Norte,Boleto,Marketplace
104952,2025-05-06,C2306,Teclado,Eletrônicos,2,470.37,0.1,282.22,SC,Sul,Cartão de débito,Online
104953,2025-07-19,C0062,Cadeira,Escritório,4,1477.97,0.15,1034.58,AC,Norte,Cartão de débito,Online
104954,2026-06-24,C1186,Air Fryer,Casa,1,816.34,0.1,522.46,SE,Nordeste,Boleto,Online
104955,2025-05-06,C0072,Smartphone,Eletrônicos,1,4378.39,0.15,3415.14,MS,Centro-Oeste,Boleto,Online
104956,2026-05-12,C1202,Mesa,Escritório,4,1615.22,0,1098.35,RO,Norte,PIX,Online
104957,2025-04-30,C1268,Luminária,Escritório,1,225.47,0.05,117.24,RS,Sul,PIX,Online
104958,2025-11-22,C1527,Teclado,Eletrônicos,1,397.23,0,238.34,SE,Nordeste,Cartão de débito,Marketplace
104959,2026-02-23,C0929,Headset,Eletrônicos,1,506.9,0,314.28,PE,Nordeste,Cartão de débito,Marketplace
104960,2025-07-15,C0323,Monitor,Eletrônicos,2,2478.93,0,1685.67,RN,Nordeste,PIX,Online
104961,2025-03-06,C0957,Aspirador,Casa,1,276.32,0.05,185.13,GO,Centro-Oeste,Cartão de débito,Online
104962,2026-03-31,C1576,Carregador,Acessórios,3,159.46,0.1,79.73,AC,Norte,Boleto,Online
104963,2025-03-30,C2389,Mesa,Escritório,1,1667.9,0,1134.17,PE,Nordeste,Cartão de débito,Online
104964,2025-09-04,C1809,Luminária,Escritório,1,291.71,0.05,151.69,MT,Centro-Oeste,Cartão de crédito,Online
104965,2025-03-19,C2153,Cafeteira,Casa,5,392.78,0,255.31,PB,Nordeste,Boleto,Online
104966,2025-05-27,C1696,Luminária,Escritório,1,114.77,0.2,59.68,SE,Nordeste,Boleto,Online
104967,2026-04-01,C0840,Notebook,Eletrônicos,1,4385.37,0.15,3157.47,AP,Norte,Cartão de débito,Marketplace
104968,2025-05-04,C1150,Liquidificador,Casa,3,275.34,0,173.46,AL,Nordeste,PIX,Marketplace
104969,2025-03-07,C0401,Cafeteira,Casa,2,711.86,0,462.71,SC,Sul,Boleto,Marketplace
104970,2026-04-30,C0078,Air Fryer,Casa,1,907.72,0.05,580.94,DF,Centro-Oeste,PIX,Online
104971,2025-02-16,C0511,Cafeteira,Casa,1,867.9,0.05,564.13,AC,Norte,Cartão de crédito,Marketplace
104972,2026-03-20,C0041,Mesa,Escritório,1,1948.77,0.15,1325.16,RR,Norte,PIX,Online
104973,2025-02-08,C0532,Carregador,Acessórios,1,239.6,0.1,119.8,SC,Sul,Cartão de débito,Marketplace
104974,2026-04-24,C0841,Smartphone,Eletrônicos,1,2510.13,0.15,1957.9,RR,Norte,Boleto,Online
104975,2025-07-26,C0321,Luminária,Escritório,1,142.45,0,74.07,RJ,Sudeste,Cartão de débito,Marketplace
104976,2025-06-05,C2415,Mouse,Eletrônicos,2,298.44,0.2,173.1,CE,Nordeste,PIX,Online
104977,2025-01-04,C2149,Air Fryer,Casa,2,460.9,0.05,294.98,AM,Norte,Cartão de crédito,Marketplace
104978,2026-05-17,C1690,Liquidificador,Casa,1,208.76,0.05,131.52,MT,Centro-Oeste,Boleto,Online
104979,2025-08-28,C1946,Cafeteira,Casa,2,1088.05,0,707.23,PI,Nordeste,Cartão de crédito,Online
104980,2025-12-20,C0851,Mesa,Escritório,2,696.65,0.1,473.72,MT,Centro-Oeste,Cartão de débito,Online
104981,2025-04-01,C0820,Headset,Eletrônicos,1,197.59,0,122.51,BA,Nordeste,Cartão de débito,Marketplace
104982,2026-04-30,C2135,Smartphone,Eletrônicos,1,1053.36,0.05,821.62,CE,Nordeste,Cartão de crédito,Marketplace
104983,2026-02-28,C1028,Headset,Eletrônicos,1,203.22,0,126.0,SP,Sudeste,Cartão de débito,Online
104984,2026-05-08,C2200,Luminária,Escritório,1,249.95,0.1,129.97,SE,Nordeste,Cartão de débito,Marketplace
104985,2025-03-01,C2279,Air Fryer,Casa,3,975.88,0.1,624.56,RR,Norte,Boleto,Online
104986,2026-03-12,C2344,Aspirador,Casa,1,991.96,0,664.61,AP,Norte,Boleto,Online
104987,2025-06-28,C0176,Air Fryer,Casa,1,742.64,0.1,475.29,AL,Nordeste,Cartão de crédito,Online
104988,2026-03-19,C0653,Cadeira,Escritório,1,603.97,0.1,422.78,PI,Nordeste,Cartão de crédito,Online
104989,2026-01-30,C2013,Aspirador,Casa,1,355.82,0.1,238.4,RJ,Sudeste,Cartão de débito,Online
104990,2025-10-29,C1793,Aspirador,Casa,1,1480.66,0.15,992.04,MG,Sudeste,Cartão de débito,Marketplace
104991,2025-10-19,C2247,Mouse,Eletrônicos,1,291.59,0.05,169.12,RS,Sul,Boleto,Marketplace
104992,2026-05-07,C0907,Smartphone,Eletrônicos,3,1519.74,0.05,1185.4,AL,Nordeste,Cartão de crédito,Marketplace
104993,2025-12-06,C0272,Cafeteira,Casa,2,607.64,0.05,394.97,MS,Centro-Oeste,Cartão de crédito,Marketplace
104994,2026-05-01,C1196,Mesa,Escritório,1,1060.62,0.05,721.22,AM,Norte,Cartão de débito,Marketplace
104995,2025-09-07,C1011,Suporte para Monitor,Escritório,1,517.15,0.05,284.43,AP,Norte,Cartão de crédito,Marketplace
104996,2025-08-15,C1404,Mesa,Escritório,1,1170.66,0.05,796.05,GO,Centro-Oeste,PIX,Online
104997,2025-12-14,C2069,Aspirador,Casa,1,342.14,0.2,229.23,RR,Norte,Cartão de débito,Marketplace
104998,2025-11-16,C2218,Liquidificador,Casa,3,553.91,0,348.96,DF,Centro-Oeste,Boleto,Online
104999,2025-05-14,C1101,Liquidificador,Casa,1,122.09,0.05,76.92,RN,Nordeste,Boleto,Online
105000,2025-05-04,C1964,Mouse,Eletrônicos,3,152.68,0,88.55,MS,Centro-Oeste,Cartão de crédito,Marketplace
105001,2025-01-04,C0960,Teclado,Eletrônicos,1,387.72,0.1,232.63,MS,Centro-Oeste,PIX,Online
105002,2026-06-05,C0127,Air Fryer,Casa,1,643.59,0,411.9,SC,Sul,Boleto,Online
105003,2026-01-20,C1306,Carregador,Acessórios,1,74.02,0.05,37.01,AP,Norte,Cartão de crédito,Marketplace
105004,2026-05-23,C2058,Notebook,Eletrônicos,1,5267.46,0.1,3792.57,BA,Nordeste,Cartão de débito,Marketplace
105005,2025-06-20,C1930,Monitor,Eletrônicos,2,1758.5,0,1195.78,MG,Sudeste,Cartão de crédito,Marketplace
105006,2026-04-05,C1493,Mesa,Escritório,1,1159.65,0.05,788.56,RS,Sul,Cartão de débito,Online
105007,2026-05-23,C0014,Notebook,Eletrônicos,2,3880.03,0.15,2793.62,MA,Nordeste,PIX,Marketplace
105008,2026-06-20,C1163,Cafeteira,Casa,1,772.24,0,501.96,SP,Sudeste,Boleto,Marketplace
105009,2026-02-22,C0274,Teclado,Eletrônicos,2,235.58,0,141.35,RN,Nordeste,Boleto,Online
105010,2025-10-28,C1196,Headset,Eletrônicos,2,432.45,0.05,268.12,MS,Centro-Oeste,Cartão de crédito,Online
105011,2025-08-07,C0943,Liquidificador,Casa,2,550.12,0.1,346.58,DF,Centro-Oeste,Boleto,Marketplace
105012,2025-12-07,C1483,Cabo USB,Acessórios,1,82.82,0.05,37.27,RS,Sul,PIX,Online
105013,2025-01-22,C1527,Luminária,Escritório,1,358.74,0.05,186.54,TO,Norte,PIX,Marketplace
105014,2026-01-22,C0206,Suporte para Monitor,Escritório,1,490.7,0.15,269.88,TO,Norte,Cartão de crédito,Marketplace
105015,2026-06-14,C2278,Cadeira,Escritório,1,715.96,0.1,501.17,RS,Sul,Boleto,Online
105016,2026-06-24,C1823,Liquidificador,Casa,1,170.54,0.1,107.44,RN,Nordeste,Cartão de crédito,Online
105017,2025-02-27,C0675,Cabo USB,Acessórios,1,79.39,0.1,35.73,SP,Sudeste,PIX,Marketplace
105018,2025-03-13,C0669,Cafeteira,Casa,1,397.3,0.2,258.25,RO,Norte,PIX,Marketplace
105019,2025-02-01,C0168,Cabo USB,Acessórios,1,47.41,0.05,21.33,AP,Norte,Boleto,Online
105020,2025-02-28,C1563,Air Fryer,Casa,2,958.81,0,613.64,GO,Centro-Oeste,Cartão de débito,Marketplace
105021,2026-01-15,C0448,Smartphone,Eletrônicos,4,1210.42,0,944.13,RN,Nordeste,Boleto,Marketplace
105022,2026-01-24,C1994,Hub USB,Acessórios,2,257.0,0.1,141.35,AM,Norte,Cartão de débito,Online
105023,2025-10-05,C2464,Mouse,Eletrônicos,1,171.61,0,99.53,AL,Nordeste,Boleto,Marketplace
105024,2026-04-08,C2387,Cadeira,Escritório,5,2118.12,0,1482.68,DF,Centro-Oeste,PIX,Marketplace
105025,2025-01-25,C0669,Aspirador,Casa,1,1030.72,0.1,690.58,CE,Nordeste,Cartão de débito,Online
105026,2026-04-03,C1654,Suporte para Monitor,Escritório,2,577.98,0,317.89,RN,Nordeste,Boleto,Marketplace
105027,2026-06-18,C1747,Aspirador,Casa,3,1005.42,0.05,673.63,DF,Centro-Oeste,Cartão de crédito,Marketplace
105028,2026-03-11,C0951,Carregador,Acessórios,2,65.74,0.2,32.87,ES,Sudeste,Cartão de débito,Marketplace
105029,2025-10-20,C2499,Monitor,Eletrônicos,1,1206.61,0,820.49,SE,Nordeste,PIX,Online
105030,2025-02-24,C1855,Cabo USB,Acessórios,1,44.01,0,19.8,PR,Sul,Boleto,Marketplace
105031,2025-03-04,C2465,Smartphone,Eletrônicos,1,2840.27,0.1,2215.41,MT,Centro-Oeste,Boleto,Marketplace
105032,2026-04-13,C1301,Monitor,Eletrônicos,5,2269.75,0,1543.43,ES,Sudeste,PIX,Marketplace
105033,2025-09-02,C1839,Notebook,Eletrônicos,1,5935.54,0.15,4273.59,SP,Sudeste,Cartão de débito,Marketplace
105034,2026-06-20,C2451,Luminária,Escritório,2,116.85,0.15,60.76,MT,Centro-Oeste,PIX,Marketplace
105035,2026-04-16,C0002,Hub USB,Acessórios,3,183.33,0,100.83,RS,Sul,Cartão de débito,Online
105036,2026-02-08,C1851,Cadeira,Escritório,3,2360.66,0.2,1652.46,PI,Nordeste,PIX,Marketplace
105037,2025-04-05,C1963,Air Fryer,Casa,2,346.93,0.05,222.04,AL,Nordeste,Boleto,Marketplace
105038,2026-02-26,C0287,Carregador,Acessórios,1,96.49,0,48.24,MT,Centro-Oeste,Boleto,Online
105039,2025-09-05,C0043,Teclado,Eletrônicos,4,199.69,0.1,119.81,PR,Sul,PIX,Marketplace
105040,2025-01-28,C2499,Liquidificador,Casa,1,310.32,0.1,195.5,PE,Nordeste,Boleto,Marketplace
105041,2025-11-17,C0922,Notebook,Eletrônicos,1,3441.58,0.2,2477.94,BA,Nordeste,PIX,Marketplace
105042,2025-04-16,C0541,Liquidificador,Casa,1,343.24,0,216.24,MT,Centro-Oeste,Cartão de crédito,Online
105043,2026-06-28,C1023,Headset,Eletrônicos,3,838.42,0,519.82,SP,Sudeste,Cartão de crédito,Online
105044,2025-12-30,C1009,Notebook,Eletrônicos,3,3624.71,0,2609.79,PB,Nordeste,Boleto,Marketplace
105045,2025-02-10,C0158,Luminária,Escritório,4,272.36,0.15,141.63,RS,Sul,Cartão de crédito,Marketplace
105046,2025-11-04,C0060,Mouse,Eletrônicos,4,454.78,0,263.77,MA,Nordeste,Boleto,Marketplace
105047,2025-10-01,C0596,Carregador,Acessórios,1,153.45,0.2,76.72,RJ,Sudeste,Cartão de débito,Marketplace
105048,2025-07-22,C0990,Cabo USB,Acessórios,1,86.32,0.05,38.84,TO,Norte,PIX,Online
105049,2025-04-06,C2259,Notebook,Eletrônicos,1,5287.83,0.05,3807.24,RN,Nordeste,Cartão de crédito,Marketplace
105050,2026-01-08,C0218,Headset,Eletrônicos,2,361.01,0,223.83,RJ,Sudeste,PIX,Online
105051,2025-09-09,C0740,Hub USB,Acessórios,2,161.09,0,88.6,PE,Nordeste,Boleto,Marketplace
105052,2025-10-16,C1760,Mesa,Escritório,2,603.96,0.1,410.69,MG,Sudeste,Cartão de débito,Marketplace
105053,2026-04-11,C0711,Luminária,Escritório,1,176.87,0,91.97,DF,Centro-Oeste,Cartão de débito,Online
105054,2025-08-04,C1368,Liquidificador,Casa,5,283.03,0.1,178.31,PE,Nordeste,Cartão de débito,Marketplace
105055,2025-05-09,C2183,Luminária,Escritório,2,215.31,0.1,111.96,SP,Sudeste,Boleto,Online
105056,2026-06-03,C1163,Air Fryer,Casa,4,618.23,0,395.67,RJ,Sudeste,Cartão de débito,Marketplace
105057,2026-04-20,C1120,Monitor,Eletrônicos,2,1605.38,0.1,1091.66,SP,Sudeste,PIX,Online
105058,2025-02-23,C1417,Aspirador,Casa,2,644.08,0,431.53,RO,Norte,PIX,Online
105059,2025-03-02,C1645,Mouse,Eletrônicos,2,357.99,0.1,207.63,ES,Sudeste,Cartão de crédito,Marketplace
105060,2025-08-12,C1801,Cabo USB,Acessórios,1,39.07,0,17.58,ES,Sudeste,PIX,Marketplace
105061,2025-11-13,C0934,Suporte para Monitor,Escritório,4,397.97,0,218.88,TO,Norte,Cartão de débito,Online
105062,2025-09-18,C0070,Cadeira,Escritório,1,2479.65,0.1,1735.75,AC,Norte,Cartão de débito,Online
105063,2025-02-18,C1935,Mesa,Escritório,2,788.7,0.15,536.32,MA,Nordeste,Cartão de débito,Online
105064,2025-09-03,C1113,Monitor,Eletrônicos,2,2074.43,0,1410.61,SC,Sul,Cartão de débito,Marketplace
105065,2025-01-26,C1356,Mouse,Eletrônicos,2,402.97,0.05,233.72,PB,Nordeste,Boleto,Online
105066,2025-11-05,C2487,Carregador,Acessórios,1,126.91,0,63.45,SE,Nordeste,Cartão de débito,Online
105067,2025-10-24,C0851,Air Fryer,Casa,1,704.85,0.05,451.1,MT,Centro-Oeste,PIX,Marketplace
105068,2026-06-28,C0766,Cabo USB,Acessórios,2,62.35,0.15,28.06,PA,Norte,PIX,Marketplace
105069,2026-06-06,C0993,Headset,Eletrônicos,2,538.82,0,334.07,RJ,Sudeste,Boleto,Marketplace
105070,2025-10-27,C1656,Carregador,Acessórios,2,177.01,0.1,88.5,TO,Norte,Boleto,Marketplace
105071,2026-03-06,C0645,Cadeira,Escritório,2,1857.83,0.05,1300.48,SE,Nordeste,Cartão de crédito,Online
105072,2026-04-04,C0408,Headset,Eletrônicos,4,755.42,0.05,468.36,PB,Nordeste,Boleto,Marketplace
105073,2025-02-02,C0542,Monitor,Eletrônicos,1,1314.52,0.2,893.87,PR,Sul,Cartão de crédito,Marketplace
105074,2025-02-18,C1896,Suporte para Monitor,Escritório,5,204.08,0,112.24,RN,Nordeste,PIX,Marketplace
105075,2026-05-22,C0779,Hub USB,Acessórios,2,89.12,0,49.02,RR,Norte,PIX,Marketplace
105076,2026-05-05,C0965,Notebook,Eletrônicos,2,4509.55,0,3246.88,MT,Centro-Oeste,Cartão de crédito,Online
105077,2025-07-05,C0238,Smartphone,Eletrônicos,2,4029.26,0.05,3142.82,SC,Sul,Cartão de crédito,Marketplace
105078,2025-05-09,C1776,Aspirador,Casa,1,1048.28,0.2,702.35,AL,Nordeste,Boleto,Marketplace
105079,2025-03-09,C0120,Hub USB,Acessórios,1,206.09,0,113.35,SE,Nordeste,PIX,Marketplace
105080,2025-05-19,C0103,Mesa,Escritório,1,570.23,0.1,387.76,AP,Norte,Cartão de débito,Online
105081,2025-03-19,C1583,Notebook,Eletrônicos,1,5530.28,0,3981.8,RJ,Sudeste,PIX,Online
105082,2025-03-02,C2017,Monitor,Eletrônicos,1,2153.21,0.05,1464.18,RN,Nordeste,PIX,Online
105083,2026-01-22,C0100,Monitor,Eletrônicos,3,967.06,0.15,657.6,BA,Nordeste,Cartão de crédito,Marketplace
105084,2025-05-24,C0870,Hub USB,Acessórios,1,298.08,0.05,163.94,AC,Norte,PIX,Marketplace
105085,2025-04-29,C0157,Hub USB,Acessórios,1,253.96,0,139.68,SE,Nordeste,Cartão de débito,Marketplace
105086,2026-06-26,C2178,Cabo USB,Acessórios,3,33.16,0,14.92,MT,Centro-Oeste,Cartão de crédito,Online
105087,2026-04-16,C0660,Monitor,Eletrônicos,3,745.76,0.1,507.12,PI,Nordeste,Cartão de crédito,Online
105088,2026-04-13,C0250,Teclado,Eletrônicos,2,637.18,0,382.31,AM,Norte,Boleto,Marketplace
105089,2026-04-11,C1494,Mesa,Escritório,1,434.06,0,295.16,AC,Norte,Cartão de débito,Marketplace
105090,2025-11-24,C2413,Cabo USB,Acessórios,2,93.71,0.1,42.17,DF,Centro-Oeste,Cartão de crédito,Online
105091,2026-05-10,C2168,Cafeteira,Casa,1,916.23,0.05,595.55,SC,Sul,Cartão de débito,Online
105092,2025-10-23,C1294,Notebook,Eletrônicos,3,3177.59,0.15,2287.86,SP,Sudeste,PIX,Online
105093,2026-04-20,C0133,Notebook,Eletrônicos,1,3038.7,0.2,2187.86,SE,Nordeste,PIX,Marketplace
105094,2026-04-03,C1423,Aspirador,Casa,1,1136.13,0.1,761.21,RR,Norte,PIX,Online
105095,2025-08-04,C2167,Luminária,Escritório,1,105.81,0.05,55.02,TO,Norte,Cartão de débito,Online
105096,2025-07-17,C1430,Monitor,Eletrônicos,1,861.52,0.1,585.83,SC,Sul,Boleto,Online
105097,2025-01-30,C2229,Air Fryer,Casa,2,337.05,0.15,215.71,PE,Nordeste,Cartão de crédito,Marketplace
105098,2025-04-20,C0682,Smartphone,Eletrônicos,2,3008.47,0,2346.61,RO,Norte,Cartão de débito,Online
105099,2025-11-23,C1903,Suporte para Monitor,Escritório,4,163.44,0,89.89,SE,Nordeste,Cartão de crédito,Marketplace
105100,2025-04-19,C0004,Carregador,Acessórios,2,230.0,0.2,115.0,PA,Norte,Boleto,Marketplace
105101,2025-08-27,C1506,Luminária,Escritório,1,186.82,0.15,97.15,PI,Nordeste,Cartão de débito,Marketplace
105102,2025-03-16,C0052,Teclado,Eletrônicos,1,104.6,0.05,62.76,AL,Nordeste,Boleto,Marketplace
105103,2025-11-11,C0414,Luminária,Escritório,1,363.64,0,189.09,DF,Centro-Oeste,PIX,Marketplace
105104,2025-07-16,C1912,Cadeira,Escritório,1,871.46,0,610.02,SE,Nordeste,Boleto,Marketplace
105105,2026-05-09,C0906,Hub USB,Acessórios,2,205.96,0,113.28,AM,Norte,Boleto,Online
105106,2025-06-14,C1021,Air Fryer,Casa,2,817.72,0,523.34,PE,Nordeste,Cartão de crédito,Marketplace
105107,2026-03-27,C0315,Monitor,Eletrônicos,1,2492.07,0,1694.61,DF,Centro-Oeste,Boleto,Online
105108,2025-08-17,C0238,Mouse,Eletrônicos,2,284.82,0.05,165.2,MA,Nordeste,Boleto,Online
105109,2026-01-06,C2493,Smartphone,Eletrônicos,4,2378.28,0.1,1855.06,BA,Nordeste,Cartão de débito,Marketplace
105110,2026-02-07,C0515,Smartphone,Eletrônicos,4,4952.28,0.1,3862.78,PA,Norte,Cartão de crédito,Marketplace
105111,2026-06-06,C0357,Headset,Eletrônicos,1,671.69,0.05,416.45,MG,Sudeste,Cartão de débito,Online
105112,2025-12-26,C0344,Monitor,Eletrônicos,2,1087.84,0.15,739.73,PE,Nordeste,Cartão de débito,Marketplace
105113,2025-11-26,C1783,Air Fryer,Casa,1,784.67,0.15,502.19,PI,Nordeste,Boleto,Online
105114,2026-05-14,C0594,Liquidificador,Casa,1,456.62,0,287.67,AL,Nordeste,Boleto,Marketplace
105115,2025-04-07,C2199,Mouse,Eletrônicos,1,201.9,0,117.1,AL,Nordeste,PIX,Marketplace
105116,2025-05-14,C2469,Liquidificador,Casa,2,187.23,0.05,117.95,AC,Norte,PIX,Marketplace
105117,2025-06-26,C2391,Notebook,Eletrônicos,3,2864.87,0.1,2062.71,MT,Centro-Oeste,Cartão de crédito,Marketplace
105118,2025-09-29,C2156,Mesa,Escritório,2,1004.2,0.05,682.86,RS,Sul,Cartão de débito,Online
105119,2025-12-12,C2135,Headset,Eletrônicos,1,652.8,0.2,404.74,MT,Centro-Oeste,Boleto,Marketplace
105120,2025-08-17,C1090,Suporte para Monitor,Escritório,1,498.73,0.1,274.3,AC,Norte,PIX,Marketplace
105121,2026-03-12,C1398,Cabo USB,Acessórios,2,87.98,0,39.59,RN,Nordeste,Boleto,Marketplace
105122,2026-02-27,C2428,Teclado,Eletrônicos,1,433.66,0,260.2,ES,Sudeste,Cartão de débito,Marketplace
105123,2025-11-01,C1343,Mouse,Eletrônicos,1,270.8,0.1,157.06,TO,Norte,PIX,Online
105124,2025-12-29,C1801,Notebook,Eletrônicos,1,3663.84,0.05,2637.96,MG,Sudeste,Boleto,Marketplace
105125,2025-11-16,C2191,Luminária,Escritório,1,175.4,0,91.21,PA,Norte,Cartão de débito,Online
105126,2026-04-13,C1785,Headset,Eletrônicos,1,551.83,0,342.13,PB,Nordeste,PIX,Online
105127,2025-09-20,C1485,Mouse,Eletrônicos,1,426.97,0.1,247.64,MT,Centro-Oeste,Cartão de crédito,Marketplace
105128,2025-07-13,C1494,Notebook,Eletrônicos,3,3582.26,0.05,2579.23,RO,Norte,PIX,Marketplace
105129,2025-04-20,C1074,Luminária,Escritório,1,286.31,0.05,148.88,ES,Sudeste,Cartão de crédito,Online
105130,2026-04-19,C0911,Liquidificador,Casa,2,437.02,0.15,275.32,AM,Norte,Cartão de débito,Online
105131,2026-06-17,C1026,Cadeira,Escritório,1,2466.49,0.1,1726.54,PA,Norte,Cartão de crédito,Online
105132,2026-05-02,C0301,Cabo USB,Acessórios,1,55.4,0.05,24.93,ES,Sudeste,PIX,Marketplace
105133,2025-12-13,C0798,Carregador,Acessórios,3,170.31,0.1,85.16,ES,Sudeste,Boleto,Marketplace
105134,2026-05-15,C2335,Aspirador,Casa,3,565.51,0.15,378.89,SP,Sudeste,Cartão de débito,Online
105135,2025-06-20,C2320,Headset,Eletrônicos,2,796.66,0,493.93,ES,Sudeste,Boleto,Marketplace
105136,2025-02-03,C0634,Liquidificador,Casa,2,237.65,0.05,149.72,MA,Nordeste,Cartão de débito,Marketplace
105137,2026-04-09,C0531,Cadeira,Escritório,1,2357.6,0,1650.32,RN,Nordeste,PIX,Marketplace
105138,2026-02-28,C0180,Headset,Eletrônicos,5,565.82,0.05,350.81,MT,Centro-Oeste,Cartão de crédito,Online
105139,2026-06-08,C0056,Carregador,Acessórios,1,99.49,0,49.74,RS,Sul,Boleto,Online
105140,2026-06-21,C1963,Suporte para Monitor,Escritório,2,492.99,0.1,271.14,AM,Norte,Cartão de débito,Online
105141,2025-01-11,C1861,Cafeteira,Casa,1,1185.05,0.05,770.28,AP,Norte,Boleto,Online
105142,2025-07-29,C2418,Headset,Eletrônicos,1,858.57,0.05,532.31,ES,Sudeste,PIX,Marketplace
105143,2025-12-23,C0278,Smartphone,Eletrônicos,4,4968.54,0,3875.46,SP,Sudeste,Cartão de débito,Marketplace
105144,2025-06-20,C2435,Mouse,Eletrônicos,1,425.03,0,246.52,MT,Centro-Oeste,Boleto,Online
105145,2025-09-01,C1255,Cadeira,Escritório,2,1906.98,0.05,1334.89,MT,Centro-Oeste,Boleto,Marketplace
105146,2025-12-26,C2495,Cadeira,Escritório,1,1718.75,0.1,1203.12,AC,Norte,Cartão de débito,Online
105147,2026-01-07,C2149,Mesa,Escritório,1,1128.86,0.2,767.62,GO,Centro-Oeste,Cartão de débito,Marketplace
105148,2025-08-09,C2113,Suporte para Monitor,Escritório,3,148.72,0.05,81.8,PA,Norte,Cartão de crédito,Marketplace
105149,2026-05-15,C1498,Cadeira,Escritório,1,1896.4,0,1327.48,AL,Nordeste,Cartão de crédito,Marketplace
105150,2025-11-01,C0265,Monitor,Eletrônicos,1,1719.34,0.1,1169.15,SC,Sul,Cartão de crédito,Online
105151,2026-06-05,C0393,Cabo USB,Acessórios,1,88.06,0.15,39.63,RJ,Sudeste,Cartão de crédito,Online
105152,2025-06-15,C2103,Hub USB,Acessórios,1,252.3,0,138.77,AC,Norte,Boleto,Marketplace
105153,2025-02-13,C0181,Aspirador,Casa,2,467.89,0,313.49,AP,Norte,Boleto,Marketplace
105154,2026-05-21,C0760,Notebook,Eletrônicos,5,5398.82,0.05,3887.15,PA,Norte,Cartão de crédito,Marketplace
105155,2025-01-22,C0330,Cabo USB,Acessórios,2,59.82,0.15,26.92,AP,Norte,PIX,Marketplace
105156,2025-05-31,C0528,Cadeira,Escritório,1,2488.92,0.15,1742.24,AP,Norte,PIX,Marketplace
105157,2025-01-26,C2242,Carregador,Acessórios,1,213.59,0.1,106.8,SP,Sudeste,Cartão de crédito,Marketplace
105158,2025-05-11,C0865,Teclado,Eletrônicos,1,206.64,0.1,123.98,CE,Nordeste,PIX,Marketplace
105159,2025-01-05,C0555,Monitor,Eletrônicos,4,1320.92,0.05,898.23,MG,Sudeste,Boleto,Marketplace
105160,2025-11-12,C1104,Mouse,Eletrônicos,2,101.26,0.15,58.73,RR,Norte,Boleto,Marketplace
105161,2025-10-22,C2182,Headset,Eletrônicos,1,366.63,0.05,227.31,MG,Sudeste,Cartão de débito,Marketplace
105162,2025-05-16,C2198,Cabo USB,Acessórios,2,95.58,0,43.01,RR,Norte,Cartão de crédito,Online
105163,2025-09-13,C1094,Luminária,Escritório,2,178.37,0.1,92.75,RJ,Sudeste,Cartão de crédito,Marketplace
105164,2025-02-16,C0631,Mouse,Eletrônicos,1,86.47,0.1,50.15,MS,Centro-Oeste,Boleto,Marketplace
105165,2025-09-13,C0880,Cabo USB,Acessórios,5,86.09,0.2,38.74,AP,Norte,Cartão de débito,Marketplace
105166,2025-12-19,C1841,Suporte para Monitor,Escritório,1,278.61,0,153.24,GO,Centro-Oeste,Boleto,Marketplace
105167,2026-01-04,C0101,Suporte para Monitor,Escritório,2,313.1,0.05,172.21,GO,Centro-Oeste,Boleto,Online
105168,2025-11-14,C2090,Suporte para Monitor,Escritório,1,212.08,0,116.64,SC,Sul,PIX,Marketplace
105169,2026-02-19,C1086,Aspirador,Casa,1,561.66,0,376.31,DF,Centro-Oeste,PIX,Online
105170,2026-06-05,C1173,Aspirador,Casa,1,257.57,0.1,172.57,RO,Norte,PIX,Marketplace
105171,2025-12-03,C1580,Monitor,Eletrônicos,1,1052.49,0,715.69,DF,Centro-Oeste,PIX,Online
105172,2026-06-20,C0428,Smartphone,Eletrônicos,2,3593.33,0,2802.8,AM,Norte,Boleto,Marketplace
105173,2025-11-30,C2310,Mesa,Escritório,1,685.06,0.05,465.84,ES,Sudeste,Cartão de débito,Online
105174,2025-10-23,C0314,Mouse,Eletrônicos,2,338.11,0.1,196.1,SE,Nordeste,Cartão de crédito,Online
105175,2025-01-06,C0443,Carregador,Acessórios,2,125.49,0.1,62.74,SE,Nordeste,PIX,Online
105176,2025-02-22,C1082,Suporte para Monitor,Escritório,1,586.05,0.15,322.33,GO,Centro-Oeste,PIX,Online
105177,2025-04-12,C1058,Cabo USB,Acessórios,1,53.25,0.1,23.96,PI,Nordeste,PIX,Online
105178,2026-05-07,C1600,Liquidificador,Casa,2,368.05,0.05,231.87,RO,Norte,Boleto,Online
105179,2025-04-03,C2157,Suporte para Monitor,Escritório,2,502.59,0.05,276.42,AC,Norte,PIX,Online
105180,2025-07-13,C0333,Liquidificador,Casa,2,318.84,0,200.87,AC,Norte,Cartão de crédito,Marketplace
105181,2025-01-29,C1316,Monitor,Eletrônicos,1,816.62,0.2,555.3,SP,Sudeste,PIX,Marketplace
105182,2025-11-03,C0255,Hub USB,Acessórios,1,218.21,0.1,120.02,AP,Norte,PIX,Marketplace
105183,2026-03-29,C1735,Mesa,Escritório,2,998.93,0.15,679.27,ES,Sudeste,Cartão de débito,Marketplace
105184,2025-04-03,C0931,Carregador,Acessórios,1,153.69,0.05,76.84,RS,Sul,Cartão de crédito,Online
105185,2025-11-11,C0447,Mesa,Escritório,1,777.51,0.1,528.71,PE,Nordeste,PIX,Online
105186,2025-06-30,C1515,Cafeteira,Casa,2,255.79,0.1,166.26,CE,Nordeste,PIX,Marketplace
105187,2025-03-21,C0417,Hub USB,Acessórios,2,298.64,0.1,164.25,SE,Nordeste,PIX,Online
105188,2025-04-16,C1160,Cadeira,Escritório,2,1528.65,0.05,1070.06,PR,Sul,Boleto,Online
105189,2025-07-30,C0409,Mouse,Eletrônicos,1,346.26,0.2,200.83,PR,Sul,Cartão de crédito,Online
105190,2025-01-03,C1985,Suporte para Monitor,Escritório,1,515.21,0,283.37,RS,Sul,PIX,Marketplace
105191,2025-07-05,C1538,Notebook,Eletrônicos,4,3228.21,0.1,2324.31,RN,Nordeste,PIX,Online
105192,2025-07-03,C2427,Suporte para Monitor,Escritório,3,431.98,0.05,237.59,RR,Norte,Cartão de débito,Marketplace
105193,2025-04-07,C1475,Mouse,Eletrônicos,2,447.86,0,259.76,AM,Norte,Cartão de débito,Marketplace
105194,2026-05-02,C0536,Teclado,Eletrônicos,2,567.98,0.15,340.79,PB,Nordeste,Cartão de crédito,Marketplace
105195,2026-01-08,C0695,Liquidificador,Casa,1,424.08,0.1,267.17,TO,Norte,Cartão de débito,Marketplace
105196,2026-04-27,C0630,Liquidificador,Casa,3,243.11,0.15,153.16,AC,Norte,PIX,Online
105197,2026-02-20,C0315,Monitor,Eletrônicos,4,2488.14,0.1,1691.94,SP,Sudeste,PIX,Marketplace
105198,2025-05-19,C1939,Carregador,Acessórios,1,176.91,0,88.45,MG,Sudeste,Boleto,Online
105199,2026-03-05,C2304,Mesa,Escritório,2,1968.33,0.1,1338.46,BA,Nordeste,PIX,Marketplace
105200,2026-02-16,C0983,Mesa,Escritório,1,1344.11,0,913.99,AP,Norte,Cartão de débito,Marketplace
105201,2026-03-26,C1217,Cafeteira,Casa,1,589.55,0.05,383.21,MG,Sudeste,PIX,Marketplace
105202,2025-08-02,C0830,Hub USB,Acessórios,3,80.73,0.1,44.4,AC,Norte,Cartão de débito,Marketplace
105203,2025-01-01,C2368,Suporte para Monitor,Escritório,2,105.02,0,57.76,PB,Nordeste,Cartão de crédito,Online
105204,2025-11-19,C0064,Cabo USB,Acessórios,1,74.35,0.05,33.46,RR,Norte,PIX,Online
105205,2025-11-27,C2191,Suporte para Monitor,Escritório,4,533.76,0.05,293.57,RR,Norte,Cartão de débito,Online
105206,2025-06-23,C1186,Cafeteira,Casa,1,452.06,0,293.84,RN,Nordeste,Cartão de débito,Online
105207,2025-02-08,C1760,Teclado,Eletrônicos,3,428.53,0.1,257.12,AC,Norte,Cartão de débito,Marketplace
105208,2025-12-15,C2424,Air Fryer,Casa,1,770.16,0.1,492.9,CE,Nordeste,Cartão de débito,Online
105209,2026-02-12,C0446,Mouse,Eletrônicos,1,140.65,0,81.58,AL,Nordeste,Cartão de crédito,Marketplace
105210,2025-05-15,C1178,Notebook,Eletrônicos,4,3542.81,0,2550.82,AC,Norte,Cartão de débito,Online
105211,2025-09-03,C0092,Liquidificador,Casa,1,451.85,0.1,284.67,MG,Sudeste,Cartão de crédito,Online
105212,2025-07-15,C0531,Teclado,Eletrônicos,1,756.77,0,454.06,PA,Norte,Cartão de débito,Marketplace
105213,2025-12-07,C0252,Air Fryer,Casa,2,885.32,0.05,566.6,RO,Norte,Cartão de débito,Marketplace
105214,2025-06-15,C2475,Air Fryer,Casa,1,566.44,0.1,362.52,PI,Nordeste,Boleto,Online
105215,2026-06-16,C1126,Aspirador,Casa,1,860.24,0.05,576.36,MG,Sudeste,Boleto,Marketplace
105216,2025-08-09,C1540,Mesa,Escritório,1,840.11,0.05,571.27,SP,Sudeste,Boleto,Online
105217,2026-02-06,C1008,Monitor,Eletrônicos,3,1127.47,0,766.68,PI,Nordeste,Cartão de débito,Online
105218,2026-03-10,C1925,Cadeira,Escritório,3,827.73,0,579.41,AC,Norte,Cartão de débito,Marketplace
105219,2025-05-30,C1194,Headset,Eletrônicos,1,598.66,0.05,371.17,PI,Nordeste,Boleto,Marketplace
105220,2025-07-06,C1232,Cafeteira,Casa,1,702.45,0,456.59,AL,Nordeste,Cartão de débito,Online
105221,2025-07-10,C0658,Headset,Eletrônicos,4,790.61,0,490.18,AC,Norte,Cartão de crédito,Online
105222,2025-11-30,C0724,Carregador,Acessórios,2,93.49,0.1,46.74,SP,Sudeste,Boleto,Online
105223,2025-01-29,C2380,Hub USB,Acessórios,3,144.08,0.2,79.24,MG,Sudeste,Cartão de crédito,Marketplace
105224,2025-03-18,C0704,Liquidificador,Casa,1,563.73,0,355.15,PR,Sul,PIX,Marketplace
105225,2026-03-30,C0108,Suporte para Monitor,Escritório,1,512.07,0.05,281.64,MS,Centro-Oeste,Cartão de débito,Marketplace
105226,2025-10-14,C1700,Monitor,Eletrônicos,3,1949.45,0.1,1325.63,RS,Sul,Cartão de débito,Marketplace
105227,2025-04-26,C1444,Aspirador,Casa,4,1323.83,0.05,886.97,RR,Norte,Cartão de débito,Online
105228,2026-04-03,C2083,Carregador,Acessórios,2,166.5,0.1,83.25,RJ,Sudeste,Cartão de crédito,Marketplace
105229,2025-02-03,C2373,Air Fryer,Casa,2,487.58,0.05,312.05,PB,Nordeste,PIX,Online
105230,2025-07-09,C1415,Carregador,Acessórios,3,145.4,0,72.7,AC,Norte,Cartão de débito,Online
105231,2026-05-09,C0019,Notebook,Eletrônicos,2,5558.92,0,4002.42,AL,Nordeste,PIX,Marketplace
105232,2026-04-13,C1168,Suporte para Monitor,Escritório,1,415.05,0.05,228.28,AC,Norte,Cartão de crédito,Marketplace
105233,2026-01-11,C1560,Air Fryer,Casa,3,328.94,0.1,210.52,RN,Nordeste,Cartão de débito,Online
105234,2025-01-01,C0708,Cabo USB,Acessórios,1,30.42,0.1,13.69,RR,Norte,PIX,Online
105235,2025-03-05,C1508,Teclado,Eletrônicos,1,387.34,0.1,232.4,RJ,Sudeste,Cartão de débito,Marketplace
105236,2026-04-02,C1724,Luminária,Escritório,3,242.37,0.1,126.03,MS,Centro-Oeste,PIX,Online
105237,2026-02-16,C1238,Cadeira,Escritório,1,996.71,0.05,697.7,PE,Nordeste,Cartão de débito,Marketplace
105238,2025-07-23,C0639,Cadeira,Escritório,1,1140.34,0.15,798.24,AC,Norte,Cartão de débito,Online
105239,2025-03-10,C1209,Luminária,Escritório,5,175.48,0,91.25,PA,Norte,Cartão de débito,Marketplace
105240,2025-12-20,C0612,Smartphone,Eletrônicos,3,3845.04,0,2999.13,ES,Sudeste,Cartão de crédito,Online
105241,2026-02-26,C2186,Cadeira,Escritório,1,2320.7,0.1,1624.49,AC,Norte,PIX,Online
105242,2025-07-10,C0670,Smartphone,Eletrônicos,5,1653.73,0.15,1289.91,RN,Nordeste,PIX,Marketplace
105243,2026-03-25,C2249,Liquidificador,Casa,1,328.74,0.1,207.11,PA,Norte,Boleto,Marketplace
105244,2025-06-17,C2074,Liquidificador,Casa,1,569.5,0,358.79,SE,Nordeste,Cartão de crédito,Marketplace
105245,2025-03-23,C0163,Carregador,Acessórios,2,196.63,0,98.31,CE,Nordeste,PIX,Online
105246,2026-02-06,C2483,Mesa,Escritório,2,1907.91,0,1297.38,AC,Norte,,Marketplace
105247,2025-01-27,C1145,Notebook,Eletrônicos,1,2743.52,0,1975.33,AP,Norte,Cartão de crédito,Marketplace
105248,2025-07-16,C0293,Headset,Eletrônicos,2,754.2,0.15,467.6,SC,Sul,Cartão de crédito,Marketplace
105249,2025-01-17,C1697,Cafeteira,Casa,1,1088.18,0,707.32,RJ,Sudeste,Cartão de crédito,Marketplace
105250,2025-10-09,C0848,Monitor,Eletrônicos,1,2141.29,0.05,1456.08,SP,Sudeste,Cartão de débito,Online
105251,2026-06-19,C2104,Mesa,Escritório,1,906.4,0.05,616.35,SP,Sudeste,Boleto,Marketplace
105252,2025-04-29,C1095,Mesa,Escritório,1,1235.82,0,840.36,RJ,Sudeste,PIX,Marketplace
105253,2025-12-26,C0494,Notebook,Eletrônicos,1,2960.57,0.05,2131.61,MG,Sudeste,Cartão de débito,Online
105254,2025-08-24,C2212,Cadeira,Escritório,1,709.44,0,496.61,ES,Sudeste,Cartão de crédito,Marketplace
105255,2026-04-28,C0395,Headset,Eletrônicos,1,713.55,0.1,442.4,PE,Nordeste,Cartão de crédito,Online
105256,2025-04-18,C1728,Suporte para Monitor,Escritório,4,105.21,0,57.87,RO,Norte,Boleto,Online
105257,2025-12-23,C0883,Cadeira,Escritório,1,1897.53,0.05,1328.27,PI,Nordeste,Cartão de crédito,Online
105258,2025-01-08,C1797,Mouse,Eletrônicos,1,388.14,0.05,225.12,CE,Nordeste,PIX,Online
105259,2025-01-21,C2248,Liquidificador,Casa,1,465.22,0,293.09,DF,Centro-Oeste,Boleto,Online
105260,2025-08-24,C0962,Cadeira,Escritório,1,698.27,0,488.79,MS,Centro-Oeste,Cartão de débito,Online
105261,2025-10-03,C0242,Teclado,Eletrônicos,1,516.56,0.1,309.94,ES,Sudeste,Cartão de débito,Marketplace
105262,2025-05-19,C0757,Teclado,Eletrônicos,1,413.23,0.15,247.94,AC,Norte,Cartão de crédito,Marketplace
105263,2025-06-03,C1458,Aspirador,Casa,1,489.65,0.1,328.07,TO,Norte,Cartão de crédito,Online
105264,2026-03-13,C1068,Suporte para Monitor,Escritório,2,339.6,0.05,186.78,RO,Norte,Boleto,Marketplace
105265,2025-10-13,C2248,Luminária,Escritório,1,106.56,0,55.41,AP,Norte,Cartão de débito,Online
105266,2025-06-01,C1111,Cabo USB,Acessórios,1,78.87,0.05,35.49,PI,Nordeste,Cartão de débito,Marketplace
105267,2026-04-15,C2080,Cabo USB,Acessórios,1,59.45,0.05,26.75,PR,Sul,PIX,Online
105268,2025-08-17,C1469,Carregador,Acessórios,1,188.92,0.15,94.46,RS,Sul,Cartão de crédito,Marketplace
105269,2025-07-02,C0225,Cabo USB,Acessórios,2,73.75,0.1,33.19,RN,Nordeste,Cartão de crédito,Marketplace
105270,2025-01-17,C0338,Headset,Eletrônicos,1,880.95,0,546.19,RR,Norte,PIX,Online
105271,2026-01-26,C1644,Mouse,Eletrônicos,1,366.43,0.15,212.53,AL,Nordeste,Boleto,Online
105272,2025-01-21,C2272,Smartphone,Eletrônicos,1,3693.63,0.1,2881.03,AC,Norte,Cartão de débito,Marketplace
105273,2026-05-11,C0887,Suporte para Monitor,Escritório,2,110.32,0.05,60.68,BA,Nordeste,Cartão de débito,Online
105274,2025-02-15,C1603,Mesa,Escritório,1,1047.04,0.2,711.99,AL,Nordeste,Cartão de crédito,Marketplace
105275,2025-01-21,C2156,Mesa,Escritório,2,1437.77,0,977.68,MG,Sudeste,Cartão de crédito,Online
105276,2026-03-03,C0766,Monitor,Eletrônicos,1,1945.31,0.05,1322.81,GO,Centro-Oeste,Cartão de crédito,Marketplace
105277,2026-03-18,C1209,Mesa,Escritório,1,524.53,0.05,356.68,CE,Nordeste,Cartão de crédito,Online
105278,2025-08-05,C1712,Aspirador,Casa,1,310.22,0,207.85,SC,Sul,Cartão de crédito,Marketplace
105279,2025-04-05,C2381,Suporte para Monitor,Escritório,1,415.17,0,228.34,CE,Nordeste,Cartão de débito,Marketplace
105280,2026-06-19,C1080,Hub USB,Acessórios,2,132.14,0.1,72.68,RJ,Sudeste,Boleto,Marketplace
105281,2025-04-06,C0488,Aspirador,Casa,2,794.32,0,532.19,SP,Sudeste,Cartão de crédito,Marketplace
105282,2026-05-21,C1389,Cafeteira,Casa,2,399.08,0.15,259.4,MA,Nordeste,Boleto,Marketplace
105283,2025-07-01,C1320,Mouse,Eletrônicos,1,306.12,0.1,177.55,RN,Nordeste,Cartão de crédito,Online
105284,2025-08-07,C1739,Monitor,Eletrônicos,1,1699.39,0.05,1155.59,PB,Nordeste,Boleto,Marketplace
105285,2025-07-28,C1332,Mesa,Escritório,4,1821.77,0,1238.8,PA,Norte,Boleto,Marketplace
105286,2025-05-20,C2034,Cafeteira,Casa,1,304.65,0,198.02,MT,Centro-Oeste,Cartão de crédito,Online
105287,2026-05-20,C2211,Cafeteira,Casa,1,202.13,0,131.38,AM,Norte,Cartão de débito,Online
105288,2025-06-05,C0981,Carregador,Acessórios,1,69.37,0.1,34.69,SP,Sudeste,Cartão de crédito,Marketplace
105289,2026-05-16,C2131,Mesa,Escritório,1,1674.92,0,1138.95,RN,Nordeste,Boleto,Online
105290,2026-05-26,C1624,Notebook,Eletrônicos,1,3430.51,0.05,2469.97,PE,Nordeste,Cartão de débito,Marketplace
105291,2025-03-18,C1779,Suporte para Monitor,Escritório,4,170.66,0.1,93.86,SE,Nordeste,Boleto,Online
105292,2025-04-18,C0077,Luminária,Escritório,1,329.77,0.1,171.48,MG,Sudeste,Cartão de débito,Marketplace
105293,2025-07-04,C2144,Notebook,Eletrônicos,2,5479.99,0.05,3945.59,AC,Norte,PIX,Online
105294,2026-06-28,C2408,Smartphone,Eletrônicos,1,3163.72,0.1,2467.7,PE,Nordeste,Cartão de débito,Online
105295,2025-10-09,C1443,Cabo USB,Acessórios,1,68.52,0,30.83,MG,Sudeste,Cartão de débito,Online
105296,2026-03-28,C1682,Liquidificador,Casa,1,426.72,0,268.83,BA,Nordeste,Cartão de débito,Marketplace
105297,2026-01-22,C0152,Air Fryer,Casa,2,891.99,0.05,570.87,SE,Nordeste,PIX,Online
105298,2025-11-10,C1814,Cabo USB,Acessórios,1,37.29,0.05,16.78,RS,Sul,PIX,Online
105299,2025-01-14,C0650,Notebook,Eletrônicos,1,4577.74,0.1,3295.97,MT,Centro-Oeste,PIX,Online
105300,2025-10-30,C1637,Cafeteira,Casa,2,858.48,0,558.01,RR,Norte,Cartão de débito,Online
105301,2026-05-19,C1652,Luminária,Escritório,2,342.59,0.15,178.15,AL,Nordeste,Cartão de crédito,Online
105302,2026-01-23,C1750,Notebook,Eletrônicos,3,4269.86,0.1,3074.3,GO,Centro-Oeste,Cartão de débito,Marketplace
105303,2026-01-14,C1727,Mouse,Eletrônicos,1,134.93,0.05,78.26,MT,Centro-Oeste,PIX,Marketplace
105304,2025-11-04,C1207,Monitor,Eletrônicos,2,731.97,0,497.74,MS,Centro-Oeste,Boleto,Online
105305,2025-07-23,C1040,Carregador,Acessórios,1,239.69,0.05,119.84,AP,Norte,Cartão de crédito,Online
105306,2025-10-29,C2487,Aspirador,Casa,1,1495.54,0,1002.01,RO,Norte,Boleto,Marketplace
105307,2025-07-07,C2277,Air Fryer,Casa,2,456.05,0,291.87,PA,Norte,Cartão de débito,Online
105308,2025-01-18,C1910,Hub USB,Acessórios,3,255.54,0,140.55,MG,Sudeste,PIX,Marketplace
105309,2026-03-12,C0094,Carregador,Acessórios,1,62.42,0.1,31.21,AM,Norte,Cartão de débito,Online
105310,2025-11-23,C0289,Aspirador,Casa,1,909.77,0.1,609.55,AM,Norte,PIX,Marketplace
105311,2025-03-31,C2081,Aspirador,Casa,1,1223.42,0.05,819.69,ES,Sudeste,PIX,Marketplace
105312,2025-05-29,C1434,Liquidificador,Casa,1,505.33,0,318.36,GO,Centro-Oeste,Cartão de débito,Online
105313,2025-12-31,C0244,Cafeteira,Casa,2,1002.53,0.05,651.64,AL,Nordeste,Boleto,Marketplace
105314,2025-12-09,C0003,Cadeira,Escritório,1,1141.7,0.2,799.19,MA,Nordeste,Boleto,Marketplace
105315,2025-08-14,C1608,Monitor,Eletrônicos,3,1076.16,0.2,731.79,RJ,Sudeste,PIX,Online
105316,2026-04-29,C1151,Aspirador,Casa,1,695.36,0.1,465.89,TO,Norte,Boleto,Online
105317,2025-11-20,C1789,Mouse,Eletrônicos,1,107.04,0,62.08,AP,Norte,Cartão de débito,Marketplace
105318,2026-03-03,C1236,Air Fryer,Casa,1,352.64,0.05,225.69,RO,Norte,Boleto,Marketplace
105319,2026-05-01,C0832,Hub USB,Acessórios,1,165.1,0,90.81,RN,Nordeste,Cartão de crédito,Online
105320,2025-09-19,C0353,Hub USB,Acessórios,2,147.45,0.15,81.1,MG,Sudeste,Cartão de crédito,Online
105321,2026-02-27,C2093,Cadeira,Escritório,2,2309.85,0.1,1616.89,DF,Centro-Oeste,Boleto,Online
105322,2026-06-17,C1022,Cabo USB,Acessórios,2,97.14,0.05,43.71,PI,Nordeste,Boleto,Marketplace
105323,2025-01-01,C0550,Aspirador,Casa,1,1423.62,0.05,953.83,ES,Sudeste,PIX,Marketplace
105324,2025-07-17,C1851,Teclado,Eletrônicos,1,714.65,0.1,428.79,MT,Centro-Oeste,Cartão de débito,Marketplace
105325,2026-03-18,C1401,Mesa,Escritório,1,756.4,0.1,514.35,PI,Nordeste,PIX,Marketplace
105326,2026-04-11,C1515,Headset,Eletrônicos,2,405.79,0.1,251.59,SP,Sudeste,Cartão de débito,Marketplace
105327,2025-09-10,C2479,Carregador,Acessórios,1,174.03,0,87.02,RN,Nordeste,PIX,Online
105328,2025-02-20,C2370,Headset,Eletrônicos,1,175.22,0,108.64,PE,Nordeste,Boleto,Marketplace
105329,2026-06-01,C0823,Mesa,Escritório,2,1965.5,0.1,1336.54,SP,Sudeste,Cartão de crédito,Marketplace
105330,2025-06-18,C1828,Suporte para Monitor,Escritório,1,528.81,0.05,290.85,MA,Nordeste,Cartão de débito,Marketplace
105331,2025-12-28,C2121,Smartphone,Eletrônicos,1,3605.75,0.1,2812.49,PE,Nordeste,Cartão de débito,Online
105332,2026-04-23,C0984,Mouse,Eletrônicos,1,210.51,0.15,122.1,SC,Sul,PIX,Online
105333,2025-09-23,C2194,Mouse,Eletrônicos,2,206.65,0.05,119.86,GO,Centro-Oeste,Boleto,Online
105334,2026-02-15,C0817,Cabo USB,Acessórios,3,87.26,0.15,39.27,SC,Sul,Boleto,Online
105335,2026-03-26,C1907,Liquidificador,Casa,1,288.46,0.05,181.73,RS,Sul,Boleto,Online
105336,2026-02-21,C0503,Cadeira,Escritório,3,1307.31,0,915.12,PI,Nordeste,Cartão de débito,Marketplace
105337,2025-03-29,C0961,Hub USB,Acessórios,2,238.95,0,131.42,CE,Nordeste,Cartão de crédito,Online
105338,2025-05-01,C1630,Smartphone,Eletrônicos,1,4468.53,0.1,3485.45,AL,Nordeste,Cartão de débito,Marketplace
105339,2026-06-20,C2365,Suporte para Monitor,Escritório,2,315.79,0.15,173.68,RN,Nordeste,Cartão de débito,Online
105340,2025-05-22,C0738,Carregador,Acessórios,1,163.9,0.1,81.95,SC,Sul,Cartão de débito,Marketplace
105341,2026-02-19,C2262,Hub USB,Acessórios,1,89.33,0.1,49.13,ES,Sudeste,Boleto,Marketplace
105342,2025-10-02,C2126,Smartphone,Eletrônicos,2,2437.23,0.1,1901.04,MA,Nordeste,Boleto,Marketplace
105343,2025-07-16,C1293,Headset,Eletrônicos,5,598.24,0,370.91,SP,Sudeste,Cartão de débito,Marketplace
105344,2025-08-17,C1809,Smartphone,Eletrônicos,1,2364.47,0,1844.29,CE,Nordeste,Boleto,Online
105345,2025-12-21,C1289,Smartphone,Eletrônicos,1,1742.76,0,1359.35,RJ,Sudeste,Cartão de crédito,Marketplace
105346,2026-04-01,C0378,Smartphone,Eletrônicos,2,4871.8,0.05,3800.0,SP,Sudeste,Boleto,Marketplace
105347,2026-03-14,C2482,Hub USB,Acessórios,1,271.51,0,149.33,RR,Norte,Boleto,Marketplace
105348,2025-09-07,C2268,Cadeira,Escritório,1,1300.5,0,910.35,PB,Nordeste,PIX,Online
105349,2026-01-05,C1003,Air Fryer,Casa,1,942.78,0.1,603.38,SC,Sul,Cartão de crédito,Online
105350,2025-06-14,C1382,Teclado,Eletrônicos,4,588.68,0.05,353.21,AP,Norte,Cartão de crédito,Marketplace
105351,2026-04-05,C1931,Mesa,Escritório,1,552.47,0.1,375.68,SP,Sudeste,PIX,Marketplace
105352,2026-01-14,C2261,Mouse,Eletrônicos,1,97.27,0.15,56.42,RR,Norte,Cartão de débito,Marketplace
105353,2026-01-15,C1591,Liquidificador,Casa,3,534.83,0.1,336.94,PI,Nordeste,Cartão de débito,Marketplace
105354,2026-03-20,C0964,Carregador,Acessórios,1,220.34,0,110.17,PA,Norte,PIX,Marketplace
105355,2025-04-30,C0125,Carregador,Acessórios,2,236.17,0,118.08,PR,Sul,Boleto,Marketplace
105356,2025-05-23,C0112,Cafeteira,Casa,1,909.7,0,591.31,PR,Sul,PIX,Online
105357,2025-03-20,C0367,Mouse,Eletrônicos,2,153.47,0.05,89.01,RS,Sul,PIX,Online
105358,2026-05-10,C2218,Luminária,Escritório,3,99.12,0.05,51.54,RS,Sul,Boleto,Online
105359,2025-04-07,C0567,Teclado,Eletrônicos,4,250.87,0,150.52,MS,Centro-Oeste,Cartão de débito,Online
105360,2026-01-13,C0011,Teclado,Eletrônicos,2,765.44,0.1,459.26,PB,Nordeste,PIX,Marketplace
105361,2026-03-13,C0323,Hub USB,Acessórios,1,297.28,0,163.5,AM,Norte,Boleto,Online
105362,2025-02-09,C1272,Air Fryer,Casa,2,898.45,0,575.01,MA,Nordeste,PIX,Marketplace
105363,2025-01-18,C0325,Carregador,Acessórios,3,203.76,0,101.88,PE,Nordeste,Cartão de débito,Online
105364,2025-01-01,C1466,Luminária,Escritório,1,142.73,0,74.22,ES,Sudeste,Cartão de crédito,Marketplace
105365,2025-12-07,C0533,Aspirador,Casa,2,1198.22,0.05,802.81,AC,Norte,Cartão de crédito,Marketplace
105366,2025-03-10,C0963,Monitor,Eletrônicos,1,818.37,0.1,556.49,MA,Nordeste,Cartão de débito,Online
105367,2025-11-06,C2221,Mesa,Escritório,2,1657.88,0,1127.36,MS,Centro-Oeste,Cartão de crédito,Online
105368,2026-06-17,C0056,Luminária,Escritório,1,106.28,0.15,55.27,TO,Norte,Cartão de débito,Marketplace
105369,2026-01-30,C1196,Notebook,Eletrônicos,1,3547.85,0.1,2554.45,RS,Sul,PIX,Marketplace
105370,2025-05-10,C0241,Cafeteira,Casa,1,783.39,0,509.2,ES,Sudeste,PIX,Online
105371,2025-07-26,C0119,Cadeira,Escritório,1,858.13,0.1,600.69,AL,Nordeste,Cartão de débito,Marketplace
105372,2025-11-04,C2441,Notebook,Eletrônicos,1,3426.55,0,2467.12,RO,Norte,PIX,Marketplace
105373,2025-04-10,C1657,Mesa,Escritório,2,736.51,0.1,500.83,MG,Sudeste,PIX,Marketplace
105374,2025-04-13,C0330,Liquidificador,Casa,3,391.56,0.05,246.68,MS,Centro-Oeste,Cartão de crédito,Online
105375,2026-06-10,C2373,Air Fryer,Casa,1,577.51,0.1,369.61,PI,Nordeste,Boleto,Online
105376,2025-06-08,C0297,Mesa,Escritório,5,1862.19,0,1266.29,GO,Centro-Oeste,Boleto,Online
105377,2025-07-13,C2483,Aspirador,Casa,1,987.39,0,661.55,RR,Norte,Cartão de débito,Marketplace
105378,2026-05-11,C2106,Cadeira,Escritório,2,1717.48,0.1,1202.24,MT,Centro-Oeste,Cartão de crédito,Online
105379,2025-01-25,C0878,Hub USB,Acessórios,1,125.35,0,68.94,MG,Sudeste,PIX,Marketplace
105380,2026-06-16,C1454,Liquidificador,Casa,1,149.54,0,94.21,SE,Nordeste,Cartão de crédito,Online
105381,2025-01-23,C2427,Aspirador,Casa,1,1067.29,0.15,715.08,SP,Sudeste,PIX,Online
105382,2025-04-14,C0995,Smartphone,Eletrônicos,2,3837.94,0,2993.59,MG,Sudeste,Cartão de crédito,Online
105383,2026-06-12,C1466,Aspirador,Casa,1,1071.46,0.1,717.88,AP,Norte,Cartão de débito,Online
105384,2026-06-03,C0425,Aspirador,Casa,1,1156.42,0,774.8,MA,Nordeste,Cartão de débito,Marketplace
105385,2025-09-12,C2344,Cadeira,Escritório,1,1146.38,0.05,802.47,RJ,Sudeste,PIX,Marketplace
105386,2025-06-09,C2311,Teclado,Eletrônicos,1,142.87,0.15,85.72,MG,Sudeste,Cartão de débito,Online
105387,2025-12-08,C0597,Teclado,Eletrônicos,2,175.51,0.1,105.31,ES,Sudeste,Cartão de crédito,Online
105388,2026-06-12,C0960,Liquidificador,Casa,1,480.06,0,302.44,RN,Nordeste,PIX,Online
105389,2025-03-20,C0540,Luminária,Escritório,1,341.7,0.05,177.68,RO,Norte,PIX,Online
105390,2025-01-02,C0316,Monitor,Eletrônicos,1,1977.29,0,1344.56,RO,Norte,Cartão de crédito,Online
105391,2026-04-11,C2375,Luminária,Escritório,3,187.92,0.05,97.72,RN,Nordeste,Boleto,Online
105392,2025-08-15,C2247,Headset,Eletrônicos,2,749.11,0.2,464.45,RN,Nordeste,PIX,Online
105393,2025-09-04,C1259,Liquidificador,Casa,1,547.65,0,345.02,GO,Centro-Oeste,Cartão de crédito,Marketplace
105394,2025-02-27,C1286,Aspirador,Casa,5,890.55,0.2,596.67,AC,Norte,Cartão de crédito,Marketplace
105395,2025-01-08,C1108,Mesa,Escritório,1,1425.72,0.05,969.49,BA,Nordeste,Boleto,Online
105396,2026-04-02,C2015,Cadeira,Escritório,1,552.56,0.05,386.79,SC,Sul,Boleto,Marketplace
105397,2025-02-21,C1527,Teclado,Eletrônicos,2,741.45,0.15,444.87,AC,Norte,Boleto,Online
105398,2025-12-14,C1377,Mesa,Escritório,1,899.18,0.05,611.44,RR,Norte,PIX,Online
105399,2025-09-20,C1011,Luminária,Escritório,2,124.98,0,64.99,RS,Sul,Cartão de débito,Marketplace
105400,2025-09-28,C2149,Mouse,Eletrônicos,1,350.11,0,203.06,MT,Centro-Oeste,Cartão de crédito,Online
105401,2025-06-08,C0312,Notebook,Eletrônicos,2,4106.35,0,2956.57,MA,Nordeste,Cartão de crédito,Online
105402,2025-05-30,C0135,Aspirador,Casa,1,669.51,0.05,448.57,AP,Norte,Cartão de crédito,Online
105403,2025-10-25,C1487,Teclado,Eletrônicos,4,704.35,0,422.61,PB,Nordeste,Cartão de débito,Online
105404,2025-03-03,C0568,Cafeteira,Casa,1,265.34,0,172.47,ES,Sudeste,Cartão de crédito,Online
105405,2025-10-16,C1738,Smartphone,Eletrônicos,1,2229.72,0,1739.18,BA,Nordeste,Boleto,Marketplace
105406,2025-01-29,C1521,Carregador,Acessórios,1,231.67,0,115.83,PR,Sul,Boleto,Marketplace
105407,2025-05-10,C1751,Notebook,Eletrônicos,1,3570.21,0.05,2570.55,DF,Centro-Oeste,Boleto,Marketplace
105408,2025-12-26,C1651,Headset,Eletrônicos,2,477.03,0.1,295.76,RJ,Sudeste,Cartão de crédito,Online
105409,2025-01-16,C1835,Mesa,Escritório,2,1658.02,0.1,1127.45,RN,Nordeste,Boleto,Online
105410,2026-02-17,C0779,Cabo USB,Acessórios,1,52.87,0,23.79,MG,Sudeste,Boleto,Online
105411,2025-10-17,C2045,Teclado,Eletrônicos,1,560.71,0.1,336.43,AM,Norte,Cartão de débito,Online
105412,2025-04-08,C0271,Monitor,Eletrônicos,1,2218.05,0.1,1508.27,TO,Norte,Cartão de crédito,Marketplace
105413,2025-05-12,C1513,Mouse,Eletrônicos,4,384.49,0,223.0,RO,Norte,Cartão de débito,Online
105414,2025-11-08,C0952,Smartphone,Eletrônicos,1,2625.13,0.2,2047.6,RJ,Sudeste,Boleto,Marketplace
105415,2025-11-11,C1260,Hub USB,Acessórios,3,170.93,0.05,94.01,PI,Nordeste,Cartão de crédito,Online
105416,2025-12-05,C0279,Carregador,Acessórios,2,73.54,0.05,36.77,SE,Nordeste,Cartão de débito,Online
105417,2025-07-21,C2027,Monitor,Eletrônicos,1,1864.93,0.15,1268.15,GO,Centro-Oeste,Boleto,Online
105418,2026-02-16,C1235,Headset,Eletrônicos,1,452.41,0,280.49,TO,Norte,PIX,Marketplace
105419,2025-10-20,C1542,Carregador,Acessórios,2,220.14,0.05,110.07,RR,Norte,PIX,Marketplace
105420,2025-12-21,C0106,Hub USB,Acessórios,1,85.07,0.1,46.79,SE,Nordeste,Cartão de crédito,Online
105421,2026-06-26,C1058,Hub USB,Acessórios,2,141.4,0,77.77,AC,Norte,Boleto,Marketplace
105422,2025-09-19,C0697,Carregador,Acessórios,1,237.44,0.05,118.72,TO,Norte,Cartão de débito,Marketplace
105423,2026-03-15,C0214,Suporte para Monitor,Escritório,1,369.37,0.05,203.15,AC,Norte,Boleto,Online
105424,2026-06-21,C0312,Teclado,Eletrônicos,1,468.26,0.1,280.96,RO,Norte,Boleto,Online
105425,2026-04-02,C1900,Liquidificador,Casa,1,320.46,0.2,201.89,AC,Norte,PIX,Marketplace
105426,2026-04-19,C0963,Mouse,Eletrônicos,2,181.79,0.1,105.44,ES,Sudeste,Cartão de crédito,Marketplace
105427,2026-05-23,C1340,Luminária,Escritório,3,118.69,0,61.72,MA,Nordeste,PIX,Marketplace
105428,2026-03-25,C2447,Cadeira,Escritório,1,2114.31,0.1,1480.02,DF,Centro-Oeste,Cartão de crédito,Marketplace
105429,2025-02-26,C1265,Cabo USB,Acessórios,2,49.86,0.2,22.44,SP,Sudeste,Cartão de crédito,Online
105430,2025-07-20,C0426,Hub USB,Acessórios,2,137.68,0,75.72,SC,Sul,PIX,Online
105431,2025-07-07,C2354,Teclado,Eletrônicos,2,350.16,0.05,210.1,PR,Sul,PIX,Online
105432,2026-01-10,C1401,Mesa,Escritório,2,1864.17,0,1267.64,TO,Norte,Cartão de crédito,Marketplace
105433,2025-10-23,C2179,Hub USB,Acessórios,1,150.56,0.15,82.81,RN,Nordeste,PIX,Online
105434,2025-08-10,C1794,Aspirador,Casa,1,881.61,0,590.68,PR,Sul,Cartão de crédito,Online
105435,2025-02-22,C1128,Mouse,Eletrônicos,1,255.72,0.15,148.32,RN,Nordeste,Cartão de crédito,Marketplace
105436,2026-01-21,C1395,Headset,Eletrônicos,1,196.28,0.1,121.69,PA,Norte,Cartão de crédito,Marketplace
105437,2026-04-18,C1718,Carregador,Acessórios,1,132.24,0.2,66.12,SE,Nordeste,Cartão de débito,Marketplace
105438,2025-02-26,C2350,Monitor,Eletrônicos,1,989.43,0,672.81,MS,Centro-Oeste,PIX,Marketplace
105439,2025-07-03,C0243,Cafeteira,Casa,1,201.07,0.1,130.7,MG,Sudeste,Boleto,Marketplace
105440,2025-12-10,C2216,Teclado,Eletrônicos,1,290.77,0.05,174.46,RS,Sul,Boleto,Marketplace
105441,2025-03-15,C0424,Aspirador,Casa,3,284.07,0,190.33,PA,Norte,Cartão de débito,Online
105442,2026-05-19,C1655,Suporte para Monitor,Escritório,2,248.74,0.15,136.81,AL,Nordeste,Cartão de débito,Online
105443,2025-04-09,C1486,Headset,Eletrônicos,1,872.43,0.05,540.91,ES,Sudeste,Boleto,Marketplace
105444,2026-02-22,C0113,Headset,Eletrônicos,1,472.81,0,293.14,PE,Nordeste,Cartão de débito,Marketplace
105445,2025-07-03,C0135,Headset,Eletrônicos,1,185.01,0,114.71,RJ,Sudeste,Cartão de crédito,Marketplace
105446,2025-06-22,C0680,Cabo USB,Acessórios,1,57.34,0.1,25.8,DF,Centro-Oeste,PIX,Online
105447,2026-05-14,C1201,Suporte para Monitor,Escritório,1,463.81,0,255.1,PI,Nordeste,Boleto,Marketplace
105448,2026-04-07,C0875,Carregador,Acessórios,3,202.6,0.05,101.3,ES,Sudeste,Cartão de crédito,Online
105449,2025-02-03,C1434,Cafeteira,Casa,1,1134.25,0,737.26,RS,Sul,Cartão de débito,Marketplace
105450,2025-06-01,C0862,Headset,Eletrônicos,1,401.57,0,248.97,RR,Norte,Cartão de crédito,Marketplace
105451,2025-07-11,C1082,Air Fryer,Casa,1,776.88,0.05,497.2,PE,Nordeste,Boleto,Online
105452,2025-04-23,C0694,Aspirador,Casa,1,745.02,0.1,499.16,MA,Nordeste,PIX,Online
105453,2025-09-11,C0805,Cabo USB,Acessórios,2,65.66,0,29.55,ES,Sudeste,PIX,Marketplace
105454,2026-01-30,C0143,Smartphone,Eletrônicos,1,3677.57,0,2868.5,PR,Sul,Boleto,Marketplace
105455,2025-10-28,C0339,Aspirador,Casa,2,305.62,0.1,204.77,RS,Sul,Boleto,Marketplace
105456,2025-06-20,C1698,Monitor,Eletrônicos,1,2281.69,0,1551.55,RS,Sul,PIX,Marketplace
105457,2025-09-01,C1848,Headset,Eletrônicos,3,885.27,0,548.87,PA,Norte,PIX,Marketplace
105458,2025-01-10,C1205,Suporte para Monitor,Escritório,1,548.6,0.05,301.73,RJ,Sudeste,Cartão de crédito,Online
105459,2025-11-24,C1610,Suporte para Monitor,Escritório,2,187.97,0,103.38,RN,Nordeste,Boleto,Online
105460,2025-03-20,C2013,Teclado,Eletrônicos,1,179.84,0,107.9,RO,Norte,Cartão de débito,Marketplace
105461,2025-03-21,C1661,Headset,Eletrônicos,2,858.1,0.1,532.02,PR,Sul,Cartão de débito,Marketplace
105462,2025-09-21,C0290,Air Fryer,Casa,2,531.24,0.15,339.99,RN,Nordeste,Cartão de crédito,Marketplace
105463,2026-01-19,C1985,Suporte para Monitor,Escritório,1,434.94,0.15,239.22,PB,Nordeste,Cartão de débito,Marketplace
105464,2025-01-15,C2047,Luminária,Escritório,2,149.21,0.2,77.59,CE,Nordeste,Cartão de crédito,Online
105465,2026-04-29,C2095,Cafeteira,Casa,1,1050.28,0,682.68,TO,Norte,Cartão de débito,Marketplace
105466,2026-06-19,C1663,Luminária,Escritório,1,245.65,0.05,127.74,SP,Sudeste,Boleto,Marketplace
105467,2025-12-10,C0978,Luminária,Escritório,1,95.83,0.1,49.83,PI,Nordeste,PIX,Online
105468,2026-02-23,C0065,Cafeteira,Casa,1,1073.72,0.1,697.92,MT,Centro-Oeste,Cartão de crédito,Online
105469,2026-04-09,C0357,Air Fryer,Casa,1,777.55,0,497.63,PI,Nordeste,PIX,Marketplace
105470,2026-05-26,C2330,Headset,Eletrônicos,1,281.57,0,174.57,AL,Nordeste,PIX,Marketplace
105471,2025-06-11,C2043,Aspirador,Casa,3,1176.78,0,788.44,BA,Nordeste,Cartão de débito,Marketplace
105472,2025-08-08,C0579,Carregador,Acessórios,2,55.96,0.05,27.98,RR,Norte,Cartão de crédito,Marketplace
105473,2025-04-18,C1706,Carregador,Acessórios,4,182.96,0,91.48,RR,Norte,Cartão de crédito,Online
105474,2025-01-20,C0852,Aspirador,Casa,1,1153.97,0.05,773.16,PE,Nordeste,PIX,Marketplace
105475,2025-07-10,C1983,Mouse,Eletrônicos,1,188.78,0.05,109.49,BA,Nordeste,Cartão de débito,Marketplace
105476,2025-07-09,C0605,Headset,Eletrônicos,1,386.53,0,239.65,PR,Sul,PIX,Online
105477,2026-02-06,C2370,Teclado,Eletrônicos,1,711.63,0.05,426.98,SE,Nordeste,PIX,Marketplace
105478,2025-03-29,C1617,Teclado,Eletrônicos,1,591.62,0.1,354.97,RJ,Sudeste,Boleto,Online
105479,2025-06-27,C1214,Suporte para Monitor,Escritório,3,491.63,0.15,270.4,BA,Nordeste,Cartão de débito,Marketplace
105480,2025-01-05,C1397,Luminária,Escritório,3,183.59,0,95.47,MS,Centro-Oeste,Boleto,Marketplace
105481,2026-05-06,C0270,Liquidificador,Casa,4,164.88,0,103.87,PR,Sul,Cartão de crédito,Marketplace
105482,2025-07-17,C2349,Mouse,Eletrônicos,1,378.13,0.05,219.32,RN,Nordeste,PIX,Marketplace
105483,2026-02-25,C0891,Monitor,Eletrônicos,1,1951.11,0.15,1326.75,MA,Nordeste,,Marketplace
105484,2026-03-07,C1478,Cabo USB,Acessórios,1,69.49,0.1,31.27,RJ,Sudeste,Boleto,Marketplace
105485,2026-02-20,C0252,Cabo USB,Acessórios,2,31.03,0.05,13.96,CE,Nordeste,PIX,Online
105486,2025-08-29,C1845,Liquidificador,Casa,2,474.22,0,298.76,PA,Norte,PIX,Online
105487,2025-04-17,C1713,Liquidificador,Casa,1,214.82,0.05,135.34,PI,Nordeste,PIX,Marketplace
105488,2025-07-05,C0595,Mouse,Eletrônicos,1,158.09,0,91.69,AM,Norte,Cartão de crédito,Marketplace
105489,2026-06-10,C0380,Cafeteira,Casa,2,1073.88,0.1,698.02,SP,Sudeste,Cartão de débito,Marketplace
105490,2025-07-28,C0426,Cabo USB,Acessórios,1,28.07,0.1,12.63,MS,Centro-Oeste,PIX,Online
105491,2025-01-16,C2074,Cadeira,Escritório,2,970.3,0.05,679.21,SP,Sudeste,PIX,Marketplace
105492,2025-11-27,C0359,Cafeteira,Casa,4,517.83,0.05,336.59,RS,Sul,PIX,Online
105493,2026-03-27,C0319,Smartphone,Eletrônicos,2,4854.61,0.2,3786.6,RN,Nordeste,Cartão de débito,Online
105494,2025-09-25,C1828,Mesa,Escritório,2,1522.52,0.15,1035.31,RS,Sul,Cartão de débito,Online
105495,2025-11-06,C0442,Cadeira,Escritório,1,1320.33,0.05,924.23,PR,Sul,Cartão de débito,Online
105496,2025-05-17,C2334,Suporte para Monitor,Escritório,4,395.93,0.1,217.76,MA,Nordeste,Cartão de crédito,Online
105497,2025-11-07,C1420,Carregador,Acessórios,1,184.86,0.05,92.43,PA,Norte,Cartão de crédito,Online
105498,2025-06-30,C1513,Luminária,Escritório,4,271.02,0,140.93,CE,Nordeste,,Online
105499,2025-12-13,C0409,Luminária,Escritório,1,374.61,0.2,194.8,ES,Sudeste,Cartão de débito,Marketplace
105500,2025-10-25,C1582,Cabo USB,Acessórios,1,28.04,0.1,12.62,MA,Nordeste,PIX,Online
105501,2026-04-09,C0082,Air Fryer,Casa,1,767.73,0.1,491.35,BA,Nordeste,Boleto,Marketplace
105502,2025-05-11,C2041,Smartphone,Eletrônicos,2,2935.53,0.05,2289.71,AP,Norte,PIX,Online
105503,2025-06-28,C0443,Smartphone,Eletrônicos,1,3114.59,0.1,2429.38,CE,Nordeste,Cartão de crédito,Marketplace
105504,2025-05-24,C2434,Cabo USB,Acessórios,1,98.88,0.15,44.5,PE,Nordeste,Cartão de crédito,Marketplace
105505,2025-07-20,C0267,Headset,Eletrônicos,2,883.3,0.1,547.65,SE,Nordeste,Boleto,Marketplace
105506,2025-09-22,C2013,Suporte para Monitor,Escritório,4,107.14,0.1,58.93,ES,Sudeste,Cartão de débito,Marketplace
105507,2025-09-10,C0495,Mesa,Escritório,1,935.8,0.1,636.34,PE,Nordeste,Boleto,Online
105508,2025-04-25,C1209,Luminária,Escritório,2,253.28,0.1,131.71,PE,Nordeste,Cartão de crédito,Online
105509,2025-05-09,C1551,Cabo USB,Acessórios,1,42.51,0.05,19.13,TO,Norte,Cartão de crédito,Marketplace
105510,2025-09-22,C0531,Smartphone,Eletrônicos,1,3640.31,0,2839.44,PB,Nordeste,Boleto,Online
105511,2025-02-27,C0894,Luminária,Escritório,1,286.82,0,149.15,AP,Norte,Cartão de débito,Online
105512,2025-08-04,C0609,Teclado,Eletrônicos,2,794.2,0.05,476.52,RS,Sul,PIX,Online
105513,2026-01-09,C2372,Mesa,Escritório,1,1370.36,0.15,931.84,SE,Nordeste,Boleto,Online
105514,2026-01-06,C2097,Carregador,Acessórios,4,190.72,0.1,95.36,PR,Sul,,Marketplace
105515,2025-08-21,C1998,Aspirador,Casa,2,495.19,0.05,331.78,GO,Centro-Oeste,Boleto,Online
105516,2026-04-18,C0475,Smartphone,Eletrônicos,4,2748.88,0.15,2144.13,AM,Norte,PIX,Marketplace
105517,2025-07-19,C2481,Mesa,Escritório,1,990.88,0,673.8,PA,Norte,PIX,Online
105518,2026-02-27,C0965,Aspirador,Casa,2,326.42,0.05,218.7,SE,Nordeste,Cartão de débito,Marketplace
105519,2025-10-11,C0498,Cadeira,Escritório,1,908.75,0.1,636.12,DF,Centro-Oeste,PIX,Online
105520,2025-11-16,C2319,Smartphone,Eletrônicos,2,2053.23,0.15,1601.52,PB,Nordeste,PIX,Marketplace
105521,2026-02-16,C1895,Monitor,Eletrônicos,3,964.66,0.15,655.97,MT,Centro-Oeste,PIX,Marketplace
105522,2025-02-03,C1267,Aspirador,Casa,1,1222.52,0,819.09,PA,Norte,Boleto,Marketplace
105523,2025-07-25,C1509,Notebook,Eletrônicos,1,4116.59,0.05,2963.94,TO,Norte,Cartão de débito,Online
105524,2026-03-29,C2337,Cabo USB,Acessórios,3,59.08,0,26.59,AM,Norte,Cartão de crédito,Online
105525,2025-12-29,C0404,Suporte para Monitor,Escritório,2,241.47,0.05,132.81,TO,Norte,Cartão de débito,Marketplace
105526,2025-04-16,C1486,Luminária,Escritório,2,167.02,0.1,86.85,RJ,Sudeste,Boleto,Online
105527,2025-06-06,C2309,Carregador,Acessórios,1,60.53,0,30.27,MA,Nordeste,Cartão de crédito,Online
105528,2025-01-05,C0735,Notebook,Eletrônicos,2,3745.64,0,2696.86,AC,Norte,Cartão de crédito,Marketplace
105529,2025-09-20,C1826,Cabo USB,Acessórios,1,65.78,0.1,29.6,PB,Nordeste,PIX,Online
105530,2026-05-09,C2065,Air Fryer,Casa,1,732.62,0,468.88,PI,Nordeste,PIX,Marketplace
105531,2025-11-17,C1544,Liquidificador,Casa,4,255.94,0,161.24,RN,Nordeste,Cartão de débito,Online
105532,2025-09-09,C2286,Cafeteira,Casa,1,507.54,0.1,329.9,AL,Nordeste,PIX,Online
105533,2025-08-01,C1192,Monitor,Eletrônicos,2,2125.57,0.05,1445.39,CE,Nordeste,Cartão de crédito,Online
105534,2025-05-01,C1730,Monitor,Eletrônicos,2,1430.06,0.1,972.44,PE,Nordeste,PIX,Online
105535,2026-01-10,C2319,Cafeteira,Casa,1,1195.36,0.15,776.98,ES,Sudeste,Boleto,Marketplace
105536,2025-07-28,C1167,Cafeteira,Casa,2,851.41,0.15,553.42,RO,Norte,Cartão de crédito,Marketplace
105537,2025-06-05,C0410,Teclado,Eletrônicos,2,471.92,0,283.15,RN,Nordeste,Cartão de crédito,Marketplace
105538,2025-06-18,C0901,Cafeteira,Casa,1,1128.61,0.05,733.6,AM,Norte,Cartão de crédito,Online
105539,2025-03-04,C0632,Notebook,Eletrônicos,4,3324.38,0.05,2393.55,BA,Nordeste,Boleto,Marketplace
105540,2025-05-24,C1458,Notebook,Eletrônicos,1,5589.63,0,4024.53,PB,Nordeste,Boleto,Marketplace
105541,2025-03-07,C0285,Aspirador,Casa,2,1102.0,0,738.34,AP,Norte,Boleto,Online
105542,2026-02-05,C1020,Carregador,Acessórios,2,163.11,0.05,81.56,CE,Nordeste,Cartão de crédito,Online
105543,2026-05-30,C1075,Air Fryer,Casa,4,400.72,0,256.46,PI,Nordeste,PIX,Online
105544,2025-11-25,C0042,Aspirador,Casa,2,1001.88,0,671.26,RS,Sul,PIX,Marketplace
105545,2026-06-18,C1542,Mouse,Eletrônicos,2,338.24,0,196.18,AM,Norte,Cartão de crédito,Online
105546,2026-05-08,C0928,Suporte para Monitor,Escritório,1,559.84,0,307.91,RN,Nordeste,PIX,Online
105547,2025-02-23,C0730,Liquidificador,Casa,2,396.71,0.05,249.93,DF,Centro-Oeste,Cartão de débito,Online
105548,2025-12-20,C1357,Mesa,Escritório,2,443.55,0,301.61,ES,Sudeste,PIX,Marketplace
105549,2025-11-12,C2256,Liquidificador,Casa,3,355.82,0,224.17,SE,Nordeste,PIX,Online
105550,2025-04-18,C2251,Mesa,Escritório,3,1145.98,0.2,779.27,PA,Norte,Cartão de débito,Online
105551,2026-04-08,C1869,Teclado,Eletrônicos,1,528.61,0,317.17,AP,Norte,PIX,Online
105552,2025-01-27,C0856,Smartphone,Eletrônicos,1,3764.55,0,2936.35,MG,Sudeste,Cartão de débito,Marketplace
105553,2026-06-05,C0277,Mouse,Eletrônicos,1,143.08,0.1,82.99,DF,Centro-Oeste,Boleto,Online
105554,2026-04-04,C1339,Cadeira,Escritório,5,2269.24,0,1588.47,AL,Nordeste,Cartão de débito,Marketplace
105555,2025-02-27,C2023,Monitor,Eletrônicos,2,1467.43,0.15,997.85,AM,Norte,Cartão de débito,Online
105556,2025-07-05,C0649,Notebook,Eletrônicos,1,4134.36,0.05,2976.74,TO,Norte,Cartão de débito,Online
105557,2026-05-16,C1171,Headset,Eletrônicos,1,223.99,0,138.87,CE,Nordeste,PIX,Marketplace
105558,2026-01-12,C1630,Headset,Eletrônicos,4,448.32,0,277.96,SC,Sul,PIX,Online
105559,2025-11-01,C0308,Liquidificador,Casa,2,359.26,0.15,226.33,AP,Norte,Boleto,Marketplace
105560,2026-04-08,C2276,Cafeteira,Casa,3,1179.08,0,766.4,AL,Nordeste,PIX,Marketplace
105561,2025-11-16,C2039,Luminária,Escritório,1,266.74,0.15,138.7,MA,Nordeste,Boleto,Marketplace
105562,2025-11-26,C0482,Notebook,Eletrônicos,2,5515.5,0.15,3971.16,MG,Sudeste,Boleto,Marketplace
105563,2025-10-14,C1381,Luminária,Escritório,1,199.7,0.1,103.84,MA,Nordeste,Cartão de débito,Marketplace
105564,2026-05-31,C1870,Luminária,Escritório,1,359.23,0.05,186.8,RN,Nordeste,Boleto,Marketplace
105565,2025-02-18,C1227,Monitor,Eletrônicos,2,1433.02,0,974.45,AM,Norte,Boleto,Online
105566,2025-07-07,C2067,Carregador,Acessórios,1,193.21,0,96.61,PR,Sul,Boleto,Marketplace
105567,2025-06-16,C0114,Notebook,Eletrônicos,2,3052.66,0,2197.92,ES,Sudeste,Cartão de débito,Online
105568,2025-06-28,C2380,Notebook,Eletrônicos,3,5024.85,0,3617.89,TO,Norte,Boleto,Online
105569,2026-01-23,C0998,Hub USB,Acessórios,1,238.17,0.15,130.99,CE,Nordeste,Boleto,Marketplace
105570,2025-04-04,C1291,Hub USB,Acessórios,2,108.94,0.05,59.92,MA,Nordeste,PIX,Marketplace
105571,2025-11-17,C0916,Air Fryer,Casa,3,992.94,0,635.48,GO,Centro-Oeste,PIX,Online
105572,2025-12-22,C0913,Luminária,Escritório,4,375.12,0.1,195.06,DF,Centro-Oeste,PIX,Online
105573,2026-04-30,C1318,Mouse,Eletrônicos,1,496.4,0.05,287.91,MG,Sudeste,Cartão de crédito,Online
105574,2025-11-06,C2356,Hub USB,Acessórios,1,248.55,0,136.7,CE,Nordeste,Boleto,Online
105575,2026-03-10,C0105,Cafeteira,Casa,2,810.16,0,526.6,MG,Sudeste,PIX,Online
105576,2025-11-26,C2479,Liquidificador,Casa,2,424.85,0,267.66,AM,Norte,Boleto,Marketplace
105577,2025-01-29,C1484,Monitor,Eletrônicos,2,1360.64,0.05,925.24,PE,Nordeste,PIX,Marketplace
105578,2025-06-22,C0365,Aspirador,Casa,1,624.61,0,418.49,GO,Centro-Oeste,PIX,Online
105579,2025-07-11,C2234,Carregador,Acessórios,2,239.85,0,119.92,MS,Centro-Oeste,Cartão de crédito,Marketplace
105580,2025-06-28,C1329,Cabo USB,Acessórios,1,76.49,0,34.42,MA,Nordeste,Cartão de crédito,Online
105581,2026-04-14,C1515,Cafeteira,Casa,3,959.13,0.2,623.43,TO,Norte,Boleto,Marketplace
105582,2026-02-16,C0380,Notebook,Eletrônicos,3,3983.18,0,2867.89,RS,Sul,PIX,Online
105583,2025-09-26,C2280,Headset,Eletrônicos,1,785.87,0,487.24,AP,Norte,PIX,Marketplace
105584,2026-05-12,C1897,Headset,Eletrônicos,2,669.88,0.05,415.33,PR,Sul,Cartão de débito,Marketplace
105585,2026-01-19,C1592,Teclado,Eletrônicos,2,569.97,0,341.98,SP,Sudeste,Boleto,Online
105586,2025-07-02,C2038,Carregador,Acessórios,1,53.89,0,26.95,BA,Nordeste,PIX,Online
105587,2025-01-28,C1061,Mouse,Eletrônicos,1,326.27,0.1,189.24,MS,Centro-Oeste,Cartão de crédito,Marketplace
105588,2025-07-30,C1069,Hub USB,Acessórios,2,273.78,0.05,150.58,AM,Norte,Boleto,Online
105589,2026-05-04,C1469,Cafeteira,Casa,2,711.92,0.1,462.75,MS,Centro-Oeste,Cartão de crédito,Online
105590,2026-06-26,C2040,Hub USB,Acessórios,3,104.86,0.05,57.67,AM,Norte,Cartão de crédito,Online
105591,2025-08-28,C1939,Air Fryer,Casa,2,914.19,0.15,585.08,RS,Sul,Cartão de débito,Online
105592,2025-08-29,C0682,Aspirador,Casa,1,1036.87,0.05,694.7,PA,Norte,Boleto,Online
105593,2026-05-17,C2062,Mouse,Eletrônicos,1,332.71,0,192.97,AC,Norte,Boleto,Online
105594,2025-03-12,C0787,Carregador,Acessórios,2,84.43,0.1,42.22,TO,Norte,Cartão de débito,Online
105595,2025-11-09,C1155,Monitor,Eletrônicos,1,1885.86,0.1,1282.38,MA,Nordeste,Cartão de crédito,Marketplace
105596,2025-04-11,C1702,Carregador,Acessórios,3,167.23,0.05,83.61,RR,Norte,Cartão de crédito,Marketplace
105597,2025-12-15,C2422,Mouse,Eletrônicos,1,375.39,0.15,217.73,SC,Sul,PIX,Online
105598,2025-10-09,C0400,Mouse,Eletrônicos,1,376.73,0.05,218.5,AP,Norte,Cartão de débito,Online
105599,2026-05-22,C2017,Air Fryer,Casa,2,446.73,0,285.91,MG,Sudeste,PIX,Marketplace
105600,2025-12-07,C0373,Headset,Eletrônicos,1,317.22,0.15,196.68,GO,Centro-Oeste,Cartão de crédito,Online
105601,2026-05-28,C0669,Luminária,Escritório,2,95.0,0.1,49.4,MA,Nordeste,Cartão de débito,Marketplace
105602,2026-01-12,C1179,Luminária,Escritório,1,106.03,0.05,55.14,SE,Nordeste,Cartão de crédito,Online
105603,2025-06-18,C0179,Luminária,Escritório,1,382.4,0.1,198.85,PE,Nordeste,Cartão de crédito,Marketplace
105604,2026-03-20,C1166,Suporte para Monitor,Escritório,2,418.07,0.1,229.94,RS,Sul,Boleto,Online
105605,2025-04-30,C1005,Mouse,Eletrônicos,3,219.73,0.1,127.44,ES,Sudeste,Cartão de crédito,Online
105606,2025-09-20,C2482,Aspirador,Casa,1,1398.84,0.2,937.22,TO,Norte,PIX,Online
105607,2025-03-26,C2158,Mouse,Eletrônicos,1,475.01,0.15,275.51,PE,Nordeste,PIX,Marketplace
105608,2026-03-26,C0577,Aspirador,Casa,1,832.74,0,557.94,AP,Norte,Cartão de crédito,Marketplace
105609,2025-09-14,C1256,Hub USB,Acessórios,5,229.36,0.05,126.15,PB,Nordeste,Boleto,Online
105610,2025-01-02,C1077,Aspirador,Casa,3,656.95,0.15,440.16,CE,Nordeste,PIX,Marketplace
105611,2026-01-07,C1987,Luminária,Escritório,1,101.83,0,52.95,MA,Nordeste,Cartão de débito,Marketplace
105612,2026-06-08,C2093,Mouse,Eletrônicos,1,414.83,0,240.6,MA,Nordeste,Cartão de crédito,Online
105613,2025-09-14,C0976,Notebook,Eletrônicos,5,4164.81,0.05,2998.66,PR,Sul,Cartão de crédito,Online
105614,2025-08-18,C1790,Teclado,Eletrônicos,2,532.22,0.05,319.33,PE,Nordeste,Cartão de débito,Online
105615,2026-05-12,C1982,Hub USB,Acessórios,3,109.15,0.1,60.03,SE,Nordeste,Cartão de crédito,Marketplace
105616,2025-06-05,C0669,Aspirador,Casa,1,455.21,0,304.99,AP,Norte,Cartão de crédito,Online
105617,2025-08-04,C1127,Carregador,Acessórios,2,87.21,0.05,43.6,SC,Sul,Cartão de débito,Marketplace
105618,2025-02-14,C1821,Mouse,Eletrônicos,1,108.91,0.05,63.17,RS,Sul,Boleto,Online
105619,2026-03-16,C0968,Monitor,Eletrônicos,1,1772.37,0.15,1205.21,MT,Centro-Oeste,Boleto,Marketplace
105620,2025-08-20,C1528,Cafeteira,Casa,1,1192.23,0.05,774.95,GO,Centro-Oeste,Cartão de débito,Marketplace
105621,2025-12-31,C2237,Mesa,Escritório,3,1656.92,0.2,1126.71,BA,Nordeste,Cartão de débito,Online
105622,2025-10-15,C1514,Carregador,Acessórios,3,195.45,0.05,97.72,PB,Nordeste,Cartão de crédito,Online
105623,2025-10-04,C0743,Teclado,Eletrônicos,2,447.84,0.15,268.7,MT,Centro-Oeste,Cartão de débito,Marketplace
105624,2025-01-03,C1687,Mouse,Eletrônicos,1,164.2,0.15,95.24,AC,Norte,PIX,Marketplace
105625,2025-11-13,C0801,Cafeteira,Casa,1,763.84,0.05,496.5,ES,Sudeste,Boleto,Online
105626,2025-10-04,C0207,Notebook,Eletrônicos,3,5550.91,0.1,3996.66,RS,Sul,Cartão de débito,Marketplace
105627,2025-10-11,C0803,Mouse,Eletrônicos,3,487.88,0.1,282.97,MG,Sudeste,Cartão de crédito,Online
105628,2025-08-19,C0458,Cabo USB,Acessórios,1,37.72,0,16.97,BA,Nordeste,Cartão de crédito,Marketplace
105629,2025-11-10,C1043,Headset,Eletrônicos,1,329.34,0.05,204.19,SP,Sudeste,Boleto,Online
105630,2025-03-27,C0685,Mouse,Eletrônicos,1,340.16,0.05,197.29,MS,Centro-Oeste,Boleto,Online
105631,2025-05-31,C1243,Monitor,Eletrônicos,3,1724.02,0.05,1172.33,TO,Norte,Cartão de débito,Marketplace
105632,2025-10-15,C1192,Headset,Eletrônicos,2,419.96,0.2,260.38,SE,Nordeste,Boleto,Online
105633,2025-05-27,C2214,Mesa,Escritório,1,544.04,0.1,369.95,SE,Nordeste,Boleto,Marketplace
105634,2026-03-13,C1662,Teclado,Eletrônicos,1,739.89,0.15,443.93,MT,Centro-Oeste,Cartão de crédito,Online
105635,2025-10-10,C1216,Mesa,Escritório,4,1602.28,0.05,1089.55,RN,Nordeste,Cartão de crédito,Online
105636,2025-08-16,C0399,Mouse,Eletrônicos,1,222.59,0.05,129.1,RJ,Sudeste,Cartão de crédito,Online
105637,2025-08-09,C1581,Notebook,Eletrônicos,3,5126.4,0,3691.01,CE,Nordeste,Cartão de débito,Marketplace
105638,2025-10-04,C1848,Air Fryer,Casa,4,871.93,0,558.04,RO,Norte,PIX,Marketplace
105639,2025-03-18,C1591,Carregador,Acessórios,1,59.49,0,29.75,SC,Sul,Cartão de crédito,Online
105640,2026-02-21,C0794,Cafeteira,Casa,5,674.58,0,438.48,TO,Norte,Cartão de crédito,Online
105641,2026-06-18,C0129,Mouse,Eletrônicos,2,166.34,0.1,96.48,RJ,Sudeste,Cartão de crédito,Online
105642,2025-06-06,C0953,Suporte para Monitor,Escritório,1,281.46,0.05,154.8,SE,Nordeste,PIX,Online
105643,2025-06-13,C0625,Mesa,Escritório,2,921.61,0.1,626.69,RR,Norte,Boleto,Marketplace
105644,2026-05-22,C1541,Aspirador,Casa,1,346.09,0.1,231.88,CE,Nordeste,PIX,Marketplace
105645,2025-07-31,C1577,Monitor,Eletrônicos,1,1339.0,0.1,910.52,CE,Nordeste,Cartão de débito,Online
105646,2025-06-13,C1048,Cabo USB,Acessórios,1,56.15,0.05,25.27,PR,Sul,Cartão de débito,Marketplace
105647,2026-02-04,C0303,Hub USB,Acessórios,1,221.68,0.05,121.92,PE,Nordeste,PIX,Marketplace
105648,2025-05-27,C1206,Headset,Eletrônicos,2,278.02,0,172.37,DF,Centro-Oeste,Boleto,Marketplace
105649,2026-01-11,C1184,Mouse,Eletrônicos,2,303.61,0.05,176.09,BA,Nordeste,Boleto,Online
105650,2025-02-10,C0775,Suporte para Monitor,Escritório,1,475.37,0.05,261.45,PI,Nordeste,Cartão de débito,Online
105651,2026-03-15,C0191,Teclado,Eletrônicos,1,366.05,0,219.63,MS,Centro-Oeste,PIX,Online
105652,2025-04-09,C1303,Smartphone,Eletrônicos,1,1734.24,0,1352.71,PB,Nordeste,Cartão de crédito,Marketplace
105653,2026-04-22,C0250,Cafeteira,Casa,2,615.89,0.05,400.33,GO,Centro-Oeste,Cartão de débito,Marketplace
105654,2026-01-14,C1443,Carregador,Acessórios,5,178.98,0.15,89.49,AL,Nordeste,PIX,Marketplace
105655,2026-04-05,C1529,Aspirador,Casa,2,811.19,0.05,543.5,AP,Norte,Boleto,Marketplace
105656,2025-12-24,C1198,Mouse,Eletrônicos,4,345.46,0.1,200.37,MG,Sudeste,PIX,Online
105657,2026-06-27,C0687,Suporte para Monitor,Escritório,2,263.31,0.05,144.82,MS,Centro-Oeste,Boleto,Marketplace
105658,2026-04-09,C2141,Monitor,Eletrônicos,3,2273.2,0.15,1545.78,PI,Nordeste,Cartão de débito,Marketplace
105659,2025-02-28,C2096,Air Fryer,Casa,1,670.96,0.05,429.41,RN,Nordeste,Boleto,Marketplace
105660,2025-04-21,C0441,Mesa,Escritório,3,1832.36,0.15,1246.0,PA,Norte,Cartão de débito,Marketplace
105661,2026-05-09,C0291,Luminária,Escritório,2,285.6,0.1,148.51,PR,Sul,Boleto,Marketplace
105662,2025-08-10,C1799,Headset,Eletrônicos,3,165.2,0,102.42,PR,Sul,PIX,Marketplace
105663,2025-11-22,C0303,Cafeteira,Casa,3,759.49,0.05,493.67,SE,Nordeste,Cartão de crédito,Marketplace
105664,2025-07-05,C0171,Cafeteira,Casa,2,445.69,0,289.7,PA,Norte,Cartão de crédito,Online
105665,2025-11-16,C1669,Liquidificador,Casa,1,583.27,0.1,367.46,PI,Nordeste,Cartão de débito,Marketplace
105666,2025-02-28,C0866,Smartphone,Eletrônicos,1,2312.43,0.2,1803.7,RN,Nordeste,Cartão de débito,Online
105667,2025-09-30,C0164,Carregador,Acessórios,1,68.28,0,34.14,RS,Sul,Cartão de crédito,Online
105668,2025-01-29,C1884,Hub USB,Acessórios,1,138.19,0.1,76.0,MS,Centro-Oeste,Cartão de crédito,Marketplace
105669,2025-08-28,C1949,Hub USB,Acessórios,1,220.13,0.2,121.07,RR,Norte,Cartão de débito,Marketplace
105670,2025-06-23,C2009,Mesa,Escritório,1,1882.36,0,1280.0,SP,Sudeste,Boleto,Marketplace
105671,2025-10-27,C0212,Hub USB,Acessórios,1,231.59,0,127.37,GO,Centro-Oeste,Cartão de débito,Online
105672,2026-02-12,C1562,Mesa,Escritório,2,514.16,0,349.63,ES,Sudeste,Cartão de crédito,Marketplace
105673,2026-04-10,C0168,Air Fryer,Casa,1,343.65,0,219.94,SP,Sudeste,Cartão de débito,Online
105674,2025-04-30,C0694,Mouse,Eletrônicos,2,315.03,0,182.72,DF,Centro-Oeste,Cartão de crédito,Marketplace
105675,2025-02-06,C0500,Teclado,Eletrônicos,4,682.56,0.1,409.54,MT,Centro-Oeste,Cartão de crédito,Marketplace
105676,2025-10-03,C2409,Cafeteira,Casa,1,982.9,0.15,638.88,AL,Nordeste,Boleto,Online
105677,2025-04-23,C1154,Monitor,Eletrônicos,2,842.84,0.1,573.13,AP,Norte,Boleto,Online
105678,2025-06-03,C0622,Headset,eletronicos,1,575.56,0,356.85,PR,Sul,PIX,Marketplace
105679,2026-03-20,C1828,Teclado,Eletrônicos,1,144.04,0.15,86.42,SP,Sudeste,Cartão de débito,Marketplace
105680,2025-11-05,C2438,Aspirador,Casa,1,658.55,0.2,441.23,RO,Norte,PIX,Online
105681,2026-06-15,C0582,Smartphone,Eletrônicos,3,4335.32,0,3381.55,GO,Centro-Oeste,Cartão de crédito,Marketplace
105682,2025-12-20,C1347,Cabo USB,Acessórios,1,90.41,0,40.68,PE,Nordeste,Cartão de débito,Marketplace
105683,2025-09-08,C1536,Cafeteira,Casa,1,315.37,0.05,204.99,MA,Nordeste,PIX,Marketplace
105684,2025-05-08,C0796,Hub USB,Acessórios,1,114.01,0.05,62.71,RO,Norte,Cartão de débito,Online
105685,2025-08-29,C0434,Notebook,Eletrônicos,2,3953.62,0.05,2846.61,AC,Norte,Boleto,Marketplace
105686,2026-06-15,C0685,Liquidificador,Casa,1,477.87,0.05,301.06,PI,Nordeste,Cartão de débito,Online
105687,2025-11-03,C1772,Monitor,Eletrônicos,1,1956.34,0.15,1330.31,AL,Nordeste,Boleto,Marketplace
105688,2025-06-28,C2326,Luminária,Escritório,1,282.49,0.15,146.89,RO,Norte,Boleto,Marketplace
105689,2025-02-12,C1053,Smartphone,Eletrônicos,2,2971.02,0.2,2317.4,CE,Nordeste,PIX,Marketplace
105690,2026-05-30,C1085,Cadeira,Escritório,2,2318.57,0,1623.0,SE,Nordeste,Cartão de crédito,Online
105691,2025-04-24,C1412,Cabo USB,Acessórios,1,33.38,0.05,15.02,MS,Centro-Oeste,Cartão de débito,Online
105692,2026-04-21,C0881,Carregador,Acessórios,1,206.6,0,103.3,SE,Nordeste,Boleto,Marketplace
105693,2025-09-21,C2189,Cadeira,Escritório,2,756.18,0.15,529.33,AP,Norte,PIX,Marketplace
105694,2025-12-17,C1127,Liquidificador,Casa,2,210.77,0.1,132.79,AC,Norte,Cartão de crédito,Online
105695,2025-11-04,C0958,Teclado,Eletrônicos,1,328.45,0.15,197.07,MS,Centro-Oeste,PIX,Marketplace
105696,2025-06-26,C0881,Cafeteira,Casa,1,448.84,0.1,291.75,MA,Nordeste,Cartão de débito,Online
105697,2026-02-01,C1709,Mesa,Escritório,1,659.06,0,448.16,AP,Norte,Boleto,Marketplace
105698,2026-01-13,C1243,Hub USB,Acessórios,2,219.57,0.1,120.76,RR,Norte,Cartão de débito,Online
105699,2025-07-26,C0954,Teclado,Eletrônicos,3,426.71,0.05,256.03,RR,Norte,Cartão de crédito,Marketplace
105700,2026-05-09,C0033,Cabo USB,Acessórios,1,44.86,0,20.19,RJ,Sudeste,PIX,Online
105701,2025-06-07,C0868,Suporte para Monitor,Escritório,1,221.67,0,121.92,MT,Centro-Oeste,Cartão de crédito,Online
105702,2026-04-19,C1659,Mesa,Escritório,1,1322.97,0,899.62,RS,Sul,Boleto,Marketplace
105703,2026-01-13,C1799,Notebook,Eletrônicos,3,4619.26,0.1,3325.87,PR,Sul,Cartão de crédito,Marketplace
105704,2025-02-09,C2473,Smartphone,Eletrônicos,2,1369.91,0,1068.53,MS,Centro-Oeste,PIX,Marketplace
105705,2025-01-16,C0146,Air Fryer,Casa,1,641.69,0,410.68,SP,Sudeste,Boleto,Marketplace
105706,2025-10-24,C0599,Suporte para Monitor,Escritório,1,306.53,0,168.59,SP,Sudeste,Cartão de débito,Marketplace
105707,2025-06-18,C1613,Cafeteira,Casa,3,617.18,0,401.17,AM,Norte,Cartão de crédito,Online
105708,2025-09-10,C0325,Liquidificador,Casa,2,340.22,0,214.34,DF,Centro-Oeste,Boleto,Online
105709,2025-04-22,C1091,Aspirador,Casa,3,1455.98,0.05,975.51,CE,Nordeste,Cartão de débito,Online
105710,2026-01-21,C1054,Notebook,Eletrônicos,2,5610.14,0,4039.3,RS,Sul,Cartão de débito,Online
105711,2026-05-25,C1231,Luminária,Escritório,2,123.0,0.05,63.96,DF,Centro-Oeste,PIX,Marketplace
105712,2025-12-31,C2181,Monitor,Eletrônicos,1,1554.23,0,1056.88,RR,Norte,PIX,Marketplace
105713,2025-05-17,C2082,Cadeira,Escritório,4,1468.64,0.1,1028.05,AM,Norte,PIX,Marketplace
105714,2025-07-02,C0767,Cabo USB,Acessórios,4,43.02,0,19.36,CE,Nordeste,Cartão de crédito,Marketplace
105715,2025-05-06,C0088,Mouse,Eletrônicos,1,206.09,0.05,119.53,RN,Nordeste,Cartão de crédito,Online
105716,2026-04-02,C2158,Hub USB,Acessórios,1,141.55,0,77.85,AC,Norte,Cartão de crédito,Marketplace
105717,2026-01-25,C1575,Cabo USB,Acessórios,4,98.12,0.05,44.15,SC,Sul,Cartão de débito,Online
105718,2025-09-05,C0035,Cadeira,Escritório,1,1843.35,0.15,1290.34,AM,Norte,PIX,Marketplace
105719,2025-12-09,C0751,Cafeteira,Casa,3,569.23,0.1,370.0,SE,Nordeste,Boleto,Online
105720,2025-06-29,C1470,Teclado,Eletrônicos,1,353.51,0.1,212.11,PI,Nordeste,Cartão de crédito,Online
105721,2025-04-08,C0480,Air Fryer,Casa,1,545.74,0.05,349.27,PA,Norte,Cartão de débito,Marketplace
105722,2026-02-26,C0582,Cafeteira,Casa,3,1032.31,0.1,671.0,ES,Sudeste,PIX,Online
105723,2026-03-16,C2373,Cadeira,Escritório,1,940.56,0.05,658.39,MT,Centro-Oeste,Boleto,Online
105724,2025-03-12,C0947,Cabo USB,Acessórios,1,74.73,0.1,33.63,PB,Nordeste,Cartão de crédito,Online
105725,2025-10-13,C2206,Mesa,Escritório,3,1641.78,0,1116.41,AL,Nordeste,Cartão de débito,Marketplace
105726,2026-03-11,C1150,Cafeteira,Casa,1,978.74,0.15,636.18,AL,Nordeste,Cartão de crédito,Online
105727,2025-05-25,C2251,Notebook,Eletrônicos,1,4367.37,0.1,3144.51,PI,Nordeste,PIX,Online
105728,2026-05-08,C1354,Hub USB,Acessórios,1,128.89,0.1,70.89,RR,Norte,Cartão de débito,Online
105729,2025-12-29,C0148,Cabo USB,Acessórios,3,50.04,0.05,22.52,PA,Norte,Cartão de débito,Marketplace
105730,2026-06-15,C1351,Suporte para Monitor,Escritório,2,237.65,0,130.71,CE,Nordeste,Cartão de débito,Online
105731,2025-03-27,C0357,Teclado,Eletrônicos,1,629.75,0.1,377.85,MA,Nordeste,PIX,Online
105732,2026-02-01,C0513,Headset,Eletrônicos,1,180.97,0.1,112.2,PA,Norte,Cartão de crédito,Online
105733,2025-09-13,C0696,Luminária,Escritório,1,198.18,0,103.05,MA,Nordeste,Cartão de débito,Online
105734,2026-03-14,C1451,Smartphone,Eletrônicos,1,1797.08,0.15,1401.72,TO,Norte,Boleto,Online
105735,2026-03-25,C0322,Carregador,Acessórios,2,108.2,0,54.1,MA,Nordeste,PIX,Marketplace
105736,2025-01-31,C0017,Cafeteira,Casa,1,492.25,0,319.96,PA,Norte,Boleto,Marketplace
105737,2025-10-25,C0497,Hub USB,Acessórios,2,144.57,0.05,79.51,TO,Norte,PIX,Online
105738,2025-08-04,C0398,Carregador,Acessórios,1,90.13,0,45.06,PB,Nordeste,Cartão de débito,Online
105739,2025-07-21,C0163,Luminária,Escritório,1,315.07,0.05,163.84,GO,Centro-Oeste,Boleto,Marketplace
105740,2026-04-10,C0240,Monitor,Eletrônicos,1,2331.36,0,1585.32,SE,Nordeste,Boleto,Marketplace
105741,2025-02-15,C1584,Luminária,Escritório,2,295.61,0,153.72,PB,Nordeste,Cartão de débito,Marketplace
105742,2025-02-18,C1724,Smartphone,Eletrônicos,1,2639.03,0,2058.44,AC,Norte,Cartão de débito,Online
105743,2025-09-18,C2034,Suporte para Monitor,Escritório,1,153.65,0.1,84.51,RJ,Sudeste,Cartão de débito,Marketplace
105744,2025-09-24,C0801,Notebook,Eletrônicos,2,4321.35,0.05,3111.37,RS,Sul,PIX,Marketplace
105745,2025-01-08,C0022,Monitor,Eletrônicos,3,1693.91,0.1,1151.86,SP,Sudeste,Boleto,Online
105746,2025-08-10,C2176,Suporte para Monitor,Escritório,3,160.88,0,88.48,PA,Norte,Cartão de débito,Marketplace
105747,2025-04-08,C2073,Smartphone,Eletrônicos,2,4227.14,0.05,3297.17,ES,Sudeste,Boleto,Online
105748,2026-02-28,C1362,Teclado,Eletrônicos,1,693.36,0.2,416.02,SE,Nordeste,PIX,Marketplace
105749,2025-01-09,C0421,Luminária,Escritório,1,388.87,0.05,202.21,SE,Nordeste,PIX,Online
105750,2026-02-26,C0538,Mouse,Eletrônicos,1,408.72,0,237.06,PA,Norte,Cartão de débito,Online
105751,2025-04-20,C1654,Carregador,Acessórios,3,117.4,0.1,58.7,PI,Nordeste,Boleto,Online
105752,2025-07-31,C0342,Smartphone,Eletrônicos,3,4071.01,0.05,3175.39,CE,Nordeste,Cartão de débito,Online
105753,2025-11-30,C0564,Air Fryer,Casa,2,855.17,0.05,547.31,AL,Nordeste,Cartão de débito,Marketplace
105754,2025-09-10,C2015,Cadeira,Escritório,1,1239.79,0,867.85,GO,Centro-Oeste,Cartão de débito,Marketplace
105755,2026-03-11,C1383,Luminária,Escritório,1,148.64,0,77.29,SC,Sul,Boleto,Online
105756,2025-09-15,C2191,Cadeira,Escritório,2,1326.82,0.05,928.77,AC,Norte,Cartão de débito,Marketplace
105757,2025-08-28,C1368,Teclado,Eletrônicos,1,241.18,0.05,144.71,RO,Norte,Boleto,Marketplace
105758,2026-06-02,C1807,Luminária,Escritório,1,176.49,0.1,91.77,AL,Nordeste,,Marketplace
105759,2025-05-26,C0471,Aspirador,Casa,1,1361.06,0.2,911.91,RS,Sul,Cartão de débito,Online
105760,2025-12-04,C1336,Mouse,Eletrônicos,1,474.56,0.2,275.24,PE,Nordeste,Cartão de crédito,Marketplace
105761,2025-08-12,C0267,Monitor,Eletrônicos,1,1074.4,0.1,730.59,RN,Nordeste,PIX,Online
105762,2025-11-27,C1713,Luminária,Escritório,2,374.32,0.1,194.65,BA,Nordeste,Boleto,Marketplace
105763,2026-05-06,C2016,Liquidificador,Casa,1,267.8,0,168.71,AC,Norte,Cartão de débito,Online
105764,2025-03-31,C0105,Aspirador,Casa,1,1220.67,0.1,817.85,PR,Sul,Boleto,Marketplace
105765,2026-01-11,C1728,Suporte para Monitor,Escritório,2,574.62,0.1,316.04,AL,Nordeste,Boleto,Online
105766,2025-08-27,C0877,Air Fryer,Casa,4,608.42,0.1,389.39,SE,Nordeste,PIX,Marketplace
105767,2025-02-04,C2289,Teclado,Eletrônicos,1,509.79,0.15,305.87,AC,Norte,Cartão de crédito,Online
105768,2025-01-13,C0893,Monitor,Eletrônicos,2,2346.26,0,1595.46,AC,Norte,Cartão de débito,Marketplace
105769,2025-07-07,C1956,Carregador,Acessórios,2,72.67,0.15,36.34,RS,Sul,Cartão de débito,Online
105770,2025-03-23,C0045,Cafeteira,Casa,1,594.57,0.15,386.47,RO,Norte,PIX,Online
105771,2025-10-01,C1946,Carregador,Acessórios,1,151.64,0.1,75.82,AM,Norte,Boleto,Marketplace
105772,2026-05-28,C2014,Mesa,Escritório,2,1807.01,0.05,1228.77,MS,Centro-Oeste,Boleto,Online
105773,2025-10-27,C2453,Teclado,Eletrônicos,1,742.17,0.1,445.3,CE,Nordeste,Boleto,Online
105774,2026-01-20,C2413,Monitor,Eletrônicos,2,2392.1,0.1,1626.63,AM,Norte,PIX,Online
105775,2025-07-29,C0545,Notebook,Eletrônicos,2,4847.13,0.2,3489.93,RN,Nordeste,Boleto,Marketplace
105776,2025-01-19,C0086,Mouse,Eletrônicos,1,475.67,0.15,275.89,MA,Nordeste,Cartão de crédito,Online
105777,2025-11-21,C0573,Monitor,Eletrônicos,1,873.95,0.1,594.29,MG,Sudeste,Boleto,Marketplace
105778,2025-04-08,C0914,Mesa,Escritório,1,684.45,0.05,465.43,DF,Centro-Oeste,PIX,Marketplace
105779,2025-02-24,C1019,Luminária,Escritório,2,281.74,0.05,146.5,RO,Norte,Cartão de crédito,Online
105780,2025-06-18,C2420,Aspirador,Casa,1,626.28,0,419.61,GO,Centro-Oeste,Boleto,Marketplace
105781,2025-03-13,C0588,Suporte para Monitor,Escritório,2,383.9,0.05,211.15,RN,Nordeste,Cartão de débito,Online
105782,2025-12-10,C1229,Cafeteira,Casa,2,604.03,0,392.62,PE,Nordeste,Cartão de débito,Online
105783,2025-07-22,C2098,Mesa,Escritório,2,1494.33,0,1016.14,TO,Norte,PIX,Online
105784,2025-07-02,C0207,Smartphone,Eletrônicos,1,4063.85,0.05,3169.8,MG,Sudeste,PIX,Online
105785,2025-06-29,C1146,Notebook,Eletrônicos,1,4870.92,0,3507.06,RN,Nordeste,PIX,Online
105786,2026-05-18,C1017,Air Fryer,Casa,1,443.19,0.1,283.64,PR,Sul,PIX,Online
105787,2026-03-27,C0508,Liquidificador,Casa,3,394.73,0.05,248.68,TO,Norte,Boleto,Online
105788,2026-05-07,C1922,Smartphone,Eletrônicos,2,4708.23,0.1,3672.42,AC,Norte,PIX,Online
105789,2025-04-11,C0144,Headset,Eletrônicos,3,521.26,0.05,323.18,PE,Nordeste,Cartão de débito,Online
105790,2025-03-30,C1967,Cadeira,Escritório,2,2469.12,0.1,1728.38,PI,Nordeste,Boleto,Online
105791,2025-08-19,C0589,Smartphone,Eletrônicos,1,1241.47,0.15,968.35,PE,Nordeste,Boleto,Online
105792,2025-11-23,C0378,Luminária,Escritório,2,205.49,0.05,106.85,PE,Nordeste,PIX,Marketplace
105793,2026-03-11,C1297,Monitor,Eletrônicos,4,1656.32,0.1,1126.3,AP,Norte,Boleto,Online
105794,2026-03-29,C2096,Cafeteira,Casa,1,950.77,0.05,618.0,PA,Norte,Boleto,Online
105795,2025-03-09,C2357,Headset,Eletrônicos,2,875.56,0.15,542.85,AM,Norte,Cartão de crédito,Marketplace
105796,2026-05-05,C0005,Suporte para Monitor,Escritório,2,476.05,0.05,261.83,SP,Sudeste,Cartão de crédito,Online
105797,2026-03-26,C2366,Headset,Eletrônicos,3,731.15,0.1,453.31,CE,Nordeste,PIX,Online
105798,2026-06-02,C1189,Cabo USB,Acessórios,4,20.01,0.2,9.0,BA,Nordeste,Boleto,Online
105799,2025-10-21,C1736,Luminária,Escritório,3,188.96,0.05,98.26,AC,Norte,Cartão de crédito,Marketplace
105800,2026-06-08,C1993,Liquidificador,Casa,2,409.07,0,257.71,SC,Sul,Cartão de crédito,Online
105801,2025-06-20,C1549,Mouse,Eletrônicos,2,471.22,0.05,273.31,SP,Sudeste,Cartão de débito,Marketplace
105802,2026-01-17,C2012,Mesa,Escritório,1,1657.81,0,1127.31,PI,Nordeste,Boleto,Marketplace
105803,2025-01-05,C2376,Cafeteira,Casa,1,947.24,0.05,615.71,RS,Sul,Cartão de crédito,Online
105804,2025-05-13,C0615,Air Fryer,Casa,1,984.93,0.05,630.36,PE,Nordeste,Cartão de crédito,Online
105805,2026-03-08,C1611,Headset,Eletrônicos,1,328.9,0.1,203.92,AC,Norte,Cartão de crédito,Marketplace
105806,2026-01-14,C1817,Cadeira,Escritório,1,1072.94,0.05,751.06,PA,Norte,Boleto,Marketplace
105807,2025-05-29,C1038,Headset,Eletrônicos,1,471.35,0,292.24,MT,Centro-Oeste,Cartão de débito,Online
105808,2025-03-13,C0250,Hub USB,Acessórios,1,136.11,0.05,74.86,RO,Norte,Boleto,Marketplace
105809,2026-04-16,C2407,Teclado,Eletrônicos,1,522.1,0.05,313.26,PI,Nordeste,Cartão de débito,Online
105810,2025-09-09,C2071,Cafeteira,Casa,1,395.92,0.05,257.35,AL,Nordeste,Cartão de débito,Marketplace
105811,2026-06-27,C0613,Carregador,Acessórios,1,74.55,0.05,37.27,MT,Centro-Oeste,Boleto,Online
105812,2025-12-23,C0740,Suporte para Monitor,Escritório,2,224.74,0,123.61,RR,Norte,Cartão de débito,Marketplace
105813,2025-08-27,C1475,Hub USB,Acessórios,1,207.55,0.05,114.15,RN,Nordeste,PIX,Marketplace
105814,2025-07-21,C0855,Notebook,Eletrônicos,4,3117.78,0.15,2244.8,AP,Norte,PIX,Online
105815,2026-04-20,C0631,Suporte para Monitor,Escritório,5,177.13,0.1,97.42,AL,Nordeste,Cartão de débito,Online
105816,2026-04-06,C1656,Monitor,Eletrônicos,1,2033.8,0.05,1382.98,AP,Norte,Boleto,Marketplace
105817,2026-05-09,C0309,Air Fryer,Casa,1,347.33,0.1,222.29,PB,Nordeste,Boleto,Marketplace
105818,2026-05-29,C2352,Luminária,Escritório,3,152.86,0,79.49,RS,Sul,Boleto,Marketplace
105819,2026-03-11,C0647,Monitor,Eletrônicos,4,952.51,0,647.71,RO,Norte,Cartão de débito,Online
105820,2025-10-14,C2278,Mouse,Eletrônicos,2,289.2,0.05,167.74,ES,Sudeste,PIX,Online
105821,2026-02-07,C0333,Luminária,Escritório,1,265.7,0,138.16,BA,Nordeste,PIX,Marketplace
105822,2025-09-28,C1914,Headset,Eletrônicos,1,302.92,0.05,187.81,PI,Nordeste,Cartão de débito,Marketplace
105823,2025-11-27,C0142,Carregador,Acessórios,1,77.97,0.15,38.98,RO,Norte,PIX,Online
105824,2025-12-30,C2150,Carregador,Acessórios,2,208.42,0,104.21,DF,Centro-Oeste,Boleto,Marketplace
105825,2025-10-02,C1283,Headset,Eletrônicos,2,847.33,0,525.34,PE,Nordeste,Cartão de crédito,Marketplace
105826,2026-04-24,C0916,Carregador,Acessórios,1,171.47,0.05,85.73,BA,Nordeste,PIX,Marketplace
105827,2026-01-26,C1203,Air Fryer,Casa,2,574.23,0.1,367.51,PI,Nordeste,Boleto,Marketplace
105828,2025-05-26,C0613,Cabo USB,Acessórios,1,75.81,0,34.11,RN,Nordeste,Cartão de crédito,Marketplace
105829,2025-08-31,C0140,Air Fryer,Casa,1,647.74,0,414.55,AP,Norte,PIX,Online
105830,2026-03-06,C1927,Hub USB,Acessórios,2,232.43,0.1,127.84,BA,Nordeste,Cartão de crédito,Marketplace
105831,2025-09-16,C1468,Teclado,Eletrônicos,1,487.86,0.1,292.72,PA,Norte,Cartão de crédito,Online
105832,2026-06-13,C0289,Luminária,Escritório,1,386.1,0,200.77,MA,Nordeste,Cartão de crédito,Online
105833,2026-02-17,C0332,Notebook,Eletrônicos,4,3780.82,0.15,2722.19,PB,Nordeste,Cartão de débito,Online
105834,2025-09-22,C1050,Mouse,Eletrônicos,1,476.42,0,276.32,RS,Sul,Cartão de débito,Online
105835,2025-11-07,C2196,Teclado,Eletrônicos,5,316.4,0.1,189.84,RS,Sul,PIX,Online
105836,2026-02-16,C2311,Cabo USB,Acessórios,2,36.69,0,16.51,MT,Centro-Oeste,Cartão de crédito,Marketplace
105837,2025-12-01,C2406,Luminária,Escritório,3,234.12,0,121.74,PA,Norte,Boleto,Marketplace
105838,2025-01-14,C1767,Smartphone,Eletrônicos,3,1834.67,0.15,1431.04,AM,Norte,Cartão de crédito,Online
105839,2026-05-12,C1194,Carregador,Acessórios,1,211.38,0.1,105.69,RJ,Sudeste,Boleto,Online
105840,2026-01-20,C2368,Notebook,Eletrônicos,2,3302.21,0.05,2377.59,RJ,Sudeste,PIX,Marketplace
105841,2026-03-28,C2128,Mouse,Eletrônicos,2,398.24,0.15,230.98,RN,Nordeste,Cartão de débito,Online
105842,2025-07-11,C2264,Notebook,Eletrônicos,1,3762.16,0,2708.76,PB,Nordeste,Cartão de crédito,Marketplace
105843,2025-02-23,C2293,Suporte para Monitor,Escritório,4,472.02,0.05,259.61,PR,Sul,Boleto,Online
105844,2025-12-29,C2164,Aspirador,Casa,2,657.44,0.1,440.48,MT,Centro-Oeste,Cartão de crédito,Marketplace
105845,2025-01-16,C2434,Aspirador,Casa,3,929.52,0.15,622.78,AL,Nordeste,PIX,Marketplace
105846,2025-03-13,C0765,Cabo USB,Acessórios,3,71.32,0.15,32.09,PA,Norte,PIX,Marketplace
105847,2026-04-14,C1254,Carregador,Acessórios,1,57.39,0.05,28.7,PR,Sul,Cartão de débito,Online
105848,2026-01-16,C1608,Monitor,Eletrônicos,5,1751.94,0.2,1191.32,PE,Nordeste,Boleto,Online
105849,2025-01-11,C0399,Mesa,Escritório,1,1823.3,0.1,1239.84,AP,Norte,Cartão de débito,Marketplace
105850,2026-03-04,C1617,Monitor,Eletrônicos,2,2247.56,0.05,1528.34,MG,Sudeste,PIX,Online
105851,2025-01-22,C2095,Mesa,Escritório,3,1430.27,0.1,972.58,AL,Nordeste,PIX,Marketplace
105852,2026-05-03,C2347,Cafeteira,Casa,2,448.65,0,291.62,DF,Centro-Oeste,PIX,Marketplace
105853,2025-08-20,C1891,Aspirador,Casa,1,958.69,0.05,642.32,RO,Norte,Cartão de débito,Marketplace
105854,2025-03-26,C2321,Mouse,Eletrônicos,2,471.3,0.1,273.35,SP,Sudeste,Cartão de crédito,Online
105855,2026-04-12,C1731,Mouse,Eletrônicos,3,194.24,0,112.66,AP,Norte,PIX,Online
105856,2025-08-22,C0690,Aspirador,Casa,1,342.84,0.1,229.7,MG,Sudeste,Cartão de débito,Marketplace
105857,2025-05-17,C0961,Luminária,Escritório,1,141.49,0.1,73.57,MT,Centro-Oeste,Cartão de crédito,Online
105858,2025-01-08,C2201,Air Fryer,Casa,1,997.69,0.05,638.52,SC,Sul,Cartão de débito,Marketplace
105859,2025-08-01,C1265,Notebook,Eletrônicos,1,5300.71,0.1,3816.51,SC,Sul,Boleto,Marketplace
105860,2026-01-09,C1708,Mouse,Eletrônicos,1,485.05,0.15,281.33,RN,Nordeste,Boleto,Online
105861,2025-02-11,C0129,Cadeira,Escritório,1,1220.61,0.05,854.43,PA,Norte,PIX,Online
105862,2025-12-02,C1922,Teclado,Eletrônicos,3,705.61,0,423.37,RJ,Sudeste,PIX,Marketplace
105863,2025-12-08,C1860,Air Fryer,Casa,1,691.87,0,442.8,PI,Nordeste,Boleto,Marketplace
105864,2025-10-16,C2173,Teclado,Eletrônicos,4,709.93,0,425.96,PA,Norte,Cartão de crédito,Marketplace
105865,2026-03-14,C1665,Aspirador,Casa,1,995.78,0.05,667.17,PE,Nordeste,Cartão de crédito,Marketplace
105866,2025-02-06,C0016,Smartphone,Eletrônicos,3,2626.69,0.05,2048.82,TO,Norte,Cartão de débito,Marketplace
105867,2026-03-15,C2197,Suporte para Monitor,Escritório,2,245.25,0.1,134.89,PA,Norte,PIX,Online
105868,2025-08-14,C2039,Suporte para Monitor,Escritório,4,348.14,0.05,191.48,DF,Centro-Oeste,PIX,Online
105869,2025-08-23,C1129,Headset,Eletrônicos,1,730.42,0,452.86,RR,Norte,Cartão de crédito,Marketplace
105870,2025-07-08,C1562,Headset,Eletrônicos,1,352.03,0.1,218.26,DF,Centro-Oeste,Cartão de crédito,Marketplace
105871,2025-11-16,C1577,Teclado,Eletrônicos,3,484.07,0,290.44,RS,Sul,PIX,Online
105872,2025-07-31,C0823,Mesa,Escritório,1,977.23,0.1,664.52,RJ,Sudeste,Cartão de débito,Marketplace
105873,2025-04-27,C0448,Luminária,Escritório,4,366.94,0,190.81,GO,Centro-Oeste,PIX,Marketplace
105874,2025-11-01,C1257,Cafeteira,Casa,1,1030.44,0.1,669.79,SE,Nordeste,Cartão de débito,Online
105875,2025-04-23,C1977,Air Fryer,Casa,2,353.3,0.1,226.11,AL,Nordeste,Cartão de débito,Online
105876,2026-06-19,C2238,Mesa,Escritório,1,1915.2,0.2,1302.34,TO,Norte,PIX,Online
105877,2025-08-09,C1287,Teclado,Eletrônicos,2,576.56,0,345.94,GO,Centro-Oeste,Boleto,Marketplace
105878,2025-10-08,C0114,Cabo USB,Acessórios,3,35.62,0.05,16.03,MS,Centro-Oeste,Boleto,Online
105879,2025-12-22,C1669,Hub USB,Acessórios,1,186.72,0.05,102.7,MG,Sudeste,Boleto,Online
105880,2025-09-06,C1185,Carregador,Acessórios,1,115.76,0,57.88,MG,Sudeste,PIX,Marketplace
105881,2025-11-17,C0320,Cadeira,Escritório,2,2398.21,0,1678.75,ES,Sudeste,PIX,Online
105882,2026-03-19,C0971,Carregador,Acessórios,1,100.22,0,50.11,AL,Nordeste,Cartão de crédito,Marketplace
105883,2026-01-25,C1032,Monitor,Eletrônicos,2,911.15,0,619.58,RS,Sul,Cartão de débito,Marketplace
105884,2025-07-03,C0083,Mesa,Escritório,1,975.06,0.1,663.04,PE,Nordeste,Boleto,Online
105885,2025-11-02,C0314,Suporte para Monitor,Escritório,1,337.02,0,185.36,AL,Nordeste,PIX,Online
105886,2025-07-26,C1095,Smartphone,Eletrônicos,1,2965.59,0,2313.16,DF,Centro-Oeste,Cartão de crédito,Marketplace
105887,2026-01-19,C1974,Teclado,Eletrônicos,2,559.89,0,335.93,PB,Nordeste,Cartão de crédito,Marketplace
105888,2025-04-12,C1146,Mesa,Escritório,2,1504.92,0.05,1023.35,MT,Centro-Oeste,Cartão de débito,Marketplace
105889,2026-01-28,C2249,Cafeteira,Casa,1,1072.06,0,696.84,RN,Nordeste,Boleto,Online
105890,2025-02-20,C2192,Carregador,Acessórios,1,228.96,0.05,114.48,RJ,Sudeste,Boleto,Marketplace
105891,2025-05-24,C1919,Carregador,Acessórios,2,245.81,0.1,122.91,SP,Sudeste,Cartão de crédito,Marketplace
105892,2025-11-16,C1578,Notebook,Eletrônicos,1,3691.35,0,2657.77,PA,Norte,Cartão de crédito,Marketplace
105893,2025-09-25,C1465,Notebook,Eletrônicos,2,2935.32,0.1,2113.43,MG,Sudeste,Cartão de crédito,Marketplace
105894,2025-08-05,C0217,Air Fryer,Casa,1,645.09,0.1,412.86,BA,Nordeste,Cartão de débito,Marketplace
105895,2025-06-20,C0847,Headset,Eletrônicos,2,316.49,0.05,196.22,MA,Nordeste,Cartão de crédito,Marketplace
105896,2025-05-30,C1581,Cafeteira,Casa,3,531.95,0,345.77,SE,Nordeste,Cartão de débito,Marketplace
105897,2025-12-02,C0577,Cafeteira,Casa,1,957.62,0.1,622.45,PB,Nordeste,PIX,Online
105898,2025-12-19,C0857,Monitor,Eletrônicos,4,1714.0,0.15,1165.52,AP,Norte,PIX,Marketplace
105899,2025-07-19,C1421,Teclado,Eletrônicos,3,511.18,0,306.71,AL,Nordeste,Cartão de crédito,Marketplace
105900,2025-01-27,C2499,Monitor,Eletrônicos,2,1971.86,0,1340.86,PE,Nordeste,Cartão de crédito,Marketplace
105901,2025-09-22,C0993,Smartphone,Eletrônicos,1,4409.84,0,3439.68,RR,Norte,Cartão de crédito,Online
105902,2026-03-21,C1504,Cafeteira,Casa,1,917.19,0.2,596.17,AP,Norte,Cartão de débito,Marketplace
105903,2025-06-27,C1754,Liquidificador,Casa,1,318.11,0.05,200.41,AM,Norte,Cartão de débito,Online
105904,2026-06-18,C1064,Cafeteira,Casa,1,1050.94,0.1,683.11,DF,Centro-Oeste,Cartão de débito,Marketplace
105905,2026-01-12,C2304,Liquidificador,Casa,2,194.69,0,122.65,PI,Nordeste,PIX,Marketplace
105906,2025-06-30,C2444,Cadeira,Escritório,1,1390.4,0.05,973.28,PB,Nordeste,PIX,Online
105907,2026-06-12,C2102,Headset,Eletrônicos,2,613.45,0,380.34,AL,Nordeste,Cartão de débito,Online
105908,2026-05-18,C1671,Luminária,Escritório,1,327.19,0,170.14,RJ,Sudeste,Cartão de crédito,Online
105909,2025-05-11,C0293,Headset,Eletrônicos,1,633.01,0.15,392.47,GO,Centro-Oeste,Boleto,Marketplace
105910,2025-09-26,C0732,Cafeteira,Casa,1,487.24,0.05,316.71,TO,Norte,PIX,Marketplace
105911,2026-04-10,C1182,Cadeira,Escritório,2,1552.76,0.1,1086.93,DF,Centro-Oeste,Boleto,Online
105912,2026-01-06,C0618,Mouse,Eletrônicos,1,200.27,0,116.16,RS,Sul,PIX,Online
105913,2025-06-27,C0263,Cadeira,Escritório,1,1480.37,0.1,1036.26,CE,Nordeste,Boleto,Marketplace
105914,2026-03-19,C2182,Notebook,Eletrônicos,2,4741.12,0.1,3413.61,AC,Norte,Cartão de débito,Marketplace
105915,2025-04-15,C1467,Hub USB,Acessórios,1,150.6,0.15,82.83,SP,Sudeste,Cartão de crédito,Online
105916,2025-08-07,C0083,Monitor,Eletrônicos,1,2302.28,0.1,1565.55,RS,Sul,PIX,Marketplace
105917,2025-07-03,C0396,Teclado,Eletrônicos,3,392.26,0.05,235.36,PR,Sul,Cartão de débito,Online
105918,2025-09-23,C0405,Mesa,Escritório,1,602.5,0,409.7,TO,Norte,Cartão de débito,Online
105919,2025-05-11,C0467,Luminária,Escritório,1,182.22,0.15,94.75,ES,Sudeste,PIX,Online
105920,2025-11-26,C0511,Aspirador,Casa,3,740.96,0.05,496.44,SE,Nordeste,Boleto,Online
105921,2025-05-08,C1446,Smartphone,Eletrônicos,2,1401.68,0,1093.31,MT,Centro-Oeste,PIX,Online
105922,2025-06-29,C1611,Cafeteira,Casa,1,555.33,0,360.96,DF,Centro-Oeste,Cartão de crédito,Online
105923,2026-02-01,C2305,Cafeteira,Casa,2,286.55,0.15,186.26,MA,Nordeste,Boleto,Online
105924,2025-09-11,C0721,Cabo USB,Acessórios,1,63.86,0.05,28.74,MA,Nordeste,PIX,Online
105925,2026-04-26,C1791,Cabo USB,Acessórios,2,32.93,0.05,14.82,SC,Sul,Cartão de débito,Marketplace
105926,2025-10-19,C0090,Luminária,Escritório,5,266.65,0,138.66,DF,Centro-Oeste,Boleto,Online
105927,2025-01-13,C1974,Mesa,Escritório,2,1098.6,0.15,747.05,RN,Nordeste,Cartão de débito,Online
105928,2025-10-25,C2302,Teclado,Eletrônicos,4,737.84,0.05,442.7,RN,Nordeste,Cartão de crédito,Online
105929,2025-03-27,C2452,Air Fryer,Casa,2,306.15,0,195.94,RJ,Sudeste,PIX,Marketplace
105930,2026-05-22,C1339,Teclado,Eletrônicos,1,377.52,0,226.51,SE,Nordeste,Cartão de débito,Marketplace
105931,2025-07-27,C0680,Cafeteira,Casa,3,234.26,0.05,152.27,TO,Norte,Boleto,Marketplace
105932,2026-05-29,C1773,Luminária,Escritório,3,379.27,0.05,197.22,MT,Centro-Oeste,,Online
105933,2025-04-02,C1578,Smartphone,Eletrônicos,1,1268.11,0.1,989.13,RO,Norte,Boleto,Marketplace
105934,2025-11-09,C1037,Smartphone,Eletrônicos,3,1826.98,0.1,1425.04,RN,Nordeste,PIX,Marketplace
105935,2025-03-22,C0075,Cafeteira,Casa,1,638.95,0,415.32,MG,Sudeste,Cartão de débito,Online
105936,2026-04-18,C1354,Mouse,Eletrônicos,2,97.43,0.15,56.51,MT,Centro-Oeste,PIX,Marketplace
105937,2025-07-13,C1359,Cabo USB,Acessórios,3,43.95,0,19.78,SC,Sul,Cartão de débito,Online
105938,2025-10-11,C1366,Aspirador,Casa,1,376.78,0,252.44,MT,Centro-Oeste,Boleto,Online
105939,2025-05-23,C0021,Luminária,Escritório,2,366.52,0,190.59,MG,Sudeste,PIX,Online
105940,2025-11-21,C0509,Teclado,Eletrônicos,2,311.39,0,186.83,SP,Sudeste,PIX,Online
105941,2025-01-15,C0325,Mesa,Escritório,2,1479.2,0.05,1005.86,PE,Nordeste,Cartão de débito,Marketplace
105942,2026-03-01,C1044,Air Fryer,Casa,1,427.84,0.1,273.82,CE,Nordeste,Boleto,Online
105943,2025-10-01,C0898,Cadeira,Escritório,2,1979.6,0,1385.72,MA,Nordeste,Cartão de débito,Marketplace
105944,2025-10-24,C0519,Notebook,Eletrônicos,1,4379.04,0,3152.91,CE,Nordeste,PIX,Online
105945,2025-08-31,C2340,Mesa,Escritório,2,1716.04,0.1,1166.91,RN,Nordeste,PIX,Online
105946,2026-03-19,C2061,Cabo USB,Acessórios,3,21.53,0,9.69,AM,Norte,Cartão de crédito,Online
105947,2025-11-11,C1574,Mouse,Eletrônicos,1,473.01,0.15,274.35,AP,Norte,Cartão de crédito,Marketplace
105948,2025-06-15,C0033,Notebook,Eletrônicos,2,5447.23,0.05,3922.01,SP,Sudeste,Boleto,Online
105949,2025-04-14,C1304,Mesa,Escritório,2,519.68,0,353.38,RS,Sul,Cartão de débito,Online
105950,2025-02-26,C0555,Cabo USB,Acessórios,2,48.02,0,21.61,PI,Nordeste,Boleto,Online
105951,2025-02-22,C1264,Suporte para Monitor,Escritório,3,217.83,0.1,119.81,PB,Nordeste,Boleto,Online
105952,2025-07-23,C1914,Mesa,Escritório,1,621.37,0.1,422.53,MA,Nordeste,Cartão de débito,Online
105953,2025-01-26,C0031,Air Fryer,Casa,1,908.09,0,581.18,RN,Nordeste,Boleto,Marketplace
105954,2025-09-15,C0276,Cabo USB,Acessórios,1,92.5,0,41.62,ES,Sudeste,PIX,Online
105955,2026-05-31,C0929,Luminária,Escritório,2,395.82,0.1,205.83,RO,Norte,PIX,Online
105956,2026-02-27,C1771,Mouse,Eletrônicos,1,234.54,0.15,136.03,SP,Sudeste,Cartão de crédito,Online
105957,2025-05-01,C1011,Liquidificador,Casa,1,514.06,0.1,323.86,RS,Sul,Boleto,Marketplace
105958,2025-04-01,C0849,Hub USB,Acessórios,1,172.12,0.15,94.67,RS,Sul,PIX,Online
105959,2025-11-29,C0692,Liquidificador,Casa,1,482.34,0,303.87,PR,Sul,PIX,Online
105960,2026-06-08,C1315,Liquidificador,Casa,2,515.46,0.05,324.74,AP,Norte,Cartão de débito,Marketplace
105961,2025-12-30,C1795,Luminária,Escritório,1,255.93,0.2,133.08,BA,Nordeste,PIX,Online
105962,2026-05-24,C0001,Teclado,Eletrônicos,4,371.29,0,222.77,AL,Nordeste,PIX,Online
105963,2025-07-20,C0313,Mouse,Eletrônicos,1,97.18,0,56.36,SE,Nordeste,Cartão de débito,Online
105964,2025-12-09,C0060,Cabo USB,Acessórios,1,35.75,0.05,16.09,SP,Sudeste,Cartão de débito,Marketplace
105965,2025-09-16,C0419,Teclado,Eletrônicos,3,573.03,0,343.82,DF,Centro-Oeste,Boleto,Online
105966,2025-11-01,C0685,Luminária,Escritório,1,128.89,0,67.02,RN,Nordeste,PIX,Marketplace
105967,2025-07-27,C1588,Liquidificador,Casa,1,364.64,0.15,229.72,PI,Nordeste,Boleto,Marketplace
105968,2026-02-04,C1964,Liquidificador,Casa,2,564.96,0.05,355.92,GO,Centro-Oeste,Boleto,Online
105969,2025-04-02,C0953,Notebook,Eletrônicos,1,2964.07,0.1,2134.13,MT,Centro-Oeste,Cartão de débito,Online
105970,2025-01-02,C0701,Cabo USB,Acessórios,2,53.36,0.15,24.01,ES,Sudeste,Boleto,Online
105971,2025-10-17,C0386,Liquidificador,Casa,3,288.88,0,181.99,SE,Nordeste,PIX,Marketplace
105972,2026-03-02,C0171,Teclado,Eletrônicos,2,481.31,0.05,288.79,MA,Nordeste,Cartão de débito,Marketplace
105973,2026-03-05,C2112,Notebook,Eletrônicos,3,5442.37,0.2,3918.51,SE,Nordeste,PIX,Marketplace
105974,2025-11-11,C0347,Smartphone,Eletrônicos,2,3262.44,0.05,2544.7,RJ,Sudeste,PIX,Online
105975,2025-06-11,C1382,Cafeteira,Casa,4,651.8,0.05,423.67,MT,Centro-Oeste,PIX,Online
105976,2025-01-16,C0784,Luminária,Escritório,1,305.11,0.1,158.66,CE,Nordeste,Boleto,Online
105977,2025-07-08,C0202,Smartphone,Eletrônicos,1,1850.29,0.1,1443.23,AM,Norte,Cartão de débito,Online
105978,2026-01-07,C2349,Carregador,Acessórios,3,190.45,0.1,95.22,RO,Norte,Cartão de débito,Online
105979,2026-04-21,C0625,Monitor,Eletrônicos,1,782.28,0,531.95,PB,Nordeste,Cartão de débito,Online
105980,2026-01-03,C0277,Air Fryer,Casa,1,383.98,0,245.75,AP,Norte,Boleto,Marketplace
105981,2026-04-14,C2465,Air Fryer,Casa,1,685.91,0.05,438.98,SE,Nordeste,Cartão de débito,Online
105982,2025-01-08,C2259,Suporte para Monitor,Escritório,2,191.17,0.05,105.14,RN,Nordeste,Boleto,Marketplace
105983,2025-11-08,C1048,Teclado,Eletrônicos,2,657.37,0.05,394.42,SE,Nordeste,PIX,Online
105984,2026-02-17,C0636,Notebook,Eletrônicos,3,3837.43,0,2762.95,PA,Norte,PIX,Online
105985,2026-03-26,C0579,Carregador,Acessórios,1,218.59,0.05,109.3,RJ,Sudeste,Cartão de débito,Online
105986,2026-06-15,C1113,Notebook,Eletrônicos,1,4764.08,0.05,3430.14,CE,Nordeste,Cartão de crédito,Online
105987,2026-03-25,C2421,Smartphone,Eletrônicos,1,4571.29,0,3565.61,MA,Nordeste,Cartão de crédito,Marketplace
105988,2025-12-14,C0217,Aspirador,Casa,3,603.59,0.1,404.41,SC,Sul,Boleto,Online
105989,2025-01-07,C0582,Headset,Eletrônicos,2,360.73,0.2,223.65,PE,Nordeste,Cartão de crédito,Marketplace
105990,2026-01-22,C2425,Smartphone,Eletrônicos,1,3735.44,0.05,2913.64,SC,Sul,PIX,Online
105991,2026-06-23,C1354,Carregador,Acessórios,5,72.93,0.15,36.47,AM,Norte,Boleto,Online
105992,2025-09-04,C2073,Mouse,Eletrônicos,1,285.81,0.2,165.77,AC,Norte,PIX,Marketplace
105993,2025-03-20,C0155,Liquidificador,Casa,1,317.24,0,199.86,AL,Nordeste,PIX,Marketplace
105994,2025-12-01,C0527,Teclado,Eletrônicos,1,713.9,0.05,428.34,GO,Centro-Oeste,PIX,Online
105995,2025-08-28,C1290,Luminária,Escritório,1,103.45,0.1,53.79,AL,Nordeste,PIX,Marketplace
105996,2026-02-25,C2050,Luminária,Escritório,1,233.24,0.1,121.28,SC,Sul,Cartão de crédito,Online
105997,2025-07-02,C2474,Monitor,Eletrônicos,2,2391.82,0.05,1626.44,PA,Norte,PIX,Online
105998,2026-01-12,C2154,Teclado,Eletrônicos,1,184.52,0.15,110.71,ES,Sudeste,PIX,Marketplace
105999,2025-05-15,C0784,Monitor,Eletrônicos,2,1367.25,0.15,929.73,AM,Norte,Boleto,Online
106000,2025-01-16,C0399,Carregador,Acessórios,2,242.37,0.05,121.19,PR,Sul,Cartão de débito,Marketplace
106001,2025-08-22,C0335,Luminária,Escritório,1,341.42,0.05,177.54,PR,Sul,Boleto,Online
106002,2025-07-04,C1898,Suporte para Monitor,Escritório,1,416.45,0.05,229.05,SE,Nordeste,Boleto,Online
106003,2025-07-23,C2179,Smartphone,Eletrônicos,1,2994.59,0.15,2335.78,AC,Norte,Cartão de crédito,Marketplace
106004,2025-01-13,C1047,Smartphone,Eletrônicos,1,4965.5,0.2,3873.09,MT,Centro-Oeste,Cartão de crédito,Online
106005,2025-06-18,C0387,Carregador,Acessórios,1,190.86,0.1,95.43,TO,Norte,Cartão de débito,Marketplace
106006,2025-11-05,C0959,Smartphone,Eletrônicos,1,4040.98,0,3151.96,MS,Centro-Oeste,Boleto,Marketplace
106007,2025-12-02,C2305,Mouse,Eletrônicos,1,206.14,0.15,119.56,AP,Norte,Cartão de crédito,Online
106008,2026-04-08,C1720,Smartphone,Eletrônicos,1,3921.54,0,3058.8,PE,Nordeste,PIX,Online
106009,2025-09-22,C0426,Monitor,Eletrônicos,2,860.72,0,585.29,AM,Norte,Cartão de crédito,Online
106010,2026-03-30,C1594,Notebook,Eletrônicos,3,2746.87,0,1977.75,RO,Norte,Cartão de crédito,Marketplace
106011,2025-10-02,C1695,Suporte para Monitor,Escritório,1,445.06,0.1,244.78,PR,Sul,Cartão de crédito,Marketplace
106012,2026-06-28,C1268,Mouse,Eletrônicos,2,465.82,0.15,270.18,GO,Centro-Oeste,Cartão de crédito,Marketplace
106013,2025-05-24,C0928,Suporte para Monitor,Escritório,2,227.21,0,124.97,MA,Nordeste,PIX,Marketplace
106014,2025-11-13,C2042,Mouse,Eletrônicos,2,151.87,0.1,88.08,AP,Norte,Boleto,Online
106015,2025-06-06,C0105,Suporte para Monitor,Escritório,2,391.45,0.05,215.3,PA,Norte,PIX,Marketplace
106016,2026-05-04,C0646,Teclado,Eletrônicos,3,147.79,0.1,88.67,RJ,Sudeste,Boleto,Online
106017,2026-03-10,C2159,Suporte para Monitor,Escritório,4,221.39,0.05,121.76,ES,Sudeste,PIX,Online
106018,2026-06-10,C1025,Mesa,Escritório,2,1876.26,0.1,1275.86,RR,Norte,PIX,Marketplace
106019,2026-01-10,C1871,Monitor,Eletrônicos,1,2313.14,0,1572.94,AL,Nordeste,PIX,Marketplace
106020,2026-01-29,C1140,Mesa,Escritório,1,1085.42,0.05,738.09,AL,Nordeste,Boleto,Online
106021,2026-04-15,C0460,Cadeira,Escritório,4,2144.36,0,1501.05,PI,Nordeste,Cartão de crédito,Online
106022,2025-01-19,C1383,Carregador,Acessórios,2,203.61,0,101.81,PB,Nordeste,Boleto,Marketplace
106023,2026-02-24,C0748,Headset,Eletrônicos,1,803.55,0,498.2,SE,Nordeste,Boleto,Online
106024,2025-01-29,C0974,Mesa,Escritório,1,1794.81,0.1,1220.47,AM,Norte,PIX,Online
106025,2026-03-04,C0269,Carregador,Acessórios,1,184.46,0.1,92.23,AM,Norte,Cartão de débito,Online
106026,2025-07-29,C1148,Aspirador,Casa,4,451.31,0.1,302.38,PA,Norte,Boleto,Marketplace
106027,2025-05-14,C0508,Cafeteira,Casa,2,203.35,0.1,132.18,BA,Nordeste,Cartão de débito,Online
106028,2025-10-15,C0031,Notebook,Eletrônicos,1,4214.96,0.1,3034.77,AL,Nordeste,PIX,Marketplace
106029,2025-04-19,C1246,Notebook,Eletrônicos,1,3687.0,0,2654.64,SP,Sudeste,Cartão de débito,Marketplace
106030,2026-05-16,C0153,Cabo USB,Acessórios,2,85.35,0.05,38.41,DF,Centro-Oeste,PIX,Online
106031,2026-04-18,C2466,Mouse,Eletrônicos,2,193.92,0,112.47,DF,Centro-Oeste,Cartão de crédito,Online
106032,2025-07-17,C2137,Carregador,Acessórios,1,103.34,0.1,51.67,RS,Sul,Boleto,Online
106033,2026-03-01,C0326,Luminária,Escritório,1,142.03,0.2,73.86,PA,Norte,Boleto,Online
106034,2026-04-14,C1304,Cabo USB,Acessórios,1,52.88,0.15,23.8,MS,Centro-Oeste,PIX,Online
106035,2025-04-12,C1465,Suporte para Monitor,Escritório,3,453.66,0.1,249.51,SE,Nordeste,Cartão de crédito,Marketplace
106036,2025-05-22,C1057,Teclado,Eletrônicos,1,214.7,0.05,128.82,TO,Norte,Boleto,Online
106037,2025-02-09,C2185,Mesa,Escritório,3,1155.96,0.15,786.05,MG,Sudeste,PIX,Marketplace
106038,2025-09-29,C1210,Headset,Eletrônicos,3,550.71,0.05,341.44,RR,Norte,Boleto,Marketplace
106039,2026-01-12,C0103,Carregador,Acessórios,1,227.43,0,113.72,MS,Centro-Oeste,Cartão de débito,Marketplace
106040,2026-03-25,C1141,Monitor,Eletrônicos,3,845.25,0.15,574.77,SP,Sudeste,Cartão de crédito,Online
106041,2025-11-14,C0868,Aspirador,Casa,2,1359.2,0,910.66,PA,Norte,Cartão de crédito,Marketplace
106042,2025-10-27,C1600,Notebook,Eletrônicos,1,4161.64,0.05,2996.38,AC,Norte,Cartão de débito,Marketplace
106043,2025-07-09,C0884,Cabo USB,Acessórios,1,33.0,0.15,14.85,BA,Nordeste,Cartão de crédito,Online
106044,2025-11-10,C1305,Air Fryer,Casa,2,516.92,0.1,330.83,CE,Nordeste,Cartão de débito,Online
106045,2025-02-13,C2433,Smartphone,Eletrônicos,1,4833.26,0.05,3769.94,AL,Nordeste,Cartão de crédito,Marketplace
106046,2025-07-12,C0235,Cabo USB,Acessórios,2,57.78,0.15,26.0,MS,Centro-Oeste,Cartão de crédito,Marketplace
106047,2026-04-02,C1718,Suporte para Monitor,Escritório,1,109.59,0.05,60.27,ES,Sudeste,Cartão de crédito,Online
106048,2025-12-26,C1655,Cafeteira,Casa,2,362.99,0.05,235.94,RN,Nordeste,Cartão de débito,Online
106049,2025-02-04,C0584,Monitor,Eletrônicos,1,1323.61,0.1,900.05,MS,Centro-Oeste,PIX,Marketplace
106050,2025-01-25,C0225,Notebook,Eletrônicos,2,3542.36,0,2550.5,AL,Nordeste,Boleto,Online
106051,2026-01-19,C1839,Monitor,Eletrônicos,3,1594.37,0.05,1084.17,RR,Norte,Cartão de débito,Online
106052,2025-04-27,C1848,Headset,Eletrônicos,1,576.18,0.1,357.23,MT,Centro-Oeste,Cartão de débito,Online
106053,2025-07-18,C1883,Cadeira,Escritório,1,1988.57,0.1,1392.0,RO,Norte,Boleto,Online
106054,2025-07-09,C0020,Cabo USB,Acessórios,2,37.32,0.15,16.79,PE,Nordeste,Cartão de débito,Online
106055,2026-04-22,C1973,Air Fryer,Casa,3,594.31,0.05,380.36,PE,Nordeste,Boleto,Marketplace
106056,2025-07-29,C0763,Cadeira,Escritório,1,2435.22,0,1704.65,CE,Nordeste,Cartão de débito,Marketplace
106057,2025-02-06,C1994,Carregador,Acessórios,1,145.25,0.1,72.62,CE,Nordeste,Boleto,Marketplace
106058,2025-12-13,C1799,Carregador,Acessórios,1,128.9,0,64.45,RJ,Sudeste,Cartão de débito,Marketplace
106059,2026-04-05,C2326,Mouse,Eletrônicos,1,242.09,0.1,140.41,AM,Norte,PIX,Online
106060,2025-12-21,C0592,Suporte para Monitor,Escritório,1,360.69,0.2,198.38,RS,Sul,PIX,Online
106061,2026-04-24,C1969,Smartphone,Eletrônicos,1,1962.12,0.2,1530.45,RJ,Sudeste,PIX,Marketplace
106062,2026-05-12,C1808,Hub USB,Acessórios,1,286.97,0.1,157.83,MS,Centro-Oeste,Boleto,Online
106063,2025-07-17,C0276,Notebook,Eletrônicos,1,4035.95,0.1,2905.88,TO,Norte,Cartão de débito,Marketplace
106064,2026-03-05,C0225,Hub USB,Acessórios,3,226.82,0.05,124.75,GO,Centro-Oeste,Boleto,Marketplace
106065,2025-06-28,C0038,Liquidificador,Casa,1,457.39,0.1,288.16,TO,Norte,PIX,Marketplace
106066,2026-02-18,C0719,Liquidificador,Casa,1,153.44,0,96.67,AP,Norte,Boleto,Marketplace
106067,2026-06-29,C1658,Smartphone,Eletrônicos,3,4087.6,0,3188.33,RJ,Sudeste,Cartão de débito,Online
106068,2025-03-15,C0957,Liquidificador,Casa,2,180.17,0.1,113.51,AM,Norte,Boleto,Online
106069,2026-06-06,C1750,Luminária,Escritório,1,114.57,0.1,59.58,AL,Nordeste,Boleto,Online
106070,2026-05-22,C0058,Teclado,Eletrônicos,2,616.58,0.05,369.95,DF,Centro-Oeste,Boleto,Marketplace
106071,2025-04-20,C1372,Monitor,Eletrônicos,1,2260.71,0,1537.28,CE,Nordeste,Cartão de crédito,Online
106072,2026-01-31,C1533,Aspirador,Casa,1,1110.35,0.15,743.93,DF,Centro-Oeste,PIX,Marketplace
106073,2025-07-20,C1300,Cabo USB,Acessórios,1,63.44,0,28.55,TO,Norte,Cartão de débito,Online
106074,2025-05-08,C0339,Cabo USB,Acessórios,1,26.46,0,11.91,PR,Sul,Cartão de crédito,Marketplace
106075,2025-02-22,C0131,Carregador,Acessórios,2,245.09,0,122.55,PA,Norte,PIX,Marketplace
106076,2026-04-03,C1991,Mesa,Escritório,1,1498.64,0,1019.08,MT,Centro-Oeste,Cartão de débito,Online
106077,2025-07-12,C0522,Smartphone,Eletrônicos,5,3824.51,0,2983.12,RR,Norte,Cartão de débito,Marketplace
106078,2025-09-26,C2120,Suporte para Monitor,Escritório,1,393.81,0.1,216.6,GO,Centro-Oeste,PIX,Marketplace
106079,2026-05-25,C0846,Carregador,Acessórios,1,246.1,0.05,123.05,MA,Nordeste,PIX,Marketplace
106080,2025-05-26,C1943,Luminária,Escritório,1,287.3,0.05,149.4,AM,Norte,Cartão de débito,Marketplace
106081,2026-02-06,C2500,Liquidificador,Casa,1,286.89,0.05,180.74,DF,Centro-Oeste,Cartão de crédito,Online
106082,2026-02-13,C0116,Suporte para Monitor,Escritório,2,333.69,0,183.53,MG,Sudeste,Boleto,Online
106083,2025-10-25,C1661,Luminária,Escritório,2,186.11,0.15,96.78,MS,Centro-Oeste,Boleto,Online
106084,2025-10-02,C1231,Aspirador,Casa,1,1448.55,0,970.53,PR,Sul,PIX,Online
106085,2025-06-26,C1879,Monitor,Eletrônicos,1,1142.2,0.05,776.7,MG,Sudeste,Cartão de crédito,Online
106086,2025-05-22,C0156,Mouse,Eletrônicos,1,395.8,0,229.56,ES,Sudeste,Cartão de débito,Marketplace
106087,2025-08-04,C1570,Smartphone,Eletrônicos,1,1128.19,0,879.99,ES,Sudeste,Boleto,Marketplace
106088,2025-08-24,C2002,Headset,Eletrônicos,1,724.8,0.15,449.38,SE,Nordeste,Boleto,Marketplace
106089,2025-03-21,C0221,Mesa,Escritório,2,729.03,0,495.74,AC,Norte,Boleto,Online
106090,2025-09-05,C1176,Hub USB,Acessórios,2,182.14,0.1,100.18,BA,Nordeste,Cartão de débito,Marketplace
106091,2025-09-20,C2179,Cabo USB,Acessórios,1,41.77,0.1,18.8,RJ,Sudeste,Cartão de crédito,Online
106092,2025-08-12,C0951,Mouse,Eletrônicos,1,358.88,0.05,208.15,PE,Nordeste,Cartão de débito,Marketplace
106093,2026-05-08,C0968,Luminária,Escritório,1,193.77,0,100.76,SC,Sul,Cartão de crédito,Marketplace
106094,2025-12-16,C2468,Aspirador,Casa,4,774.46,0,518.89,PE,Nordeste,Cartão de débito,Online
106095,2025-03-23,C0612,Mouse,Eletrônicos,1,491.79,0.15,285.24,GO,Centro-Oeste,Cartão de débito,Online
106096,2025-01-22,C1955,Cafeteira,Casa,1,467.23,0,303.7,AP,Norte,PIX,Marketplace
106097,2026-02-27,C1846,Notebook,Eletrônicos,3,4100.44,0.1,2952.32,RO,Norte,Cartão de débito,Marketplace
106098,2025-12-18,C1231,Aspirador,Casa,2,1436.92,0,962.74,DF,Centro-Oeste,Boleto,Online
106099,2025-08-25,C0452,Teclado,Eletrônicos,1,628.31,0.2,376.99,RR,Norte,Boleto,Online
106100,2025-02-12,C0535,Teclado,Eletrônicos,1,371.04,0,222.62,DF,Centro-Oeste,Boleto,Online
106101,2026-03-14,C2165,Aspirador,Casa,1,891.94,0.1,597.6,RR,Norte,Cartão de crédito,Online
106102,2025-12-21,C2273,Cafeteira,Casa,2,703.42,0.05,457.22,RN,Nordeste,Cartão de débito,Online
106103,2025-12-25,C0142,Hub USB,Acessórios,3,187.99,0,103.39,PR,Sul,Boleto,Marketplace
106104,2025-04-24,C0028,Headset,Eletrônicos,1,562.35,0.05,348.66,SC,Sul,Cartão de crédito,Marketplace
106105,2026-03-22,C1697,Air Fryer,Casa,4,923.6,0.1,591.1,CE,Nordeste,Boleto,Online
106106,2025-11-17,C2371,Suporte para Monitor,Escritório,2,101.32,0.1,55.73,AM,Norte,Cartão de crédito,Marketplace
106107,2025-08-14,C0982,Aspirador,Casa,1,429.43,0.05,287.72,RR,Norte,Cartão de crédito,Online
106108,2025-03-21,C0495,Smartphone,Eletrônicos,3,4951.31,0.05,3862.02,PA,Norte,Cartão de crédito,Online
106109,2025-05-24,C0733,Monitor,Eletrônicos,1,799.11,0,543.39,AC,Norte,Cartão de débito,Online
106110,2026-01-03,C1571,Air Fryer,Casa,5,334.51,0.05,214.09,SP,Sudeste,PIX,Marketplace
106111,2025-03-14,C1831,Suporte para Monitor,Escritório,1,524.59,0.15,288.52,CE,Nordeste,Boleto,Online
106112,2026-04-22,C1444,Aspirador,Casa,3,1017.31,0,681.6,ES,Sudeste,Boleto,Online
106113,2026-02-06,C1716,Monitor,Eletrônicos,1,2025.19,0.05,1377.13,AM,Norte,PIX,Marketplace
106114,2025-02-09,C0749,Luminária,Escritório,1,374.3,0,194.64,SP,Sudeste,Cartão de débito,Marketplace
106115,2025-06-07,C1251,Monitor,Eletrônicos,3,1312.49,0.05,892.49,RS,Sul,Cartão de débito,Marketplace
106116,2025-12-24,C0633,Monitor,Eletrônicos,3,1195.69,0,813.07,AL,Nordeste,PIX,Marketplace
106117,2025-11-03,C1563,Luminária,Escritório,1,201.25,0.05,104.65,AM,Norte,PIX,Marketplace
106118,2025-10-12,C0680,Teclado,Eletrônicos,2,313.51,0,188.11,TO,Norte,Cartão de crédito,Online
106119,2026-03-31,C1078,Cafeteira,Casa,1,710.58,0.05,461.88,ES,Sudeste,Cartão de crédito,Marketplace
106120,2026-06-04,C0731,Air Fryer,Casa,1,426.31,0,272.84,AC,Norte,Cartão de débito,Online
106121,2026-03-14,C0674,Hub USB,Acessórios,2,111.08,0.2,61.09,AC,Norte,Cartão de débito,Marketplace
106122,2025-02-15,C0474,Cadeira,Escritório,1,737.22,0.05,516.05,PB,Nordeste,Boleto,Marketplace
106123,2025-03-22,C0174,Luminária,Escritório,2,96.15,0,50.0,PB,Nordeste,Cartão de crédito,Online
106124,2026-01-26,C0667,Carregador,Acessórios,2,103.63,0.1,51.81,BA,Nordeste,Cartão de débito,Online
106125,2026-06-05,C2368,Liquidificador,Casa,1,146.92,0.05,92.56,MS,Centro-Oeste,Boleto,Online
106126,2025-11-24,C1424,Smartphone,Eletrônicos,2,3704.3,0,2889.35,SP,Sudeste,Boleto,Marketplace
106127,2025-12-13,C1888,Hub USB,Acessórios,1,288.33,0,158.58,GO,Centro-Oeste,Cartão de débito,Online
106128,2026-05-18,C0223,Cafeteira,Casa,2,737.5,0,479.38,RN,Nordeste,PIX,Online
106129,2025-07-22,C2219,Teclado,Eletrônicos,1,454.59,0.1,272.75,PA,Norte,PIX,Online
106130,2025-07-01,C0925,Liquidificador,Casa,1,313.42,0,197.45,MA,Nordeste,Boleto,Online
106131,2026-04-27,C1839,Smartphone,Eletrônicos,1,4363.88,0.05,3403.83,MG,Sudeste,Cartão de crédito,Online
106132,2026-01-06,C0789,Luminária,Escritório,1,190.72,0.1,99.17,TO,Norte,Boleto,Online
106133,2026-04-30,C2366,Headset,Eletrônicos,1,620.27,0.05,384.57,RN,Nordeste,Cartão de débito,Marketplace
106134,2025-11-18,C1714,Cabo USB,Acessórios,3,93.94,0.05,42.27,RO,Norte,Cartão de crédito,Marketplace
106135,2025-11-04,C0475,Notebook,Eletrônicos,1,4656.83,0.05,3352.92,DF,Centro-Oeste,PIX,Marketplace
106136,2025-04-13,C0348,Suporte para Monitor,Escritório,3,529.88,0,291.43,MS,Centro-Oeste,Cartão de débito,Online
106137,2026-05-08,C1283,Notebook,Eletrônicos,1,3564.77,0.05,2566.63,RR,Norte,Cartão de débito,Online
106138,2025-11-26,C0915,Hub USB,Acessórios,5,232.04,0,127.62,PE,Nordeste,Cartão de débito,Marketplace
106139,2026-06-13,C1656,Teclado,Eletrônicos,1,432.41,0.1,259.45,MT,Centro-Oeste,Boleto,Online
106140,2025-11-21,C1126,Aspirador,Casa,2,1449.24,0.15,970.99,PA,Norte,Cartão de débito,Online
106141,2026-03-03,C2326,Notebook,Eletrônicos,3,4506.85,0,3244.93,AP,Norte,PIX,Online
106142,2025-01-12,C0812,Monitor,Eletrônicos,2,1329.45,0,904.03,RO,Norte,Boleto,Marketplace
106143,2025-09-09,C1041,Suporte para Monitor,Escritório,2,408.55,0.1,224.7,MG,Sudeste,PIX,Online
106144,2025-09-03,C0350,Liquidificador,Casa,3,520.22,0.15,327.74,SE,Nordeste,Cartão de débito,Marketplace
106145,2026-06-03,C0859,Cabo USB,Acessórios,1,59.74,0.1,26.88,AM,Norte,,Online
106146,2025-03-22,C2282,Carregador,Acessórios,1,182.43,0,91.22,PI,Nordeste,Boleto,Online
106147,2025-01-07,C0926,Teclado,Eletrônicos,1,222.16,0.2,133.3,PI,Nordeste,Cartão de débito,Marketplace
106148,2026-05-26,C1274,Smartphone,Eletrônicos,1,4027.43,0,3141.4,PI,Nordeste,Cartão de crédito,Marketplace
106149,2025-01-06,C0074,Carregador,Acessórios,2,55.65,0,27.82,TO,Norte,Cartão de crédito,Online
106150,2025-03-02,C0691,Air Fryer,Casa,2,493.4,0.05,315.78,SP,Sudeste,PIX,Online
106151,2025-04-06,C1013,Smartphone,Eletrônicos,3,4083.2,0.05,3184.9,ES,Sudeste,PIX,Online
106152,2026-04-23,C2016,Mouse,Eletrônicos,4,191.96,0,111.34,SE,Nordeste,Boleto,Marketplace
106153,2026-01-22,C0310,Cadeira,Escritório,1,2339.43,0.15,1637.6,CE,Nordeste,Boleto,Online
106154,2025-07-20,C0846,Mesa,Escritório,3,1910.42,0.1,1299.09,SE,Nordeste,PIX,Marketplace
106155,2025-04-17,C1194,Monitor,Eletrônicos,1,2035.84,0.1,1384.37,DF,Centro-Oeste,Cartão de débito,Online
106156,2025-08-18,C0913,Carregador,Acessórios,4,227.6,0.1,113.8,RN,Nordeste,PIX,Marketplace
106157,2026-04-27,C2191,Teclado,Eletrônicos,2,645.16,0.05,387.1,RJ,Sudeste,Cartão de débito,Marketplace
106158,2026-02-26,C2377,Suporte para Monitor,Escritório,1,464.83,0.05,255.66,MS,Centro-Oeste,Cartão de débito,Marketplace
106159,2025-01-28,C2058,Cabo USB,Acessórios,3,53.95,0.1,24.28,PB,Nordeste,Boleto,Marketplace
106160,2026-01-16,C2446,Luminária,Escritório,1,292.35,0,152.02,SE,Nordeste,Boleto,Marketplace
106161,2025-08-08,C2077,Hub USB,Acessórios,1,278.54,0,153.2,AC,Norte,Boleto,Online
106162,2025-09-12,C1946,Cafeteira,Casa,1,1100.88,0.05,715.57,PE,Nordeste,Boleto,Marketplace
106163,2025-06-29,C1778,Smartphone,Eletrônicos,1,3000.44,0.1,2340.34,SE,Nordeste,Cartão de crédito,Marketplace
106164,2026-01-12,C1072,Air Fryer,Casa,3,302.11,0.1,193.35,PB,Nordeste,Cartão de débito,Online
106165,2025-08-04,C0555,Cabo USB,Acessórios,1,37.43,0.1,16.84,GO,Centro-Oeste,Boleto,Online
106166,2026-06-22,C0062,Carregador,Acessórios,5,246.64,0.1,123.32,SC,Sul,PIX,Marketplace
106167,2026-02-12,C0893,Hub USB,Acessórios,1,194.98,0,107.24,TO,Norte,Cartão de crédito,Marketplace
106168,2025-01-11,C1710,Smartphone,Eletrônicos,1,3739.95,0.1,2917.16,PB,Nordeste,PIX,Online
106169,2025-10-28,C0323,Liquidificador,Casa,2,356.19,0.15,224.4,SE,Nordeste,Cartão de crédito,Marketplace
106170,2026-05-15,C0509,Suporte para Monitor,Escritório,1,319.92,0.1,175.96,CE,Nordeste,PIX,Marketplace
106171,2025-09-20,C0828,Air Fryer,Casa,1,881.26,0.2,564.01,MG,Sudeste,PIX,Online
106172,2025-05-25,C1605,Luminária,Escritório,4,137.12,0,71.3,DF,Centro-Oeste,Boleto,Online
106173,2025-02-28,C0342,Hub USB,Acessórios,3,134.25,0.1,73.84,PB,Nordeste,Boleto,Marketplace
106174,2025-03-05,C0259,Cabo USB,Acessórios,2,69.58,0.05,31.31,ES,Sudeste,Boleto,Online
106175,2025-10-02,C1367,Notebook,Eletrônicos,2,4502.94,0.05,3242.12,RO,Norte,Cartão de crédito,Marketplace
106176,2026-06-13,C2492,Smartphone,Eletrônicos,2,3673.33,0,2865.2,SC,Sul,Cartão de crédito,Online
106177,2026-02-12,C0133,Teclado,Eletrônicos,1,233.56,0,140.14,ES,Sudeste,Cartão de crédito,Marketplace
106178,2025-10-30,C0369,Air Fryer,Casa,4,637.73,0.1,408.15,RJ,Sudeste,PIX,Marketplace
106179,2026-01-08,C1229,Mesa,Escritório,1,1690.51,0,1149.55,BA,Nordeste,Cartão de débito,Marketplace
106180,2025-03-18,C1700,Mesa,Escritório,2,1608.08,0.1,1093.49,RJ,Sudeste,PIX,Marketplace
106181,2025-07-18,C0097,Suporte para Monitor,Escritório,2,290.92,0,160.01,AL,Nordeste,PIX,Marketplace
106182,2025-01-20,C0224,Cadeira,Escritório,1,1089.12,0,762.38,SC,Sul,PIX,Online
106183,2025-03-31,C1693,Smartphone,Eletrônicos,1,2590.47,0.05,2020.57,RR,Norte,Boleto,Marketplace
106184,2026-05-07,C1989,Luminária,Escritório,1,111.71,0.1,58.09,PE,Nordeste,Cartão de crédito,Marketplace
106185,2025-06-03,C1123,Cadeira,Escritório,4,1050.93,0.15,735.65,PE,Nordeste,Cartão de crédito,Marketplace
106186,2025-12-21,C0101,Cafeteira,Casa,2,868.65,0,564.62,PB,Nordeste,Cartão de crédito,Marketplace
106187,2026-01-23,C0855,Monitor,Eletrônicos,2,1781.89,0,1211.69,AC,Norte,Boleto,Marketplace
106188,2025-07-29,C0594,Teclado,Eletrônicos,3,160.06,0,96.04,DF,Centro-Oeste,Cartão de crédito,Online
106189,2025-10-14,C0965,Luminária,Escritório,4,164.89,0.05,85.74,SP,Sudeste,Cartão de crédito,Online
106190,2026-01-07,C0200,Notebook,Eletrônicos,4,2832.73,0.05,2039.57,RS,Sul,Cartão de débito,Online
106191,2026-02-05,C0521,Air Fryer,Casa,1,997.72,0,638.54,MT,Centro-Oeste,Boleto,Marketplace
106192,2025-05-03,C0456,Hub USB,Acessórios,5,269.82,0.1,148.4,RO,Norte,PIX,Online
106193,2026-06-08,C0868,Mouse,Eletrônicos,1,91.17,0,52.88,BA,Nordeste,Cartão de crédito,Online
106194,2025-10-02,C1492,Headset,Eletrônicos,1,520.4,0,322.65,SE,Nordeste,Boleto,Online
106195,2025-01-09,C2013,Luminária,Escritório,2,107.32,0.05,55.81,DF,Centro-Oeste,Cartão de débito,Online
106196,2025-12-01,C2315,Air Fryer,Casa,1,812.16,0.05,519.78,RJ,Sudeste,PIX,Online
106197,2026-03-19,C0687,Mesa,Escritório,2,1269.46,0.05,863.23,PR,Sul,PIX,Marketplace
106198,2025-10-07,C0115,Notebook,Eletrônicos,2,2862.36,0.1,2060.9,PA,Norte,Boleto,Online
106199,2025-06-19,C2179,Luminária,Escritório,2,252.24,0,131.16,AM,Norte,Cartão de débito,Marketplace
106200,2026-01-31,C2243,Liquidificador,Casa,1,560.36,0.05,353.03,RN,Nordeste,Cartão de débito,Marketplace
106201,2025-08-06,C2143,Notebook,Eletrônicos,1,4749.0,0.1,3419.28,RO,Norte,Boleto,Online
106202,2025-06-16,C0892,Mouse,Eletrônicos,3,482.36,0,279.77,AL,Nordeste,Cartão de débito,Marketplace
106203,2026-02-07,C2099,Cafeteira,Casa,2,358.56,0,233.06,CE,Nordeste,PIX,Online
106204,2026-05-12,C2218,Carregador,Acessórios,1,119.43,0,59.72,PE,Nordeste,Boleto,Marketplace
106205,2026-03-30,C1738,Smartphone,Eletrônicos,1,2092.36,0,1632.04,PB,Nordeste,Boleto,Marketplace
106206,2026-01-31,C1318,Monitor,Eletrônicos,1,1329.63,0,904.15,BA,Nordeste,Cartão de débito,Marketplace
106207,2025-10-03,C2203,Liquidificador,Casa,2,253.32,0.05,159.59,MS,Centro-Oeste,PIX,Marketplace
106208,2026-04-06,C1978,Notebook,Eletrônicos,1,5331.87,0.05,3838.95,RO,Norte,Cartão de crédito,Marketplace
106209,2025-01-29,C1753,Cabo USB,Acessórios,1,47.7,0.1,21.47,ES,Sudeste,Boleto,Online
106210,2025-01-27,C1232,Headset,Eletrônicos,1,774.56,0.05,480.23,ES,Sudeste,PIX,Marketplace
106211,2025-06-18,C1155,Hub USB,Acessórios,1,208.58,0,114.72,ES,Sudeste,PIX,Online
106212,2025-09-01,C0024,Carregador,Acessórios,1,135.0,0,67.5,MG,Sudeste,Cartão de crédito,Online
106213,2026-05-01,C2058,Notebook,Eletrônicos,3,4578.89,0.05,3296.8,SC,Sul,Cartão de débito,Online
106214,2025-12-31,C0725,Mouse,Eletrônicos,2,81.64,0.1,47.35,MS,Centro-Oeste,PIX,Online
106215,2025-12-20,C1062,Cafeteira,Casa,1,282.0,0,183.3,SC,Sul,Boleto,Online
106216,2025-06-21,C1291,Notebook,Eletrônicos,1,2554.11,0.1,1838.96,SC,Sul,Cartão de débito,Marketplace
106217,2026-01-05,C1899,Mouse,Eletrônicos,2,411.66,0.1,238.76,GO,Centro-Oeste,Cartão de débito,Marketplace
106218,2025-08-05,C0692,Aspirador,Casa,1,292.43,0,195.93,SC,Sul,PIX,Online
106219,2026-04-25,C1940,Notebook,Eletrônicos,2,2543.92,0.05,1831.62,MT,Centro-Oeste,Cartão de crédito,Marketplace
106220,2025-12-22,C0202,Teclado,Eletrônicos,3,479.47,0,287.68,RN,Nordeste,Cartão de crédito,Marketplace
106221,2025-02-21,C2218,Headset,Eletrônicos,1,859.55,0,532.92,SC,Sul,Cartão de débito,Marketplace
106222,2025-02-16,C0089,Suporte para Monitor,Escritório,4,391.69,0.1,215.43,RO,Norte,PIX,Marketplace
106223,2025-04-16,C1811,Teclado,Eletrônicos,1,794.68,0.15,476.81,BA,Nordeste,Boleto,Marketplace
106224,2026-05-16,C1017,Carregador,Acessórios,1,189.38,0.1,94.69,RR,Norte,Cartão de crédito,Online
106225,2025-11-20,C2467,Mouse,Eletrônicos,2,292.58,0.05,169.7,RS,Sul,PIX,Online
106226,2026-03-29,C2216,Mouse,Eletrônicos,4,259.08,0.05,150.27,MA,Nordeste,PIX,Online
106227,2025-11-28,C1987,Cadeira,Escritório,1,1663.05,0.05,1164.13,AM,Norte,Boleto,Online
106228,2026-04-24,C0362,Monitor,Eletrônicos,2,850.23,0.1,578.16,AC,Norte,Cartão de crédito,Online
106229,2025-07-13,C0897,Mesa,Escritório,1,756.44,0,514.38,PR,Sul,Cartão de crédito,Marketplace
106230,2025-07-26,C1089,Headset,Eletrônicos,1,403.81,0.1,250.36,PB,Nordeste,PIX,Marketplace
106231,2025-09-11,C0452,Luminária,Escritório,5,287.7,0.1,149.6,MT,Centro-Oeste,Boleto,Online
106232,2025-04-23,C0264,Suporte para Monitor,Escritório,1,172.89,0.15,95.09,ES,Sudeste,Cartão de crédito,Marketplace
106233,2025-04-28,C0606,Aspirador,Casa,2,733.01,0.1,491.12,MA,Nordeste,Cartão de crédito,Marketplace
106234,2025-08-27,C1614,Cafeteira,Casa,2,623.05,0.05,404.98,PE,Nordeste,Cartão de débito,Online
106235,2026-04-07,C1081,Cafeteira,Casa,1,964.51,0,626.93,RJ,Sudeste,Cartão de crédito,Online
106236,2025-01-05,C1679,Teclado,Eletrônicos,1,215.24,0,129.14,PE,Nordeste,Cartão de débito,Online
106237,2025-12-22,C1088,Suporte para Monitor,Escritório,4,384.28,0.1,211.35,RJ,Sudeste,Cartão de crédito,Marketplace
106238,2025-12-05,C1335,Carregador,Acessórios,1,140.03,0,70.02,CE,Nordeste,Cartão de débito,Marketplace
106239,2025-08-07,C1105,Monitor,Eletrônicos,1,1984.67,0.05,1349.58,DF,Centro-Oeste,Cartão de débito,Online
106240,2025-10-07,C0203,Liquidificador,Casa,1,411.98,0,259.55,SP,Sudeste,Boleto,Marketplace
106241,2025-04-06,C2470,Suporte para Monitor,Escritório,1,207.97,0.15,114.38,RS,Sul,Cartão de crédito,Marketplace
106242,2025-06-22,C1595,Hub USB,Acessórios,2,143.37,0.1,78.85,TO,Norte,Cartão de débito,Online
106243,2025-12-22,C0012,Cabo USB,Acessórios,1,85.49,0.05,38.47,AM,Norte,Boleto,Marketplace
106244,2026-06-13,C0473,Notebook,Eletrônicos,1,4065.96,0,2927.49,ES,Sudeste,Boleto,Marketplace
106245,2025-04-11,C0073,Mesa,Escritório,3,1988.46,0.1,1352.15,TO,Norte,Cartão de crédito,Marketplace
106246,2025-08-09,C2044,Cadeira,Escritório,1,1043.07,0.1,730.15,RO,Norte,Cartão de débito,Online
106247,2026-06-22,C1493,Smartphone,Eletrônicos,3,3923.24,0.05,3060.13,RO,Norte,PIX,Marketplace
106248,2025-09-19,C1894,Air Fryer,Casa,4,374.2,0,239.49,AL,Nordeste,Cartão de crédito,Online
106249,2026-01-20,C0977,Hub USB,Acessórios,1,97.8,0.05,53.79,AM,Norte,Cartão de débito,Online
106250,2026-06-22,C0495,Hub USB,Acessórios,1,173.24,0,95.28,RO,Norte,Cartão de débito,Marketplace
106251,2026-06-28,C2230,Cadeira,Escritório,1,1793.65,0.1,1255.56,DF,Centro-Oeste,Cartão de crédito,Online
106252,2026-04-20,C1715,Cabo USB,Acessórios,1,49.01,0,22.05,SP,Sudeste,Boleto,Marketplace
106253,2025-05-10,C1079,Liquidificador,Casa,1,328.67,0.1,207.06,SP,Sudeste,Cartão de crédito,Marketplace
106254,2025-12-20,C2492,Mouse,Eletrônicos,1,252.74,0.05,146.59,SC,Sul,PIX,Marketplace
106255,2025-12-25,C2233,Liquidificador,Casa,1,592.67,0.05,373.38,RR,Norte,PIX,Online
106256,2025-03-07,C1042,Suporte para Monitor,Escritório,2,550.99,0,303.04,RJ,Sudeste,PIX,Online
106257,2025-12-09,C1244,Notebook,Eletrônicos,4,3552.45,0.15,2557.76,AL,Nordeste,Cartão de débito,Marketplace
106258,2025-04-23,C1725,Mouse,Eletrônicos,1,311.7,0.1,180.79,SE,Nordeste,Cartão de débito,Online
106259,2026-02-18,C1599,Cabo USB,Acessórios,2,58.89,0.1,26.5,PE,Nordeste,PIX,Online
106260,2025-09-04,C0426,Notebook,Eletrônicos,3,5182.23,0.05,3731.21,MS,Centro-Oeste,Boleto,Online
106261,2025-12-22,C2284,Suporte para Monitor,Escritório,1,598.98,0,329.44,AP,Norte,Cartão de crédito,Marketplace
106262,2025-08-28,C1785,Cabo USB,Acessórios,1,23.41,0.1,10.53,AL,Nordeste,Cartão de crédito,Online
106263,2025-05-30,C1883,Mouse,Eletrônicos,1,406.1,0.05,235.54,RS,Sul,Cartão de débito,Marketplace
106264,2026-03-06,C0006,Headset,Eletrônicos,1,898.04,0.2,556.78,SC,Sul,Boleto,Marketplace
106265,2026-06-02,C0276,Cadeira,Escritório,3,908.03,0.1,635.62,AL,Nordeste,Cartão de crédito,Online
106266,2025-09-24,C0560,Cadeira,Escritório,3,2340.85,0.15,1638.59,RJ,Sudeste,Cartão de débito,Online
106267,2025-05-16,C0236,Cafeteira,Casa,1,524.3,0.15,340.79,BA,Nordeste,Cartão de crédito,Marketplace
106268,2026-04-28,C1266,Suporte para Monitor,Escritório,1,326.58,0.05,179.62,AP,Norte,PIX,Online
106269,2025-04-26,C0318,Air Fryer,Casa,1,506.51,0.05,324.17,MA,Nordeste,Boleto,Online
106270,2025-12-14,C0792,Cabo USB,Acessórios,2,82.13,0,36.96,BA,Nordeste,Cartão de débito,Marketplace
106271,2025-06-04,C0454,Liquidificador,Casa,1,513.84,0.15,323.72,MS,Centro-Oeste,Boleto,Marketplace
106272,2026-06-18,C1913,Mesa,Escritório,2,1005.13,0,683.49,DF,Centro-Oeste,Cartão de débito,Online
106273,2025-05-16,C0660,Cafeteira,Casa,1,958.16,0.05,622.8,RR,Norte,Cartão de crédito,Marketplace
106274,2025-04-08,C2097,Notebook,Eletrônicos,1,5976.88,0.1,4303.35,TO,Norte,PIX,Marketplace
106275,2025-09-27,C0359,Hub USB,Acessórios,3,288.54,0.1,158.7,ES,Sudeste,Cartão de débito,Online
106276,2025-07-19,C1190,Cafeteira,Casa,1,851.42,0.05,553.42,RO,Norte,Cartão de crédito,Marketplace
106277,2025-12-17,C1498,Aspirador,Casa,3,1369.38,0.1,917.48,MS,Centro-Oeste,Boleto,Online
106278,2025-07-26,C1684,Mesa,Escritório,1,565.22,0.05,384.35,AC,Norte,Cartão de débito,Online
106279,2025-11-09,C1503,Air Fryer,Casa,2,635.69,0,406.84,AM,Norte,Boleto,Marketplace
106280,2025-12-19,C0708,Suporte para Monitor,Escritório,1,102.91,0.15,56.6,SC,Sul,PIX,Online
106281,2025-08-25,C1844,Mouse,Eletrônicos,1,496.36,0,287.89,RS,Sul,Cartão de débito,Marketplace
106282,2026-04-08,C0655,Smartphone,Eletrônicos,3,1264.25,0,986.12,DF,Centro-Oeste,Cartão de débito,Marketplace
106283,2025-08-06,C0228,Notebook,Eletrônicos,1,4149.06,0.1,2987.32,PR,Sul,Cartão de crédito,Online
106284,2026-05-26,C1006,Smartphone,Eletrônicos,1,1311.17,0.1,1022.71,ES,Sudeste,Cartão de crédito,Marketplace
106285,2025-02-06,C0197,Suporte para Monitor,Escritório,3,192.97,0.15,106.13,CE,Nordeste,PIX,Marketplace
106286,2026-02-15,C1419,Luminária,Escritório,1,144.08,0.1,74.92,PB,Nordeste,Cartão de débito,Marketplace
106287,2025-05-19,C1882,Headset,Eletrônicos,2,734.14,0,455.17,MS,Centro-Oeste,Cartão de débito,Online
106288,2025-12-15,C0879,Headset,Eletrônicos,1,350.89,0.05,217.55,SP,Sudeste,Boleto,Marketplace
106289,2026-01-01,C1896,Luminária,Escritório,1,207.65,0,107.98,MS,Centro-Oeste,PIX,Online
106290,2025-09-20,C1736,Teclado,Eletrônicos,1,151.05,0.15,90.63,AP,Norte,PIX,Marketplace
106291,2025-09-23,C1858,Air Fryer,Casa,1,792.38,0.2,507.12,RJ,Sudeste,Cartão de crédito,Marketplace
106292,2026-06-06,C1087,Monitor,Eletrônicos,2,1537.88,0.1,1045.76,ES,Sudeste,Cartão de débito,Online
106293,2025-08-07,C1092,Headset,Eletrônicos,2,625.77,0.1,387.98,PE,Nordeste,Boleto,Marketplace
106294,2026-06-22,C1455,Liquidificador,Casa,2,309.64,0.1,195.07,AC,Norte,PIX,Marketplace
106295,2025-03-24,C1076,Cadeira,Escritório,1,1758.64,0.05,1231.05,DF,Centro-Oeste,Cartão de crédito,Marketplace
106296,2026-01-24,C0228,Mouse,Eletrônicos,1,172.16,0.1,99.85,RJ,Sudeste,PIX,Online
106297,2026-03-28,C1652,Mouse,Eletrônicos,2,358.51,0,207.94,AP,Norte,Cartão de débito,Online
106298,2025-11-27,C1082,Mesa,Escritório,1,1878.13,0.1,1277.13,PR,Sul,PIX,Online
106299,2026-03-29,C0708,Cafeteira,Casa,3,210.49,0.05,136.82,SE,Nordeste,Boleto,Online
106300,2026-04-17,C2301,Monitor,Eletrônicos,1,2235.29,0.1,1520.0,RS,Sul,PIX,Marketplace
106301,2025-06-14,C0209,Suporte para Monitor,Escritório,2,271.83,0.15,149.51,RS,Sul,Cartão de crédito,Online
106302,2025-06-11,C2118,Cafeteira,Casa,4,764.43,0,496.88,TO,Norte,Cartão de débito,Marketplace
106303,2026-03-30,C0968,Notebook,Eletrônicos,2,3561.86,0.1,2564.54,MA,Nordeste,PIX,Online
106304,2025-02-07,C1603,Mesa,Escritório,1,953.15,0.1,648.14,PE,Nordeste,Boleto,Online
106305,2026-05-30,C1367,Cabo USB,Acessórios,1,98.42,0.05,44.29,RJ,Sudeste,Boleto,Marketplace
106306,2026-04-19,C0726,Headset,Eletrônicos,1,763.52,0.1,473.38,CE,Nordeste,PIX,Marketplace
106307,2025-12-26,C0342,Luminária,Escritório,2,354.91,0.05,184.55,SE,Nordeste,PIX,Online
106308,2025-03-13,C1213,Monitor,Eletrônicos,1,2049.27,0,1393.5,PE,Nordeste,PIX,Marketplace
106309,2025-12-08,C0014,Liquidificador,Casa,1,434.61,0,273.8,DF,Centro-Oeste,PIX,Online
106310,2025-03-22,C0525,Cafeteira,Casa,4,1159.64,0.15,753.77,BA,Nordeste,Cartão de crédito,Online
106311,2025-06-05,C0760,Notebook,Eletrônicos,1,2638.54,0.1,1899.75,CE,Nordeste,Cartão de crédito,Marketplace
106312,2026-02-22,C2426,Luminária,Escritório,1,342.44,0.15,178.07,PA,Norte,Boleto,Online
106313,2025-06-18,C1549,Headset,Eletrônicos,2,486.27,0,301.49,SP,Sudeste,Cartão de crédito,Marketplace
106314,2025-08-15,C1343,Hub USB,Acessórios,2,144.6,0.1,79.53,SC,Sul,PIX,Marketplace
106315,2025-04-29,C0579,Notebook,Eletrônicos,1,3774.85,0.15,2717.89,MG,Sudeste,Cartão de crédito,Online
106316,2025-08-16,C1035,Cadeira,Escritório,2,897.08,0.1,627.96,RN,Nordeste,Boleto,Online
106317,2025-03-05,C1746,Cabo USB,Acessórios,1,46.26,0.05,20.82,CE,Nordeste,Cartão de crédito,Online
106318,2025-10-02,C2110,Smartphone,Eletrônicos,1,1478.08,0.1,1152.9,PE,Nordeste,PIX,Marketplace
106319,2025-01-20,C1422,Headset,Eletrônicos,1,885.52,0,549.02,RN,Nordeste,PIX,Marketplace
106320,2025-01-01,C0632,Cadeira,Escritório,1,2349.46,0,1644.62,PB,Nordeste,Cartão de crédito,Marketplace
106321,2025-08-02,C1605,Carregador,Acessórios,1,81.8,0.2,40.9,GO,Centro-Oeste,PIX,Online
106322,2026-06-29,C2290,Mouse,Eletrônicos,2,378.95,0.15,219.79,GO,Centro-Oeste,Cartão de crédito,Online
106323,2026-02-14,C1395,Notebook,Eletrônicos,4,5612.38,0.1,4040.91,GO,Centro-Oeste,PIX,Marketplace
106324,2025-07-20,C0132,Liquidificador,Casa,1,436.92,0.1,275.26,AL,Nordeste,Cartão de crédito,Marketplace
106325,2026-03-19,C0957,Teclado,Eletrônicos,2,112.5,0.1,67.5,PI,Nordeste,PIX,Online
106326,2025-02-16,C1432,Notebook,Eletrônicos,1,4774.41,0,3437.58,RR,Norte,Cartão de crédito,Marketplace
106327,2026-03-30,C1941,Air Fryer,Casa,2,658.82,0,421.64,PE,Nordeste,PIX,Online
106328,2025-01-26,C1470,Mesa,Escritório,3,673.05,0.1,457.67,MT,Centro-Oeste,Boleto,Marketplace
106329,2025-11-12,C0430,Monitor,Eletrônicos,2,1598.98,0,1087.31,SP,Sudeste,Boleto,Marketplace
106330,2025-03-21,C1325,Mesa,Escritório,2,1040.93,0.05,707.83,SC,Sul,Cartão de débito,Online
106331,2026-04-13,C2386,Cafeteira,Casa,1,263.07,0.05,171.0,CE,Nordeste,Cartão de crédito,Marketplace
106332,2026-02-18,C0966,Hub USB,Acessórios,1,251.75,0.1,138.46,MS,Centro-Oeste,PIX,Marketplace
106333,2025-11-09,C0420,Teclado,Eletrônicos,3,558.13,0.1,334.88,SC,Sul,PIX,Online
106334,2026-01-25,C2009,Cabo USB,Acessórios,3,56.54,0,25.44,MA,Nordeste,Cartão de débito,Marketplace
106335,2026-02-22,C1537,Aspirador,Casa,2,800.95,0,536.64,AL,Nordeste,Cartão de débito,Marketplace
106336,2026-01-22,C1215,Teclado,Eletrônicos,1,147.65,0.2,88.59,ES,Sudeste,Cartão de crédito,Marketplace
106337,2026-01-13,C2408,Carregador,Acessórios,3,248.11,0,124.06,RJ,Sudeste,Boleto,Online
106338,2026-06-19,C2024,Luminária,Escritório,1,255.24,0,132.72,AM,Norte,Cartão de débito,Marketplace
106339,2025-06-27,C1330,Cafeteira,Casa,1,322.56,0,209.66,SC,Sul,Cartão de débito,Online
106340,2025-03-11,C1106,Aspirador,Casa,1,356.05,0.1,238.55,MG,Sudeste,Cartão de crédito,Marketplace
106341,2026-04-24,C1058,Liquidificador,Casa,2,164.76,0,103.8,PI,Nordeste,Boleto,Online
106342,2025-05-13,C0774,Aspirador,Casa,2,320.62,0.1,214.82,SC,Sul,PIX,Marketplace
106343,2025-09-26,C1958,Mouse,Eletrônicos,2,293.75,0,170.38,PI,Nordeste,Cartão de crédito,Online
106344,2026-06-14,C1487,Cabo USB,Acessórios,1,78.58,0.05,35.36,CE,Nordeste,Cartão de débito,Marketplace
106345,2025-07-02,C1269,Aspirador,Casa,2,325.94,0,218.38,DF,Centro-Oeste,Cartão de crédito,Marketplace
106346,2026-02-13,C1662,Liquidificador,Casa,1,420.41,0.15,264.86,SP,Sudeste,Boleto,Online
106347,2025-06-02,C0539,Cabo USB,Acessórios,2,81.9,0.1,36.86,AC,Norte,Boleto,Online
106348,2026-02-25,C0987,Carregador,Acessórios,1,244.8,0.1,122.4,PE,Nordeste,PIX,Online
106349,2026-01-04,C0192,Cabo USB,Acessórios,1,65.57,0.1,29.51,RO,Norte,Cartão de débito,Marketplace
106350,2026-05-29,C0189,Suporte para Monitor,Escritório,4,378.56,0,208.21,PR,Sul,Boleto,Online
106351,2025-05-16,C1551,Luminária,Escritório,2,370.44,0.15,192.63,DF,Centro-Oeste,PIX,Online
106352,2026-04-14,C2456,Liquidificador,Casa,1,257.45,0,162.19,PB,Nordeste,Cartão de débito,Marketplace
106353,2026-02-15,C0074,Headset,Eletrônicos,3,473.47,0.15,293.55,AP,Norte,Cartão de débito,Online
106354,2025-05-31,C0047,Carregador,Acessórios,4,53.26,0.1,26.63,SC,Sul,Boleto,Online
106355,2026-05-09,C2263,Luminária,Escritório,1,165.79,0,86.21,MA,Nordeste,Cartão de débito,Online
106356,2025-06-02,C0742,Mouse,Eletrônicos,4,130.8,0.05,75.86,ES,Sudeste,Boleto,Online
106357,2025-11-24,C2198,Cafeteira,Casa,3,973.59,0.15,632.83,RO,Norte,Cartão de débito,Online
106358,2026-05-22,C0589,Headset,Eletrônicos,1,344.28,0,213.45,AP,Norte,Boleto,Online
106359,2025-08-08,C2279,Carregador,Acessórios,1,178.86,0,89.43,AP,Norte,PIX,Online
106360,2025-08-08,C0785,Headset,Eletrônicos,1,526.58,0.1,326.48,AL,Nordeste,Boleto,Online
106361,2025-03-25,C0186,Cabo USB,Acessórios,1,27.5,0.05,12.38,RS,Sul,Cartão de débito,Online
106362,2025-08-21,C1828,Air Fryer,Casa,4,785.0,0.1,502.4,PA,Norte,Cartão de débito,Online
106363,2025-12-20,C1464,Aspirador,Casa,3,571.69,0,383.03,PI,Nordeste,Cartão de crédito,Online
106364,2026-06-13,C2017,Aspirador,Casa,3,1215.34,0,814.28,SC,Sul,PIX,Marketplace
106365,2025-02-02,C0895,Cafeteira,Casa,1,715.11,0.1,464.82,AM,Norte,Cartão de crédito,Online
106366,2025-10-03,C0911,Cabo USB,Acessórios,1,24.03,0.15,10.81,MG,Sudeste,Boleto,Online
106367,2025-01-03,C1863,Air Fryer,Casa,1,968.45,0.1,619.81,RN,Nordeste,Boleto,Marketplace
106368,2025-12-31,C2383,Carregador,Acessórios,1,230.96,0.2,115.48,AC,Norte,PIX,Marketplace
106369,2025-08-20,C0953,Air Fryer,Casa,1,455.67,0,291.63,AP,Norte,Cartão de crédito,Online
106370,2025-10-26,C0230,Air Fryer,Casa,1,715.9,0,458.18,TO,Norte,Boleto,Marketplace
106371,2025-06-22,C1898,Teclado,Eletrônicos,4,720.31,0,432.19,AC,Norte,Cartão de crédito,Marketplace
106372,2025-06-08,C1147,Suporte para Monitor,Escritório,1,539.65,0.1,296.81,PB,Nordeste,Cartão de débito,Online
106373,2025-05-17,C1862,Aspirador,Casa,1,394.8,0.05,264.52,BA,Nordeste,Boleto,Online
106374,2025-03-22,C1950,Monitor,Eletrônicos,3,1947.97,0.15,1324.62,RJ,Sudeste,Cartão de crédito,Marketplace
106375,2025-12-05,C1364,Cadeira,Escritório,2,1409.34,0.15,986.54,PI,Nordeste,Cartão de débito,Marketplace
106376,2025-02-14,C1715,Teclado,Eletrônicos,1,312.57,0,187.54,RO,Norte,Cartão de crédito,Marketplace
106377,2026-02-13,C2000,Teclado,Eletrônicos,2,463.56,0.1,278.14,RO,Norte,Cartão de crédito,Online
106378,2025-06-19,C1173,Notebook,Eletrônicos,5,4514.62,0,3250.53,PA,Norte,Cartão de crédito,Online
106379,2025-08-18,C1240,Cafeteira,Casa,1,733.44,0.1,476.74,ES,Sudeste,PIX,Marketplace
106380,2025-07-20,C0796,Notebook,Eletrônicos,1,5440.57,0.05,3917.21,SP,Sudeste,Cartão de débito,Marketplace
106381,2025-07-30,C0432,Aspirador,Casa,3,561.61,0.1,376.28,ES,Sudeste,Cartão de débito,Marketplace
106382,2025-10-05,C2257,Notebook,Eletrônicos,3,4694.32,0.2,3379.91,AC,Norte,Cartão de crédito,Marketplace
106383,2026-04-19,C0936,Mesa,Escritório,1,683.86,0.05,465.02,TO,Norte,Boleto,Online
106384,2026-06-19,C0964,Mouse,Eletrônicos,3,374.23,0.05,217.05,MT,Centro-Oeste,Boleto,Online
106385,2025-02-09,C1719,Teclado,Eletrônicos,1,293.5,0.05,176.1,SE,Nordeste,Boleto,Online
106386,2025-08-16,C2224,Monitor,Eletrônicos,1,1397.51,0,950.31,MS,Centro-Oeste,PIX,Marketplace
106387,2025-02-10,C1916,Hub USB,Acessórios,2,233.67,0.15,128.52,AC,Norte,Boleto,Marketplace
106388,2025-10-08,C2403,Aspirador,Casa,1,932.14,0,624.53,ES,Sudeste,PIX,Marketplace
106389,2026-03-27,C0718,Headset,Eletrônicos,1,815.9,0,505.86,AC,Norte,Cartão de crédito,Online
106390,2026-05-22,C0556,Carregador,Acessórios,1,110.28,0.15,55.14,SP,Sudeste,Cartão de débito,Online
106391,2025-07-04,C1986,Hub USB,Acessórios,2,262.91,0,144.6,PA,Norte,PIX,Online
106392,2025-05-31,C0989,Hub USB,Acessórios,1,106.52,0,58.59,CE,Nordeste,Cartão de crédito,Marketplace
106393,2025-08-28,C2221,Suporte para Monitor,Escritório,1,331.01,0.1,182.06,RR,Norte,Boleto,Online
106394,2026-03-28,C1910,Cabo USB,Acessórios,1,65.75,0.1,29.59,AL,Nordeste,Cartão de crédito,Marketplace
106395,2025-11-05,C1615,Cafeteira,Casa,3,531.36,0.15,345.38,CE,Nordeste,Cartão de crédito,Marketplace
106396,2025-09-23,C2188,Air Fryer,Casa,4,846.91,0.05,542.02,PI,Nordeste,Cartão de crédito,Marketplace
106397,2026-02-15,C0649,Liquidificador,Casa,2,391.16,0.1,246.43,PI,Nordeste,Cartão de débito,Marketplace
106398,2025-11-30,C0989,Notebook,Eletrônicos,2,4589.62,0.15,3304.53,MT,Centro-Oeste,Cartão de crédito,Online
106399,2025-01-24,C0131,Notebook,Eletrônicos,1,4960.19,0.05,3571.34,ES,Sudeste,Cartão de débito,Marketplace
106400,2026-05-04,C1025,Cafeteira,Casa,1,739.99,0.1,480.99,MG,Sudeste,Cartão de débito,Online
106401,2025-11-22,C0232,Headset,Eletrônicos,2,216.34,0,134.13,DF,Centro-Oeste,Cartão de débito,Online
106402,2025-09-22,C1193,Hub USB,Acessórios,3,138.32,0.1,76.08,AC,Norte,PIX,Marketplace
106403,2025-06-14,C1818,Hub USB,Acessórios,1,188.74,0.05,103.81,SC,Sul,PIX,Marketplace
106404,2026-04-16,C0311,Cabo USB,Acessórios,1,21.9,0.15,9.86,MT,Centro-Oeste,Boleto,Marketplace
106405,2025-05-09,C0024,Aspirador,Casa,2,719.9,0,482.33,AL,Nordeste,Cartão de débito,Online
106406,2026-01-20,C0350,Cabo USB,Acessórios,3,30.47,0.2,13.71,DF,Centro-Oeste,Cartão de débito,Online
106407,2026-06-15,C2023,Hub USB,Acessórios,2,212.02,0,116.61,RJ,Sudeste,Cartão de débito,Online
106408,2026-02-20,C0890,Headset,Eletrônicos,1,835.83,0.1,518.21,MT,Centro-Oeste,Cartão de crédito,Marketplace
106409,2026-05-05,C0308,Luminária,Escritório,1,387.22,0.05,201.35,SC,Sul,PIX,Online
106410,2025-07-16,C1299,Cafeteira,Casa,1,996.99,0.1,648.04,CE,Nordeste,PIX,Online
106411,2025-07-07,C2217,Hub USB,Acessórios,1,280.82,0,154.45,AC,Norte,Cartão de crédito,Online
106412,2025-05-16,C0240,Mesa,Escritório,1,792.91,0,539.18,RJ,Sudeste,Cartão de débito,Online
106413,2025-10-26,C1973,Mouse,Eletrônicos,3,246.88,0.05,143.19,RR,Norte,Boleto,Online
106414,2025-07-17,C0400,Notebook,Eletrônicos,1,4588.59,0,3303.78,DF,Centro-Oeste,Cartão de débito,Marketplace
106415,2025-03-24,C0873,Mesa,Escritório,1,1818.46,0.1,1236.55,RR,Norte,PIX,Online
106416,2025-04-15,C2440,Liquidificador,Casa,2,357.44,0.1,225.19,ES,Sudeste,PIX,Marketplace
106417,2025-06-07,C0012,Smartphone,Eletrônicos,1,4923.54,0.2,3840.36,AC,Norte,Boleto,Marketplace
106418,2026-06-10,C1377,Air Fryer,Casa,1,698.99,0,447.35,RN,Nordeste,PIX,Marketplace
106419,2025-09-16,C0224,Cafeteira,Casa,4,299.23,0.1,194.5,PB,Nordeste,Cartão de débito,Marketplace
106420,2025-06-18,C0571,Hub USB,Acessórios,3,275.54,0.05,151.55,AC,Norte,PIX,Online
106421,2025-06-28,C1378,Mouse,Eletrônicos,2,455.65,0.1,264.28,PA,Norte,Cartão de débito,Online
106422,2025-06-22,C1528,Hub USB,Acessórios,1,142.8,0.1,78.54,RR,Norte,PIX,Marketplace
106423,2025-09-11,C0055,Notebook,Eletrônicos,1,3610.19,0,2599.34,PE,Nordeste,Boleto,Marketplace
106424,2025-06-02,C0974,Cabo USB,Acessórios,2,55.34,0.05,24.9,RS,Sul,Cartão de crédito,Marketplace
106425,2025-03-24,C1668,Cadeira,Escritório,1,508.95,0.05,356.26,RN,Nordeste,Boleto,Marketplace
106426,2025-02-09,C1881,Notebook,Eletrônicos,1,5020.89,0,3615.04,AC,Norte,Cartão de crédito,Marketplace
106427,2025-10-08,C2183,Suporte para Monitor,Escritório,1,299.98,0,164.99,PA,Norte,PIX,Marketplace
106428,2025-01-26,C0747,Aspirador,Casa,2,1391.08,0.1,932.02,RN,Nordeste,PIX,Online
106429,2026-06-20,C1151,Cadeira,Escritório,2,641.88,0.1,449.32,MS,Centro-Oeste,Cartão de débito,Online
106430,2025-12-02,C1645,Air Fryer,Casa,1,393.64,0.1,251.93,BA,Nordeste,PIX,Online
106431,2026-05-15,C1230,Smartphone,Eletrônicos,3,4967.75,0.1,3874.85,RS,Sul,Boleto,Online
106432,2025-12-25,C2208,Monitor,Eletrônicos,1,2434.46,0.05,1655.43,PA,Norte,PIX,Online
106433,2025-04-18,C1995,Cadeira,Escritório,1,882.92,0.05,618.04,AL,Nordeste,Cartão de crédito,Online
106434,2025-12-01,C1627,Aspirador,Casa,1,1056.26,0.1,707.69,PE,Nordeste,Boleto,Marketplace
106435,2025-07-03,C1728,Teclado,Eletrônicos,1,469.3,0.1,281.58,DF,Centro-Oeste,Boleto,Marketplace
106436,2026-06-02,C1311,Cadeira,Escritório,1,1445.49,0.1,1011.84,PI,Nordeste,Cartão de crédito,Marketplace
106437,2026-06-12,C0177,Luminária,Escritório,2,185.61,0,96.52,MT,Centro-Oeste,Boleto,Marketplace
106438,2026-05-02,C0796,Liquidificador,Casa,2,160.08,0.1,100.85,GO,Centro-Oeste,PIX,Marketplace
106439,2026-04-18,C1169,Cadeira,Escritório,3,2347.34,0.05,1643.14,RN,Nordeste,Cartão de crédito,Marketplace
106440,2026-06-04,C0782,Cadeira,Escritório,1,2082.69,0.15,1457.88,CE,Nordeste,Cartão de débito,Online
106441,2026-01-09,C1263,Cabo USB,Acessórios,1,96.79,0.1,43.56,MA,Nordeste,Boleto,Marketplace
106442,2026-04-30,C1860,Mouse,Eletrônicos,1,115.47,0.1,66.97,TO,Norte,Boleto,Online
106443,2026-02-15,C2313,Suporte para Monitor,Escritório,1,369.92,0.1,203.46,PR,Sul,Boleto,Online
106444,2025-02-16,C2287,Notebook,Eletrônicos,1,3893.16,0.1,2803.08,AL,Nordeste,PIX,Marketplace
106445,2026-02-14,C1646,Monitor,Eletrônicos,2,1715.43,0,1166.49,SC,Sul,Cartão de débito,Marketplace
106446,2025-12-03,C2207,Cadeira,Escritório,1,1541.43,0.1,1079.0,BA,Nordeste,Cartão de débito,Online
106447,2025-09-12,C0634,Aspirador,Casa,1,607.03,0,406.71,MS,Centro-Oeste,Cartão de débito,Online
106448,2026-02-08,C1760,Notebook,Eletrônicos,1,3226.74,0.05,2323.25,SE,Nordeste,Cartão de crédito,Online
106449,2025-01-22,C0622,Notebook,Eletrônicos,3,5764.73,0,4150.61,SP,Sudeste,Cartão de débito,Online
106450,2026-02-13,C1677,Luminária,Escritório,3,229.28,0,119.23,RO,Norte,Boleto,Marketplace
106451,2025-03-13,C1604,Liquidificador,Casa,4,188.95,0.05,119.04,PI,Nordeste,Boleto,Marketplace
106452,2025-06-01,C2495,Notebook,Eletrônicos,2,5768.39,0,4153.24,MG,Sudeste,Cartão de crédito,Online
106453,2025-04-30,C1481,Mouse,Eletrônicos,4,234.74,0.05,136.15,MS,Centro-Oeste,Cartão de débito,Marketplace
106454,2026-04-21,C1619,Smartphone,Eletrônicos,2,4632.19,0.05,3613.11,CE,Nordeste,Cartão de débito,Online
106455,2026-06-28,C0102,Cafeteira,Casa,1,869.01,0.1,564.86,PI,Nordeste,Cartão de crédito,Online
106456,2026-04-18,C1203,Cabo USB,Acessórios,1,21.58,0,9.71,MT,Centro-Oeste,Boleto,Marketplace
106457,2026-05-15,C1325,Teclado,Eletrônicos,1,483.32,0.15,289.99,RS,Sul,Cartão de crédito,Online
106458,2025-08-16,C0473,Cafeteira,Casa,3,1053.77,0,684.95,DF,Centro-Oeste,Boleto,Marketplace
106459,2025-04-16,C2008,Headset,Eletrônicos,1,628.82,0.1,389.87,AM,Norte,Cartão de débito,Marketplace
106460,2025-04-18,C1222,Mesa,Escritório,1,848.32,0.1,576.86,AL,Nordeste,Boleto,Online
106461,2026-04-10,C0790,Cafeteira,Casa,4,330.66,0.05,214.93,MG,Sudeste,Cartão de débito,Marketplace
106462,2025-08-09,C1474,Luminária,Escritório,1,193.86,0.1,100.81,SP,Sudeste,Cartão de crédito,Online
106463,2025-03-24,C1076,Smartphone,Eletrônicos,4,3368.33,0.05,2627.3,PR,Sul,PIX,Online
106464,2026-01-10,C0970,Cadeira,Escritório,4,667.97,0.05,467.58,PB,Nordeste,PIX,Marketplace
106465,2025-12-11,C1188,Monitor,Eletrônicos,4,1349.49,0.1,917.65,MS,Centro-Oeste,Cartão de crédito,Marketplace
106466,2025-06-01,C0289,Cadeira,Escritório,1,575.15,0.1,402.6,GO,Centro-Oeste,Boleto,Online
106467,2025-03-16,C1012,Cabo USB,Acessórios,3,70.81,0,31.86,CE,Nordeste,Cartão de débito,Online
106468,2025-04-12,C0026,Mouse,Eletrônicos,1,251.04,0.05,145.6,PI,Nordeste,PIX,Online
106469,2025-02-11,C0248,Smartphone,Eletrônicos,1,3204.92,0,2499.84,SC,Sul,PIX,Marketplace
106470,2026-06-14,C1572,Luminária,Escritório,3,138.5,0.1,72.02,AC,Norte,PIX,Marketplace
106471,2025-04-07,C1885,Liquidificador,Casa,1,286.65,0.15,180.59,PI,Nordeste,Cartão de débito,Online
106472,2026-02-26,C2349,Cafeteira,Casa,3,665.63,0,432.66,RN,Nordeste,PIX,Marketplace
106473,2025-09-04,C1370,Mouse,Eletrônicos,2,484.54,0.2,281.03,AP,Norte,Cartão de débito,Marketplace
106474,2026-04-19,C1493,Smartphone,Eletrônicos,2,1217.53,0.05,949.67,SP,Sudeste,Cartão de crédito,Marketplace
106475,2025-07-20,C0030,Carregador,Acessórios,2,139.33,0,69.67,BA,Nordeste,Cartão de débito,Marketplace
106476,2025-08-07,C2238,Cadeira,Escritório,1,2185.18,0,1529.63,MT,Centro-Oeste,Cartão de débito,Online
106477,2025-06-15,C0523,Suporte para Monitor,Escritório,1,312.81,0.1,172.05,CE,Nordeste,Cartão de débito,Marketplace
106478,2025-05-21,C0950,Air Fryer,Casa,3,349.92,0.15,223.95,AL,Nordeste,PIX,Marketplace
106479,2026-01-08,C0123,Hub USB,Acessórios,1,92.36,0.1,50.8,MA,Nordeste,PIX,Online
106480,2025-06-19,C0253,Cadeira,Escritório,1,1489.99,0.1,1042.99,TO,Norte,Cartão de crédito,Online
106481,2025-10-04,C0887,Aspirador,Casa,1,704.46,0,471.99,MT,Centro-Oeste,Cartão de crédito,Online
106482,2025-02-12,C2376,Aspirador,Casa,3,1121.09,0,751.13,GO,Centro-Oeste,Boleto,Marketplace
106483,2025-10-26,C2158,Carregador,Acessórios,1,115.47,0.1,57.73,PR,Sul,Cartão de débito,Marketplace
106484,2026-04-21,C1802,Headset,Eletrônicos,1,413.75,0,256.52,RO,Norte,Boleto,Marketplace
106485,2025-05-25,C2382,Liquidificador,Casa,1,356.97,0,224.89,DF,Centro-Oeste,Cartão de débito,Online
106486,2025-05-14,C1671,Mesa,Escritório,3,899.42,0,611.61,SC,Sul,Cartão de débito,Online
106487,2026-01-30,C0238,Luminária,Escritório,2,365.21,0,189.91,GO,Centro-Oeste,Cartão de crédito,Marketplace
106488,2025-03-19,C1179,Cabo USB,Acessórios,1,21.74,0.15,9.78,BA,Nordeste,PIX,Marketplace
106489,2026-04-06,C0903,Hub USB,Acessórios,1,135.76,0,74.67,BA,Nordeste,Boleto,Online
106490,2025-05-31,C0939,Suporte para Monitor,Escritório,5,559.94,0,307.97,PB,Nordeste,Cartão de débito,Online
106491,2025-07-24,C1219,Cabo USB,Acessórios,3,98.62,0.1,44.38,RS,Sul,Cartão de crédito,Marketplace
106492,2025-12-31,C2087,Cadeira,Escritório,1,2264.96,0.05,1585.47,PB,Nordeste,PIX,Marketplace
106493,2025-12-20,C2271,Smartphone,Eletrônicos,2,1876.37,0,1463.57,BA,Nordeste,Boleto,Marketplace
106494,2025-04-16,C1100,Carregador,Acessórios,2,185.28,0.15,92.64,CE,Nordeste,Cartão de débito,Online
106495,2026-06-29,C1915,Luminária,Escritório,1,279.7,0.05,145.44,SP,Sudeste,PIX,Marketplace
106496,2025-04-12,C1422,Smartphone,Eletrônicos,4,2412.22,0.1,1881.53,MG,Sudeste,Boleto,Marketplace
106497,2026-06-18,C1645,Teclado,Eletrônicos,2,524.05,0.05,314.43,ES,Sudeste,Cartão de crédito,Marketplace
106498,2025-01-29,C0263,Carregador,Acessórios,1,196.8,0.05,98.4,PR,Sul,Boleto,Online
106499,2025-07-10,C1699,Smartphone,Eletrônicos,1,3566.95,0.05,2782.22,RN,Nordeste,Cartão de débito,Marketplace
106500,2025-03-03,C1599,Headset,Eletrônicos,1,629.25,0.2,390.13,AP,Norte,Cartão de crédito,Marketplace
106501,2026-03-04,C2499,Hub USB,Acessórios,1,138.45,0,76.15,PR,Sul,Boleto,Online
106502,2025-11-01,C1833,Smartphone,Eletrônicos,1,3937.05,0.1,3070.9,PA,Norte,Cartão de débito,Online
106503,2025-04-18,C0132,Hub USB,Acessórios,4,233.36,0.1,128.35,PR,Sul,PIX,Marketplace
106504,2025-05-24,C0494,Mesa,Escritório,4,784.15,0,533.22,RS,Sul,PIX,Online
106505,2026-02-24,C1030,Cadeira,Escritório,4,908.7,0.2,636.09,RJ,Sudeste,Boleto,Online
106506,2025-02-28,C1147,Smartphone,Eletrônicos,3,2580.41,0.1,2012.72,RJ,Sudeste,Cartão de crédito,Marketplace
106507,2025-01-17,C0273,Cabo USB,Acessórios,2,59.59,0.15,26.82,RS,Sul,PIX,Online
106508,2025-11-05,C1210,Cadeira,Escritório,1,879.11,0.05,615.38,BA,Nordeste,Cartão de crédito,Online
106509,2025-10-27,C1816,Mesa,Escritório,1,1889.19,0.05,1284.65,RS,Sul,PIX,Online
106510,2026-01-02,C0088,Air Fryer,Casa,4,494.81,0,316.68,AL,Nordeste,PIX,Marketplace
106511,2026-01-29,C0533,Teclado,Eletrônicos,2,289.01,0.05,173.41,RO,Norte,Cartão de crédito,Online
106512,2025-10-30,C1365,Smartphone,Eletrônicos,3,4771.14,0.1,3721.49,CE,Nordeste,Cartão de crédito,Marketplace
106513,2025-01-24,C1805,Mouse,Eletrônicos,2,437.09,0.1,253.51,PB,Nordeste,PIX,Marketplace
106514,2025-02-25,C0725,Liquidificador,Casa,1,332.87,0.05,209.71,RN,Nordeste,Cartão de crédito,Online
106515,2025-02-25,C1735,Teclado,Eletrônicos,2,711.96,0,427.18,SC,Sul,Boleto,Online
106516,2025-09-18,C1111,Liquidificador,Casa,1,570.65,0.1,359.51,MS,Centro-Oeste,Cartão de crédito,Marketplace
106517,2026-05-16,C1218,Cabo USB,Acessórios,2,25.23,0.1,11.35,AP,Norte,Cartão de débito,Online
106518,2025-08-02,C1134,Luminária,Escritório,1,346.98,0.05,180.43,SP,Sudeste,PIX,Online
106519,2026-04-01,C1417,Cadeira,Escritório,5,870.6,0,609.42,BA,Nordeste,PIX,Online
106520,2026-04-13,C0515,Aspirador,Casa,4,1482.15,0.05,993.04,DF,Centro-Oeste,Cartão de débito,Online
106521,2025-12-07,C0906,Headset,Eletrônicos,1,288.18,0.2,178.67,SE,Nordeste,Boleto,Marketplace
106522,2025-01-08,C0789,Suporte para Monitor,Escritório,1,227.4,0.15,125.07,BA,Nordeste,Boleto,Online
106523,2026-06-25,C2024,Cadeira,Escritório,3,1924.49,0.1,1347.14,PR,Sul,Cartão de débito,Online
106524,2025-06-14,C0185,Smartphone,Eletrônicos,1,2221.55,0.1,1732.81,RS,Sul,PIX,Online
106525,2025-07-12,C0927,Monitor,Eletrônicos,2,1680.99,0.1,1143.07,MT,Centro-Oeste,PIX,Marketplace
106526,2026-01-03,C0135,Cafeteira,Casa,2,325.27,0,211.43,AC,Norte,Boleto,Online
106527,2026-02-17,C1547,Cafeteira,Casa,1,479.82,0.1,311.88,AL,Nordeste,PIX,Marketplace
106528,2025-03-14,C2482,Liquidificador,Casa,2,380.16,0.15,239.5,RO,Norte,Cartão de crédito,Online
106529,2025-10-28,C1292,Liquidificador,Casa,2,238.86,0,150.48,RN,Nordeste,Boleto,Marketplace
106530,2026-05-19,C1292,Cafeteira,Casa,2,1071.69,0,696.6,RS,Sul,Cartão de crédito,Marketplace
106531,2026-02-12,C1716,Teclado,Eletrônicos,1,270.7,0,162.42,RR,Norte,Cartão de crédito,Online
106532,2025-12-14,C1064,Teclado,Eletrônicos,2,365.39,0,219.23,DF,Centro-Oeste,Boleto,Marketplace
106533,2025-12-31,C1062,Notebook,Eletrônicos,2,2898.36,0.15,2086.82,PA,Norte,PIX,Online
106534,2026-01-16,C1108,Luminária,Escritório,5,206.96,0,107.62,SC,Sul,Boleto,Marketplace
106535,2025-01-18,C1877,Aspirador,Casa,1,532.06,0,356.48,GO,Centro-Oeste,Cartão de débito,Marketplace
106536,2026-02-28,C0673,Mesa,Escritório,3,745.87,0,507.19,DF,Centro-Oeste,PIX,Marketplace
106537,2025-04-22,C1371,Cadeira,Escritório,2,807.05,0.1,564.93,RS,Sul,Cartão de crédito,Marketplace
106538,2026-02-15,C0149,Hub USB,Acessórios,1,173.92,0.05,95.66,AC,Norte,PIX,Marketplace
106539,2025-06-21,C1119,Smartphone,Eletrônicos,2,3192.71,0,2490.31,AP,Norte,PIX,Marketplace
106540,2025-11-16,C1565,Teclado,Eletrônicos,1,506.01,0.05,303.61,AC,Norte,Cartão de débito,Online
106541,2025-06-18,C0414,Mesa,Escritório,3,1428.18,0,971.16,PI,Nordeste,Cartão de débito,Marketplace
106542,2025-02-18,C2127,Headset,Eletrônicos,4,213.03,0.1,132.08,RO,Norte,Boleto,Marketplace
106543,2025-09-28,C1080,Cabo USB,Acessórios,2,55.84,0.2,25.13,TO,Norte,Boleto,Online
106544,2025-01-04,C1874,Mouse,Eletrônicos,1,116.4,0,67.51,DF,Centro-Oeste,PIX,Marketplace
106545,2025-05-27,C1614,Teclado,Eletrônicos,2,448.68,0.2,269.21,RJ,Sudeste,Boleto,Online
106546,2025-12-18,C0936,Teclado,Eletrônicos,2,489.27,0.05,293.56,TO,Norte,Cartão de crédito,Marketplace
106547,2025-03-21,C2367,Aspirador,Casa,1,1257.53,0.1,842.55,MS,Centro-Oeste,PIX,Marketplace
106548,2025-05-06,C1971,Teclado,Eletrônicos,1,373.33,0,224.0,PR,Sul,Boleto,Marketplace
106549,2025-10-31,C1466,Notebook,Eletrônicos,1,3087.38,0,2222.91,PA,Norte,PIX,Online
106550,2025-01-31,C2293,Cabo USB,Acessórios,1,79.46,0,35.76,PA,Norte,PIX,Online
106551,2025-04-30,C0152,Smartphone,eletronicos,1,3583.93,0.05,2795.47,SC,Sul,PIX,Marketplace
106552,2025-05-04,C0618,Monitor,Eletrônicos,1,1345.79,0.1,915.14,MS,Centro-Oeste,Boleto,Online
106553,2025-08-22,C0411,Suporte para Monitor,Escritório,2,126.29,0,69.46,MT,Centro-Oeste,Boleto,Marketplace
106554,2025-02-24,C1100,Cabo USB,Acessórios,4,81.92,0.1,36.86,PB,Nordeste,Boleto,Online
106555,2025-11-26,C1142,Cafeteira,Casa,2,1030.22,0.05,669.64,PR,Sul,Cartão de débito,Online
106556,2026-05-28,C1147,Mesa,Escritório,3,1204.36,0.05,818.96,DF,Centro-Oeste,Cartão de crédito,Marketplace
106557,2026-06-15,C1157,Liquidificador,Casa,1,204.35,0,128.74,CE,Nordeste,Boleto,Online
106558,2025-07-29,C2047,Mesa,Escritório,1,1027.0,0.05,698.36,BA,Nordeste,PIX,Online
106559,2025-10-04,C0860,Suporte para Monitor,Escritório,1,155.44,0.1,85.49,GO,Centro-Oeste,Boleto,Online
106560,2026-04-26,C0421,Cadeira,Escritório,3,1364.91,0.1,955.44,GO,Centro-Oeste,PIX,Marketplace
106561,2025-11-06,C2064,Mesa,Escritório,1,471.52,0.1,320.63,MS,Centro-Oeste,Boleto,Marketplace
106562,2025-05-01,C1094,Luminária,Escritório,1,275.16,0.05,143.08,RR,Norte,PIX,Marketplace
106563,2025-05-06,C1781,Monitor,Eletrônicos,3,1605.51,0.05,1091.75,AP,Norte,Boleto,Marketplace
106564,2026-06-24,C2472,Cabo USB,Acessórios,1,78.67,0,35.4,SE,Nordeste,PIX,Online
106565,2025-02-12,C0930,Cafeteira,Casa,2,1132.15,0.15,735.9,MS,Centro-Oeste,Cartão de débito,Online
106566,2025-01-23,C1016,Suporte para Monitor,Escritório,2,562.73,0.1,309.5,RN,Nordeste,Cartão de crédito,Marketplace
106567,2025-10-20,C0543,Cabo USB,Acessórios,3,87.17,0.1,39.23,RN,Nordeste,Cartão de débito,Marketplace
106568,2025-01-09,C0896,Carregador,Acessórios,1,143.46,0.05,71.73,MA,Nordeste,Cartão de crédito,Marketplace
106569,2026-02-17,C0477,Liquidificador,Casa,2,138.87,0.1,87.49,MA,Nordeste,PIX,Marketplace
106570,2025-11-22,C1779,Suporte para Monitor,Escritório,1,445.18,0.1,244.85,RS,Sul,Boleto,Online
106571,2025-08-02,C0586,Teclado,Eletrônicos,2,667.64,0.15,400.58,RS,Sul,Cartão de crédito,Marketplace
106572,2025-04-10,C0233,Headset,Eletrônicos,1,595.85,0.2,369.43,MS,Centro-Oeste,Cartão de débito,Online
106573,2026-04-02,C2306,Liquidificador,Casa,4,473.84,0.05,298.52,MG,Sudeste,Cartão de crédito,Online
106574,2025-07-25,C1373,Air Fryer,Casa,2,883.46,0.05,565.41,AC,Norte,Cartão de débito,Marketplace
106575,2025-12-22,C2446,Hub USB,Acessórios,1,119.32,0,65.63,TO,Norte,Cartão de débito,Online
106576,2025-03-11,C0960,Notebook,Eletrônicos,1,2550.7,0,1836.5,PI,Nordeste,PIX,Online
106577,2025-02-20,C1936,Cadeira,Escritório,2,1703.85,0,1192.69,RJ,Sudeste,Cartão de débito,Online
106578,2025-07-21,C1686,Mouse,Eletrônicos,2,394.43,0.1,228.77,MT,Centro-Oeste,Cartão de débito,Marketplace
106579,2025-03-31,C0978,Air Fryer,Casa,1,781.4,0.1,500.1,RS,Sul,Cartão de débito,Online
106580,2026-03-21,C1868,Air Fryer,Casa,2,883.59,0,565.5,RO,Norte,Boleto,Online
106581,2025-03-05,C1163,Liquidificador,Casa,1,318.74,0.1,200.81,PB,Nordeste,Boleto,Online
106582,2025-04-21,C2069,Cadeira,Escritório,1,649.53,0.05,454.67,DF,Centro-Oeste,PIX,Online
106583,2025-06-18,C0967,Headset,Eletrônicos,1,615.32,0.1,381.5,MS,Centro-Oeste,PIX,Online
106584,2025-02-12,C0264,Mouse,Eletrônicos,3,96.28,0.1,55.84,DF,Centro-Oeste,Cartão de crédito,Online
106585,2025-06-12,C0941,Hub USB,Acessórios,1,255.44,0.1,140.49,PA,Norte,Boleto,Marketplace
106586,2026-06-16,C0971,Cabo USB,Acessórios,3,27.25,0.15,12.26,CE,Nordeste,PIX,Online
106587,2026-06-06,C2196,Notebook,Eletrônicos,1,5165.78,0,3719.36,PR,Sul,PIX,Online
106588,2025-10-26,C0568,Hub USB,Acessórios,1,246.78,0,135.73,PI,Nordeste,PIX,Marketplace
106589,2026-05-27,C0178,Hub USB,Acessórios,1,208.43,0.05,114.64,AM,Norte,Cartão de débito,Online
106590,2025-03-09,C1533,Monitor,Eletrônicos,1,823.33,0.15,559.86,SP,Sudeste,PIX,Online
106591,2025-06-29,C0983,Cabo USB,Acessórios,4,92.02,0,41.41,AC,Norte,Cartão de débito,Marketplace
106592,2025-12-23,C0189,Mouse,Eletrônicos,1,368.48,0,213.72,MG,Sudeste,Boleto,Online
106593,2025-10-28,C1154,Luminária,Escritório,3,382.68,0.05,198.99,RR,Norte,Boleto,Marketplace
106594,2025-03-31,C1922,Luminária,Escritório,4,282.8,0.05,147.06,SC,Sul,Boleto,Online
106595,2025-11-05,C0697,Notebook,Eletrônicos,2,4223.43,0.1,3040.87,MT,Centro-Oeste,Cartão de crédito,Online
106596,2025-11-13,C0260,Smartphone,Eletrônicos,1,1116.24,0.1,870.67,PR,Sul,PIX,Online
106597,2025-02-18,C1585,Cafeteira,Casa,1,315.8,0.05,205.27,SC,Sul,PIX,Online
106598,2025-06-05,C2069,Cadeira,Escritório,1,2470.48,0,1729.34,AL,Nordeste,Cartão de crédito,Marketplace
106599,2026-03-05,C2310,Aspirador,Casa,1,1303.83,0.05,873.57,AM,Norte,PIX,Online
106600,2025-01-15,C1062,Hub USB,Acessórios,1,90.93,0,50.01,RS,Sul,Cartão de crédito,Marketplace
106601,2025-12-06,C0520,Cabo USB,Acessórios,1,32.89,0.15,14.8,GO,Centro-Oeste,PIX,Marketplace
106602,2025-08-27,C0946,Teclado,Eletrônicos,2,325.12,0.1,195.07,SC,Sul,Cartão de crédito,Online
106603,2026-05-07,C1953,Cafeteira,Casa,1,341.96,0.1,222.27,MA,Nordeste,Cartão de débito,Online
106604,2025-01-25,C1789,Cadeira,Escritório,1,1120.42,0,784.29,RR,Norte,PIX,Marketplace
106605,2026-06-05,C2175,Monitor,Eletrônicos,1,1613.52,0.05,1097.19,MG,Sudeste,PIX,Online
106606,2025-04-13,C1277,Suporte para Monitor,Escritório,1,519.61,0,285.79,RO,Norte,PIX,Online
106607,2025-06-04,C1260,Carregador,Acessórios,3,182.86,0.05,91.43,CE,Nordeste,Boleto,Marketplace
106608,2025-07-20,C0945,Air Fryer,Casa,1,871.65,0,557.86,MG,Sudeste,PIX,Online
106609,2025-05-02,C1476,Carregador,Acessórios,2,247.11,0,123.56,SP,Sudeste,Boleto,Online
106610,2026-01-05,C2193,Mouse,Eletrônicos,2,388.16,0.05,225.13,DF,Centro-Oeste,PIX,Online
106611,2025-09-03,C1816,Aspirador,Casa,4,547.76,0,367.0,TO,Norte,Cartão de débito,Marketplace
106612,2025-12-11,C1651,Mesa,Escritório,2,945.63,0.1,643.03,SC,Sul,Cartão de débito,Online
106613,2026-01-19,C0779,Notebook,Eletrônicos,1,3539.88,0.05,2548.71,TO,Norte,Cartão de débito,Marketplace
106614,2025-03-08,C0870,Mesa,Escritório,3,1928.96,0.1,1311.69,RN,Nordeste,PIX,Online
106615,2026-01-14,C2434,Cafeteira,Casa,1,634.77,0.1,412.6,MG,Sudeste,Cartão de crédito,Marketplace
106616,2026-04-10,C2416,Monitor,Eletrônicos,3,2372.23,0,1613.12,SP,Sudeste,Boleto,Marketplace
106617,2026-03-08,C0246,Smartphone,Eletrônicos,1,1124.7,0.1,877.27,AC,Norte,Cartão de débito,Online
106618,2025-09-05,C1266,Cabo USB,Acessórios,3,78.1,0.05,35.14,SC,Sul,Cartão de crédito,Marketplace
106619,2025-08-15,C0988,Mesa,Escritório,3,1657.84,0.15,1127.33,MA,Nordeste,Cartão de débito,Online
106620,2025-12-02,C0538,Hub USB,Acessórios,3,285.81,0.05,157.2,ES,Sudeste,Cartão de débito,Online
106621,2025-01-24,C0193,Aspirador,Casa,1,640.98,0,429.46,TO,Norte,PIX,Online
106622,2025-12-18,C0157,Air Fryer,Casa,2,429.53,0.05,274.9,AC,Norte,PIX,Online
106623,2026-05-18,C1524,Carregador,Acessórios,5,147.65,0.1,73.83,AC,Norte,PIX,Online
106624,2025-12-21,C0333,Air Fryer,Casa,2,956.0,0,611.84,TO,Norte,Cartão de débito,Marketplace
106625,2025-07-05,C0453,Liquidificador,Casa,2,401.0,0.15,252.63,RO,Norte,PIX,Online
106626,2025-08-27,C1141,Suporte para Monitor,Escritório,3,345.6,0.1,190.08,SC,Sul,Boleto,Marketplace
106627,2025-06-04,C0024,Cafeteira,Casa,1,1028.69,0.1,668.65,RR,Norte,PIX,Marketplace
106628,2025-09-15,C1455,Notebook,Eletrônicos,3,3160.6,0.1,2275.63,SP,Sudeste,PIX,Online
106629,2025-10-06,C2275,Aspirador,Casa,1,1380.24,0.05,924.76,GO,Centro-Oeste,Cartão de débito,Marketplace
106630,2026-04-27,C1199,Carregador,Acessórios,1,97.81,0.05,48.91,RS,Sul,Cartão de crédito,Marketplace
106631,2025-05-27,C2496,Notebook,Eletrônicos,1,5931.1,0,4270.39,ES,Sudeste,Cartão de crédito,Online
106632,2025-03-13,C0476,Smartphone,Eletrônicos,2,1049.85,0,818.88,MS,Centro-Oeste,Boleto,Marketplace
106633,2025-03-15,C1706,Headset,Eletrônicos,3,339.26,0,210.34,AC,Norte,PIX,Online
106634,2025-12-08,C0874,Monitor,Eletrônicos,1,1169.37,0.1,795.17,PI,Nordeste,PIX,Marketplace
106635,2026-06-12,C0606,Notebook,Eletrônicos,3,4441.12,0.05,3197.61,MT,Centro-Oeste,Cartão de crédito,Marketplace
106636,2025-08-27,C1873,Smartphone,Eletrônicos,2,3324.87,0,2593.4,GO,Centro-Oeste,Cartão de crédito,Marketplace
106637,2025-05-27,C1985,Air Fryer,Casa,1,566.59,0,362.62,CE,Nordeste,Cartão de débito,Marketplace
106638,2026-06-17,C1697,Luminária,Escritório,1,371.82,0.1,193.35,AP,Norte,Boleto,Online
106639,2025-08-03,C0684,Monitor,Eletrônicos,1,1101.26,0,748.86,PR,Sul,Boleto,Online
106640,2025-09-25,C0980,Liquidificador,Casa,3,187.49,0.2,118.12,CE,Nordeste,Cartão de crédito,Online
106641,2025-12-28,C1405,Suporte para Monitor,Escritório,1,408.54,0,224.7,MT,Centro-Oeste,Cartão de crédito,Online
106642,2025-09-11,C0495,Air Fryer,Casa,1,369.6,0.05,236.54,PE,Nordeste,Cartão de crédito,Marketplace
106643,2025-09-17,C0966,Smartphone,Eletrônicos,2,3087.87,0,2408.54,BA,Nordeste,Boleto,Marketplace
106644,2025-09-23,C1148,Monitor,Eletrônicos,1,864.04,0.15,587.55,AM,Norte,Cartão de crédito,Online
106645,2025-10-31,C0157,Mouse,Eletrônicos,1,451.1,0.1,261.64,AL,Nordeste,Cartão de crédito,Online
106646,2025-12-26,C1068,Cafeteira,Casa,1,996.35,0,647.63,MG,Sudeste,Cartão de débito,Marketplace
106647,2025-12-22,C1601,Cadeira,Escritório,1,1760.72,0,1232.5,PE,Nordeste,Cartão de crédito,Marketplace
106648,2026-04-11,C0454,Cabo USB,Acessórios,5,24.52,0.05,11.03,PE,Nordeste,Cartão de débito,Online
106649,2026-03-16,C1697,Cafeteira,Casa,1,732.45,0.05,476.09,ES,Sudeste,PIX,Online
106650,2026-06-09,C0740,Notebook,Eletrônicos,2,4067.28,0,2928.44,SE,Nordeste,PIX,Marketplace
106651,2025-12-24,C2382,Luminária,Escritório,2,273.31,0.2,142.12,SP,Sudeste,Boleto,Marketplace
106652,2025-08-21,C1946,Cafeteira,Casa,3,997.97,0.05,648.68,AP,Norte,Cartão de débito,Marketplace
106653,2026-05-23,C0460,Air Fryer,Casa,1,504.41,0,322.82,PI,Nordeste,Cartão de crédito,Online
106654,2026-06-28,C0845,Cadeira,Escritório,3,1014.64,0.1,710.25,MT,Centro-Oeste,Boleto,Online
106655,2025-09-03,C0272,Mouse,Eletrônicos,1,249.51,0.1,144.72,PI,Nordeste,PIX,Marketplace
106656,2025-10-26,C2471,Aspirador,Casa,1,741.83,0,497.03,PR,Sul,Cartão de crédito,Marketplace
106657,2026-06-17,C1013,Notebook,Eletrônicos,1,3084.45,0.1,2220.8,MS,Centro-Oeste,Boleto,Marketplace
106658,2025-08-05,C2397,Notebook,Eletrônicos,1,5684.24,0.1,4092.65,RO,Norte,Boleto,Marketplace
106659,2025-07-21,C1491,Hub USB,Acessórios,1,236.36,0.15,130.0,RN,Nordeste,Cartão de débito,Online
106660,2025-10-26,C0613,Cadeira,Escritório,2,1333.5,0.1,933.45,SE,Nordeste,Cartão de crédito,Online
106661,2026-05-05,C0252,Luminária,Escritório,1,217.96,0.05,113.34,AL,Nordeste,Boleto,Marketplace
106662,2025-07-10,C0584,Air Fryer,Casa,1,815.48,0.05,521.91,AP,Norte,Boleto,Marketplace
106663,2025-03-10,C1223,Aspirador,Casa,1,848.93,0,568.78,AP,Norte,PIX,Marketplace
106664,2025-08-18,C1813,Air Fryer,Casa,2,571.12,0.1,365.52,SE,Nordeste,Cartão de crédito,Marketplace
106665,2026-04-17,C1634,Mouse,Eletrônicos,1,421.62,0,244.54,AL,Nordeste,Cartão de crédito,Marketplace
106666,2025-02-09,C0159,Air Fryer,Casa,5,712.66,0.15,456.1,SC,Sul,Cartão de débito,Online
106667,2026-05-01,C2049,Smartphone,Eletrônicos,1,1818.21,0.1,1418.2,AL,Nordeste,Cartão de débito,Online
106668,2025-04-22,C2063,Smartphone,Eletrônicos,4,3216.49,0.1,2508.86,AC,Norte,Boleto,Online
106669,2026-06-23,C1956,Suporte para Monitor,Escritório,1,264.18,0.1,145.3,MG,Sudeste,PIX,Marketplace
106670,2025-11-03,C1230,Cafeteira,Casa,2,611.92,0,397.75,SP,Sudeste,Cartão de crédito,Marketplace
106671,2025-09-25,C1871,Cabo USB,Acessórios,2,81.04,0.05,36.47,MS,Centro-Oeste,Cartão de débito,Marketplace
106672,2026-02-02,C1686,Teclado,Eletrônicos,3,735.4,0.1,441.24,DF,Centro-Oeste,Cartão de crédito,Marketplace
106673,2026-02-08,C2211,Mouse,Eletrônicos,5,240.98,0.1,139.77,AL,Nordeste,Boleto,Marketplace
106674,2025-08-25,C1537,Luminária,Escritório,1,356.35,0,185.3,BA,Nordeste,Boleto,Online
106675,2026-04-09,C1480,Notebook,Eletrônicos,1,3398.92,0.1,2447.22,PE,Nordeste,,Online
106676,2025-08-25,C2051,Carregador,Acessórios,2,69.54,0.05,34.77,PR,Sul,Cartão de débito,Online
106677,2025-01-13,C2037,Hub USB,Acessórios,1,221.1,0.05,121.61,GO,Centro-Oeste,Boleto,Online
106678,2025-06-28,C1531,Carregador,Acessórios,1,63.72,0.05,31.86,MG,Sudeste,Cartão de débito,Online
106679,2025-01-27,C0593,Mouse,Eletrônicos,1,484.89,0.1,281.24,CE,Nordeste,Boleto,Marketplace
106680,2026-02-28,C1335,Smartphone,eletronicos,1,3795.67,0.05,2960.62,AL,Nordeste,Boleto,Marketplace
106681,2026-02-18,C1454,Headset,Eletrônicos,4,760.77,0,471.68,RS,Sul,Cartão de débito,Online
106682,2025-07-22,C2139,Headset,Eletrônicos,1,616.97,0.1,382.52,SC,Sul,Boleto,Online
106683,2026-02-19,C1044,Cabo USB,Acessórios,2,49.23,0.05,22.15,CE,Nordeste,Cartão de débito,Marketplace
106684,2025-11-19,C2327,Cafeteira,Casa,2,461.86,0,300.21,PA,Norte,Boleto,Online
106685,2025-11-04,C1919,Cadeira,Escritório,1,2005.43,0,1403.8,PE,Nordeste,Boleto,Marketplace
106686,2026-02-27,C1882,Mouse,Eletrônicos,2,425.43,0.15,246.75,ES,Sudeste,Cartão de crédito,Marketplace
106687,2025-02-14,C2008,Luminária,Escritório,1,308.75,0.1,160.55,MG,Sudeste,Cartão de crédito,Online
106688,2026-04-28,C1925,Cabo USB,Acessórios,1,95.32,0,42.89,SC,Sul,Cartão de débito,Online
106689,2025-09-13,C1762,Notebook,Eletrônicos,1,2957.59,0.05,2129.46,PR,Sul,Cartão de débito,Marketplace
106690,2025-07-05,C0578,Cadeira,Escritório,1,1121.59,0,785.11,PE,Nordeste,PIX,Marketplace
106691,2025-04-22,C0606,Headset,Eletrônicos,2,820.72,0,508.85,PE,Nordeste,Cartão de crédito,Marketplace
106692,2025-03-23,C0775,Teclado,Eletrônicos,2,381.91,0,229.15,SC,Sul,PIX,Marketplace
106693,2026-04-01,C1596,Teclado,Eletrônicos,1,601.5,0.05,360.9,AL,Nordeste,PIX,Marketplace
106694,2025-06-30,C1670,Notebook,Eletrônicos,1,5746.93,0.1,4137.79,PB,Nordeste,Boleto,Online
106695,2025-07-16,C0407,Monitor,Eletrônicos,1,1053.67,0,716.5,ES,Sudeste,PIX,Online
106696,2026-06-07,C2050,Headset,Eletrônicos,4,855.87,0.05,530.64,CE,Nordeste,Boleto,Online
106697,2026-03-01,C2449,Notebook,Eletrônicos,2,5096.42,0,3669.42,MS,Centro-Oeste,Cartão de débito,Online
106698,2025-03-15,C0246,Hub USB,Acessórios,1,207.27,0.05,114.0,PA,Norte,Cartão de crédito,Online
106699,2025-09-17,C1737,Luminária,Escritório,1,276.6,0.15,143.83,RN,Nordeste,Boleto,Marketplace
106700,2025-07-13,C2453,Notebook,Eletrônicos,1,4755.59,0.05,3424.02,PI,Nordeste,Cartão de crédito,Marketplace
106701,2026-05-27,C1364,Cafeteira,Casa,1,892.62,0.1,580.2,DF,Centro-Oeste,PIX,Online
106702,2025-07-04,C2366,Aspirador,Casa,1,1439.96,0,964.77,AC,Norte,Boleto,Marketplace
106703,2025-08-26,C2105,Cafeteira,Casa,1,230.53,0.15,149.84,PE,Nordeste,Cartão de débito,Online
106704,2025-11-16,C1233,Luminária,Escritório,1,82.55,0,42.93,PR,Sul,Cartão de débito,Online
106705,2025-02-04,C2260,Notebook,Eletrônicos,4,3774.95,0.05,2717.96,RO,Norte,Cartão de débito,Online
106706,2026-05-13,C2146,Aspirador,Casa,1,536.29,0.15,359.31,RJ,Sudeste,Cartão de crédito,Marketplace
106707,2025-10-17,C1626,Cabo USB,Acessórios,1,88.65,0.05,39.89,SC,Sul,PIX,Online
106708,2025-04-22,C1366,Aspirador,Casa,3,337.48,0.15,226.11,RJ,Sudeste,Cartão de débito,Marketplace
106709,2025-06-03,C0475,Air Fryer,Casa,2,620.73,0.2,397.27,PE,Nordeste,Boleto,Marketplace
106710,2026-04-19,C1122,Teclado,Eletrônicos,1,329.26,0.1,197.56,RO,Norte,Cartão de crédito,Online
106711,2026-01-28,C2133,Cadeira,Escritório,5,747.57,0.05,523.3,PI,Nordeste,Cartão de débito,Marketplace
106712,2026-02-05,C2315,Monitor,Eletrônicos,3,1582.71,0,1076.24,ES,Sudeste,Cartão de débito,Online
106713,2025-07-18,C0023,Suporte para Monitor,Escritório,3,529.43,0.15,291.19,RR,Norte,PIX,Online
106714,2025-05-15,C2066,Mouse,Eletrônicos,1,327.99,0,190.23,AP,Norte,Cartão de débito,Online
106715,2025-02-01,C1037,Cabo USB,Acessórios,2,83.04,0,37.37,AM,Norte,Boleto,Online
106716,2025-06-18,C1224,Hub USB,Acessórios,1,170.24,0.05,93.63,RS,Sul,PIX,Marketplace
106717,2025-05-22,C2349,Teclado,Eletrônicos,1,181.78,0.05,109.07,PA,Norte,Cartão de débito,Marketplace
106718,2026-01-28,C2045,Cadeira,Escritório,2,984.02,0.05,688.81,MG,Sudeste,Cartão de débito,Marketplace
106719,2026-03-12,C0804,Carregador,Acessórios,4,193.36,0.05,96.68,SE,Nordeste,Boleto,Marketplace
106720,2025-04-08,C0546,Suporte para Monitor,Escritório,1,127.68,0.2,70.22,AL,Nordeste,PIX,Marketplace
106721,2025-05-08,C0432,Headset,Eletrônicos,1,767.37,0.1,475.77,RS,Sul,Cartão de crédito,Marketplace
106722,2025-12-09,C1567,Teclado,Eletrônicos,3,430.36,0.05,258.22,MA,Nordeste,Boleto,Online
106723,2025-10-02,C0298,Cafeteira,Casa,1,1146.08,0,744.95,PR,Sul,Cartão de crédito,Online
106724,2025-06-22,C0871,Aspirador,Casa,2,1087.94,0.1,728.92,PE,Nordeste,Boleto,Marketplace
106725,2026-01-02,C1188,Cadeira,Escritório,4,586.15,0.05,410.3,MA,Nordeste,PIX,Marketplace
106726,2025-02-14,C1586,Carregador,Acessórios,2,111.19,0.05,55.59,MT,Centro-Oeste,Boleto,Marketplace
106727,2025-10-14,C0005,Liquidificador,Casa,1,190.11,0.05,119.77,AP,Norte,Cartão de crédito,Marketplace
106728,2025-02-19,C1415,Liquidificador,Casa,2,183.72,0.2,115.74,GO,Centro-Oeste,Cartão de crédito,Online
106729,2026-05-24,C1905,Notebook,Eletrônicos,1,2678.78,0.2,1928.72,GO,Centro-Oeste,Cartão de crédito,Marketplace
106730,2025-01-21,C0667,Air Fryer,Casa,4,454.29,0,290.75,RN,Nordeste,Boleto,Marketplace
106731,2025-12-20,C0578,Monitor,Eletrônicos,2,1740.89,0.05,1183.81,MT,Centro-Oeste,PIX,Online
106732,2026-04-05,C2409,Mouse,Eletrônicos,2,410.72,0,238.22,BA,Nordeste,Cartão de débito,Online
106733,2026-06-17,C2297,Mesa,Escritório,1,816.08,0.1,554.93,RO,Norte,Cartão de crédito,Marketplace
106734,2026-03-09,C0708,Smartphone,Eletrônicos,1,1709.32,0,1333.27,PA,Norte,Cartão de crédito,Online
106735,2025-11-05,C1113,Cadeira,Escritório,1,2341.05,0.1,1638.74,SP,Sudeste,Cartão de débito,Marketplace
106736,2025-03-16,C0075,Luminária,Escritório,2,102.58,0.1,53.34,RJ,Sudeste,Cartão de crédito,Marketplace
106737,2025-09-10,C1975,Teclado,Eletrônicos,1,506.4,0.1,303.84,BA,Nordeste,Cartão de crédito,Marketplace
106738,2025-11-07,C1613,Teclado,Eletrônicos,1,233.21,0.05,139.93,MG,Sudeste,PIX,Online
106739,2025-07-02,C1223,Air Fryer,Casa,1,512.38,0,327.92,SC,Sul,Cartão de crédito,Marketplace
106740,2026-03-11,C0841,Cadeira,Escritório,3,2012.88,0,1409.02,RJ,Sudeste,PIX,Marketplace
106741,2025-02-03,C0348,Mesa,Escritório,1,425.34,0,289.23,SC,Sul,Boleto,Marketplace
106742,2026-04-14,C1797,Luminária,Escritório,1,173.91,0.15,90.43,RR,Norte,Cartão de débito,Marketplace
106743,2025-07-31,C0618,Air Fryer,Casa,1,497.56,0.1,318.44,AL,Nordeste,PIX,Online
106744,2025-01-02,C2151,Smartphone,Eletrônicos,1,4955.76,0,3865.49,AP,Norte,PIX,Marketplace
106745,2026-06-12,C1924,Teclado,Eletrônicos,3,139.79,0.1,83.87,SC,Sul,Boleto,Online
106746,2025-09-30,C1598,Mouse,Eletrônicos,1,407.78,0,236.51,RO,Norte,Boleto,Marketplace
106747,2025-12-08,C0119,Headset,Eletrônicos,1,537.94,0,333.52,PR,Sul,PIX,Online
106748,2026-03-19,C1250,Luminária,Escritório,4,294.85,0.1,153.32,PI,Nordeste,Cartão de débito,Online
106749,2026-05-19,C0643,Air Fryer,Casa,1,918.5,0.1,587.84,SC,Sul,Cartão de débito,Online
106750,2025-08-25,C0567,Air Fryer,Casa,1,303.72,0.05,194.38,GO,Centro-Oeste,Boleto,Marketplace
106751,2025-01-21,C1465,Suporte para Monitor,Escritório,1,506.53,0,278.59,SE,Nordeste,PIX,Marketplace
106752,2026-01-11,C1666,Notebook,Eletrônicos,2,4831.97,0,3479.02,RJ,Sudeste,Boleto,Online
106753,2025-10-11,C0912,Cafeteira,Casa,2,722.34,0.1,469.52,PR,Sul,PIX,Online
106754,2025-11-24,C1606,Headset,Eletrônicos,1,599.67,0,371.8,AL,Nordeste,Cartão de crédito,Marketplace
106755,2025-03-01,C1218,Liquidificador,Casa,1,172.11,0,108.43,PA,Norte,Boleto,Marketplace
106756,2025-06-08,C1731,Suporte para Monitor,Escritório,1,297.57,0,163.66,CE,Nordeste,Cartão de débito,Online
106757,2026-03-26,C0657,Notebook,Eletrônicos,1,5649.2,0.15,4067.42,RO,Norte,Cartão de crédito,Marketplace
106758,2025-03-15,C0893,Cafeteira,Casa,2,680.66,0.05,442.43,SE,Nordeste,PIX,Marketplace
106759,2026-01-24,C2471,Suporte para Monitor,Escritório,2,346.48,0.1,190.56,RR,Norte,Cartão de débito,Marketplace
106760,2025-09-21,C0692,Headset,Eletrônicos,1,383.92,0.1,238.03,SC,Sul,Boleto,Marketplace
106761,2025-05-17,C2068,Teclado,Eletrônicos,1,782.63,0,469.58,TO,Norte,Boleto,Marketplace
106762,2026-06-02,C0301,Liquidificador,Casa,2,452.65,0,285.17,RO,Norte,Cartão de crédito,Online
106763,2025-12-22,C1646,Cabo USB,Acessórios,4,77.87,0,35.04,MG,Sudeste,Boleto,Marketplace
106764,2025-05-27,C1326,Cafeteira,Casa,2,1136.78,0.05,738.91,PE,Nordeste,Cartão de crédito,Online
106765,2025-06-13,C1131,Suporte para Monitor,Escritório,1,571.1,0.05,314.11,RN,Nordeste,Cartão de débito,Marketplace
106766,2025-03-13,C0747,Cadeira,Escritório,1,1025.67,0.05,717.97,PR,Sul,Cartão de crédito,Marketplace
106767,2026-03-08,C1227,Carregador,Acessórios,1,146.69,0,73.34,MS,Centro-Oeste,Boleto,Online
106768,2025-06-04,C0981,Notebook,Eletrônicos,1,2939.27,0.2,2116.27,RN,Nordeste,PIX,Online
106769,2025-08-02,C1935,Smartphone,Eletrônicos,1,2324.21,0.05,1812.88,PR,Sul,Cartão de débito,Marketplace
106770,2025-08-20,C1497,Liquidificador,Casa,2,152.58,0.05,96.13,SP,Sudeste,PIX,Marketplace
106771,2025-08-13,C2259,Luminária,Escritório,1,272.97,0.05,141.94,CE,Nordeste,Cartão de crédito,Marketplace
106772,2025-02-28,C1137,Monitor,Eletrônicos,3,2120.07,0.1,1441.65,SP,Sudeste,Boleto,Marketplace
106773,2025-01-13,C1530,Luminária,Escritório,2,94.17,0,48.97,SC,Sul,PIX,Online
106774,2025-03-29,C1380,Carregador,Acessórios,5,175.2,0,87.6,PR,Sul,PIX,Marketplace
106775,2025-06-22,C0454,Monitor,Eletrônicos,1,1677.21,0.05,1140.5,PA,Norte,Cartão de crédito,Online
106776,2026-06-22,C0384,Headset,Eletrônicos,1,529.42,0.05,328.24,PB,Nordeste,Boleto,Online
106777,2025-04-24,C1499,Hub USB,Acessórios,5,228.67,0.05,125.77,RS,Sul,Boleto,Online
106778,2025-11-20,C0989,Smartphone,Eletrônicos,2,1890.24,0.05,1474.39,AP,Norte,PIX,Marketplace
106779,2025-10-17,C1911,Cafeteira,Casa,2,428.71,0,278.66,AM,Norte,Cartão de débito,Marketplace
106780,2025-10-02,C1398,Cabo USB,Acessórios,3,54.74,0.2,24.63,RJ,Sudeste,Cartão de crédito,Marketplace
106781,2026-02-13,C2304,Mesa,Escritório,2,1830.39,0.15,1244.67,DF,Centro-Oeste,Boleto,Marketplace
106782,2026-01-14,C1798,Monitor,Eletrônicos,1,2228.78,0.05,1515.57,AP,Norte,Cartão de crédito,Marketplace
106783,2026-01-26,C0393,Headset,Eletrônicos,3,363.2,0.1,225.18,BA,Nordeste,Cartão de crédito,Marketplace
106784,2025-01-30,C0613,Liquidificador,Casa,1,359.05,0.1,226.2,PR,Sul,Boleto,Online
106785,2025-04-25,C2407,Notebook,Eletrônicos,3,3995.71,0.1,2876.91,MS,Centro-Oeste,PIX,Marketplace
106786,2025-06-06,C0433,Mesa,Escritório,1,1799.6,0.1,1223.73,MA,Nordeste,PIX,Online
106787,2025-10-30,C1243,Luminária,Escritório,3,300.35,0,156.18,RN,Nordeste,PIX,Online
106788,2026-01-18,C1910,Liquidificador,Casa,3,289.77,0,182.56,AC,Norte,Boleto,Online
106789,2025-12-17,C1738,Smartphone,Eletrônicos,2,3312.46,0.05,2583.72,PI,Nordeste,Cartão de débito,Online
106790,2026-03-11,C0344,Mesa,Escritório,1,434.14,0.2,295.22,AM,Norte,Cartão de débito,Online
106791,2026-02-17,C0884,Hub USB,Acessórios,2,99.86,0.1,54.92,AP,Norte,PIX,Marketplace
106792,2026-04-07,C1611,Cafeteira,Casa,1,879.79,0.05,571.86,MS,Centro-Oeste,Boleto,Marketplace
106793,2025-04-22,C2185,Hub USB,Acessórios,2,97.64,0.15,53.7,PB,Nordeste,Cartão de débito,Marketplace
106794,2026-03-19,C0442,Monitor,Eletrônicos,5,1733.68,0.1,1178.9,SE,Nordeste,PIX,Online
106795,2026-05-13,C1295,Smartphone,Eletrônicos,1,1872.61,0.1,1460.64,TO,Norte,PIX,Online
106796,2025-02-21,C0625,Luminária,Escritório,1,268.26,0.15,139.5,TO,Norte,Cartão de débito,Marketplace
106797,2026-03-06,C1968,Luminária,Escritório,1,328.2,0.1,170.66,GO,Centro-Oeste,Cartão de débito,Online
106798,2025-07-02,C1554,Headset,Eletrônicos,4,881.34,0,546.43,MS,Centro-Oeste,Boleto,Online
106799,2025-07-18,C1723,Liquidificador,Casa,2,573.94,0.1,361.58,MG,Sudeste,Cartão de crédito,Marketplace
106800,2026-04-05,C0647,Hub USB,Acessórios,1,106.53,0.05,58.59,AL,Nordeste,Cartão de crédito,Marketplace
106801,2025-01-16,C0299,Cabo USB,Acessórios,1,86.13,0.05,38.76,PA,Norte,PIX,Marketplace
106802,2025-03-22,C1565,Liquidificador,Casa,1,133.08,0.1,83.84,PB,Nordeste,Cartão de crédito,Online
106803,2026-02-07,C1423,Luminária,Escritório,3,255.57,0.15,132.9,MG,Sudeste,Cartão de crédito,Marketplace
106804,2026-01-19,C1923,Cadeira,Escritório,2,1518.41,0.05,1062.89,RR,Norte,PIX,Online
106805,2025-06-05,C0517,Mouse,Eletrônicos,3,490.09,0,284.25,RN,Nordeste,PIX,Marketplace
106806,2025-11-10,C0473,Cabo USB,Acessórios,1,30.84,0,13.88,GO,Centro-Oeste,Cartão de crédito,Online
106807,2025-05-28,C0006,Liquidificador,Casa,2,599.79,0.15,377.87,SE,Nordeste,Cartão de débito,Online
106808,2025-01-29,C1150,Hub USB,Acessórios,3,174.39,0.05,95.91,PI,Nordeste,Cartão de crédito,Online
106809,2026-02-02,C0581,Hub USB,Acessórios,1,290.24,0.05,159.63,PR,Sul,Cartão de débito,Online
106810,2026-02-03,C1405,Aspirador,Casa,1,1474.78,0.05,988.1,PB,Nordeste,Cartão de crédito,Online
106811,2026-03-02,C1467,Luminária,Escritório,1,298.82,0.1,155.39,AL,Nordeste,Boleto,Online
106812,2025-06-06,C0158,Headset,Eletrônicos,1,797.73,0.1,494.59,PR,Sul,Cartão de crédito,Online
106813,2026-01-08,C0101,Notebook,Eletrônicos,3,5743.19,0.1,4135.1,DF,Centro-Oeste,PIX,Marketplace
106814,2025-10-29,C2170,Cafeteira,Casa,1,895.05,0.05,581.78,AP,Norte,Cartão de débito,Marketplace
106815,2025-11-06,C0064,Cabo USB,Acessórios,5,57.47,0.1,25.86,CE,Nordeste,Cartão de débito,Marketplace
106816,2025-10-19,C0463,Liquidificador,Casa,2,344.21,0.05,216.85,AL,Nordeste,Boleto,Online
106817,2025-07-10,C0359,Suporte para Monitor,Escritório,1,593.93,0,326.66,SC,Sul,PIX,Online
106818,2026-05-10,C1576,Teclado,Eletrônicos,1,634.82,0,380.89,ES,Sudeste,Boleto,Marketplace
106819,2025-01-05,C2279,Carregador,Acessórios,1,125.7,0.05,62.85,MG,Sudeste,PIX,Online
106820,2025-08-18,C2147,Teclado,Eletrônicos,1,750.96,0,450.58,SP,Sudeste,PIX,Marketplace
106821,2025-03-31,C1617,Carregador,Acessórios,2,144.02,0,72.01,RJ,Sudeste,Cartão de débito,Online
106822,2025-05-13,C0136,Aspirador,Casa,1,951.68,0.05,637.63,AP,Norte,PIX,Online
106823,2025-08-21,C0455,Hub USB,Acessórios,1,200.97,0.15,110.53,PB,Nordeste,Boleto,Marketplace
106824,2025-07-10,C1125,Headset,Eletrônicos,1,532.97,0.15,330.44,AC,Norte,Cartão de crédito,Online
106825,2025-11-16,C0512,Carregador,Acessórios,1,237.85,0.05,118.92,RR,Norte,Cartão de débito,Online
106826,2025-09-28,C2398,Headset,Eletrônicos,1,806.56,0,500.07,PE,Nordeste,Cartão de crédito,Marketplace
106827,2025-03-29,C1416,Luminária,Escritório,2,136.57,0,71.02,MG,Sudeste,Boleto,Marketplace
106828,2026-01-31,C0270,Aspirador,Casa,2,1185.87,0.05,794.53,PB,Nordeste,PIX,Online
106829,2025-08-13,C0724,Liquidificador,Casa,3,501.75,0.1,316.1,SC,Sul,PIX,Marketplace
106830,2025-03-04,C1410,Suporte para Monitor,Escritório,1,187.44,0.05,103.09,MG,Sudeste,Boleto,Online
106831,2026-06-10,C0009,Cabo USB,Acessórios,1,93.48,0,42.07,BA,Nordeste,PIX,Marketplace
106832,2025-06-03,C1087,Cafeteira,Casa,1,259.5,0.15,168.68,PB,Nordeste,Boleto,Online
106833,2026-03-18,C1491,Air Fryer,Casa,2,561.83,0,359.57,PI,Nordeste,Cartão de crédito,Marketplace
106834,2026-05-06,C2357,Headset,Eletrônicos,1,151.38,0,93.86,AL,Nordeste,Cartão de crédito,Online
106835,2025-05-27,C0352,Cabo USB,Acessórios,2,38.23,0,17.2,RO,Norte,Boleto,Online
106836,2026-05-16,C0379,Suporte para Monitor,Escritório,1,445.17,0,244.84,PI,Nordeste,Cartão de crédito,Online
106837,2025-10-27,C0325,Mouse,Eletrônicos,1,149.56,0,86.74,SP,Sudeste,Cartão de débito,Online
106838,2025-07-11,C0077,Cafeteira,Casa,2,1164.24,0.05,756.76,CE,Nordeste,Cartão de débito,Online
106839,2025-09-19,C0273,Air Fryer,Casa,2,860.82,0,550.92,RJ,Sudeste,Cartão de crédito,Online
106840,2025-02-24,C1974,Air Fryer,Casa,3,355.77,0.05,227.69,PR,Sul,Boleto,Online
106841,2026-04-07,C1890,Carregador,Acessórios,1,232.9,0.2,116.45,MG,Sudeste,PIX,Online
106842,2026-06-04,C1922,Air Fryer,Casa,2,653.03,0,417.94,MS,Centro-Oeste,Cartão de crédito,Online
106843,2026-04-15,C1749,Hub USB,Acessórios,1,237.97,0.15,130.88,AC,Norte,Cartão de crédito,Marketplace
106844,2026-01-13,C0612,Carregador,Acessórios,1,218.42,0.1,109.21,DF,Centro-Oeste,Cartão de crédito,Online
106845,2025-11-27,C1264,Carregador,Acessórios,4,95.16,0.15,47.58,SE,Nordeste,PIX,Marketplace
106846,2025-05-05,C2386,Cadeira,Escritório,1,1062.39,0,743.67,BA,Nordeste,Cartão de débito,Marketplace
106847,2025-02-12,C0718,Aspirador,Casa,1,945.51,0.05,633.49,PB,Nordeste,PIX,Online
106848,2026-06-23,C2151,Notebook,Eletrônicos,2,4716.92,0,3396.18,ES,Sudeste,Cartão de crédito,Marketplace
106849,2025-11-29,C0997,Aspirador,Casa,1,1002.27,0.1,671.52,RR,Norte,Boleto,Marketplace
106850,2025-01-12,C2291,Suporte para Monitor,Escritório,2,440.23,0.1,242.13,MA,Nordeste,PIX,Marketplace
106851,2026-05-26,C1355,Hub USB,Acessórios,1,192.51,0.2,105.88,ES,Sudeste,Boleto,Marketplace
106852,2026-01-13,C0778,Air Fryer,Casa,1,630.1,0,403.26,TO,Norte,Cartão de crédito,Online
106853,2026-03-14,C0620,Teclado,Eletrônicos,1,525.29,0.05,315.17,RR,Norte,Boleto,Marketplace
106854,2026-03-08,C2379,Liquidificador,Casa,2,216.74,0.05,136.55,RO,Norte,Cartão de crédito,Marketplace
106855,2026-02-02,C1178,Smartphone,Eletrônicos,2,3853.19,0,3005.49,MG,Sudeste,PIX,Marketplace
106856,2025-04-29,C2455,Cadeira,Escritório,2,1077.19,0.05,754.03,SC,Sul,Cartão de débito,Online
106857,2026-03-12,C0268,Suporte para Monitor,Escritório,3,572.3,0,314.76,PI,Nordeste,PIX,Marketplace
106858,2025-11-24,C0662,Headset,Eletrônicos,1,456.83,0.15,283.23,SE,Nordeste,Cartão de crédito,Online
106859,2026-01-27,C1215,Monitor,Eletrônicos,3,1577.7,0,1072.84,MS,Centro-Oeste,Cartão de crédito,Marketplace
106860,2025-07-17,C1394,Mesa,Escritório,1,1302.56,0,885.74,AC,Norte,PIX,Online
106861,2026-01-05,C0465,Cadeira,Escritório,1,952.86,0.15,667.0,AL,Nordeste,PIX,Marketplace
106862,2025-05-17,C1003,Cafeteira,Casa,1,615.3,0,399.94,PB,Nordeste,Cartão de crédito,Marketplace
106863,2026-06-13,C0800,Hub USB,Acessórios,2,189.29,0.1,104.11,PI,Nordeste,Cartão de débito,Online
106864,2025-08-24,C2305,Liquidificador,Casa,5,530.95,0.05,334.5,MT,Centro-Oeste,PIX,Online
106865,2025-04-24,C1540,Cabo USB,Acessórios,2,54.04,0.05,24.32,PB,Nordeste,PIX,Online
106866,2026-06-18,C1069,Headset,Eletrônicos,1,302.38,0,187.48,AL,Nordeste,,Marketplace
106867,2025-09-30,C1255,Mesa,Escritório,1,1028.89,0.2,699.65,MS,Centro-Oeste,PIX,Online
106868,2025-08-10,C0662,Cadeira,Escritório,1,1293.77,0,905.64,AM,Norte,Cartão de crédito,Online
106869,2026-05-17,C0717,Teclado,Eletrônicos,1,232.86,0.05,139.72,RS,Sul,Cartão de crédito,Online
106870,2025-01-30,C1450,Monitor,Eletrônicos,4,1828.82,0,1243.6,TO,Norte,Cartão de débito,Online
106871,2025-05-07,C1672,Luminária,Escritório,2,104.39,0.1,54.28,RJ,Sudeste,Cartão de crédito,Online
106872,2025-10-05,C0243,Luminária,Escritório,2,269.64,0.15,140.21,MG,Sudeste,PIX,Online
106873,2025-11-14,C0191,Carregador,Acessórios,1,148.8,0.05,74.4,PB,Nordeste,Cartão de crédito,Online
106874,2026-06-09,C2167,Teclado,Eletrônicos,1,421.99,0,253.19,RN,Nordeste,Cartão de débito,Online
106875,2026-06-24,C1282,Headset,Eletrônicos,1,792.96,0.15,491.64,TO,Norte,Cartão de débito,Marketplace
106876,2025-01-06,C0753,Luminária,Escritório,1,126.98,0.15,66.03,RR,Norte,Cartão de crédito,Marketplace
106877,2025-04-19,C0483,Mouse,Eletrônicos,3,153.22,0.05,88.87,RJ,Sudeste,Cartão de débito,Online
106878,2025-03-17,C0084,Cadeira,Escritório,1,671.76,0,470.23,AM,Norte,Cartão de crédito,Marketplace
106879,2026-03-06,C0211,Cabo USB,Acessórios,2,50.16,0,22.57,RS,Sul,Cartão de crédito,Marketplace
106880,2026-04-07,C1655,Cabo USB,Acessórios,4,62.13,0.1,27.96,RS,Sul,PIX,Marketplace
106881,2025-11-29,C2073,Aspirador,Casa,1,655.25,0.05,439.02,RS,Sul,Boleto,Online
106882,2025-08-13,C0041,Air Fryer,Casa,1,809.97,0,518.38,ES,Sudeste,Boleto,Marketplace
106883,2025-08-30,C1166,Mouse,Eletrônicos,5,154.17,0,89.42,AM,Norte,Cartão de crédito,Online
106884,2026-06-23,C0366,Mouse,Eletrônicos,2,85.02,0,49.31,RJ,Sudeste,Cartão de débito,Marketplace
106885,2025-02-22,C2000,Mouse,Eletrônicos,2,291.13,0.05,168.86,AC,Norte,PIX,Online
106886,2026-01-31,C1426,Liquidificador,Casa,1,320.45,0,201.88,MG,Sudeste,Boleto,Online
106887,2025-08-30,C1945,Aspirador,Casa,1,1406.58,0.1,942.41,RJ,Sudeste,PIX,Online
106888,2025-09-03,C1316,Mesa,Escritório,1,820.39,0.1,557.87,PR,Sul,Cartão de débito,Marketplace
106889,2026-02-19,C1586,Cabo USB,Acessórios,1,68.91,0,31.01,AP,Norte,Cartão de crédito,Online
106890,2026-01-25,C0442,Mouse,Eletrônicos,2,236.88,0,137.39,ES,Sudeste,PIX,Online
106891,2025-11-01,C0233,Mesa,Escritório,1,1925.82,0.2,1309.56,RR,Norte,Boleto,Marketplace
106892,2025-01-08,C2262,Luminária,Escritório,1,260.22,0,135.31,PE,Nordeste,PIX,Marketplace
106893,2026-04-19,C1477,Cabo USB,Acessórios,1,93.12,0.1,41.9,SC,Sul,Cartão de débito,Marketplace
106894,2025-02-16,C0336,Notebook,Eletrônicos,2,3647.5,0,2626.2,SP,Sudeste,PIX,Online
106895,2026-01-01,C0105,Smartphone,Eletrônicos,1,1659.99,0.1,1294.79,PE,Nordeste,Cartão de débito,Online
106896,2025-06-01,C0448,Teclado,Eletrônicos,1,643.91,0,386.35,CE,Nordeste,Cartão de débito,Marketplace
106897,2025-07-11,C0101,Headset,Eletrônicos,1,253.07,0.2,156.9,RJ,Sudeste,PIX,Marketplace
106898,2026-06-09,C1945,Cabo USB,Acessórios,1,28.83,0.1,12.97,SE,Nordeste,Cartão de débito,Online
106899,2026-04-13,C0926,Monitor,Eletrônicos,1,879.2,0,597.86,AC,Norte,Cartão de crédito,Marketplace
106900,2025-09-18,C2367,Cabo USB,Acessórios,1,92.79,0.05,41.76,RS,Sul,PIX,Online
106901,2025-11-23,C1012,Cadeira,Escritório,3,1147.23,0.1,803.06,MS,Centro-Oeste,PIX,Online
106902,2025-10-04,C0432,Cadeira,Escritório,4,996.29,0.15,697.4,CE,Nordeste,Cartão de débito,Marketplace
106903,2025-10-21,C0964,Mouse,Eletrônicos,1,307.04,0,178.08,AP,Norte,Boleto,Online
106904,2025-09-27,C0487,Luminária,Escritório,4,175.49,0.1,91.25,PB,Nordeste,Cartão de crédito,Marketplace
106905,2025-09-12,C2036,Cafeteira,Casa,1,685.78,0.1,445.76,ES,Sudeste,PIX,Marketplace
106906,2026-06-26,C2236,Notebook,Eletrônicos,1,3998.1,0.05,2878.63,GO,Centro-Oeste,PIX,Marketplace
106907,2025-12-22,C0028,Aspirador,Casa,2,1371.26,0.1,918.74,SC,Sul,Boleto,Marketplace
106908,2026-05-10,C0189,Air Fryer,Casa,3,944.33,0.05,604.37,AC,Norte,Cartão de crédito,Marketplace
106909,2025-08-30,C1282,Suporte para Monitor,Escritório,1,148.89,0.05,81.89,PE,Nordeste,PIX,Online
106910,2026-04-14,C1485,Headset,Eletrônicos,1,625.85,0.1,388.03,ES,Sudeste,PIX,Online
106911,2025-01-22,C0985,Cadeira,Escritório,2,1355.63,0,948.94,MT,Centro-Oeste,Cartão de débito,Marketplace
106912,2025-06-08,C0421,Monitor,Eletrônicos,1,1183.89,0,805.05,MS,Centro-Oeste,Cartão de crédito,Marketplace
106913,2025-01-27,C1617,Suporte para Monitor,Escritório,1,553.39,0.1,304.36,RS,Sul,Cartão de crédito,Marketplace
106914,2026-03-24,C0809,Luminária,Escritório,1,119.77,0.05,62.28,MG,Sudeste,PIX,Marketplace
106915,2026-04-06,C0779,Hub USB,Acessórios,3,206.5,0,113.58,MA,Nordeste,PIX,Online
106916,2025-07-10,C0910,Luminária,Escritório,1,272.17,0.1,141.53,RR,Norte,Cartão de débito,Online
106917,2025-03-18,C0192,Mouse,Eletrônicos,2,129.37,0.2,75.03,MG,Sudeste,Cartão de débito,Marketplace
106918,2025-07-15,C2246,Hub USB,Acessórios,1,87.39,0.05,48.06,PI,Nordeste,Cartão de crédito,Marketplace
106919,2025-01-12,C1706,Cabo USB,Acessórios,3,95.32,0.05,42.89,GO,Centro-Oeste,PIX,Online
106920,2025-04-01,C1776,Cafeteira,Casa,1,797.41,0,518.32,MT,Centro-Oeste,Cartão de crédito,Online
106921,2025-05-24,C1202,Hub USB,Acessórios,2,89.81,0.1,49.4,PE,Nordeste,Cartão de crédito,Marketplace
106922,2025-07-24,C2441,Liquidificador,Casa,1,300.77,0.1,189.49,DF,Centro-Oeste,PIX,Marketplace
106923,2026-06-12,C1155,Air Fryer,Casa,1,521.59,0,333.82,PI,Nordeste,Cartão de débito,Marketplace
106924,2025-01-13,C0371,Carregador,Acessórios,3,117.25,0,58.62,PB,Nordeste,PIX,Marketplace
106925,2025-01-19,C0145,Mouse,Eletrônicos,1,432.77,0,251.01,SP,Sudeste,Cartão de crédito,Online
106926,2026-02-13,C0248,Suporte para Monitor,Escritório,3,345.6,0.05,190.08,MA,Nordeste,PIX,Marketplace
106927,2025-02-20,C1416,Mesa,Escritório,1,1270.22,0.1,863.75,SE,Nordeste,Boleto,Online
106928,2025-06-13,C1582,Liquidificador,Casa,2,186.5,0,117.5,AL,Nordeste,Boleto,Marketplace
106929,2025-09-21,C0368,Notebook,Eletrônicos,1,4254.45,0,3063.2,SC,Sul,Boleto,Marketplace
106930,2025-07-27,C1318,Teclado,Eletrônicos,2,433.6,0.1,260.16,GO,Centro-Oeste,PIX,Marketplace
106931,2025-05-24,C1524,Aspirador,Casa,1,673.47,0,451.22,SE,Nordeste,Boleto,Online
106932,2026-01-07,C0946,Notebook,Eletrônicos,1,5970.11,0.05,4298.48,RN,Nordeste,Cartão de débito,Online
106933,2025-07-22,C1055,Hub USB,Acessórios,1,147.63,0.05,81.2,RJ,Sudeste,Cartão de crédito,Online
106934,2025-01-26,C0691,Notebook,Eletrônicos,1,2577.64,0.1,1855.9,RR,Norte,Cartão de débito,Marketplace
106935,2026-01-20,C0116,Cabo USB,Acessórios,1,51.83,0.15,23.32,PB,Nordeste,PIX,Marketplace
106936,2025-10-30,C1222,Hub USB,Acessórios,1,108.45,0.05,59.65,GO,Centro-Oeste,PIX,Online
106937,2026-05-11,C0719,Smartphone,Eletrônicos,5,2945.22,0.1,2297.27,AM,Norte,Cartão de débito,Online
106938,2025-02-26,C1177,Aspirador,Casa,5,841.06,0.1,563.51,PA,Norte,Cartão de crédito,Online
106939,2026-05-07,C0454,Luminária,Escritório,1,281.79,0.05,146.53,CE,Nordeste,Cartão de crédito,Online
106940,2025-08-30,C2176,Suporte para Monitor,Escritório,2,163.45,0.15,89.9,CE,Nordeste,Cartão de crédito,Marketplace
106941,2025-12-19,C0014,Mesa,Escritório,2,782.8,0.1,532.3,RS,Sul,Cartão de crédito,Marketplace
106942,2025-08-16,C2106,Monitor,Eletrônicos,1,1193.1,0,811.31,MS,Centro-Oeste,PIX,Online
106943,2025-03-02,C1197,Hub USB,Acessórios,2,217.94,0,119.87,CE,Nordeste,PIX,Marketplace
106944,2025-10-29,C1569,Cafeteira,Casa,1,457.49,0.05,297.37,MA,Nordeste,Cartão de crédito,Online
106945,2025-03-27,C0060,Teclado,Eletrônicos,1,644.42,0,386.65,SC,Sul,Cartão de crédito,Online
106946,2025-12-30,C2215,Mesa,Escritório,1,662.32,0.05,450.38,AC,Norte,Boleto,Marketplace
106947,2026-06-05,C2264,Monitor,Eletrônicos,4,1117.95,0,760.21,PB,Nordeste,Cartão de crédito,Online
106948,2025-12-03,C0677,Air Fryer,Casa,1,804.06,0.05,514.6,RR,Norte,PIX,Marketplace
106949,2025-01-20,C0857,Cabo USB,Acessórios,1,52.17,0.1,23.48,MG,Sudeste,Cartão de crédito,Online
106950,2025-10-12,C1925,Headset,Eletrônicos,1,510.68,0,316.62,ES,Sudeste,PIX,Online
106951,2025-07-04,C0913,Aspirador,Casa,1,797.79,0,534.52,MA,Nordeste,PIX,Marketplace
106952,2026-03-29,C0950,Teclado,Eletrônicos,2,235.65,0,141.39,MA,Nordeste,PIX,Marketplace
106953,2026-01-13,C1838,Suporte para Monitor,Escritório,1,579.2,0.05,318.56,MS,Centro-Oeste,Cartão de crédito,Marketplace
106954,2025-12-28,C1376,Suporte para Monitor,Escritório,2,564.19,0.1,310.3,PR,Sul,Boleto,Marketplace
106955,2025-03-20,C0888,Mouse,Eletrônicos,1,454.07,0.05,263.36,RJ,Sudeste,PIX,Marketplace
106956,2025-06-27,C0515,Headset,Eletrônicos,2,888.66,0.1,550.97,CE,Nordeste,PIX,Online
106957,2026-02-20,C1300,Teclado,Eletrônicos,1,297.43,0,178.46,TO,Norte,Cartão de crédito,Online
106958,2025-10-02,C0043,Cadeira,Escritório,1,1150.3,0,805.21,AC,Norte,Cartão de crédito,Marketplace
106959,2025-01-20,C1910,Headset,Eletrônicos,2,448.41,0,278.01,DF,Centro-Oeste,Cartão de crédito,Marketplace
106960,2025-12-04,C2360,Luminária,Escritório,2,152.37,0,79.23,PI,Nordeste,Cartão de crédito,Marketplace
106961,2025-03-20,C1366,Carregador,Acessórios,1,102.18,0.05,51.09,PA,Norte,Cartão de crédito,Marketplace
106962,2025-03-10,C1736,Hub USB,Acessórios,3,175.39,0,96.46,MS,Centro-Oeste,Boleto,Marketplace
106963,2025-12-04,C0485,Hub USB,Acessórios,2,201.09,0,110.6,MT,Centro-Oeste,PIX,Online
106964,2026-01-10,C1918,Carregador,Acessórios,2,211.66,0,105.83,MA,Nordeste,PIX,Online
106965,2025-01-19,C1635,Mesa,Escritório,1,1336.25,0,908.65,ES,Sudeste,Cartão de crédito,Online
106966,2026-05-17,C2192,Suporte para Monitor,Escritório,1,235.92,0.2,129.76,MT,Centro-Oeste,PIX,Online
106967,2026-02-18,C1685,Aspirador,Casa,1,822.53,0,551.1,RN,Nordeste,PIX,Marketplace
106968,2025-05-24,C0787,Notebook,Eletrônicos,1,5236.21,0,3770.07,AC,Norte,PIX,Online
106969,2025-07-21,C1568,Suporte para Monitor,Escritório,2,272.04,0,149.62,BA,Nordeste,PIX,Marketplace
106970,2025-02-16,C0436,Notebook,Eletrônicos,1,5926.27,0,4266.91,AM,Norte,Cartão de débito,Online
106971,2025-03-05,C0714,Aspirador,Casa,1,1200.31,0.1,804.21,MT,Centro-Oeste,Cartão de débito,Online
106972,2025-04-29,C1211,Cafeteira,Casa,2,592.46,0.1,385.1,PE,Nordeste,Cartão de crédito,Marketplace
106973,2026-03-09,C0591,Headset,Eletrônicos,3,870.97,0,540.0,AP,Norte,PIX,Online
106974,2026-03-13,C0689,Cabo USB,Acessórios,1,20.44,0.05,9.2,PB,Nordeste,Cartão de débito,Online
106975,2025-05-13,C1800,Cabo USB,Acessórios,3,83.79,0,37.71,RN,Nordeste,Boleto,Marketplace
106976,2025-01-16,C1491,Aspirador,Casa,4,872.21,0.2,584.38,BA,Nordeste,Boleto,Marketplace
106977,2026-04-29,C1047,Air Fryer,Casa,1,851.86,0.1,545.19,MG,Sudeste,Cartão de débito,Online
106978,2025-05-23,C2309,Suporte para Monitor,Escritório,1,161.51,0.05,88.83,MG,Sudeste,PIX,Marketplace
106979,2025-06-02,C2392,Hub USB,Acessórios,1,178.11,0.1,97.96,RJ,Sudeste,Cartão de crédito,Marketplace
106980,2026-04-08,C2143,Cafeteira,Casa,2,229.29,0,149.04,SE,Nordeste,Cartão de débito,Online
106981,2026-06-28,C2203,Headset,Eletrônicos,2,276.56,0,171.47,SE,Nordeste,Boleto,Online
106982,2026-05-03,C0160,Cabo USB,Acessórios,3,45.28,0,20.38,AC,Norte,PIX,Online
106983,2025-10-18,C1019,Aspirador,Casa,1,1404.33,0,940.9,MS,Centro-Oeste,Cartão de débito,Online
106984,2025-01-23,C0880,Teclado,Eletrônicos,5,430.23,0.15,258.14,TO,Norte,Cartão de crédito,Online
106985,2025-12-15,C1080,Headset,eletronicos,1,167.97,0.05,104.14,RS,Sul,Cartão de crédito,Online
106986,2025-08-31,C1141,Monitor,Eletrônicos,1,2346.4,0,1595.55,TO,Norte,Cartão de débito,Online
106987,2025-11-11,C1415,Cadeira,Escritório,1,2227.84,0.05,1559.49,PI,Nordeste,PIX,Marketplace
106988,2026-01-13,C2271,Carregador,Acessórios,1,241.99,0,121.0,MT,Centro-Oeste,PIX,Marketplace
106989,2025-09-22,C2240,Cabo USB,Acessórios,3,33.66,0,15.15,MT,Centro-Oeste,Boleto,Marketplace
106990,2025-12-09,C0035,Headset,Eletrônicos,1,358.99,0.05,222.57,RO,Norte,Boleto,Marketplace
106991,2026-02-01,C1483,Mouse,Eletrônicos,3,308.58,0.15,178.98,CE,Nordeste,Cartão de crédito,Marketplace
106992,2025-03-28,C0615,Luminária,Escritório,1,88.16,0,45.84,PA,Norte,Cartão de crédito,Online
106993,2025-10-04,C0470,Headset,Eletrônicos,3,228.82,0.1,141.87,MG,Sudeste,Boleto,Marketplace
106994,2025-04-14,C0095,Headset,Eletrônicos,2,761.84,0.1,472.34,AC,Norte,Cartão de débito,Marketplace
106995,2025-04-05,C1543,Headset,Eletrônicos,2,501.73,0.1,311.07,SC,Sul,Cartão de crédito,Marketplace
106996,2025-03-13,C1278,Cafeteira,Casa,1,234.77,0.05,152.6,PE,Nordeste,PIX,Online
106997,2026-01-01,C1217,Headset,Eletrônicos,1,408.03,0.05,252.98,GO,Centro-Oeste,Boleto,Marketplace
106998,2026-02-08,C0506,Mouse,Eletrônicos,2,286.45,0.1,166.14,RR,Norte,Boleto,Online
106999,2025-08-02,C0280,Hub USB,Acessórios,1,202.23,0.05,111.23,AL,Nordeste,Cartão de crédito,Marketplace
107000,2026-02-03,C0583,Aspirador,Casa,1,803.64,0.15,538.44,AC,Norte,PIX,Marketplace
107001,2025-03-20,C1788,Smartphone,Eletrônicos,2,1799.85,0.1,1403.88,AM,Norte,Cartão de crédito,Marketplace
107002,2025-04-04,C0407,Mouse,Eletrônicos,1,274.69,0.05,159.32,RJ,Sudeste,Cartão de débito,Marketplace
107003,2025-11-16,C2448,Suporte para Monitor,Escritório,1,396.5,0.05,218.08,RS,Sul,Cartão de débito,Marketplace
107004,2026-04-19,C0470,Headset,Eletrônicos,3,315.15,0,195.39,CE,Nordeste,Boleto,Online
107005,2025-11-01,C2331,Luminária,Escritório,1,345.93,0,179.88,SE,Nordeste,Cartão de crédito,Marketplace
107006,2025-02-20,C0116,Liquidificador,Casa,1,360.47,0.2,227.1,MS,Centro-Oeste,PIX,Online
107007,2025-05-01,C1090,Aspirador,Casa,1,601.05,0.1,402.7,RO,Norte,PIX,Marketplace
107008,2026-02-23,C1617,Liquidificador,Casa,1,350.92,0.1,221.08,MG,Sudeste,Cartão de crédito,Online
107009,2026-01-30,C0850,Monitor,Eletrônicos,1,2381.24,0.05,1619.24,AM,Norte,Boleto,Marketplace
107010,2025-11-20,C1658,Cabo USB,Acessórios,1,53.49,0.05,24.07,AL,Nordeste,Boleto,Marketplace
107011,2026-03-28,C1047,Suporte para Monitor,Escritório,4,457.21,0,251.47,RO,Norte,Cartão de crédito,Marketplace
107012,2025-01-13,C0871,Aspirador,Casa,1,1223.44,0,819.7,AL,Nordeste,PIX,Marketplace
107013,2025-05-20,C1163,Cafeteira,Casa,2,486.9,0.1,316.49,ES,Sudeste,PIX,Marketplace
107014,2025-01-14,C0067,Teclado,Eletrônicos,1,459.58,0,275.75,DF,Centro-Oeste,Cartão de crédito,Online
107015,2026-05-30,C0411,Cadeira,Escritório,2,2413.25,0,1689.27,PB,Nordeste,Cartão de crédito,Marketplace
107016,2025-02-28,C1322,Suporte para Monitor,Escritório,2,142.8,0.15,78.54,PI,Nordeste,Boleto,Marketplace
107017,2026-04-14,C2362,Cafeteira,Casa,2,236.37,0.05,153.64,MT,Centro-Oeste,Cartão de débito,Marketplace
107018,2025-01-18,C2224,Smartphone,Eletrônicos,1,2431.7,0.2,1896.73,MS,Centro-Oeste,PIX,Online
107019,2025-11-28,C1116,Cafeteira,Casa,3,572.41,0,372.07,AL,Nordeste,PIX,Online
107020,2025-11-02,C0718,Mouse,Eletrônicos,4,142.69,0.1,82.76,PA,Norte,PIX,Marketplace
107021,2025-07-15,C0409,Notebook,Eletrônicos,1,5150.51,0.1,3708.37,PB,Nordeste,PIX,Marketplace
107022,2025-06-27,C1098,Mesa,Escritório,1,1511.21,0,1027.62,RN,Nordeste,PIX,Marketplace
107023,2026-01-24,C0189,Cafeteira,Casa,1,286.26,0.1,186.07,AP,Norte,Cartão de crédito,Online
107024,2025-02-15,C1020,Mouse,Eletrônicos,1,229.16,0.05,132.91,RN,Nordeste,Cartão de crédito,Marketplace
107025,2025-05-05,C1925,Aspirador,Casa,2,1279.02,0.1,856.94,MA,Nordeste,Cartão de crédito,Marketplace
107026,2025-03-06,C0408,Teclado,Eletrônicos,3,701.71,0.15,421.03,AL,Nordeste,Boleto,Online
107027,2025-04-29,C0485,Suporte para Monitor,Escritório,1,339.11,0,186.51,PB,Nordeste,Cartão de débito,Marketplace
107028,2025-02-12,C0837,Mesa,Escritório,1,1403.31,0.05,954.25,SE,Nordeste,Cartão de débito,Online
107029,2025-04-20,C0622,Cafeteira,Casa,1,1003.32,0.1,652.16,RJ,Sudeste,Cartão de débito,Marketplace
107030,2025-09-19,C1562,Cafeteira,Casa,1,588.23,0.1,382.35,ES,Sudeste,Cartão de débito,Marketplace
107031,2025-03-22,C1371,Headset,Eletrônicos,1,356.99,0.15,221.33,SP,Sudeste,Boleto,Online
107032,2025-10-26,C1717,Smartphone,Eletrônicos,2,3782.2,0,2950.12,RO,Norte,,Marketplace
107033,2026-04-08,C1525,Aspirador,Casa,1,500.11,0.15,335.07,SP,Sudeste,Boleto,Marketplace
107034,2025-04-22,C0828,Carregador,Acessórios,3,87.77,0,43.88,RO,Norte,Cartão de débito,Marketplace
107035,2025-03-06,C1815,Aspirador,Casa,1,876.77,0.1,587.44,SE,Nordeste,PIX,Marketplace
107036,2025-05-26,C1377,Mesa,Escritório,4,817.46,0.1,555.87,GO,Centro-Oeste,Boleto,Marketplace
107037,2025-05-25,C0814,Smartphone,Eletrônicos,3,3719.19,0.1,2900.97,PI,Nordeste,Cartão de crédito,Marketplace
107038,2026-05-06,C0843,Notebook,Eletrônicos,1,5081.75,0,3658.86,PR,Sul,PIX,Marketplace
107039,2025-09-12,C1585,Suporte para Monitor,Escritório,1,320.99,0,176.54,RS,Sul,Boleto,Online
107040,2026-02-11,C1012,Carregador,Acessórios,1,165.47,0,82.73,PI,Nordeste,Cartão de crédito,Online
107041,2025-07-05,C0343,Smartphone,Eletrônicos,1,4390.81,0.05,3424.83,TO,Norte,Cartão de débito,Online
107042,2025-06-15,C1823,Aspirador,Casa,5,889.68,0.1,596.09,PR,Sul,Cartão de crédito,Marketplace
107043,2026-01-12,C1565,Luminária,Escritório,1,97.2,0.05,50.54,SE,Nordeste,PIX,Marketplace
107044,2026-04-21,C0077,Cabo USB,Acessórios,1,63.44,0,28.55,MA,Nordeste,Boleto,Online
107045,2025-10-02,C1164,Mouse,Eletrônicos,4,177.35,0,102.86,MG,Sudeste,Boleto,Marketplace
107046,2025-09-11,C2419,Cafeteira,Casa,2,866.41,0.1,563.17,RR,Norte,Boleto,Online
107047,2025-05-29,C1730,Suporte para Monitor,Escritório,1,451.73,0,248.45,ES,Sudeste,Cartão de débito,Marketplace
107048,2026-05-30,C1929,Hub USB,Acessórios,1,253.87,0.1,139.63,AL,Nordeste,Cartão de crédito,Online
107049,2026-02-26,C2066,Teclado,Eletrônicos,3,369.88,0.05,221.93,PI,Nordeste,PIX,Online
107050,2026-02-27,C1208,Headset,Eletrônicos,1,832.07,0.05,515.88,PR,Sul,Boleto,Marketplace
107051,2025-12-22,C2476,Teclado,Eletrônicos,1,543.84,0.1,326.3,MS,Centro-Oeste,PIX,Online
107052,2026-02-13,C1219,Air Fryer,Casa,1,611.8,0,391.55,ES,Sudeste,Cartão de crédito,Marketplace
107053,2025-02-14,C0477,Liquidificador,Casa,2,334.65,0.1,210.83,MT,Centro-Oeste,Cartão de débito,Online
107054,2026-01-22,C0452,Smartphone,Eletrônicos,1,1572.67,0.05,1226.68,MT,Centro-Oeste,Cartão de débito,Marketplace
107055,2025-06-24,C1812,Aspirador,Casa,4,1048.91,0.05,702.77,SP,Sudeste,PIX,Marketplace
107056,2025-04-04,C0720,Cadeira,Escritório,4,2234.09,0.1,1563.86,PB,Nordeste,Cartão de crédito,Online
107057,2026-05-04,C1253,Teclado,Eletrônicos,2,546.89,0,328.13,SE,Nordeste,PIX,Marketplace
107058,2026-02-05,C1401,Air Fryer,Casa,1,652.59,0.1,417.66,PI,Nordeste,Cartão de crédito,Marketplace
107059,2025-02-13,C0672,Cabo USB,Acessórios,1,56.25,0,25.31,RO,Norte,Cartão de débito,Marketplace
107060,2026-01-21,C2088,Notebook,Eletrônicos,1,5064.53,0,3646.46,BA,Nordeste,PIX,Online
107061,2026-04-01,C1356,Air Fryer,Casa,1,855.51,0.2,547.53,PA,Norte,Boleto,Online
107062,2026-01-19,C0614,Aspirador,Casa,1,707.53,0.05,474.05,SE,Nordeste,Cartão de débito,Online
107063,2025-03-06,C2328,Mesa,Escritório,5,1399.31,0.1,951.53,MA,Nordeste,PIX,Online
107064,2025-06-09,C1798,Headset,Eletrônicos,1,174.96,0.05,108.48,MS,Centro-Oeste,PIX,Marketplace
107065,2025-11-18,C1167,Cadeira,Escritório,1,2183.02,0,1528.11,AC,Norte,Boleto,Online
107066,2025-07-10,C2460,Teclado,Eletrônicos,1,582.21,0.1,349.33,RN,Nordeste,Boleto,Online
107067,2026-01-10,C0966,Air Fryer,Casa,1,890.68,0.05,570.04,RS,Sul,Cartão de débito,Online
107068,2025-01-04,C0305,Monitor,Eletrônicos,1,1795.15,0.15,1220.7,PB,Nordeste,PIX,Marketplace
107069,2025-07-13,C0544,Luminária,Escritório,2,199.74,0.1,103.86,RN,Nordeste,Boleto,Online
107070,2025-12-23,C1734,Smartphone,Eletrônicos,2,4351.18,0,3393.92,MT,Centro-Oeste,Boleto,Online
107071,2025-10-17,C2013,Hub USB,Acessórios,1,221.45,0,121.8,RN,Nordeste,Cartão de débito,Marketplace
107072,2025-05-11,C1581,Monitor,Eletrônicos,2,1518.99,0,1032.91,SE,Nordeste,PIX,Marketplace
107073,2025-12-08,C0928,Notebook,Eletrônicos,4,2733.62,0.1,1968.21,AL,Nordeste,PIX,Marketplace
107074,2025-07-10,C2077,Headset,Eletrônicos,1,501.81,0.1,311.12,SE,Nordeste,Cartão de débito,Marketplace
107075,2026-03-04,C0238,Aspirador,Casa,1,1347.0,0,902.49,AP,Norte,PIX,Online
107076,2026-04-07,C0115,Carregador,Acessórios,3,124.6,0.05,62.3,MS,Centro-Oeste,PIX,Marketplace
107077,2025-12-13,C0062,Aspirador,Casa,3,1485.49,0.1,995.28,MG,Sudeste,Boleto,Marketplace
107078,2025-02-21,C1937,Aspirador,Casa,2,339.74,0,227.63,MA,Nordeste,Cartão de débito,Marketplace
107079,2025-04-19,C0398,Luminária,Escritório,1,350.85,0.1,182.44,SC,Sul,PIX,Online
107080,2026-03-26,C2295,Mouse,Eletrônicos,3,385.44,0,223.56,PB,Nordeste,Cartão de crédito,Online
107081,2025-01-31,C2106,Air Fryer,Casa,4,926.02,0.05,592.65,RS,Sul,Cartão de crédito,Online
107082,2025-11-28,C0506,Luminária,Escritório,1,120.77,0.15,62.8,RS,Sul,PIX,Marketplace
107083,2026-03-09,C0120,Monitor,Eletrônicos,2,2380.09,0.1,1618.46,AC,Norte,Cartão de débito,Marketplace
107084,2026-01-28,C1916,Suporte para Monitor,Escritório,1,537.14,0.15,295.43,RN,Nordeste,Cartão de crédito,Marketplace
107085,2025-12-18,C0246,Monitor,Eletrônicos,2,1221.58,0.05,830.67,RJ,Sudeste,Cartão de débito,Online
107086,2025-01-23,C0399,Aspirador,Casa,2,1156.43,0,774.81,DF,Centro-Oeste,Cartão de crédito,Marketplace
107087,2026-06-13,C2315,Cafeteira,Casa,3,1017.33,0,661.26,ES,Sudeste,Boleto,Online
107088,2025-10-25,C1775,Mouse,Eletrônicos,1,458.94,0.05,266.19,PR,Sul,PIX,Online
107089,2025-09-12,C1068,Smartphone,Eletrônicos,1,4513.94,0.1,3520.87,ES,Sudeste,Cartão de débito,Marketplace
107090,2026-01-29,C1516,Mouse,Eletrônicos,1,172.04,0.15,99.78,SC,Sul,Boleto,Online
107091,2026-02-24,C2051,Cafeteira,Casa,1,607.88,0.1,395.12,AL,Nordeste,PIX,Marketplace
107092,2026-06-07,C1122,Suporte para Monitor,Escritório,1,580.41,0.15,319.23,RJ,Sudeste,PIX,Marketplace
107093,2025-12-05,C2316,Luminária,Escritório,1,389.03,0,202.3,AC,Norte,PIX,Marketplace
107094,2025-08-11,C0021,Aspirador,Casa,1,1118.57,0,749.44,SE,Nordeste,PIX,Marketplace
107095,2025-06-22,C0958,Monitor,Eletrônicos,1,2169.79,0.05,1475.46,RR,Norte,PIX,Marketplace
107096,2025-02-02,C0613,Cadeira,Escritório,2,526.19,0,368.33,RJ,Sudeste,Cartão de débito,Marketplace
107097,2025-03-10,C0130,Luminária,Escritório,1,331.23,0.15,172.24,RO,Norte,Cartão de crédito,Online
107098,2026-06-25,C0226,Hub USB,Acessórios,1,89.67,0.05,49.32,GO,Centro-Oeste,PIX,Marketplace
107099,2025-09-19,C1295,Aspirador,Casa,3,537.88,0.2,360.38,PA,Norte,Cartão de débito,Marketplace
107100,2026-04-27,C0549,Suporte para Monitor,Escritório,1,513.7,0.1,282.54,MS,Centro-Oeste,PIX,Online
107101,2025-01-08,C2328,Smartphone,Eletrônicos,1,3905.77,0.1,3046.5,PR,Sul,Boleto,Marketplace
107102,2025-05-16,C0291,Carregador,Acessórios,1,121.34,0,60.67,AL,Nordeste,Cartão de débito,Online
107103,2025-01-08,C2184,Notebook,Eletrônicos,5,4397.56,0.05,3166.24,PI,Nordeste,Boleto,Marketplace
107104,2025-11-12,C0983,Teclado,Eletrônicos,1,411.71,0,247.03,GO,Centro-Oeste,PIX,Marketplace
107105,2025-07-14,C0321,Luminária,Escritório,3,169.26,0,88.02,CE,Nordeste,Cartão de crédito,Online
107106,2025-07-25,C0587,Hub USB,Acessórios,1,269.57,0.15,148.26,RJ,Sudeste,Cartão de crédito,Online
107107,2026-04-28,C1849,Cabo USB,Acessórios,1,27.79,0.1,12.51,TO,Norte,PIX,Online
107108,2025-11-23,C2378,Cabo USB,Acessórios,1,46.42,0.05,20.89,ES,Sudeste,PIX,Online
107109,2025-10-08,C0162,Liquidificador,Casa,2,357.54,0.15,225.25,AL,Nordeste,Boleto,Online
107110,2026-04-15,C2138,Air Fryer,Casa,1,357.02,0.05,228.49,GO,Centro-Oeste,Cartão de débito,Online
107111,2026-03-26,C1548,Monitor,Eletrônicos,3,2073.97,0,1410.3,PA,Norte,PIX,Marketplace
107112,2025-02-16,C1032,Cabo USB,Acessórios,1,37.86,0.05,17.04,SE,Nordeste,Boleto,Marketplace
107113,2025-09-13,C0537,Hub USB,Acessórios,3,275.38,0.05,151.46,RN,Nordeste,Cartão de crédito,Marketplace
107114,2025-06-30,C2244,Notebook,Eletrônicos,2,3251.49,0.1,2341.07,PI,Nordeste,Cartão de débito,Online
107115,2026-01-05,C1867,Notebook,Eletrônicos,1,3045.48,0.05,2192.75,TO,Norte,Boleto,Online
107116,2026-01-31,C2140,Suporte para Monitor,Escritório,2,444.14,0.05,244.28,PE,Nordeste,Cartão de débito,Online
107117,2025-06-24,C1627,Aspirador,Casa,1,1172.88,0,785.83,RN,Nordeste,Cartão de crédito,Marketplace
107118,2026-06-24,C2353,Carregador,Acessórios,1,151.27,0.1,75.64,RR,Norte,Cartão de débito,Online
107119,2025-03-20,C0940,Smartphone,Eletrônicos,1,1126.25,0,878.48,PR,Sul,Cartão de crédito,Marketplace
107120,2025-08-04,C1228,Cadeira,Escritório,4,1563.98,0,1094.79,PE,Nordeste,PIX,Online
107121,2025-11-16,C1699,Liquidificador,Casa,1,131.9,0.1,83.1,PA,Norte,PIX,Online
107122,2025-08-09,C0376,Suporte para Monitor,Escritório,1,430.08,0.1,236.54,RN,Nordeste,PIX,Online
107123,2025-02-26,C0218,Hub USB,Acessórios,1,128.17,0.05,70.49,PE,Nordeste,Boleto,Marketplace
107124,2025-04-30,C0544,Mouse,Eletrônicos,2,96.43,0.1,55.93,PA,Norte,Boleto,Online
107125,2026-05-28,C0108,Mesa,Escritório,2,1256.57,0,854.47,MS,Centro-Oeste,Cartão de crédito,Online
107126,2026-05-25,C0214,Teclado,Eletrônicos,1,454.83,0,272.9,RR,Norte,Cartão de débito,Marketplace
107127,2025-03-05,C1956,Mouse,Eletrônicos,1,87.49,0.1,50.74,RO,Norte,Boleto,Marketplace
107128,2025-06-05,C1554,Mouse,Eletrônicos,3,257.95,0.2,149.61,RN,Nordeste,Boleto,Online
107129,2025-11-19,C2139,Aspirador,Casa,2,1233.32,0.2,826.32,RJ,Sudeste,PIX,Online
107130,2026-06-26,C1523,Monitor,Eletrônicos,2,1280.7,0,870.88,RJ,Sudeste,PIX,Marketplace
107131,2025-03-11,C1789,Mesa,Escritório,3,1660.35,0.05,1129.04,ES,Sudeste,Cartão de débito,Marketplace
107132,2025-11-24,C0581,Smartphone,Eletrônicos,1,2932.48,0.05,2287.33,PI,Nordeste,Cartão de crédito,Marketplace
107133,2025-09-04,C1944,Carregador,Acessórios,1,55.42,0,27.71,AL,Nordeste,PIX,Marketplace
107134,2026-04-19,C0321,Aspirador,Casa,1,417.59,0,279.79,RJ,Sudeste,Boleto,Online
107135,2025-04-03,C0935,Aspirador,Casa,1,294.38,0.1,197.23,BA,Nordeste,Boleto,Online
107136,2026-02-05,C2323,Mesa,Escritório,1,932.97,0.2,634.42,AM,Norte,Cartão de débito,Online
107137,2025-03-24,C2208,Cadeira,Escritório,1,1259.78,0.15,881.85,SP,Sudeste,PIX,Marketplace
107138,2025-04-05,C0114,Suporte para Monitor,Escritório,3,117.46,0.2,64.6,RO,Norte,Cartão de crédito,Marketplace
107139,2025-03-11,C1540,Carregador,Acessórios,1,172.47,0.1,86.23,MS,Centro-Oeste,Boleto,Marketplace
107140,2026-03-15,C1577,Cafeteira,Casa,2,498.94,0,324.31,RJ,Sudeste,Cartão de crédito,Marketplace
107141,2025-02-28,C0931,Mesa,Escritório,3,881.3,0.1,599.28,RN,Nordeste,Cartão de crédito,Online
107142,2025-03-09,C1167,Cadeira,Escritório,1,1821.26,0.1,1274.88,RN,Nordeste,Cartão de crédito,Online
107143,2025-11-16,C0260,Mouse,Eletrônicos,1,379.87,0,220.32,RJ,Sudeste,Cartão de débito,Online
107144,2025-07-31,C0071,Cabo USB,Acessórios,1,50.9,0.1,22.91,AM,Norte,Cartão de débito,Marketplace
107145,2026-04-18,C0931,Mesa,Escritório,1,1950.96,0.05,1326.65,AC,Norte,PIX,Online
107146,2025-11-12,C1516,Notebook,Eletrônicos,1,4175.66,0.2,3006.48,MA,Nordeste,PIX,Online
107147,2026-05-23,C1579,Cafeteira,Casa,1,498.91,0,324.29,BA,Nordeste,Cartão de crédito,Marketplace
107148,2026-01-05,C0639,Cadeira,Escritório,2,770.27,0.05,539.19,CE,Nordeste,PIX,Online
107149,2026-06-06,C1398,Headset,Eletrônicos,5,841.47,0,521.71,BA,Nordeste,Boleto,Online
107150,2025-12-26,C1292,Mouse,Eletrônicos,1,261.09,0,151.43,RS,Sul,Cartão de débito,Online
107151,2025-12-23,C1752,Notebook,Eletrônicos,1,5636.16,0.15,4058.04,ES,Sudeste,Cartão de crédito,Online
107152,2026-05-20,C0573,Air Fryer,Casa,4,787.56,0.15,504.04,AL,Nordeste,Boleto,Online
107153,2025-07-04,C0511,Carregador,Acessórios,4,198.25,0.05,99.12,AM,Norte,Cartão de débito,Online
107154,2025-05-01,C0314,Smartphone,Eletrônicos,1,3343.24,0.15,2607.73,MT,Centro-Oeste,Cartão de débito,Online
107155,2026-05-09,C2396,Carregador,Acessórios,2,227.02,0,113.51,DF,Centro-Oeste,Cartão de crédito,Online
107156,2025-03-26,C2488,Carregador,Acessórios,2,248.41,0.05,124.2,SP,Sudeste,Cartão de débito,Online
107157,2025-06-06,C2302,Carregador,Acessórios,2,181.43,0.1,90.72,GO,Centro-Oeste,Cartão de crédito,Online
107158,2025-08-30,C0836,Aspirador,Casa,2,1403.56,0.1,940.39,GO,Centro-Oeste,Boleto,Online
107159,2026-01-14,C2071,Air Fryer,Casa,2,305.86,0.2,195.75,GO,Centro-Oeste,Boleto,Marketplace
107160,2026-05-28,C0149,Luminária,Escritório,1,258.07,0.05,134.2,SC,Sul,PIX,Marketplace
107161,2025-09-25,C1120,Luminária,Escritório,1,143.88,0,74.82,MS,Centro-Oeste,Boleto,Marketplace
107162,2025-10-07,C0116,Carregador,Acessórios,2,239.31,0.05,119.66,PA,Norte,Boleto,Online
107163,2025-02-11,C1985,Mouse,Eletrônicos,3,187.37,0,108.67,TO,Norte,Cartão de débito,Marketplace
107164,2025-04-03,C1234,Monitor,Eletrônicos,1,1673.59,0.05,1138.04,TO,Norte,Cartão de débito,Marketplace
107165,2025-04-21,C1376,Cafeteira,Casa,3,591.64,0.1,384.57,RN,Nordeste,Boleto,Online
107166,2025-02-25,C1010,Aspirador,Casa,3,923.47,0,618.72,MA,Nordeste,PIX,Marketplace
107167,2026-03-08,C1863,Air Fryer,Casa,2,918.64,0,587.93,AP,Norte,Cartão de débito,Marketplace
107168,2025-08-12,C1068,Cafeteira,Casa,1,644.94,0.05,419.21,RJ,Sudeste,Cartão de crédito,Marketplace
107169,2026-01-22,C1672,Mesa,Escritório,3,1923.72,0,1308.13,PA,Norte,Boleto,Marketplace
107170,2026-06-16,C1099,Mesa,Escritório,4,493.84,0.1,335.81,RR,Norte,PIX,Marketplace
107171,2025-02-20,C1980,Teclado,Eletrônicos,1,181.45,0,108.87,SP,Sudeste,Cartão de débito,Online
107172,2025-12-14,C2414,Cafeteira,Casa,1,577.01,0.05,375.06,MA,Nordeste,,Online
107173,2026-01-06,C0094,Headset,Eletrônicos,2,375.67,0,232.92,SP,Sudeste,PIX,Marketplace
107174,2025-03-09,C2184,Suporte para Monitor,Escritório,1,242.11,0.05,133.16,MA,Nordeste,Boleto,Marketplace
107175,2025-05-14,C1771,Carregador,Acessórios,2,209.18,0.05,104.59,PA,Norte,Cartão de crédito,Online
107176,2026-05-03,C0959,Carregador,Acessórios,2,59.46,0.05,29.73,DF,Centro-Oeste,Cartão de crédito,Marketplace
107177,2025-10-09,C1736,Cabo USB,Acessórios,1,96.01,0,43.2,CE,Nordeste,Cartão de crédito,Marketplace
107178,2025-11-25,C1385,Monitor,Eletrônicos,1,753.5,0.1,512.38,PA,Norte,Cartão de débito,Online
107179,2025-10-25,C0932,Cafeteira,Casa,2,1181.72,0.05,768.12,PR,Sul,Boleto,Marketplace
107180,2025-08-18,C0396,Luminária,Escritório,1,242.1,0,125.89,PE,Nordeste,Cartão de crédito,Online
107181,2025-05-08,C0200,Suporte para Monitor,Escritório,1,472.66,0.1,259.96,PR,Sul,Boleto,Online
107182,2025-08-02,C0344,Headset,Eletrônicos,1,677.03,0.1,419.76,RO,Norte,PIX,Marketplace
107183,2026-06-11,C2245,Hub USB,Acessórios,1,111.03,0,61.07,TO,Norte,PIX,Online
107184,2025-03-31,C0370,Notebook,Eletrônicos,1,3873.95,0.05,2789.24,PI,Nordeste,Cartão de débito,Marketplace
107185,2025-11-07,C0190,Air Fryer,Casa,1,656.53,0,420.18,MS,Centro-Oeste,Boleto,Marketplace
107186,2025-04-21,C2252,Aspirador,Casa,3,1277.03,0.1,855.61,PR,Sul,Boleto,Online
107187,2025-04-16,C0793,Mesa,Escritório,2,1343.9,0.05,913.85,AC,Norte,Cartão de débito,Marketplace
107188,2025-08-13,C1107,Luminária,Escritório,1,270.78,0.05,140.81,PB,Nordeste,Boleto,Online
107189,2026-02-16,C2202,Carregador,Acessórios,2,113.47,0,56.73,BA,Nordeste,Boleto,Marketplace
107190,2026-04-17,C0455,Cadeira,Escritório,1,1884.73,0.1,1319.31,SC,Sul,Boleto,Marketplace
107191,2025-07-26,C0508,Cabo USB,Acessórios,3,72.04,0.1,32.42,SP,Sudeste,Boleto,Online
107192,2025-09-11,C0779,Mouse,Eletrônicos,1,295.36,0.1,171.31,AC,Norte,Cartão de crédito,Marketplace
107193,2025-10-04,C0655,Mesa,Escritório,3,1102.3,0.05,749.56,MS,Centro-Oeste,Boleto,Marketplace
107194,2025-10-05,C0422,Notebook,Eletrônicos,1,4952.62,0.15,3565.89,MT,Centro-Oeste,Boleto,Online
107195,2026-02-09,C1106,Cafeteira,Casa,1,443.55,0.05,288.31,MG,Sudeste,Boleto,Online
107196,2026-06-02,C1875,Mouse,Eletrônicos,1,398.15,0.15,230.93,AC,Norte,PIX,Online
107197,2025-10-17,C0615,Notebook,Eletrônicos,1,2513.22,0.2,1809.52,PA,Norte,Boleto,Marketplace
107198,2026-02-22,C0019,Cabo USB,Acessórios,1,65.71,0.1,29.57,PA,Norte,Boleto,Marketplace
107199,2025-07-11,C2022,Cafeteira,Casa,4,873.16,0,567.55,AM,Norte,Cartão de crédito,Marketplace
107200,2025-02-12,C2323,Carregador,Acessórios,1,186.02,0.05,93.01,DF,Centro-Oeste,Cartão de débito,Online
107201,2026-06-08,C0961,Hub USB,Acessórios,4,233.9,0.05,128.65,SP,Sudeste,Cartão de crédito,Online
107202,2025-05-14,C1149,Suporte para Monitor,Escritório,1,471.62,0,259.39,MA,Nordeste,Cartão de débito,Marketplace
107203,2026-02-09,C1974,Aspirador,Casa,1,565.31,0,378.76,RO,Norte,Cartão de débito,Online
107204,2025-12-03,C0093,Mouse,Eletrônicos,1,352.44,0.05,204.42,GO,Centro-Oeste,PIX,Online
107205,2025-12-06,C1074,Mesa,Escritório,1,689.57,0,468.91,MT,Centro-Oeste,Cartão de débito,Online
107206,2025-08-15,C1855,Liquidificador,Casa,3,165.16,0,104.05,SC,Sul,PIX,Online
107207,2026-06-11,C0247,Carregador,Acessórios,2,99.18,0.1,49.59,SC,Sul,PIX,Online
107208,2025-02-02,C2342,Liquidificador,Casa,1,489.58,0,308.44,BA,Nordeste,PIX,Online
107209,2025-11-19,C0447,Cabo USB,Acessórios,1,32.08,0.05,14.44,RJ,Sudeste,PIX,Online
107210,2026-01-29,C0023,Cadeira,Escritório,1,867.78,0,607.45,AM,Norte,Cartão de crédito,Online
107211,2025-03-28,C0970,Headset,Eletrônicos,2,696.8,0,432.02,MT,Centro-Oeste,Cartão de crédito,Online
107212,2025-11-13,C0043,Suporte para Monitor,Escritório,2,304.49,0.2,167.47,PR,Sul,Cartão de débito,Marketplace
107213,2026-01-11,C0162,Cadeira,Escritório,1,1673.46,0,1171.42,AP,Norte,Cartão de crédito,Online
107214,2025-05-17,C0525,Carregador,Acessórios,3,109.96,0.1,54.98,RO,Norte,Cartão de crédito,Online
107215,2026-01-28,C0414,Monitor,Eletrônicos,1,1367.79,0.1,930.1,PI,Nordeste,Cartão de crédito,Marketplace
107216,2025-07-12,C1670,Teclado,Eletrônicos,1,666.84,0.15,400.1,PE,Nordeste,Cartão de crédito,Marketplace
107217,2025-05-07,C2086,Teclado,Eletrônicos,1,219.1,0,131.46,PA,Norte,Cartão de débito,Marketplace
107218,2025-03-21,C0105,Monitor,Eletrônicos,1,1022.01,0.15,694.97,SC,Sul,Cartão de crédito,Online
107219,2025-11-19,C2078,Mouse,Eletrônicos,3,198.91,0,115.37,BA,Nordeste,PIX,Online
107220,2025-05-21,C0410,Headset,Eletrônicos,2,736.17,0.1,456.43,RJ,Sudeste,Boleto,Online
107221,2025-03-28,C2457,Monitor,Eletrônicos,3,1745.32,0,1186.82,PR,Sul,Cartão de crédito,Online
107222,2026-05-06,C2058,Cadeira,Escritório,2,2499.95,0.1,1749.96,TO,Norte,Cartão de crédito,Marketplace
107223,2025-11-28,C0494,Air Fryer,Casa,2,733.32,0,469.32,RO,Norte,Cartão de crédito,Marketplace
107224,2026-05-13,C1666,Smartphone,Eletrônicos,1,3658.27,0.05,2853.45,AM,Norte,Cartão de crédito,Online
107225,2025-10-10,C0857,Mesa,Escritório,2,1702.18,0.1,1157.48,MG,Sudeste,Cartão de crédito,Marketplace
107226,2025-01-02,C1236,Teclado,Eletrônicos,2,731.42,0.05,438.85,PR,Sul,Cartão de crédito,Marketplace
107227,2025-12-23,C1559,Aspirador,Casa,4,1059.56,0,709.91,SP,Sudeste,Cartão de débito,Online
107228,2025-07-15,C1776,Hub USB,Acessórios,2,111.92,0.1,61.56,MS,Centro-Oeste,Cartão de débito,Marketplace
107229,2026-01-18,C0518,Mouse,Eletrônicos,1,499.47,0,289.69,PB,Nordeste,Boleto,Marketplace
107230,2026-03-12,C1822,Teclado,Eletrônicos,4,150.22,0.2,90.13,SE,Nordeste,PIX,Marketplace
107231,2025-04-10,C0936,Notebook,Eletrônicos,1,5920.34,0.05,4262.64,MA,Nordeste,Cartão de débito,Online
107232,2025-11-13,C2390,Headset,Eletrônicos,1,182.63,0.1,113.23,SP,Sudeste,Boleto,Marketplace
107233,2026-04-29,C2258,Carregador,Acessórios,3,215.49,0.05,107.75,TO,Norte,Cartão de crédito,Online
107234,2025-12-19,C1184,Mouse,Eletrônicos,1,85.88,0.05,49.81,RJ,Sudeste,Boleto,Marketplace
107235,2025-09-19,C1310,Carregador,Acessórios,2,70.06,0.1,35.03,AC,Norte,,Online
107236,2025-09-26,C2124,Cadeira,Escritório,1,2012.78,0.05,1408.95,CE,Nordeste,PIX,Online
107237,2025-03-08,C1160,Cabo USB,Acessórios,3,98.08,0,44.14,AC,Norte,Boleto,Marketplace
107238,2025-04-09,C1982,Cabo USB,Acessórios,1,29.91,0.05,13.46,GO,Centro-Oeste,Cartão de crédito,Marketplace
107239,2025-08-17,C1109,Air Fryer,Casa,4,551.54,0,352.99,CE,Nordeste,Cartão de débito,Online
107240,2026-03-04,C2464,Mouse,Eletrônicos,1,294.15,0,170.61,ES,Sudeste,Cartão de crédito,Online
107241,2026-05-31,C1397,Monitor,Eletrônicos,2,777.92,0.05,528.99,PE,Nordeste,PIX,Online
107242,2025-09-22,C1047,Cafeteira,Casa,1,737.11,0.05,479.12,PB,Nordeste,PIX,Online
107243,2025-09-21,C0999,Hub USB,Acessórios,2,249.52,0.15,137.24,PE,Nordeste,PIX,Marketplace
107244,2025-01-18,C2429,Mouse,Eletrônicos,1,214.47,0,124.39,DF,Centro-Oeste,Cartão de crédito,Online
107245,2025-08-04,C0297,Carregador,Acessórios,3,211.24,0.15,105.62,MS,Centro-Oeste,PIX,Marketplace
107246,2025-05-15,C0753,Aspirador,Casa,3,545.74,0.1,365.65,MS,Centro-Oeste,PIX,Marketplace
107247,2025-06-09,C1796,Liquidificador,Casa,4,555.37,0.15,349.88,TO,Norte,Boleto,Online
107248,2025-10-12,C1314,Notebook,Eletrônicos,3,3693.78,0.05,2659.52,RR,Norte,PIX,Marketplace
107249,2025-10-19,C0276,Suporte para Monitor,Escritório,3,198.62,0.05,109.24,SC,Sul,Cartão de crédito,Online
107250,2025-06-14,C1425,Cadeira,Escritório,1,709.41,0.15,496.59,GO,Centro-Oeste,PIX,Marketplace
107251,2025-09-08,C0432,Headset,Eletrônicos,4,475.55,0.15,294.84,PB,Nordeste,PIX,Marketplace
107252,2026-03-13,C0912,Air Fryer,Casa,1,954.4,0,610.82,PA,Norte,Cartão de débito,Online
107253,2025-02-11,C0323,Cadeira,Escritório,1,2143.98,0,1500.79,PA,Norte,PIX,Marketplace
107254,2025-10-20,C0376,Suporte para Monitor,Escritório,1,294.95,0.1,162.22,SE,Nordeste,Cartão de débito,Marketplace
107255,2026-06-01,C0800,Mouse,Eletrônicos,2,430.29,0.05,249.57,PR,Sul,PIX,Marketplace
107256,2025-09-26,C0416,Cabo USB,Acessórios,2,29.8,0.1,13.41,AL,Nordeste,PIX,Marketplace
107257,2025-11-20,C1897,Suporte para Monitor,Escritório,1,106.82,0,58.75,RN,Nordeste,PIX,Marketplace
107258,2026-02-06,C0470,Carregador,Acessórios,1,66.85,0.05,33.42,TO,Norte,Boleto,Marketplace
107259,2025-08-19,C0753,Suporte para Monitor,Escritório,1,392.32,0.05,215.78,PR,Sul,Cartão de débito,Marketplace
107260,2025-07-25,C1733,Liquidificador,Casa,2,202.63,0.15,127.66,RJ,Sudeste,PIX,Marketplace
107261,2026-06-24,C0845,Headset,Eletrônicos,5,598.87,0,371.3,SE,Nordeste,PIX,Online
107262,2025-08-09,C0915,Hub USB,Acessórios,2,171.24,0.15,94.18,ES,Sudeste,Cartão de crédito,Marketplace
107263,2026-05-05,C1570,Luminária,Escritório,2,94.44,0,49.11,AC,Norte,PIX,Online
107264,2025-12-03,C2244,Cafeteira,Casa,3,979.9,0,636.94,PA,Norte,PIX,Marketplace
107265,2026-02-07,C0447,Monitor,Eletrônicos,1,1261.14,0,857.58,RR,Norte,Boleto,Marketplace
107266,2026-06-20,C1520,Notebook,Eletrônicos,3,5655.88,0,4072.23,RR,Norte,Cartão de crédito,Online
107267,2025-07-27,C0693,Suporte para Monitor,Escritório,3,165.14,0.1,90.83,RN,Nordeste,Cartão de débito,Online
107268,2025-04-11,C0581,Hub USB,Acessórios,1,129.22,0.05,71.07,MA,Nordeste,Boleto,Marketplace
107269,2025-08-26,C2488,Cabo USB,Acessórios,1,93.03,0.1,41.86,MG,Sudeste,Boleto,Online
107270,2026-05-22,C0669,Hub USB,Acessórios,4,226.58,0.05,124.62,RO,Norte,Boleto,Marketplace
107271,2025-09-23,C1883,Smartphone,Eletrônicos,2,2644.97,0.1,2063.08,AC,Norte,Boleto,Online
107272,2025-09-19,C0115,Luminária,Escritório,3,130.49,0,67.85,RO,Norte,Cartão de débito,Online
107273,2025-09-19,C1390,Aspirador,Casa,2,467.87,0.1,313.47,DF,Centro-Oeste,Cartão de crédito,Marketplace
107274,2025-10-05,C2204,Luminária,Escritório,2,138.84,0,72.2,RR,Norte,Cartão de crédito,Online
107275,2026-05-05,C2101,Cadeira,Escritório,3,2427.51,0,1699.26,GO,Centro-Oeste,Cartão de crédito,Marketplace
107276,2025-08-15,C0979,Notebook,Eletrônicos,2,3727.51,0.1,2683.81,PI,Nordeste,Cartão de crédito,Marketplace
107277,2025-09-12,C0165,Cafeteira,Casa,1,528.19,0.05,343.32,RS,Sul,Boleto,Online
107278,2026-02-17,C0749,Suporte para Monitor,Escritório,1,408.92,0.2,224.91,PB,Nordeste,Boleto,Online
107279,2025-02-13,C0796,Smartphone,Eletrônicos,1,3170.14,0.15,2472.71,SE,Nordeste,PIX,Marketplace
107280,2025-01-29,C1060,Cafeteira,Casa,1,496.54,0,322.75,RN,Nordeste,Cartão de crédito,Marketplace
107281,2025-04-11,C0825,Suporte para Monitor,Escritório,2,298.69,0,164.28,GO,Centro-Oeste,PIX,Online
107282,2025-04-01,C0053,Luminária,Escritório,1,244.78,0,127.29,MT,Centro-Oeste,Cartão de crédito,Marketplace
107283,2025-09-26,C2387,Hub USB,Acessórios,1,236.55,0.05,130.1,RO,Norte,PIX,Online
107284,2025-11-04,C2417,Headset,Eletrônicos,1,494.85,0.1,306.81,MT,Centro-Oeste,Cartão de débito,Marketplace
107285,2025-12-13,C1153,Air Fryer,Casa,2,880.08,0.1,563.25,MA,Nordeste,Cartão de crédito,Marketplace
107286,2025-07-27,C0255,Cabo USB,Acessórios,4,67.32,0.1,30.29,PR,Sul,Boleto,Online
107287,2025-12-28,C1824,Aspirador,Casa,2,463.04,0,310.24,AC,Norte,Boleto,Marketplace
107288,2026-03-21,C0878,Air Fryer,Casa,1,377.36,0.05,241.51,RJ,Sudeste,Boleto,Online
107289,2026-03-22,C0937,Cabo USB,Acessórios,3,97.87,0,44.04,AP,Norte,Cartão de débito,Marketplace
107290,2025-09-13,C1616,Suporte para Monitor,Escritório,2,417.18,0.05,229.45,AC,Norte,Cartão de crédito,Online
107291,2025-02-04,C0993,Cadeira,Escritório,1,738.94,0.1,517.26,PR,Sul,Cartão de débito,Online
107292,2026-02-19,C0755,Cadeira,Escritório,1,977.24,0.1,684.07,BA,Nordeste,,Marketplace
107293,2025-06-27,C0068,Smartphone,Eletrônicos,3,2290.78,0,1786.81,PR,Sul,Cartão de crédito,Online
107294,2025-01-03,C1557,Luminária,Escritório,1,249.84,0.05,129.92,PR,Sul,Boleto,Online
107295,2025-09-16,C1516,Mouse,Eletrônicos,1,415.31,0,240.88,AP,Norte,Cartão de débito,Online
107296,2026-04-27,C1632,Monitor,Eletrônicos,2,1963.24,0.05,1335.0,SP,Sudeste,Boleto,Online
107297,2026-04-22,C1254,Luminária,Escritório,1,286.2,0,148.82,RR,Norte,Cartão de débito,Marketplace
107298,2026-05-20,C0291,Mesa,Escritório,1,1476.63,0.15,1004.11,PB,Nordeste,Boleto,Online
107299,2026-02-03,C0078,Air Fryer,Casa,1,970.49,0,621.11,RO,Norte,Cartão de crédito,Online
107300,2025-08-07,C0285,Headset,Eletrônicos,1,166.15,0.15,103.01,PI,Nordeste,Cartão de débito,Marketplace
107301,2025-10-17,C1808,Carregador,Acessórios,1,247.07,0.05,123.53,AL,Nordeste,Cartão de crédito,Online
107302,2025-01-30,C0849,Cadeira,Escritório,2,1043.66,0,730.56,RN,Nordeste,Cartão de débito,Marketplace
107303,2025-01-10,C1125,Carregador,Acessórios,1,228.54,0.05,114.27,TO,Norte,Cartão de crédito,Online
107304,2026-06-23,C2287,Luminária,Escritório,2,267.11,0,138.9,RJ,Sudeste,PIX,Online
107305,2026-05-23,C2255,Suporte para Monitor,Escritório,1,325.8,0,179.19,RR,Norte,PIX,Marketplace
107306,2026-05-10,C1756,Suporte para Monitor,Escritório,4,299.61,0,164.79,RS,Sul,Cartão de crédito,Online
107307,2025-08-02,C1933,Hub USB,Acessórios,1,278.13,0.2,152.97,RR,Norte,Boleto,Marketplace
107308,2025-10-03,C0952,Luminária,Escritório,1,189.33,0.05,98.45,SC,Sul,PIX,Marketplace
107309,2025-10-17,C1089,Notebook,Eletrônicos,3,5147.84,0.1,3706.44,PE,Nordeste,Cartão de débito,Online
107310,2026-06-09,C2210,Mesa,Escritório,4,1405.89,0,956.01,MG,Sudeste,PIX,Online
107311,2025-12-23,C1154,Monitor,Eletrônicos,2,1519.44,0.1,1033.22,AM,Norte,PIX,Online
107312,2025-05-03,C2135,Notebook,Eletrônicos,2,3989.51,0,2872.45,MT,Centro-Oeste,Cartão de crédito,Marketplace
107313,2025-08-14,C2350,Mesa,Escritório,1,1525.05,0.05,1037.03,PB,Nordeste,Boleto,Marketplace
107314,2025-01-10,C0119,Luminária,Escritório,3,305.35,0,158.78,MG,Sudeste,Cartão de débito,Marketplace
107315,2025-10-26,C2153,Cadeira,Escritório,3,1669.57,0.15,1168.7,AM,Norte,Cartão de débito,Online
107316,2025-01-09,C1504,Carregador,Acessórios,1,229.58,0,114.79,SE,Nordeste,Cartão de crédito,Marketplace
107317,2026-05-30,C0167,Hub USB,Acessórios,1,259.23,0.15,142.58,SE,Nordeste,Cartão de crédito,Marketplace
107318,2025-09-14,C1426,Liquidificador,Casa,2,401.16,0.05,252.73,SC,Sul,PIX,Online
107319,2025-01-07,C2288,Liquidificador,Casa,1,276.65,0,174.29,AM,Norte,Cartão de débito,Online
107320,2025-12-21,C2136,Monitor,Eletrônicos,3,1399.92,0.05,951.95,RR,Norte,PIX,Marketplace
107321,2025-10-14,C0340,Smartphone,Eletrônicos,1,3932.86,0,3067.63,ES,Sudeste,Boleto,Marketplace
107322,2025-05-02,C0123,Liquidificador,Casa,1,317.46,0.15,200.0,AL,Nordeste,Cartão de débito,Marketplace
107323,2025-08-12,C0131,Luminária,Escritório,1,325.71,0.15,169.37,AC,Norte,Boleto,Marketplace
107324,2025-08-27,C1374,Cadeira,Escritório,1,1267.09,0.05,886.96,RS,Sul,Boleto,Online
107325,2025-05-29,C0396,Air Fryer,Casa,1,773.44,0,495.0,MA,Nordeste,Boleto,Online
107326,2025-10-09,C1977,Mesa,Escritório,2,1930.6,0.15,1312.81,CE,Nordeste,PIX,Online
107327,2025-03-09,C2450,Mesa,Escritório,2,1220.31,0.1,829.81,PI,Nordeste,Boleto,Online
107328,2026-06-08,C0589,Monitor,Eletrônicos,3,1572.95,0,1069.61,MS,Centro-Oeste,Boleto,Online
107329,2025-07-22,C0926,Headset,Eletrônicos,2,532.19,0,329.96,RO,Norte,Cartão de débito,Online
107330,2025-07-07,C0528,Hub USB,Acessórios,1,233.73,0.1,128.55,MA,Nordeste,Cartão de crédito,Online
107331,2025-05-18,C1409,Luminária,Escritório,2,374.08,0.1,194.52,AC,Norte,Boleto,Online
107332,2026-01-13,C0289,Carregador,Acessórios,1,183.96,0.2,91.98,SE,Nordeste,Boleto,Online
107333,2025-07-27,C0477,Suporte para Monitor,Escritório,2,407.73,0,224.25,MG,Sudeste,Boleto,Online
107334,2026-06-08,C1616,Cabo USB,Acessórios,3,28.9,0.05,13.0,MS,Centro-Oeste,Cartão de crédito,Online
107335,2025-10-15,C1100,Air Fryer,Casa,1,391.42,0.1,250.51,TO,Norte,Cartão de crédito,Online
107336,2026-04-21,C1156,Cadeira,Escritório,2,924.64,0.1,647.25,MG,Sudeste,PIX,Marketplace
107337,2025-01-02,C1227,Headset,Eletrônicos,2,421.8,0,261.52,DF,Centro-Oeste,Cartão de débito,Marketplace
107338,2026-04-24,C1389,Suporte para Monitor,Escritório,1,257.92,0.1,141.86,AL,Nordeste,Boleto,Online
107339,2025-12-17,C0871,Liquidificador,Casa,2,516.35,0.1,325.3,TO,Norte,Cartão de crédito,Online
107340,2026-05-16,C0835,Cafeteira,Casa,1,373.2,0.05,242.58,CE,Nordeste,Cartão de crédito,Online
107341,2025-11-14,C1174,Liquidificador,Casa,2,581.71,0.1,366.48,PR,Sul,Cartão de crédito,Marketplace
107342,2026-04-24,C0957,Mouse,Eletrônicos,1,324.25,0.05,188.06,PR,Sul,Cartão de crédito,Marketplace
107343,2026-06-04,C1754,Hub USB,Acessórios,3,136.58,0,75.12,GO,Centro-Oeste,Cartão de débito,Marketplace
107344,2025-06-21,C0052,Smartphone,Eletrônicos,2,2252.52,0.1,1756.97,GO,Centro-Oeste,Boleto,Online
107345,2025-05-04,C2355,Monitor,Eletrônicos,1,984.1,0,669.19,AP,Norte,PIX,Online
107346,2025-05-10,C0621,Smartphone,Eletrônicos,1,1614.32,0,1259.17,SE,Nordeste,Boleto,Online
107347,2025-02-08,C1737,Mouse,Eletrônicos,1,227.14,0.05,131.74,AL,Nordeste,Boleto,Marketplace
107348,2025-07-14,C1804,Monitor,Eletrônicos,4,1491.72,0,1014.37,MG,Sudeste,PIX,Marketplace
107349,2025-12-28,C0957,Hub USB,Acessórios,3,273.69,0.2,150.53,PR,Sul,PIX,Marketplace
107350,2025-07-30,C1880,Aspirador,Casa,1,378.53,0.1,253.62,RJ,Sudeste,PIX,Marketplace
107351,2025-03-06,C1936,Teclado,Eletrônicos,3,482.54,0.05,289.52,PI,Nordeste,PIX,Online
107352,2025-05-03,C2165,Mesa,Escritório,2,1086.94,0,739.12,RS,Sul,Boleto,Marketplace
107353,2026-05-31,C1897,Monitor,Eletrônicos,1,1355.29,0,921.6,RN,Nordeste,Cartão de débito,Online
107354,2025-02-20,C0077,Notebook,Eletrônicos,1,4205.12,0.1,3027.69,RR,Norte,PIX,Online
107355,2025-12-03,C1775,Luminária,Escritório,1,337.12,0,175.3,MG,Sudeste,Cartão de débito,Marketplace
107356,2026-03-03,C0260,Notebook,Eletrônicos,4,3559.06,0.1,2562.52,MS,Centro-Oeste,Cartão de crédito,Online
107357,2026-04-16,C1202,Mouse,Eletrônicos,1,277.76,0.2,161.1,RS,Sul,Boleto,Marketplace
107358,2025-08-31,C0454,Mouse,Eletrônicos,2,456.87,0.05,264.98,RJ,Sudeste,Cartão de débito,Marketplace
107359,2026-01-15,C1667,Notebook,Eletrônicos,3,4955.82,0.2,3568.19,DF,Centro-Oeste,Cartão de débito,Marketplace
107360,2025-06-16,C0958,Suporte para Monitor,Escritório,1,126.1,0,69.36,BA,Nordeste,PIX,Online
107361,2025-09-15,C2087,Teclado,Eletrônicos,3,406.0,0,243.6,RO,Norte,Boleto,Online
107362,2025-04-23,C0333,Carregador,Acessórios,2,90.43,0.05,45.22,RO,Norte,PIX,Online
107363,2025-03-12,C0786,Mesa,Escritório,2,1881.86,0,1279.66,AL,Nordeste,Cartão de débito,Marketplace
107364,2026-04-03,C2151,Liquidificador,Casa,3,533.6,0.05,336.17,PR,Sul,PIX,Marketplace
107365,2026-06-18,C2042,Teclado,Eletrônicos,1,606.64,0,363.98,ES,Sudeste,Boleto,Online
107366,2025-05-14,C2268,Cafeteira,Casa,1,843.09,0,548.01,SC,Sul,Boleto,Marketplace
107367,2025-04-05,C0834,Liquidificador,Casa,3,346.69,0.05,218.41,MA,Nordeste,PIX,Marketplace
107368,2025-12-10,C1218,Notebook,Eletrônicos,1,3731.6,0,2686.75,ES,Sudeste,Cartão de débito,Marketplace
107369,2026-05-04,C0141,Monitor,Eletrônicos,2,984.66,0.1,669.57,MS,Centro-Oeste,Cartão de crédito,Marketplace
107370,2025-01-13,C1925,Teclado,Eletrônicos,3,430.38,0.05,258.23,GO,Centro-Oeste,Boleto,Marketplace
107371,2025-07-28,C1568,Mesa,Escritório,3,400.87,0.1,272.59,MA,Nordeste,PIX,Marketplace
107372,2025-10-16,C0573,Hub USB,Acessórios,1,161.34,0.05,88.74,SE,Nordeste,Cartão de débito,Online
107373,2025-12-20,C0824,Suporte para Monitor,Escritório,1,227.85,0,125.32,PI,Nordeste,Cartão de crédito,Online
107374,2026-01-22,C2424,Headset,Eletrônicos,1,204.84,0.1,127.0,AM,Norte,Cartão de débito,Marketplace
107375,2025-02-17,C0247,Headset,Eletrônicos,2,732.39,0.2,454.08,RO,Norte,PIX,Online
107376,2025-02-22,C0551,Liquidificador,Casa,2,557.38,0.05,351.15,MS,Centro-Oeste,PIX,Online
107377,2026-04-29,C0091,Carregador,Acessórios,4,182.7,0,91.35,RS,Sul,Boleto,Marketplace
107378,2026-05-27,C2281,Suporte para Monitor,Escritório,3,314.23,0,172.83,PI,Nordeste,Boleto,Online
107379,2026-02-12,C0284,Aspirador,Casa,1,1150.19,0.05,770.63,DF,Centro-Oeste,Cartão de débito,Online
107380,2025-10-29,C1230,Notebook,Eletrônicos,2,4631.92,0.2,3334.98,MA,Nordeste,Cartão de crédito,Marketplace
107381,2025-12-08,C2398,Teclado,Eletrônicos,1,108.93,0.1,65.36,BA,Nordeste,PIX,Marketplace
107382,2026-04-18,C0044,Headset,Eletrônicos,3,206.57,0.1,128.07,MG,Sudeste,Cartão de crédito,Online
107383,2025-04-18,C1489,Hub USB,Acessórios,1,112.84,0.15,62.06,SE,Nordeste,Boleto,Marketplace
107384,2026-06-22,C1276,Notebook,Eletrônicos,1,4044.96,0.1,2912.37,RJ,Sudeste,,Marketplace
107385,2025-11-27,C0263,Liquidificador,Casa,1,222.99,0,140.48,AM,Norte,Cartão de débito,Online
107386,2026-04-18,C0007,Suporte para Monitor,Escritório,1,327.56,0.1,180.16,TO,Norte,Boleto,Online
107387,2025-12-28,C2006,Hub USB,Acessórios,4,209.27,0.2,115.1,MT,Centro-Oeste,Boleto,Online
107388,2025-02-23,C1799,Cafeteira,Casa,1,1124.67,0.1,731.04,TO,Norte,Boleto,Online
107389,2025-11-21,C2271,Suporte para Monitor,Escritório,1,471.64,0,259.4,SP,Sudeste,Cartão de crédito,Online
107390,2025-06-18,C0090,Headset,Eletrônicos,1,451.38,0,279.86,AM,Norte,Boleto,Marketplace
107391,2026-05-29,C0985,Headset,Eletrônicos,1,213.67,0.1,132.48,RO,Norte,Cartão de crédito,Online
107392,2026-05-31,C0728,Headset,Eletrônicos,2,300.93,0.1,186.58,PA,Norte,Cartão de crédito,Online
107393,2025-11-16,C2443,Luminária,Escritório,3,315.73,0.1,164.18,AP,Norte,Cartão de crédito,Online
107394,2025-12-21,C0440,Smartphone,Eletrônicos,2,1644.73,0.1,1282.89,MA,Nordeste,Cartão de crédito,Marketplace
107395,2025-06-28,C2383,Cabo USB,Acessórios,4,71.68,0,32.26,GO,Centro-Oeste,Cartão de débito,Marketplace
107396,2026-03-02,C2176,Air Fryer,Casa,1,455.77,0,291.69,BA,Nordeste,Cartão de débito,Marketplace
107397,2026-03-12,C0200,Mouse,Eletrônicos,1,346.74,0.05,201.11,ES,Sudeste,Cartão de débito,Online
107398,2026-05-07,C0871,Notebook,Eletrônicos,1,5784.26,0.15,4164.67,PA,Norte,Cartão de crédito,Online
107399,2025-06-20,C0358,Mouse,Eletrônicos,1,342.73,0.1,198.78,AP,Norte,Boleto,Marketplace
107400,2025-04-08,C0247,Mouse,Eletrônicos,1,266.03,0.1,154.3,MA,Nordeste,Cartão de débito,Online
107401,2025-02-22,C0142,Mesa,Escritório,2,1322.6,0,899.37,AM,Norte,Boleto,Online
107402,2026-06-01,C0116,Cadeira,Escritório,1,1242.96,0,870.07,RO,Norte,Cartão de crédito,Marketplace
107403,2025-11-07,C0440,Notebook,Eletrônicos,1,3065.6,0.15,2207.23,MG,Sudeste,Cartão de crédito,Online
107404,2026-05-31,C1867,Headset,Eletrônicos,2,849.64,0,526.78,GO,Centro-Oeste,Cartão de débito,Marketplace
107405,2025-02-12,C0800,Cabo USB,Acessórios,2,67.12,0,30.2,SP,Sudeste,Boleto,Online
107406,2025-09-04,C2019,Liquidificador,Casa,3,586.65,0.1,369.59,MG,Sudeste,PIX,Marketplace
107407,2025-11-07,C0501,Teclado,Eletrônicos,1,592.98,0.05,355.79,ES,Sudeste,Boleto,Marketplace
107408,2025-03-07,C0173,Luminária,Escritório,2,257.77,0.1,134.04,CE,Nordeste,Cartão de débito,Marketplace
107409,2025-06-13,C1916,Smartphone,Eletrônicos,1,1911.35,0.05,1490.85,SC,Sul,PIX,Marketplace
107410,2025-12-29,C0751,Monitor,Eletrônicos,2,1929.03,0.15,1311.74,PA,Norte,PIX,Marketplace
107411,2025-01-14,C2365,Cadeira,Escritório,3,2287.44,0.05,1601.21,PB,Nordeste,Boleto,Online
107412,2025-10-04,C0144,Suporte para Monitor,Escritório,5,567.8,0.1,312.29,GO,Centro-Oeste,PIX,Online
107413,2026-01-16,C1435,Teclado,Eletrônicos,1,159.4,0.2,95.64,SE,Nordeste,Boleto,Marketplace
107414,2026-03-13,C1776,Hub USB,Acessórios,3,297.01,0.05,163.36,MG,Sudeste,Boleto,Online
107415,2025-10-19,C0707,Monitor,Eletrônicos,2,759.4,0,516.39,RS,Sul,PIX,Online
107416,2026-06-26,C0590,Suporte para Monitor,Escritório,3,132.75,0.1,73.01,SE,Nordeste,Cartão de crédito,Online
107417,2026-01-29,C0477,Cabo USB,Acessórios,3,54.31,0,24.44,TO,Norte,PIX,Online
107418,2026-04-23,C1341,Aspirador,Casa,1,1183.08,0,792.66,GO,Centro-Oeste,Cartão de crédito,Marketplace
107419,2025-11-10,C0971,Liquidificador,Casa,2,245.84,0.05,154.88,DF,Centro-Oeste,Cartão de débito,Marketplace
107420,2025-06-28,C1697,Suporte para Monitor,Escritório,2,398.43,0,219.14,MS,Centro-Oeste,Cartão de crédito,Online
107421,2025-07-13,C1145,Air Fryer,Casa,3,911.39,0.1,583.29,RJ,Sudeste,PIX,Marketplace
107422,2025-06-13,C1893,Headset,Eletrônicos,1,895.21,0.05,555.03,RS,Sul,PIX,Marketplace
107423,2026-02-06,C0096,Teclado,Eletrônicos,1,243.52,0,146.11,TO,Norte,Boleto,Marketplace
107424,2026-04-28,C2481,Smartphone,Eletrônicos,2,3663.75,0.05,2857.72,MS,Centro-Oeste,Cartão de débito,Online
107425,2025-02-28,C1847,Monitor,Eletrônicos,4,953.39,0,648.31,CE,Nordeste,Cartão de crédito,Online
107426,2026-03-01,C0766,Notebook,Eletrônicos,2,2590.83,0.2,1865.4,PE,Nordeste,Boleto,Marketplace
107427,2025-01-04,C1370,Suporte para Monitor,Escritório,3,532.73,0.05,293.0,MS,Centro-Oeste,Cartão de crédito,Online
107428,2026-01-14,C0641,Mesa,Escritório,3,1233.42,0.1,838.73,SE,Nordeste,Cartão de débito,Marketplace
107429,2025-01-27,C1811,Aspirador,Casa,2,578.86,0,387.84,SP,Sudeste,Cartão de débito,Marketplace
107430,2026-02-25,C0427,Teclado,Eletrônicos,1,799.13,0,479.48,PI,Nordeste,Boleto,Online
107431,2025-01-16,C1347,Monitor,Eletrônicos,3,2157.77,0,1467.28,MG,Sudeste,Cartão de crédito,Online
107432,2025-05-08,C2159,Cadeira,Escritório,5,1064.44,0,745.11,GO,Centro-Oeste,PIX,Marketplace
107433,2025-06-24,C0837,Monitor,Eletrônicos,1,2104.45,0.2,1431.03,AP,Norte,,Marketplace
107434,2025-05-04,C1412,Hub USB,Acessórios,3,158.8,0,87.34,PI,Nordeste,Cartão de crédito,Marketplace
107435,2025-01-11,C1984,Notebook,Eletrônicos,1,4302.22,0.15,3097.6,PR,Sul,Boleto,Online
107436,2025-03-25,C0587,Monitor,Eletrônicos,1,1991.46,0.1,1354.19,ES,Sudeste,PIX,Online
107437,2025-06-27,C0197,Suporte para Monitor,Escritório,1,561.34,0.1,308.74,PA,Norte,Boleto,Marketplace
107438,2025-11-17,C1895,Hub USB,Acessórios,1,246.41,0.05,135.53,DF,Centro-Oeste,Boleto,Online
107439,2025-01-17,C0112,Mesa,Escritório,1,1352.47,0,919.68,MA,Nordeste,Boleto,Marketplace
107440,2025-08-04,C0490,Mouse,Eletrônicos,2,125.52,0,72.8,AM,Norte,Cartão de crédito,Marketplace
107441,2025-07-22,C0321,Carregador,Acessórios,5,115.99,0.05,57.99,DF,Centro-Oeste,Cartão de crédito,Online
107442,2026-03-12,C0453,Luminária,Escritório,1,211.04,0.05,109.74,GO,Centro-Oeste,Cartão de crédito,Online
107443,2026-01-22,C0089,Cabo USB,Acessórios,1,72.01,0.05,32.4,PR,Sul,PIX,Marketplace
107444,2026-04-07,C1410,Monitor,Eletrônicos,1,1732.64,0.1,1178.2,RR,Norte,Boleto,Online
107445,2025-09-30,C0239,Luminária,Escritório,2,386.11,0,200.78,PA,Norte,PIX,Marketplace
107446,2025-10-09,C0252,Cafeteira,Casa,1,717.47,0,466.36,MA,Nordeste,Cartão de crédito,Online
107447,2026-04-13,C1854,Carregador,Acessórios,1,112.76,0.05,56.38,AC,Norte,Cartão de débito,Marketplace
107448,2025-01-02,C0798,Hub USB,Acessórios,3,191.66,0.05,105.41,AP,Norte,Cartão de débito,Online
107449,2025-01-10,C1916,Monitor,Eletrônicos,4,1066.97,0.1,725.54,RN,Nordeste,PIX,Marketplace
107450,2026-04-01,C0014,Air Fryer,Casa,1,392.53,0.05,251.22,DF,Centro-Oeste,Cartão de débito,Marketplace
107451,2025-05-17,C1074,Mouse,Eletrônicos,2,266.92,0,154.81,DF,Centro-Oeste,Cartão de débito,Marketplace
107452,2026-05-01,C1563,Hub USB,Acessórios,1,128.8,0,70.84,DF,Centro-Oeste,Boleto,Online
107453,2026-01-08,C0809,Aspirador,Casa,1,404.11,0,270.75,PI,Nordeste,Cartão de crédito,Online
107454,2025-12-10,C0551,Suporte para Monitor,Escritório,1,327.99,0.1,180.39,RN,Nordeste,PIX,Marketplace
107455,2026-03-23,C1464,Luminária,Escritório,3,197.18,0,102.53,CE,Nordeste,Cartão de débito,Online
107456,2025-08-09,C1813,Monitor,Eletrônicos,1,2394.45,0,1628.23,CE,Nordeste,PIX,Marketplace
107457,2025-03-17,C0654,Hub USB,Acessórios,3,234.61,0,129.04,MT,Centro-Oeste,Boleto,Marketplace
107458,2025-03-18,C1317,Liquidificador,Casa,1,517.96,0.15,326.31,TO,Norte,Cartão de débito,Online
107459,2025-03-08,C0341,Air Fryer,Casa,1,987.47,0.05,631.98,BA,Nordeste,Cartão de crédito,Online
107460,2025-06-13,C2363,Carregador,Acessórios,1,147.15,0,73.58,AP,Norte,Cartão de crédito,Marketplace
107461,2025-03-20,C0883,Smartphone,Eletrônicos,4,1110.85,0.1,866.46,BA,Nordeste,Cartão de débito,Marketplace
107462,2026-06-16,C2418,Luminária,Escritório,1,274.66,0.1,142.82,PI,Nordeste,Cartão de débito,Marketplace
107463,2026-05-08,C1144,Hub USB,Acessórios,1,121.26,0.2,66.69,MA,Nordeste,Boleto,Online
107464,2026-01-10,C1112,Cadeira,Escritório,2,2377.75,0.05,1664.42,PI,Nordeste,Cartão de débito,Marketplace
107465,2025-02-13,C1068,Suporte para Monitor,Escritório,1,465.53,0.15,256.04,RJ,Sudeste,Boleto,Marketplace
107466,2026-05-13,C0370,Teclado,Eletrônicos,1,510.14,0.2,306.08,TO,Norte,PIX,Marketplace
107467,2025-07-09,C2298,Liquidificador,Casa,1,301.69,0.15,190.06,SC,Sul,PIX,Marketplace
107468,2025-01-12,C1271,Monitor,Eletrônicos,1,1926.94,0.2,1310.32,MA,Nordeste,PIX,Marketplace
107469,2025-06-19,C0204,Teclado,Eletrônicos,1,262.37,0.2,157.42,RN,Nordeste,Cartão de crédito,Online
107470,2025-07-05,C1106,Suporte para Monitor,Escritório,1,409.34,0.1,225.14,AM,Norte,Boleto,Marketplace
107471,2025-11-24,C0812,Hub USB,Acessórios,1,217.28,0.05,119.5,BA,Nordeste,Cartão de crédito,Marketplace
107472,2025-02-22,C1486,Cadeira,Escritório,1,1101.25,0,770.88,AP,Norte,PIX,Online
107473,2026-03-04,C1211,Aspirador,Casa,2,1358.03,0,909.88,GO,Centro-Oeste,Cartão de crédito,Online
107474,2026-02-15,C1851,Aspirador,Casa,1,272.48,0,182.56,AL,Nordeste,Cartão de débito,Marketplace
107475,2025-09-02,C2094,Hub USB,Acessórios,1,247.33,0.05,136.03,PI,Nordeste,Cartão de crédito,Marketplace
107476,2025-03-14,C2303,Headset,Eletrônicos,1,570.76,0,353.87,RJ,Sudeste,Boleto,Online
107477,2025-02-17,C1408,Liquidificador,Casa,1,257.12,0.05,161.99,MA,Nordeste,Cartão de crédito,Online
107478,2025-12-22,C0699,Hub USB,Acessórios,3,93.47,0.2,51.41,RJ,Sudeste,Boleto,Marketplace
107479,2025-01-26,C1200,Mesa,Escritório,2,781.04,0.05,531.11,ES,Sudeste,PIX,Online
107480,2026-04-29,C1989,Mouse,Eletrônicos,1,432.53,0.1,250.87,BA,Nordeste,Cartão de débito,Marketplace
107481,2025-09-02,C2402,Mouse,Eletrônicos,1,132.22,0,76.69,BA,Nordeste,Cartão de crédito,Online
107482,2025-10-12,C0186,Hub USB,Acessórios,1,189.06,0,103.98,PR,Sul,Boleto,Online
107483,2025-08-06,C0685,Aspirador,Casa,4,1075.63,0.05,720.67,AC,Norte,Cartão de débito,Marketplace
107484,2026-05-01,C0568,Suporte para Monitor,Escritório,2,236.72,0,130.2,TO,Norte,Boleto,Online
107485,2025-06-11,C1736,Mouse,Eletrônicos,1,281.12,0.05,163.05,BA,Nordeste,Cartão de débito,Online
107486,2025-08-30,C0650,Liquidificador,Casa,2,141.12,0.15,88.91,PA,Norte,Cartão de débito,Online
107487,2025-06-03,C1825,Mouse,Eletrônicos,1,122.13,0.1,70.84,PB,Nordeste,Cartão de débito,Marketplace
107488,2025-03-15,C1870,Aspirador,Casa,1,1028.95,0.1,689.4,RR,Norte,Cartão de crédito,Online
107489,2025-10-23,C0583,Mouse,Eletrônicos,1,421.25,0,244.32,AL,Nordeste,Cartão de débito,Marketplace
107490,2026-01-15,C0660,Hub USB,Acessórios,1,233.13,0,128.22,SP,Sudeste,Cartão de débito,Marketplace
107491,2025-02-06,C0109,Aspirador,Casa,3,1007.67,0.1,675.14,AL,Nordeste,Boleto,Marketplace
107492,2025-03-26,C1129,Mesa,Escritório,4,949.8,0.1,645.86,DF,Centro-Oeste,PIX,Marketplace
107493,2025-11-10,C0578,Aspirador,Casa,2,1000.57,0.1,670.38,BA,Nordeste,Boleto,Online
107494,2025-07-12,C0671,Luminária,Escritório,2,145.34,0.1,75.58,MT,Centro-Oeste,Cartão de débito,Online
107495,2025-12-28,C1524,Hub USB,Acessórios,5,178.43,0.1,98.14,TO,Norte,Cartão de débito,Marketplace
107496,2025-04-05,C0950,Cadeira,Escritório,4,891.79,0.15,624.25,ES,Sudeste,Boleto,Marketplace
107497,2025-04-27,C0595,Cafeteira,Casa,3,620.11,0,403.07,RN,Nordeste,Boleto,Marketplace
107498,2026-03-30,C0144,Mesa,Escritório,1,571.32,0.15,388.5,RJ,Sudeste,PIX,Online
107499,2025-08-24,C0928,Air Fryer,Casa,1,576.83,0.1,369.17,AM,Norte,PIX,Marketplace
107500,2025-05-06,C0844,Notebook,Eletrônicos,1,4428.65,0,3188.63,AP,Norte,Cartão de crédito,Online
107501,2025-03-27,C0320,Aspirador,Casa,3,801.39,0.1,536.93,PR,Sul,Cartão de crédito,Online
107502,2025-02-02,C0341,Mouse,Eletrônicos,4,271.14,0.2,157.26,MT,Centro-Oeste,Cartão de débito,Online
107503,2025-02-10,C1626,Luminária,Escritório,1,281.43,0.15,146.34,MT,Centro-Oeste,Boleto,Marketplace
107504,2025-01-01,C1969,Air Fryer,Casa,1,735.74,0.05,470.87,CE,Nordeste,Boleto,Online
107505,2026-04-09,C1282,Carregador,Acessórios,4,162.14,0,81.07,SC,Sul,PIX,Online
107506,2025-01-19,C0528,Smartphone,Eletrônicos,2,3101.96,0.05,2419.53,RS,Sul,Cartão de débito,Marketplace
107507,2025-09-08,C0600,Notebook,Eletrônicos,4,3791.86,0,2730.14,AC,Norte,Boleto,Marketplace
107508,2026-02-10,C0783,Carregador,Acessórios,3,182.08,0,91.04,RJ,Sudeste,Cartão de débito,Online
107509,2025-11-27,C0808,Suporte para Monitor,Escritório,1,218.58,0.1,120.22,RN,Nordeste,Cartão de crédito,Online
107510,2026-01-25,C1267,Suporte para Monitor,Escritório,3,482.25,0.2,265.24,MA,Nordeste,Cartão de crédito,Marketplace
107511,2025-09-16,C1692,Liquidificador,Casa,2,410.43,0,258.57,DF,Centro-Oeste,Boleto,Marketplace
107512,2025-06-04,C1772,Hub USB,Acessórios,2,91.39,0,50.26,CE,Nordeste,Boleto,Online
107513,2025-07-11,C0657,Cafeteira,Casa,1,942.86,0.1,612.86,GO,Centro-Oeste,PIX,Online
107514,2025-07-26,C1096,Smartphone,Eletrônicos,2,1980.68,0.15,1544.93,TO,Norte,Cartão de crédito,Marketplace
107515,2026-06-15,C2167,Cafeteira,Casa,2,800.46,0,520.3,SC,Sul,Cartão de crédito,Marketplace
107516,2025-06-15,C2060,Aspirador,Casa,3,1273.14,0,853.0,AL,Nordeste,Cartão de crédito,Marketplace
107517,2025-03-29,C0086,Monitor,Eletrônicos,2,1818.69,0.05,1236.71,AC,Norte,Cartão de débito,Online
107518,2025-05-10,C0388,Smartphone,Eletrônicos,1,4867.43,0.1,3796.6,SP,Sudeste,Boleto,Online
107519,2026-06-12,C1239,Hub USB,Acessórios,2,228.79,0,125.83,PA,Norte,Cartão de débito,Online
107520,2026-04-14,C1661,Cabo USB,Acessórios,3,54.14,0.1,24.36,ES,Sudeste,Cartão de crédito,Online
107521,2025-12-09,C0824,Liquidificador,Casa,1,469.1,0.1,295.53,RO,Norte,PIX,Online
107522,2025-08-08,C1572,Mouse,Eletrônicos,1,419.53,0,243.33,RJ,Sudeste,PIX,Marketplace
107523,2025-12-21,C0054,Headset,Eletrônicos,1,433.51,0,268.78,BA,Nordeste,Cartão de débito,Marketplace
107524,2025-02-10,C2383,Mesa,Escritório,2,1851.72,0.1,1259.17,PE,Nordeste,Cartão de débito,Online
107525,2025-10-21,C2381,Hub USB,Acessórios,3,127.11,0.05,69.91,RR,Norte,Cartão de crédito,Marketplace
107526,2026-03-23,C2100,Smartphone,Eletrônicos,1,3982.19,0.1,3106.11,RN,Nordeste,Cartão de débito,Online
107527,2025-07-24,C1906,Hub USB,Acessórios,1,264.96,0.1,145.73,PI,Nordeste,PIX,Marketplace
107528,2025-09-04,C1651,Carregador,Acessórios,1,73.79,0.1,36.9,ES,Sudeste,Cartão de débito,Online
107529,2025-05-28,C2331,Notebook,Eletrônicos,1,4045.79,0.05,2912.97,SC,Sul,Cartão de débito,Online
107530,2026-06-27,C1759,Cadeira,Escritório,1,1047.13,0.15,732.99,PA,Norte,Cartão de débito,Online
107531,2025-05-15,C0591,Liquidificador,Casa,1,156.55,0,98.63,AM,Norte,PIX,Online
107532,2025-01-06,C1488,Cafeteira,Casa,1,590.48,0,383.81,SE,Nordeste,Boleto,Marketplace
107533,2026-02-18,C0443,Notebook,Eletrônicos,2,3029.58,0.2,2181.3,PI,Nordeste,PIX,Online
107534,2025-06-26,C0511,Liquidificador,Casa,1,269.36,0.2,169.7,MT,Centro-Oeste,Cartão de débito,Online
107535,2025-04-13,C1783,Air Fryer,Casa,2,482.9,0.05,309.06,GO,Centro-Oeste,Cartão de crédito,Online
107536,2026-05-02,C1196,Suporte para Monitor,Escritório,2,272.78,0.1,150.03,ES,Sudeste,Boleto,Marketplace
107537,2025-04-28,C0604,Luminária,Escritório,1,386.15,0.1,200.8,RN,Nordeste,PIX,Marketplace
107538,2026-03-12,C1238,Suporte para Monitor,Escritório,2,381.8,0.15,209.99,PB,Nordeste,Cartão de crédito,Online
107539,2026-04-30,C1864,Headset,Eletrônicos,2,457.94,0.2,283.92,PE,Nordeste,Cartão de débito,Marketplace
107540,2025-11-17,C1917,Liquidificador,Casa,1,261.33,0.1,164.64,PA,Norte,Cartão de débito,Online
107541,2025-04-22,C0785,Monitor,Eletrônicos,1,1395.48,0,948.93,SC,Sul,Cartão de crédito,Online
107542,2025-05-13,C1082,Hub USB,Acessórios,1,245.63,0.15,135.1,AL,Nordeste,PIX,Online
107543,2025-06-12,C0273,Cadeira,Escritório,2,1772.47,0.2,1240.73,RR,Norte,Boleto,Online
107544,2026-05-22,C1862,Suporte para Monitor,Escritório,2,196.45,0,108.05,MG,Sudeste,Cartão de débito,Online
107545,2025-02-09,C1100,Cafeteira,Casa,1,248.76,0.1,161.69,SE,Nordeste,Cartão de crédito,Online
107546,2025-05-14,C0365,Smartphone,Eletrônicos,3,4526.26,0,3530.48,GO,Centro-Oeste,PIX,Online
107547,2026-01-15,C1387,Cadeira,Escritório,1,2103.12,0.1,1472.18,PI,Nordeste,Cartão de crédito,Online
107548,2026-01-29,C0819,Monitor,Eletrônicos,1,1662.09,0,1130.22,AC,Norte,Cartão de crédito,Marketplace
107549,2026-04-06,C1563,Suporte para Monitor,Escritório,1,583.78,0,321.08,DF,Centro-Oeste,Cartão de crédito,Marketplace
107550,2025-03-06,C1635,Cadeira,Escritório,1,764.67,0.05,535.27,PE,Nordeste,Boleto,Online
107551,2025-02-08,C1117,Hub USB,Acessórios,1,223.06,0.1,122.68,ES,Sudeste,PIX,Online
107552,2026-04-06,C1797,Air Fryer,Casa,4,825.65,0.05,528.42,MG,Sudeste,Cartão de crédito,Online
107553,2025-12-16,C1111,Carregador,Acessórios,3,61.2,0.1,30.6,RS,Sul,PIX,Marketplace
107554,2025-09-03,C0848,Suporte para Monitor,Escritório,1,427.46,0,235.1,MA,Nordeste,PIX,Online
107555,2026-03-17,C0192,Cafeteira,Casa,4,354.57,0,230.47,AL,Nordeste,Cartão de crédito,Online
107556,2026-05-26,C0132,Monitor,Eletrônicos,1,1545.68,0.15,1051.06,AL,Nordeste,Cartão de crédito,Online
107557,2026-03-21,C2495,Smartphone,Eletrônicos,2,2741.6,0.05,2138.45,DF,Centro-Oeste,Cartão de crédito,Marketplace
107558,2026-03-18,C0090,Suporte para Monitor,Escritório,1,267.62,0.1,147.19,AC,Norte,Cartão de crédito,Marketplace
107559,2025-10-08,C1099,Cafeteira,Casa,2,807.67,0.1,524.99,RN,Nordeste,Cartão de crédito,Marketplace
107560,2025-07-11,C2292,Monitor,Eletrônicos,1,1957.77,0.15,1331.28,AL,Nordeste,Cartão de débito,Online
107561,2025-12-11,C1365,Cadeira,Escritório,1,1109.29,0.1,776.5,DF,Centro-Oeste,PIX,Marketplace
107562,2026-06-18,C0157,Monitor,Eletrônicos,1,745.06,0.05,506.64,PE,Nordeste,Cartão de crédito,Online
107563,2025-03-22,C1705,Suporte para Monitor,Escritório,2,161.67,0.15,88.92,RS,Sul,Cartão de débito,Marketplace
107564,2025-10-26,C1323,Cafeteira,Casa,2,372.57,0,242.17,PA,Norte,Cartão de débito,Online
107565,2026-01-31,C1056,Headset,Eletrônicos,1,760.86,0.1,471.73,ES,Sudeste,Boleto,Marketplace
107566,2026-03-02,C0393,Aspirador,Casa,2,1344.62,0.1,900.9,AL,Nordeste,Cartão de crédito,Marketplace
107567,2026-01-06,C1691,Teclado,Eletrônicos,1,556.09,0,333.65,PI,Nordeste,PIX,Online
107568,2025-01-30,C1736,Cabo USB,Acessórios,1,78.7,0.05,35.41,ES,Sudeste,Cartão de débito,Marketplace
107569,2025-03-05,C1610,Cabo USB,Acessórios,1,75.69,0.05,34.06,SC,Sul,Cartão de débito,Marketplace
107570,2025-03-10,C1279,Cabo USB,Acessórios,1,99.31,0.05,44.69,DF,Centro-Oeste,Boleto,Marketplace
107571,2025-01-19,C0078,Monitor,Eletrônicos,1,903.69,0.05,614.51,SE,Nordeste,Boleto,Marketplace
107572,2026-04-01,C0029,Liquidificador,Casa,2,451.0,0.05,284.13,SP,Sudeste,Cartão de crédito,Marketplace
107573,2026-02-12,C0285,Cadeira,Escritório,1,1372.84,0,960.99,AL,Nordeste,PIX,Online
107574,2026-01-16,C0273,Mouse,Eletrônicos,1,416.54,0,241.59,AC,Norte,Cartão de crédito,Online
107575,2025-04-22,C1126,Suporte para Monitor,Escritório,1,176.07,0.05,96.84,PA,Norte,PIX,Marketplace
107576,2026-01-29,C2401,Liquidificador,Casa,1,285.03,0,179.57,AL,Nordeste,Cartão de crédito,Marketplace
107577,2025-10-09,C1092,Notebook,Eletrônicos,2,3311.86,0,2384.54,MT,Centro-Oeste,Cartão de crédito,Online
107578,2026-04-06,C0562,Mouse,Eletrônicos,2,267.57,0,155.19,ES,Sudeste,Cartão de débito,Online
107579,2025-02-11,C1420,Headset,Eletrônicos,1,852.08,0.05,528.29,RJ,Sudeste,Cartão de débito,Marketplace
107580,2026-01-20,C0862,Headset,Eletrônicos,1,316.2,0.1,196.04,MS,Centro-Oeste,PIX,Marketplace
107581,2026-04-23,C2098,Notebook,Eletrônicos,1,4287.95,0.1,3087.32,PR,Sul,Cartão de crédito,Online
107582,2025-06-17,C0549,Cadeira,Escritório,1,1730.69,0,1211.48,RJ,Sudeste,PIX,Online
107583,2025-03-23,C0325,Air Fryer,Casa,1,987.94,0.05,632.28,MS,Centro-Oeste,Boleto,Online
107584,2026-06-07,C0933,Aspirador,Casa,1,1327.43,0.15,889.38,SP,Sudeste,Boleto,Online
107585,2025-08-24,C2387,Cadeira,Escritório,1,2087.15,0,1461.0,RO,Norte,Cartão de débito,Marketplace
107586,2025-03-20,C0533,Mesa,Escritório,3,1463.32,0.05,995.06,MT,Centro-Oeste,Boleto,Marketplace
107587,2025-03-20,C0014,Cafeteira,Casa,1,771.91,0,501.74,GO,Centro-Oeste,Boleto,Marketplace
107588,2025-07-02,C1810,Aspirador,Casa,1,1346.39,0.05,902.08,MG,Sudeste,Cartão de crédito,Marketplace
107589,2026-03-05,C2452,Monitor,Eletrônicos,2,1679.42,0,1142.01,MS,Centro-Oeste,Cartão de débito,Marketplace
107590,2025-03-23,C0472,Monitor,Eletrônicos,1,2216.96,0.15,1507.53,RJ,Sudeste,Boleto,Online
107591,2025-09-05,C0704,Cabo USB,Acessórios,3,28.38,0.05,12.77,PB,Nordeste,Cartão de crédito,Marketplace
107592,2025-06-03,C0304,Hub USB,Acessórios,1,262.69,0.1,144.48,SP,Sudeste,Boleto,Marketplace
107593,2025-02-27,C1370,Mesa,Escritório,1,1814.45,0,1233.83,SP,Sudeste,Cartão de crédito,Online
107594,2026-05-20,C0339,Luminária,Escritório,1,225.47,0.1,117.24,SE,Nordeste,PIX,Online
107595,2025-09-23,C0861,Cadeira,Escritório,2,1897.2,0.1,1328.04,AL,Nordeste,Cartão de crédito,Online
107596,2026-06-14,C0455,Luminária,Escritório,3,328.63,0.15,170.89,AM,Norte,Cartão de crédito,Marketplace
107597,2025-09-05,C0212,Headset,Eletrônicos,4,809.18,0.1,501.69,PE,Nordeste,Cartão de débito,Online
107598,2026-02-27,C2259,Aspirador,Casa,2,751.27,0,503.35,TO,Norte,Boleto,Online
107599,2026-01-17,C1898,Teclado,Eletrônicos,1,134.62,0.1,80.77,MS,Centro-Oeste,Cartão de débito,Online
107600,2025-08-25,C1815,Hub USB,Acessórios,2,233.64,0.05,128.5,PB,Nordeste,Boleto,Online
107601,2025-12-06,C1977,Cadeira,Escritório,1,585.66,0,409.96,AM,Norte,Cartão de débito,Marketplace
107602,2025-03-15,C1901,Cadeira,Escritório,1,1493.03,0.1,1045.12,PA,Norte,Cartão de débito,Marketplace
107603,2026-05-12,C0698,Mouse,Eletrônicos,1,327.54,0.1,189.97,RN,Nordeste,Cartão de débito,Marketplace
107604,2025-05-04,C0641,Air Fryer,Casa,2,788.49,0,504.63,MG,Sudeste,Cartão de crédito,Online
107605,2026-06-24,C0745,Headset,Eletrônicos,5,760.99,0.05,471.81,AL,Nordeste,Cartão de crédito,Online
107606,2025-04-10,C0001,Smartphone,Eletrônicos,1,2305.24,0.05,1798.09,SE,Nordeste,Boleto,Online
107607,2025-04-05,C0681,Monitor,Eletrônicos,1,1933.99,0.1,1315.11,TO,Norte,Cartão de débito,Marketplace
107608,2026-01-21,C0925,Mesa,Escritório,1,884.08,0,601.17,AC,Norte,PIX,Marketplace
107609,2026-03-04,C1574,Teclado,Eletrônicos,1,234.52,0.1,140.71,PA,Norte,Cartão de crédito,Online
107610,2026-03-31,C0955,Cafeteira,Casa,1,665.55,0.15,432.61,TO,Norte,PIX,Marketplace
107611,2026-06-15,C0286,Monitor,Eletrônicos,1,1950.7,0.1,1326.48,RO,Norte,Cartão de crédito,Marketplace
107612,2025-08-20,C0878,Hub USB,Acessórios,2,195.82,0.05,107.7,CE,Nordeste,PIX,Marketplace
107613,2025-12-30,C1493,Aspirador,Casa,1,1365.45,0,914.85,MG,Sudeste,Cartão de débito,Marketplace
107614,2026-03-31,C1270,Luminária,Escritório,3,138.45,0,71.99,RJ,Sudeste,PIX,Online
107615,2026-01-17,C1433,Headset,Eletrônicos,1,223.28,0.05,138.43,RS,Sul,Boleto,Marketplace
107616,2026-04-08,C1031,Aspirador,Casa,1,1083.64,0.1,726.04,MA,Nordeste,Boleto,Marketplace
107617,2025-10-17,C2367,Carregador,Acessórios,3,138.92,0,69.46,PE,Nordeste,PIX,Online
107618,2025-07-13,C0611,Carregador,Acessórios,1,212.64,0,106.32,MG,Sudeste,Cartão de crédito,Online
107619,2025-10-16,C0797,Headset,Eletrônicos,2,228.89,0.1,141.91,MA,Nordeste,Cartão de crédito,Online
107620,2025-06-02,C1012,Monitor,Eletrônicos,2,909.06,0.1,618.16,PA,Norte,Cartão de crédito,Online
107621,2025-02-11,C0498,Liquidificador,Casa,1,351.77,0.1,221.62,DF,Centro-Oeste,Cartão de crédito,Online
107622,2025-07-27,C0576,Carregador,Acessórios,1,124.02,0,62.01,SP,Sudeste,Boleto,Marketplace
107623,2025-07-01,C1213,Notebook,Eletrônicos,2,2756.43,0.05,1984.63,DF,Centro-Oeste,Cartão de débito,Marketplace
107624,2026-04-09,C1898,Cabo USB,Acessórios,1,68.64,0.05,30.89,AC,Norte,Boleto,Marketplace
107625,2025-01-03,C1892,Cafeteira,Casa,1,1134.83,0.1,737.64,PI,Nordeste,Cartão de débito,Online
107626,2026-05-11,C2473,Mouse,Eletrônicos,2,379.94,0,220.37,AC,Norte,PIX,Marketplace
107627,2025-07-01,C2183,Liquidificador,Casa,1,239.04,0.05,150.6,SE,Nordeste,Boleto,Online
107628,2026-06-10,C1881,Mesa,Escritório,1,539.66,0.15,366.97,PB,Nordeste,PIX,Online
107629,2026-01-27,C1925,Cadeira,Escritório,1,1315.54,0.2,920.88,CE,Nordeste,PIX,Online
107630,2025-07-30,C0672,Teclado,Eletrônicos,3,177.31,0.1,106.39,RN,Nordeste,Cartão de crédito,Online
107631,2026-05-28,C0761,Luminária,Escritório,1,155.38,0.1,80.8,PR,Sul,Cartão de crédito,Marketplace
107632,2025-01-04,C2120,Luminária,Escritório,4,203.57,0.15,105.86,SE,Nordeste,PIX,Online
107633,2025-05-17,C1179,Hub USB,Acessórios,3,196.3,0.15,107.97,MG,Sudeste,Cartão de crédito,Marketplace
107634,2025-04-15,C2000,Hub USB,Acessórios,4,282.15,0.05,155.18,PE,Nordeste,Cartão de crédito,Marketplace
107635,2026-05-17,C1851,Headset,Eletrônicos,2,204.25,0.1,126.64,SC,Sul,Boleto,Marketplace
107636,2026-04-22,C0838,Notebook,Eletrônicos,4,3989.8,0.15,2872.66,TO,Norte,,Online
107637,2025-11-08,C0233,Monitor,Eletrônicos,3,2210.18,0.1,1502.92,AP,Norte,Cartão de débito,Online
107638,2026-02-01,C0705,Cafeteira,Casa,2,1181.45,0.1,767.94,RO,Norte,Boleto,Online
107639,2025-03-26,C0869,Teclado,Eletrônicos,1,260.3,0.05,156.18,RJ,Sudeste,Boleto,Marketplace
107640,2026-03-27,C2416,Teclado,Eletrônicos,4,402.11,0.2,241.27,SE,Nordeste,Cartão de crédito,Marketplace
107641,2026-02-15,C1556,Headset,Eletrônicos,1,718.27,0,445.33,RR,Norte,Cartão de débito,Marketplace
107642,2026-05-20,C0169,Mesa,Escritório,1,744.33,0,506.14,ES,Sudeste,Cartão de débito,Marketplace
107643,2025-05-24,C0349,Smartphone,Eletrônicos,3,1493.32,0.1,1164.79,SE,Nordeste,Cartão de crédito,Marketplace
107644,2026-04-15,C0897,Mouse,Eletrônicos,1,260.1,0,150.86,PE,Nordeste,Cartão de débito,Marketplace
107645,2026-03-18,C2000,Mouse,Eletrônicos,1,388.68,0.1,225.43,GO,Centro-Oeste,PIX,Online
107646,2025-11-04,C2220,Cadeira,Escritório,1,2461.26,0,1722.88,SP,Sudeste,Boleto,Online
107647,2026-01-22,C2099,Mouse,Eletrônicos,3,448.05,0.05,259.87,ES,Sudeste,PIX,Marketplace
107648,2026-04-13,C1983,Carregador,Acessórios,1,190.23,0.05,95.11,AM,Norte,Cartão de débito,Marketplace
107649,2025-05-29,C1465,Teclado,Eletrônicos,2,263.59,0.1,158.15,MS,Centro-Oeste,Cartão de crédito,Marketplace
107650,2026-03-06,C2055,Cafeteira,Casa,1,1019.29,0,662.54,MA,Nordeste,Cartão de crédito,Online
107651,2026-02-05,C0273,Mouse,Eletrônicos,5,326.84,0,189.57,PR,Sul,Cartão de débito,Marketplace
107652,2025-11-19,C1547,Hub USB,Acessórios,2,157.31,0.1,86.52,RR,Norte,Cartão de débito,Marketplace
107653,2026-04-24,C0936,Luminária,Escritório,4,130.18,0.1,67.69,TO,Norte,PIX,Online
107654,2026-03-02,C1844,Luminária,Escritório,1,88.87,0,46.21,PR,Sul,Cartão de débito,Marketplace
107655,2026-05-13,C1097,Mouse,Eletrônicos,1,95.71,0.15,55.51,RJ,Sudeste,Boleto,Online
107656,2026-02-15,C1786,Hub USB,Acessórios,1,196.27,0.15,107.95,CE,Nordeste,Boleto,Online
107657,2026-01-29,C1028,Cadeira,Escritório,5,735.42,0,514.79,SP,Sudeste,Boleto,Marketplace
107658,2025-02-15,C0629,Suporte para Monitor,Escritório,2,530.37,0,291.7,CE,Nordeste,PIX,Online
107659,2025-12-30,C1683,Cafeteira,Casa,1,792.04,0,514.83,PE,Nordeste,Cartão de crédito,Marketplace
107660,2025-03-01,C1758,Smartphone,Eletrônicos,2,4461.94,0.1,3480.31,PB,Nordeste,Cartão de crédito,Online
107661,2025-08-11,C0603,Suporte para Monitor,Escritório,1,589.74,0.05,324.36,SP,Sudeste,PIX,Marketplace
107662,2025-06-07,C0758,Cafeteira,Casa,2,210.07,0,136.55,MT,Centro-Oeste,PIX,Marketplace
107663,2025-10-18,C0228,Headset,Eletrônicos,1,666.19,0,413.04,SE,Nordeste,PIX,Marketplace
107664,2026-06-22,C1980,Mesa,Escritório,3,487.03,0,331.18,AP,Norte,Cartão de crédito,Marketplace
107665,2025-02-14,C1345,Smartphone,Eletrônicos,1,1165.97,0,909.46,SE,Nordeste,PIX,Online
107666,2026-06-22,C1577,Mesa,Escritório,1,909.14,0,618.22,AC,Norte,Cartão de crédito,Marketplace
107667,2025-04-12,C1295,Aspirador,Casa,2,1070.07,0.1,716.95,PB,Nordeste,Cartão de crédito,Marketplace
107668,2026-05-19,C1699,Cadeira,Escritório,1,1656.0,0.1,1159.2,AP,Norte,Cartão de débito,Online
107669,2025-05-03,C2336,Liquidificador,Casa,1,199.77,0,125.86,MG,Sudeste,PIX,Online
107670,2026-01-10,C1192,Suporte para Monitor,Escritório,2,139.62,0.2,76.79,RO,Norte,Boleto,Online
107671,2025-07-01,C0566,Monitor,Eletrônicos,1,1926.28,0.2,1309.87,RO,Norte,Boleto,Marketplace
107672,2026-03-07,C1538,Headset,Eletrônicos,1,322.02,0,199.65,RO,Norte,,Marketplace
107673,2025-11-06,C2142,Smartphone,Eletrônicos,2,1169.92,0.1,912.54,RN,Nordeste,PIX,Marketplace
107674,2025-11-02,C1669,Teclado,Eletrônicos,2,559.87,0.2,335.92,ES,Sudeste,Cartão de crédito,Online
107675,2026-04-21,C1485,Suporte para Monitor,Escritório,1,593.24,0,326.28,SC,Sul,Boleto,Marketplace
107676,2025-01-13,C1027,Hub USB,Acessórios,1,283.92,0.1,156.16,MT,Centro-Oeste,Boleto,Marketplace
107677,2025-08-21,C2469,Smartphone,Eletrônicos,1,1147.01,0,894.67,AL,Nordeste,Cartão de débito,Online
107678,2025-12-02,C1973,Cadeira,Escritório,1,868.08,0,607.66,RS,Sul,Cartão de crédito,Online
107679,2025-03-07,C0617,Headset,Eletrônicos,1,641.93,0.1,398.0,BA,Nordeste,PIX,Online
107680,2025-10-23,C0489,Mouse,Eletrônicos,1,258.1,0.05,149.7,SC,Sul,Cartão de crédito,Marketplace
107681,2026-02-06,C1690,Cadeira,Escritório,2,2334.64,0,1634.25,AP,Norte,Cartão de crédito,Online
107682,2025-12-06,C1245,Carregador,Acessórios,1,216.78,0.1,108.39,AM,Norte,Cartão de débito,Online
107683,2026-01-03,C0139,Smartphone,Eletrônicos,1,2503.32,0,1952.59,MA,Nordeste,,Marketplace
107684,2026-04-20,C1827,Mouse,Eletrônicos,2,118.27,0,68.6,MG,Sudeste,PIX,Marketplace
107685,2026-06-18,C2196,Mouse,Eletrônicos,1,201.9,0.05,117.1,GO,Centro-Oeste,Cartão de crédito,Online
107686,2025-11-25,C0640,Aspirador,Casa,1,669.28,0.15,448.42,AC,Norte,PIX,Marketplace
107687,2025-10-11,C0385,Suporte para Monitor,Escritório,3,343.13,0.1,188.72,MT,Centro-Oeste,Cartão de crédito,Online
107688,2025-06-21,C0856,Mouse,Eletrônicos,1,190.1,0.05,110.26,BA,Nordeste,Boleto,Marketplace
107689,2025-02-03,C0718,Carregador,Acessórios,2,123.52,0.15,61.76,MA,Nordeste,Boleto,Marketplace
107690,2026-02-26,C1420,Headset,Eletrônicos,3,722.22,0,447.78,MG,Sudeste,PIX,Marketplace
107691,2026-06-21,C1187,Mouse,Eletrônicos,1,482.52,0.15,279.86,RR,Norte,Cartão de débito,Online
107692,2025-04-06,C1746,Smartphone,Eletrônicos,1,4337.9,0.2,3383.56,SC,Sul,Cartão de débito,Marketplace
107693,2025-04-04,C0798,Luminária,Escritório,1,183.76,0,95.56,AP,Norte,Cartão de crédito,Online
107694,2025-09-22,C2343,Hub USB,Acessórios,2,107.3,0,59.02,SP,Sudeste,Boleto,Marketplace
107695,2025-02-20,C2033,Monitor,Eletrônicos,1,1931.66,0.05,1313.53,RJ,Sudeste,PIX,Marketplace
107696,2026-01-30,C0567,Cadeira,Escritório,5,876.83,0.1,613.78,PI,Nordeste,Boleto,Marketplace
107697,2025-03-06,C1156,Luminária,Escritório,3,226.1,0.1,117.57,DF,Centro-Oeste,Cartão de crédito,Marketplace
107698,2025-01-30,C2403,Teclado,Eletrônicos,1,533.3,0.2,319.98,PB,Nordeste,Boleto,Online
107699,2025-05-12,C1597,Cafeteira,Casa,3,1039.41,0.1,675.62,PR,Sul,PIX,Online
107700,2025-08-27,C0398,Monitor,Eletrônicos,1,1146.53,0.05,779.64,RR,Norte,Cartão de crédito,Online
107701,2025-01-01,C0665,Air Fryer,Casa,1,638.83,0.05,408.85,PA,Norte,Boleto,Marketplace
107702,2026-03-12,C1204,Notebook,Eletrônicos,1,4277.86,0.2,3080.06,DF,Centro-Oeste,Cartão de crédito,Online
107703,2025-06-09,C2308,Hub USB,Acessórios,2,175.46,0,96.5,CE,Nordeste,PIX,Marketplace
107704,2025-12-16,C1836,Teclado,Eletrônicos,1,241.85,0,145.11,CE,Nordeste,Cartão de crédito,Marketplace
107705,2025-02-21,C0217,Smartphone,Eletrônicos,1,3506.79,0,2735.3,PI,Nordeste,Cartão de crédito,Marketplace
107706,2025-08-13,C1262,Air Fryer,Casa,3,983.81,0,629.64,PI,Nordeste,PIX,Marketplace
107707,2025-03-02,C1760,Mesa,Escritório,1,1839.65,0.2,1250.96,RS,Sul,Cartão de débito,Marketplace
107708,2026-01-20,C2386,Cafeteira,Casa,2,1115.64,0,725.17,PA,Norte,Cartão de crédito,Online
107709,2025-05-21,C1459,Mesa,Escritório,1,1665.37,0.1,1132.45,PB,Nordeste,Cartão de crédito,Marketplace
107710,2025-08-05,C0932,Liquidificador,Casa,3,132.37,0,83.39,AP,Norte,Boleto,Marketplace
107711,2025-04-13,C1131,Mesa,Escritório,1,1016.29,0.15,691.08,SC,Sul,Boleto,Online
107712,2026-02-21,C1010,Cadeira,Escritório,3,995.43,0,696.8,RR,Norte,Cartão de débito,Online
107713,2025-03-16,C0375,Aspirador,Casa,1,397.78,0.05,266.51,RS,Sul,Boleto,Marketplace
107714,2025-04-26,C1981,Air Fryer,Casa,2,962.1,0.1,615.74,ES,Sudeste,PIX,Online
107715,2025-06-12,C1776,Teclado,Eletrônicos,2,719.77,0.05,431.86,MS,Centro-Oeste,Boleto,Online
107716,2025-07-14,C1520,Hub USB,Acessórios,1,131.17,0,72.14,BA,Nordeste,Boleto,Marketplace
107717,2025-12-07,C2438,Cafeteira,Casa,1,340.71,0,221.46,RR,Norte,Boleto,Marketplace
107718,2026-04-06,C1236,Suporte para Monitor,Escritório,1,332.75,0.1,183.01,MG,Sudeste,Boleto,Marketplace
107719,2025-05-20,C1504,Mouse,Eletrônicos,1,293.47,0.05,170.21,AL,Nordeste,Cartão de crédito,Online
107720,2025-06-08,C0261,Teclado,Eletrônicos,2,799.07,0,479.44,PR,Sul,Cartão de débito,Online
107721,2025-12-06,C1130,Liquidificador,Casa,1,186.24,0.1,117.33,ES,Sudeste,PIX,Marketplace
107722,2025-09-15,C0750,Luminária,Escritório,1,198.33,0,103.13,PR,Sul,Boleto,Online
107723,2025-01-10,C1927,Headset,Eletrônicos,1,208.65,0,129.36,PA,Norte,Boleto,Online
107724,2026-06-05,C0775,Hub USB,Acessórios,5,220.27,0.15,121.15,MA,Nordeste,Cartão de débito,Online
107725,2025-05-08,C1778,Headset,Eletrônicos,1,192.9,0,119.6,SP,Sudeste,Cartão de crédito,Online
107726,2026-04-05,C0172,Luminária,Escritório,1,126.35,0.2,65.7,RO,Norte,Cartão de crédito,Marketplace
107727,2025-10-17,C1061,Cabo USB,Acessórios,2,24.97,0,11.24,PA,Norte,Cartão de débito,Online
107728,2025-05-11,C0670,Headset,Eletrônicos,2,463.1,0.05,287.12,SC,Sul,Cartão de débito,Online
107729,2025-06-19,C1217,Cabo USB,Acessórios,2,82.27,0.1,37.02,PB,Nordeste,Cartão de crédito,Online
107730,2025-08-02,C1248,Carregador,Acessórios,1,180.75,0.2,90.38,MS,Centro-Oeste,PIX,Online
107731,2025-06-04,C1308,Cafeteira,Casa,1,672.93,0.1,437.4,AP,Norte,Cartão de débito,Online
107732,2026-03-29,C0259,Luminária,Escritório,1,255.49,0,132.85,PB,Nordeste,Cartão de crédito,Marketplace
107733,2025-10-21,C1658,Mesa,Escritório,1,463.95,0,315.49,GO,Centro-Oeste,PIX,Marketplace
107734,2026-05-28,C1386,Mesa,Escritório,5,1343.3,0.1,913.44,AM,Norte,Cartão de crédito,Online
107735,2026-04-29,C1881,Aspirador,Casa,2,565.06,0.1,378.59,MS,Centro-Oeste,PIX,Marketplace
107736,2025-04-18,C0507,Cafeteira,Casa,2,996.84,0,647.95,MG,Sudeste,Cartão de débito,Online
107737,2025-07-10,C0429,Smartphone,Eletrônicos,3,4078.3,0,3181.07,AP,Norte,Boleto,Marketplace
107738,2026-01-01,C0375,Mouse,Eletrônicos,2,321.36,0,186.39,PA,Norte,Cartão de crédito,Online
107739,2026-06-14,C1018,Mouse,Eletrônicos,1,119.57,0.05,69.35,RR,Norte,Cartão de débito,Online
107740,2025-02-26,C1821,Notebook,Eletrônicos,1,5486.66,0.15,3950.4,MT,Centro-Oeste,Boleto,Online
107741,2025-12-31,C1048,Notebook,Eletrônicos,1,2629.86,0.1,1893.5,RR,Norte,Cartão de crédito,Online
107742,2026-02-23,C1682,Suporte para Monitor,Escritório,1,577.41,0,317.58,RS,Sul,Cartão de débito,Marketplace
107743,2025-05-30,C0990,Mouse,Eletrônicos,2,472.89,0.2,274.28,RN,Nordeste,PIX,Marketplace
107744,2025-10-01,C2325,Mesa,Escritório,2,1089.51,0.05,740.87,MS,Centro-Oeste,Cartão de débito,Online
107745,2025-11-04,C2143,Mesa,Escritório,2,979.52,0.05,666.07,RS,Sul,Cartão de débito,Marketplace
107746,2025-03-31,C1675,Cabo USB,Acessórios,1,71.48,0.1,32.17,PI,Nordeste,Boleto,Online
107747,2025-05-12,C1493,Luminária,Escritório,1,375.07,0,195.04,DF,Centro-Oeste,Boleto,Marketplace
107748,2026-04-08,C0547,Mouse,Eletrônicos,1,94.08,0,54.57,PR,Sul,Cartão de crédito,Online
107749,2025-02-16,C1949,Liquidificador,Casa,1,555.67,0.05,350.07,PR,Sul,Cartão de débito,Marketplace
107750,2025-11-16,C2100,Mouse,Eletrônicos,1,339.14,0.15,196.7,PI,Nordeste,PIX,Marketplace
107751,2026-05-11,C0841,Carregador,Acessórios,1,249.66,0,124.83,RN,Nordeste,,Marketplace
107752,2026-04-12,C0050,Cabo USB,Acessórios,2,90.0,0.15,40.5,TO,Norte,Cartão de débito,Marketplace
107753,2026-05-02,C0580,Suporte para Monitor,Escritório,2,119.58,0.05,65.77,ES,Sudeste,PIX,Marketplace
107754,2025-02-03,C0362,Mesa,Escritório,1,1986.17,0.05,1350.6,PR,Sul,Cartão de débito,Online
107755,2026-04-18,C0150,Aspirador,Casa,4,525.2,0,351.88,PR,Sul,Boleto,Online
107756,2025-08-26,C1624,Mesa,Escritório,1,517.18,0.05,351.68,PI,Nordeste,Boleto,Marketplace
107757,2025-12-13,C2336,Liquidificador,Casa,2,252.28,0.05,158.94,BA,Nordeste,Boleto,Online
107758,2026-06-21,C0254,Carregador,Acessórios,2,88.61,0,44.3,DF,Centro-Oeste,Boleto,Marketplace
107759,2026-06-24,C0267,Liquidificador,Casa,1,290.57,0.1,183.06,PR,Sul,PIX,Online
107760,2025-07-06,C1439,Smartphone,Eletrônicos,1,4662.42,0,3636.69,SP,Sudeste,Cartão de débito,Online
107761,2025-07-25,C1949,Cabo USB,Acessórios,3,24.06,0,10.83,GO,Centro-Oeste,Boleto,Online
107762,2025-09-13,C0546,Cafeteira,Casa,3,313.64,0.1,203.87,GO,Centro-Oeste,Cartão de débito,Marketplace
107763,2025-02-10,C0808,Cafeteira,Casa,2,823.99,0.05,535.59,PB,Nordeste,Boleto,Marketplace
107764,2025-08-18,C1576,Aspirador,Casa,1,879.82,0.1,589.48,GO,Centro-Oeste,Cartão de débito,Online
107765,2025-05-21,C2247,Suporte para Monitor,Escritório,2,157.08,0.2,86.39,AC,Norte,PIX,Online
107766,2025-02-10,C2419,Luminária,Escritório,1,390.47,0.2,203.04,RJ,Sudeste,Cartão de crédito,Marketplace
107767,2025-03-15,C0953,Mesa,Escritório,1,594.83,0.1,404.48,SC,Sul,Boleto,Marketplace
107768,2025-01-16,C1830,Cafeteira,Casa,1,1000.26,0.05,650.17,RN,Nordeste,Cartão de débito,Marketplace
107769,2026-02-03,C0314,Liquidificador,Casa,1,585.69,0.05,368.98,RO,Norte,Cartão de crédito,Online
107770,2026-04-13,C2464,Cabo USB,Acessórios,1,29.79,0.05,13.41,MA,Nordeste,Cartão de débito,Online
107771,2026-02-24,C0594,Smartphone,Eletrônicos,1,2175.14,0,1696.61,AM,Norte,Cartão de crédito,Marketplace
107772,2025-05-11,C0974,Luminária,Escritório,1,146.02,0.1,75.93,PA,Norte,Cartão de débito,Online
107773,2026-05-26,C0736,Suporte para Monitor,Escritório,2,117.4,0.05,64.57,TO,Norte,PIX,Marketplace
107774,2025-09-18,C0488,Monitor,Eletrônicos,2,2469.2,0.2,1679.06,RS,Sul,Cartão de crédito,Marketplace
107775,2025-12-02,C1504,Liquidificador,Casa,1,407.71,0.1,256.86,RS,Sul,PIX,Online
107776,2026-01-11,C1959,Notebook,Eletrônicos,2,5554.66,0.15,3999.36,RS,Sul,Cartão de débito,Online
107777,2025-09-05,C0009,Luminária,Escritório,4,145.85,0.05,75.84,AP,Norte,Cartão de débito,Marketplace
107778,2026-02-24,C1066,Smartphone,Eletrônicos,1,3425.96,0.1,2672.25,RN,Nordeste,Cartão de crédito,Online
107779,2026-05-16,C2499,Mesa,Escritório,3,1461.76,0,994.0,RO,Norte,Cartão de débito,Online
107780,2025-05-01,C1728,Cafeteira,Casa,4,1025.99,0,666.89,RO,Norte,Cartão de débito,Marketplace
107781,2025-09-04,C0327,Suporte para Monitor,Escritório,5,245.95,0,135.27,SC,Sul,Cartão de crédito,Marketplace
107782,2025-02-21,C2085,Cafeteira,Casa,3,1008.22,0,655.34,SE,Nordeste,Boleto,Online
107783,2026-05-16,C2236,Cabo USB,Acessórios,4,33.5,0.1,15.08,GO,Centro-Oeste,Cartão de débito,Online
107784,2025-08-13,C1130,Mouse,Eletrônicos,4,187.76,0.1,108.9,AP,Norte,Cartão de débito,Online
107785,2026-05-27,C2118,Hub USB,Acessórios,1,165.43,0.1,90.99,AC,Norte,PIX,Online
107786,2026-03-02,C1488,Hub USB,Acessórios,2,154.49,0.1,84.97,PI,Nordeste,Boleto,Online
107787,2025-09-18,C0495,Smartphone,Eletrônicos,1,4460.07,0,3478.85,PR,Sul,Cartão de crédito,Marketplace
107788,2025-03-26,C0094,Headset,Eletrônicos,1,240.21,0.15,148.93,RJ,Sudeste,Cartão de crédito,Marketplace
107789,2025-11-26,C1383,Liquidificador,Casa,4,209.4,0,131.92,MS,Centro-Oeste,PIX,Online
107790,2025-10-04,C1039,Mouse,Eletrônicos,1,237.64,0.2,137.83,CE,Nordeste,Boleto,Marketplace
107791,2026-04-21,C0011,Air Fryer,Casa,2,452.46,0.05,289.57,PI,Nordeste,Cartão de débito,Online
107792,2025-06-23,C0999,Air Fryer,Casa,2,982.35,0.05,628.7,SP,Sudeste,PIX,Online
107793,2025-05-31,C1451,Liquidificador,Casa,2,151.85,0,95.67,RS,Sul,PIX,Online
107794,2025-05-04,C1530,Headset,eletronicos,1,719.99,0.05,446.39,PR,Sul,PIX,Online
107795,2026-06-02,C1936,Notebook,Eletrônicos,1,2545.96,0,1833.09,RJ,Sudeste,Cartão de crédito,Marketplace
107796,2025-04-17,C0743,Smartphone,Eletrônicos,3,1261.99,0,984.35,ES,Sudeste,Cartão de crédito,Online
107797,2025-05-02,C0199,Luminária,Escritório,2,123.79,0.05,64.37,RN,Nordeste,Boleto,Marketplace
107798,2026-04-26,C1798,Luminária,Escritório,1,142.0,0.05,73.84,RS,Sul,Cartão de crédito,Marketplace
107799,2025-08-09,C1245,Air Fryer,Casa,1,556.51,0.05,356.17,MS,Centro-Oeste,Cartão de crédito,Marketplace
107800,2025-11-03,C1998,Cabo USB,Acessórios,1,55.4,0,24.93,AL,Nordeste,PIX,Marketplace
107801,2025-08-30,C0625,Aspirador,Casa,1,577.24,0.05,386.75,RN,Nordeste,Cartão de débito,Online
107802,2025-11-30,C2184,Teclado,Eletrônicos,2,394.32,0.05,236.59,RS,Sul,Cartão de débito,Marketplace
107803,2025-09-15,C0804,Cafeteira,Casa,1,349.72,0,227.32,TO,Norte,PIX,Online
107804,2025-01-21,C0457,Aspirador,Casa,3,684.15,0,458.38,AP,Norte,Cartão de débito,Online
107805,2025-03-11,C2138,Monitor,Eletrônicos,3,2455.7,0,1669.88,RS,Sul,Cartão de débito,Marketplace
107806,2025-04-11,C1402,Hub USB,Acessórios,2,155.15,0.15,85.33,MS,Centro-Oeste,Boleto,Marketplace
107807,2025-03-03,C0778,Air Fryer,Casa,1,571.4,0.05,365.7,SC,Sul,Cartão de crédito,Marketplace
107808,2025-02-08,C1873,Aspirador,Casa,1,1322.52,0,886.09,MS,Centro-Oeste,Cartão de crédito,Marketplace
107809,2025-08-06,C1132,Cabo USB,Acessórios,1,97.5,0.1,43.88,GO,Centro-Oeste,Boleto,Marketplace
107810,2026-05-01,C0249,Cadeira,Escritório,1,1159.46,0.1,811.62,CE,Nordeste,Cartão de débito,Online
107811,2025-02-10,C1507,Hub USB,Acessórios,1,180.16,0.1,99.09,RR,Norte,Cartão de débito,Online
107812,2025-11-25,C0960,Monitor,Eletrônicos,1,1687.95,0.05,1147.81,AP,Norte,Cartão de crédito,Marketplace
107813,2025-08-14,C1284,Aspirador,Casa,3,1190.17,0,797.41,MT,Centro-Oeste,Cartão de débito,Online
107814,2026-04-26,C2004,Teclado,Eletrônicos,1,587.23,0,352.34,RR,Norte,PIX,Marketplace
107815,2025-03-13,C1517,Smartphone,Eletrônicos,1,1008.34,0.1,786.51,PR,Sul,Boleto,Online
107816,2025-07-18,C1580,Cabo USB,Acessórios,1,24.13,0.2,10.86,AM,Norte,Cartão de débito,Marketplace
107817,2025-09-22,C1141,Mouse,Eletrônicos,1,84.93,0.05,49.26,AP,Norte,Boleto,Marketplace
107818,2026-01-09,C0056,Aspirador,Casa,1,789.69,0,529.09,PR,Sul,PIX,Online
107819,2025-12-22,C1494,Luminária,Escritório,1,282.37,0.15,146.83,SE,Nordeste,Boleto,Online
107820,2025-06-16,C0032,Teclado,Eletrônicos,1,350.41,0.1,210.25,PA,Norte,PIX,Marketplace
107821,2025-02-19,C1033,Air Fryer,Casa,1,858.74,0,549.59,AM,Norte,Cartão de débito,Marketplace
107822,2026-04-06,C0040,Headset,Eletrônicos,1,828.02,0.1,513.37,RS,Sul,Cartão de débito,Marketplace
107823,2025-10-20,C0685,Headset,Eletrônicos,1,374.75,0.05,232.34,PR,Sul,Cartão de débito,Online
107824,2025-04-10,C1932,Notebook,Eletrônicos,1,3887.85,0.05,2799.25,RJ,Sudeste,Cartão de crédito,Marketplace
107825,2025-09-06,C2227,Carregador,Acessórios,1,187.05,0.1,93.53,AC,Norte,PIX,Marketplace
107826,2025-10-11,C1365,Cafeteira,Casa,4,699.17,0.1,454.46,PR,Sul,PIX,Online
107827,2026-06-04,C1077,Cafeteira,Casa,2,1068.62,0.05,694.6,GO,Centro-Oeste,Boleto,Online
107828,2025-04-05,C2325,Aspirador,Casa,1,392.42,0.1,262.92,BA,Nordeste,Cartão de débito,Online
107829,2025-12-01,C0418,Cafeteira,Casa,2,528.62,0.1,343.6,PR,Sul,Cartão de débito,Online
107830,2025-10-07,C0106,Liquidificador,Casa,2,584.33,0.1,368.13,MS,Centro-Oeste,Cartão de débito,Online
107831,2025-07-21,C0861,Air Fryer,Casa,1,664.88,0,425.52,PA,Norte,Cartão de débito,Marketplace
107832,2025-03-02,C1337,Carregador,Acessórios,3,159.89,0.1,79.94,TO,Norte,PIX,Online
107833,2026-06-14,C2197,Liquidificador,Casa,1,573.49,0,361.3,PB,Nordeste,PIX,Marketplace
107834,2025-10-08,C1653,Hub USB,Acessórios,1,266.04,0.15,146.32,SE,Nordeste,Cartão de débito,Online
107835,2026-03-02,C0982,Monitor,Eletrônicos,1,1533.78,0,1042.97,GO,Centro-Oeste,Boleto,Online
107836,2025-05-24,C2173,Liquidificador,Casa,3,141.53,0,89.16,PA,Norte,Cartão de crédito,Online
107837,2025-10-04,C1815,Liquidificador,Casa,1,213.89,0.1,134.75,PI,Nordeste,Cartão de débito,Online
107838,2026-04-05,C0167,Aspirador,Casa,1,1300.07,0,871.05,SE,Nordeste,Boleto,Online
107839,2025-04-22,C2402,Aspirador,Casa,3,1171.71,0.05,785.05,SE,Nordeste,Cartão de crédito,Marketplace
107840,2026-04-04,C0887,Cabo USB,Acessórios,1,60.33,0.1,27.15,PI,Nordeste,,Online
107841,2025-06-20,C0746,Luminária,Escritório,3,197.6,0.05,102.75,RJ,Sudeste,Cartão de crédito,Online
107842,2025-05-12,C0549,Mouse,Eletrônicos,1,172.59,0.1,100.1,GO,Centro-Oeste,Boleto,Online
107843,2026-03-20,C0124,Suporte para Monitor,Escritório,3,107.25,0.1,58.99,RJ,Sudeste,PIX,Marketplace
107844,2025-09-16,C0364,Headset,Eletrônicos,4,568.07,0.1,352.2,PA,Norte,PIX,Marketplace
107845,2026-02-04,C2321,Cafeteira,Casa,4,1177.64,0,765.47,MG,Sudeste,PIX,Online
107846,2025-01-10,C1490,Liquidificador,Casa,1,358.51,0,225.86,SC,Sul,Cartão de débito,Online
107847,2025-02-21,C1930,Smartphone,Eletrônicos,2,3332.32,0.1,2599.21,BA,Nordeste,PIX,Marketplace
107848,2026-01-02,C0293,Suporte para Monitor,Escritório,3,394.88,0,217.18,PI,Nordeste,Cartão de débito,Marketplace
107849,2025-11-04,C1321,Cabo USB,Acessórios,3,78.57,0.1,35.36,PR,Sul,PIX,Online
107850,2025-01-31,C0747,Cabo USB,Acessórios,1,45.39,0.15,20.43,SE,Nordeste,Cartão de débito,Marketplace
107851,2025-05-23,C1695,Headset,Eletrônicos,1,721.46,0.05,447.31,AL,Nordeste,Cartão de crédito,Marketplace
107852,2026-01-25,C2303,Teclado,Eletrônicos,1,629.73,0.05,377.84,RS,Sul,PIX,Online
107853,2026-06-04,C0389,Hub USB,Acessórios,1,158.96,0,87.43,MA,Nordeste,Cartão de crédito,Online
107854,2026-04-10,C2193,Cadeira,Escritório,1,1121.35,0,784.94,ES,Sudeste,Cartão de débito,Marketplace
107855,2026-02-09,C0376,Hub USB,Acessórios,1,137.6,0,75.68,MA,Nordeste,Boleto,Marketplace
107856,2025-08-14,C0340,Liquidificador,Casa,3,202.27,0.05,127.43,DF,Centro-Oeste,Cartão de crédito,Online
107857,2026-04-23,C1250,Notebook,Eletrônicos,1,3693.47,0,2659.3,PB,Nordeste,Cartão de débito,Online
107858,2025-01-07,C0105,Headset,Eletrônicos,1,711.73,0.1,441.27,AM,Norte,Cartão de débito,Online
107859,2025-02-21,C1243,Headset,Eletrônicos,1,166.62,0,103.3,PR,Sul,PIX,Marketplace
107860,2025-09-25,C0642,Notebook,Eletrônicos,1,5934.41,0,4272.78,MA,Nordeste,Cartão de crédito,Online
107861,2026-02-18,C1977,Cafeteira,Casa,1,536.21,0.05,348.54,BA,Nordeste,Cartão de débito,Online
107862,2026-06-25,C1300,Notebook,Eletrônicos,3,4912.58,0.1,3537.06,SE,Nordeste,PIX,Online
107863,2025-08-20,C0656,Smartphone,Eletrônicos,1,2190.45,0.1,1708.55,CE,Nordeste,Cartão de débito,Online
107864,2025-05-09,C2411,Notebook,Eletrônicos,1,5588.66,0,4023.84,MS,Centro-Oeste,Boleto,Marketplace
107865,2026-06-17,C0877,Cadeira,Escritório,2,1485.88,0.1,1040.12,PI,Nordeste,Boleto,Online
107866,2026-06-18,C2437,Notebook,Eletrônicos,1,4525.84,0.05,3258.6,RS,Sul,PIX,Online
107867,2025-09-16,C2129,Headset,Eletrônicos,1,348.87,0.05,216.3,DF,Centro-Oeste,Cartão de crédito,Online
107868,2025-12-27,C0250,Cabo USB,Acessórios,1,58.23,0,26.2,PB,Nordeste,Cartão de crédito,Online
107869,2026-03-05,C2110,Smartphone,eletronicos,1,2830.87,0.05,2208.08,CE,Nordeste,Cartão de crédito,Marketplace
107870,2025-04-29,C0720,Notebook,Eletrônicos,1,3236.05,0,2329.96,GO,Centro-Oeste,Cartão de crédito,Marketplace
107871,2025-11-11,C1815,Monitor,Eletrônicos,1,2431.35,0,1653.32,CE,Nordeste,Cartão de crédito,Marketplace
107872,2025-07-21,C2010,Notebook,Eletrônicos,1,5708.69,0.05,4110.26,SP,Sudeste,PIX,Online
107873,2026-06-17,C1223,Notebook,Eletrônicos,2,4551.56,0.05,3277.12,RO,Norte,PIX,Marketplace
107874,2025-02-27,C2255,Headset,Eletrônicos,1,789.18,0,489.29,PR,Sul,Cartão de débito,Online
107875,2026-02-05,C0945,Mesa,Escritório,2,874.5,0,594.66,DF,Centro-Oeste,Boleto,Marketplace
107876,2025-05-27,C1436,Carregador,Acessórios,1,98.79,0,49.4,AP,Norte,PIX,Marketplace
107877,2025-08-03,C0701,Liquidificador,Casa,2,411.22,0.05,259.07,MA,Nordeste,Boleto,Marketplace
107878,2025-09-01,C2168,Cadeira,Escritório,1,562.47,0.15,393.73,RO,Norte,PIX,Online
107879,2025-01-31,C1932,Cafeteira,Casa,2,474.14,0,308.19,PR,Sul,Boleto,Online
107880,2025-07-10,C0561,Notebook,Eletrônicos,4,2932.04,0,2111.07,PA,Norte,Boleto,Online
107881,2025-06-09,C0566,Air Fryer,Casa,1,981.62,0.1,628.24,PI,Nordeste,Cartão de crédito,Online
107882,2025-02-01,C0238,Luminária,Escritório,2,124.46,0.05,64.72,AP,Norte,Cartão de crédito,Online
107883,2025-10-22,C0448,Carregador,Acessórios,3,211.9,0.05,105.95,MS,Centro-Oeste,Boleto,Marketplace
107884,2025-12-12,C0771,Cabo USB,Acessórios,3,39.38,0.05,17.72,PA,Norte,Boleto,Marketplace
107885,2026-02-17,C1211,Cafeteira,Casa,1,642.24,0,417.46,PA,Norte,Boleto,Online
107886,2026-06-12,C0080,Headset,Eletrônicos,3,350.18,0.1,217.11,RN,Nordeste,Cartão de crédito,Marketplace
107887,2025-07-11,C0869,Liquidificador,Casa,2,145.45,0.2,91.63,MT,Centro-Oeste,Boleto,Online
107888,2026-06-20,C0220,Smartphone,Eletrônicos,2,3155.63,0.15,2461.39,CE,Nordeste,PIX,Marketplace
107889,2026-04-06,C1311,Mouse,Eletrônicos,2,288.24,0,167.18,SP,Sudeste,PIX,Online
107890,2025-06-27,C0822,Monitor,Eletrônicos,1,1395.91,0,949.22,RN,Nordeste,PIX,Online
107891,2026-02-06,C2474,Smartphone,Eletrônicos,1,2885.96,0,2251.05,MT,Centro-Oeste,Cartão de débito,Online
107892,2026-03-14,C1058,Air Fryer,Casa,2,863.73,0.05,552.79,MA,Nordeste,Boleto,Online
107893,2026-06-25,C2128,Luminária,Escritório,2,127.26,0.1,66.18,RJ,Sudeste,Cartão de crédito,Online
107894,2025-03-27,C2221,Monitor,Eletrônicos,1,1334.57,0,907.51,AP,Norte,Boleto,Marketplace
107895,2026-06-13,C1991,Liquidificador,Casa,3,542.78,0.15,341.95,RJ,Sudeste,Boleto,Online
107896,2025-10-02,C1981,Hub USB,Acessórios,1,274.19,0,150.8,TO,Norte,Boleto,Online
107897,2025-05-26,C2155,Air Fryer,Casa,1,464.3,0.05,297.15,RN,Nordeste,Cartão de débito,Online
107898,2025-12-05,C1822,Notebook,Eletrônicos,1,5743.2,0.1,4135.1,MG,Sudeste,Boleto,Online
107899,2026-02-21,C2472,Suporte para Monitor,Escritório,1,540.25,0.1,297.14,RR,Norte,PIX,Online
107900,2026-06-18,C1784,Teclado,Eletrônicos,1,255.19,0.05,153.11,RN,Nordeste,Cartão de débito,Marketplace
107901,2025-10-16,C0762,Hub USB,Acessórios,1,124.85,0,68.67,MG,Sudeste,Cartão de débito,Marketplace
107902,2026-01-31,C2396,Mouse,Eletrônicos,2,251.89,0.15,146.1,CE,Nordeste,PIX,Marketplace
107903,2025-01-07,C1029,Cafeteira,Casa,1,218.2,0.05,141.83,CE,Nordeste,PIX,Marketplace
107904,2025-03-13,C2440,Notebook,Eletrônicos,1,4087.15,0.1,2942.75,SC,Sul,Boleto,Marketplace
107905,2026-03-21,C1656,Cadeira,Escritório,2,2499.66,0.1,1749.76,RS,Sul,PIX,Marketplace
107906,2025-05-08,C0096,Cabo USB,Acessórios,1,56.64,0,25.49,PB,Nordeste,PIX,Online
107907,2026-03-14,C1243,Headset,Eletrônicos,1,250.14,0,155.09,AL,Nordeste,PIX,Online
107908,2025-06-05,C0053,Monitor,Eletrônicos,3,1410.16,0.2,958.91,MS,Centro-Oeste,Boleto,Marketplace
107909,2025-12-24,C2139,Cabo USB,Acessórios,1,36.53,0,16.44,CE,Nordeste,PIX,Marketplace
107910,2026-01-25,C0690,Cabo USB,Acessórios,1,76.49,0.05,34.42,AL,Nordeste,Cartão de débito,Marketplace
107911,2025-05-03,C0745,Luminária,Escritório,4,81.67,0,42.47,PB,Nordeste,Boleto,Marketplace
107912,2026-05-09,C1035,Luminária,Escritório,1,278.25,0.15,144.69,SP,Sudeste,Boleto,Online
107913,2025-03-29,C2474,Mesa,Escritório,4,1890.97,0,1285.86,PA,Norte,PIX,Marketplace
107914,2025-07-01,C0577,Cadeira,Escritório,1,1610.28,0.1,1127.2,RN,Nordeste,Cartão de débito,Marketplace
107915,2025-09-30,C1776,Notebook,Eletrônicos,1,5717.48,0,4116.59,RS,Sul,Cartão de débito,Marketplace
107916,2025-06-04,C1900,Monitor,Eletrônicos,2,2429.72,0.2,1652.21,PA,Norte,Boleto,Online
107917,2025-09-28,C0368,Teclado,Eletrônicos,1,620.39,0,372.23,RO,Norte,Boleto,Marketplace
107918,2025-11-03,C0291,Smartphone,Eletrônicos,1,4370.37,0,3408.89,AP,Norte,Cartão de crédito,Marketplace
107919,2026-05-14,C0943,Hub USB,Acessórios,3,199.79,0,109.88,BA,Nordeste,Boleto,Marketplace
107920,2026-03-02,C0500,Cabo USB,Acessórios,1,47.38,0.1,21.32,MS,Centro-Oeste,Boleto,Online
107921,2025-11-07,C0040,Carregador,Acessórios,1,72.23,0.1,36.12,PB,Nordeste,Cartão de débito,Online
107922,2025-09-28,C0086,Headset,Eletrônicos,2,508.9,0.1,315.52,PI,Nordeste,Boleto,Online
107923,2026-01-26,C1187,Suporte para Monitor,Escritório,1,221.74,0,121.96,BA,Nordeste,Cartão de débito,Online
107924,2026-03-26,C1236,Monitor,Eletrônicos,1,745.23,0,506.76,MG,Sudeste,Boleto,Marketplace
107925,2025-07-15,C1506,Cabo USB,Acessórios,1,66.23,0,29.8,PE,Nordeste,PIX,Online
107926,2026-05-08,C1513,Headset,Eletrônicos,1,774.31,0.05,480.07,SP,Sudeste,Cartão de débito,Marketplace
107927,2025-02-28,C2496,Mouse,Eletrônicos,3,162.85,0,94.45,PB,Nordeste,Cartão de crédito,Online
107928,2026-06-28,C1859,Notebook,Eletrônicos,5,3754.12,0,2702.97,AC,Norte,Boleto,Marketplace
107929,2025-01-11,C1173,Monitor,Eletrônicos,1,1930.33,0.05,1312.62,TO,Norte,Cartão de crédito,Online
107930,2025-01-20,C2302,Carregador,Acessórios,1,88.32,0,44.16,ES,Sudeste,Boleto,Online
107931,2025-03-17,C0145,Luminária,Escritório,1,249.57,0,129.78,PB,Nordeste,Cartão de débito,Marketplace
107932,2026-04-05,C2280,Mouse,Eletrônicos,1,418.75,0,242.87,MG,Sudeste,Boleto,Online
107933,2025-03-29,C2463,Liquidificador,Casa,4,187.34,0.05,118.02,RR,Norte,Cartão de crédito,Marketplace
107934,2026-03-26,C1154,Aspirador,Casa,1,286.23,0.05,191.77,MS,Centro-Oeste,Cartão de débito,Online
107935,2025-03-06,C2222,Headset,Eletrônicos,1,391.93,0.05,243.0,MT,Centro-Oeste,PIX,Online
107936,2025-08-26,C0777,Carregador,Acessórios,1,75.21,0,37.6,DF,Centro-Oeste,PIX,Online
107937,2026-02-16,C0962,Cabo USB,Acessórios,1,72.03,0.15,32.41,SE,Nordeste,Boleto,Marketplace
107938,2026-06-09,C1921,Luminária,Escritório,2,262.03,0.15,136.26,SE,Nordeste,Cartão de débito,Marketplace
107939,2026-01-28,C2190,Mesa,Escritório,1,452.14,0.15,307.46,MA,Nordeste,Boleto,Marketplace
107940,2025-05-27,C0486,Mesa,Escritório,4,1766.7,0,1201.36,RO,Norte,PIX,Marketplace
107941,2025-10-03,C2136,Suporte para Monitor,Escritório,1,125.72,0.15,69.15,AM,Norte,Cartão de crédito,Marketplace
107942,2026-01-20,C1247,Mouse,Eletrônicos,1,82.02,0,47.57,MG,Sudeste,PIX,Online
107943,2025-11-27,C1952,Cadeira,Escritório,2,1546.47,0.1,1082.53,BA,Nordeste,PIX,Online
107944,2025-06-27,C1834,Suporte para Monitor,Escritório,1,560.02,0.15,308.01,SC,Sul,Boleto,Marketplace
107945,2026-03-23,C1868,Notebook,Eletrônicos,1,3008.32,0.2,2165.99,DF,Centro-Oeste,Cartão de crédito,Marketplace
107946,2026-02-18,C0404,Headset,Eletrônicos,1,864.23,0.05,535.82,MG,Sudeste,PIX,Marketplace
107947,2026-01-21,C2347,Monitor,Eletrônicos,2,2004.56,0,1363.1,AC,Norte,Cartão de débito,Marketplace
107948,2025-09-03,C1638,Hub USB,Acessórios,2,231.09,0.1,127.1,MG,Sudeste,Cartão de crédito,Marketplace
107949,2025-05-03,C0286,Cafeteira,Casa,1,370.14,0.1,240.59,PR,Sul,Boleto,Online
107950,2025-04-27,C1616,Headset,Eletrônicos,1,200.43,0,124.27,PA,Norte,Cartão de crédito,Online
107951,2026-04-07,C0994,Mouse,Eletrônicos,1,197.25,0.1,114.4,DF,Centro-Oeste,PIX,Marketplace
107952,2025-11-24,C1191,Air Fryer,Casa,1,429.63,0.1,274.96,RN,Nordeste,Boleto,Online
107953,2025-06-05,C2382,Aspirador,Casa,2,1487.95,0.1,996.93,RN,Nordeste,Cartão de débito,Online
107954,2025-10-11,C0540,Cabo USB,Acessórios,2,53.85,0,24.23,AM,Norte,Cartão de crédito,Online
107955,2026-06-25,C0111,Mouse,Eletrônicos,1,426.15,0.1,247.17,MG,Sudeste,Boleto,Online
107956,2025-03-15,C1171,Cafeteira,Casa,1,869.3,0.1,565.04,BA,Nordeste,Boleto,Online
107957,2025-08-28,C2412,Headset,Eletrônicos,1,560.56,0.05,347.55,PE,Nordeste,PIX,Marketplace
107958,2025-12-26,C0333,Cabo USB,Acessórios,2,74.53,0,33.54,BA,Nordeste,PIX,Marketplace
107959,2025-12-23,C0087,Mouse,Eletrônicos,4,404.73,0.05,234.74,RO,Norte,Cartão de crédito,Online
107960,2025-05-17,C0902,Mouse,Eletrônicos,1,469.25,0.1,272.16,SP,Sudeste,Cartão de crédito,Online
107961,2025-09-03,C1266,Teclado,Eletrônicos,4,318.62,0.15,191.17,DF,Centro-Oeste,Cartão de crédito,Online
107962,2025-08-21,C0908,Cadeira,Escritório,2,1170.87,0,819.61,RS,Sul,Cartão de débito,Marketplace
107963,2025-02-10,C0054,Mesa,Escritório,1,1999.44,0,1359.62,CE,Nordeste,Cartão de débito,Marketplace
107964,2025-12-08,C2461,Liquidificador,Casa,3,149.93,0.15,94.46,PA,Norte,Cartão de crédito,Online
107965,2026-04-22,C2357,Suporte para Monitor,Escritório,2,426.25,0.15,234.44,CE,Nordeste,Boleto,Online
107966,2025-01-29,C1573,Suporte para Monitor,Escritório,1,132.29,0,72.76,PI,Nordeste,PIX,Marketplace
107967,2026-02-27,C1987,Mouse,Eletrônicos,1,207.58,0,120.4,AL,Nordeste,Boleto,Marketplace
107968,2026-05-08,C1387,Mouse,Eletrônicos,4,348.99,0.05,202.41,RN,Nordeste,Boleto,Online
107969,2025-08-02,C1227,Cabo USB,Acessórios,2,30.01,0.05,13.5,SP,Sudeste,Cartão de débito,Online
107970,2026-06-02,C0553,Suporte para Monitor,Escritório,3,527.5,0,290.12,PI,Nordeste,PIX,Online
107971,2025-05-17,C0120,Liquidificador,Casa,1,314.96,0,198.42,SE,Nordeste,Cartão de débito,Marketplace
107972,2026-02-10,C1846,Headset,Eletrônicos,1,441.38,0.15,273.66,DF,Centro-Oeste,Cartão de crédito,Marketplace
107973,2025-02-09,C0797,Air Fryer,Casa,1,306.3,0,196.03,PE,Nordeste,Boleto,Online
107974,2025-04-22,C0009,Cadeira,Escritório,4,694.41,0.05,486.09,DF,Centro-Oeste,PIX,Online
107975,2026-04-26,C0695,Monitor,Eletrônicos,1,2269.5,0,1543.26,ES,Sudeste,Boleto,Marketplace
107976,2025-05-14,C0039,Mesa,Escritório,1,791.41,0.1,538.16,AC,Norte,PIX,Marketplace
107977,2026-01-14,C2038,Smartphone,Eletrônicos,2,1939.88,0.05,1513.11,SC,Sul,PIX,Marketplace
107978,2025-06-02,C1333,Liquidificador,Casa,1,166.04,0.15,104.61,RO,Norte,PIX,Marketplace
107979,2026-03-15,C1336,Liquidificador,Casa,1,375.7,0.05,236.69,TO,Norte,PIX,Marketplace
107980,2025-04-23,C1622,Cafeteira,Casa,1,403.71,0.1,262.41,PA,Norte,PIX,Marketplace
107981,2025-04-18,C2023,Liquidificador,Casa,1,487.26,0.1,306.97,PB,Nordeste,Cartão de débito,Online
107982,2025-01-11,C2169,Carregador,Acessórios,1,92.94,0,46.47,PA,Norte,Cartão de crédito,Online
107983,2025-06-02,C0163,Mesa,Escritório,1,602.79,0.2,409.9,AP,Norte,Cartão de crédito,Marketplace
107984,2026-03-01,C2351,Headset,Eletrônicos,2,184.04,0.05,114.1,SC,Sul,PIX,Online
107985,2026-01-22,C2029,Aspirador,Casa,2,983.19,0.2,658.74,PA,Norte,PIX,Online
107986,2025-03-14,C1570,Luminária,Escritório,1,117.69,0,61.2,ES,Sudeste,Boleto,Online
107987,2025-07-08,C1607,Luminária,Escritório,1,208.83,0.05,108.59,PE,Nordeste,Cartão de débito,Online
107988,2025-08-22,C2172,Air Fryer,Casa,4,981.31,0,628.04,CE,Nordeste,Boleto,Online
107989,2026-04-17,C2327,Smartphone,Eletrônicos,2,4832.77,0,3769.56,AC,Norte,PIX,Marketplace
107990,2025-03-27,C1807,Smartphone,Eletrônicos,2,2178.2,0.15,1699.0,AM,Norte,PIX,Online
107991,2025-07-17,C1582,Mesa,Escritório,5,812.28,0.15,552.35,PA,Norte,Cartão de débito,Online
107992,2025-06-04,C0388,Air Fryer,Casa,3,668.66,0.1,427.94,RR,Norte,Boleto,Online
107993,2025-04-17,C1473,Liquidificador,Casa,1,172.05,0.2,108.39,PI,Nordeste,Cartão de débito,Marketplace
107994,2026-04-23,C1560,Monitor,Eletrônicos,1,2278.06,0,1549.08,CE,Nordeste,Cartão de crédito,Marketplace
107995,2025-02-04,C0211,Liquidificador,Casa,1,487.01,0.1,306.82,RO,Norte,PIX,Marketplace
107996,2025-04-16,C0551,Mesa,Escritório,1,674.14,0.05,458.42,PR,Sul,PIX,Online
107997,2025-04-23,C1732,Smartphone,Eletrônicos,4,2730.09,0.1,2129.47,RR,Norte,Boleto,Online
107998,2026-06-22,C1010,Aspirador,Casa,2,644.5,0.1,431.81,PI,Nordeste,PIX,Marketplace
107999,2025-08-13,C0845,Teclado,Eletrônicos,3,346.19,0.05,207.71,RS,Sul,Cartão de débito,Marketplace
108000,2025-07-11,C0849,Mesa,Escritório,1,541.45,0.05,368.19,RN,Nordeste,PIX,Marketplace
108001,2025-12-19,C1772,Cabo USB,Acessórios,2,82.42,0.1,37.09,PR,Sul,Cartão de débito,Marketplace
108002,2026-02-21,C2127,Cabo USB,Acessórios,1,30.9,0.05,13.9,MS,Centro-Oeste,Boleto,Marketplace
108003,2025-07-14,C0381,Smartphone,Eletrônicos,1,2114.24,0,1649.11,PI,Nordeste,Boleto,Online
108004,2025-08-11,C1778,Teclado,Eletrônicos,3,403.32,0.1,241.99,TO,Norte,PIX,Marketplace
108005,2025-07-07,C2043,Cabo USB,Acessórios,1,48.36,0.1,21.76,RN,Nordeste,Boleto,Marketplace
108006,2025-04-18,C1169,Smartphone,Eletrônicos,1,4436.62,0.1,3460.56,RO,Norte,Cartão de débito,Marketplace
108007,2026-03-18,C0124,Cafeteira,Casa,5,511.9,0,332.74,ES,Sudeste,PIX,Marketplace
108008,2025-03-19,C2357,Hub USB,Acessórios,1,218.45,0,120.15,PB,Nordeste,Boleto,Online
108009,2025-02-09,C1861,Aspirador,Casa,1,636.17,0.15,426.23,CE,Nordeste,Cartão de crédito,Online
108010,2025-09-16,C0119,Suporte para Monitor,Escritório,1,546.33,0.2,300.48,PR,Sul,Cartão de débito,Online
108011,2026-04-19,C1662,Mouse,Eletrônicos,2,283.99,0.1,164.71,MG,Sudeste,PIX,Marketplace
108012,2025-05-03,C2090,Headset,Eletrônicos,1,402.98,0.2,249.85,PA,Norte,Cartão de débito,Online
108013,2025-04-05,C1647,Luminária,Escritório,2,229.98,0.1,119.59,MS,Centro-Oeste,Cartão de débito,Marketplace
108014,2025-06-16,C0681,Mesa,Escritório,1,1920.69,0.1,1306.07,GO,Centro-Oeste,Cartão de crédito,Marketplace
108015,2025-09-28,C2013,Cadeira,Escritório,1,1915.28,0.05,1340.7,TO,Norte,Boleto,Online
108016,2025-05-24,C2305,Notebook,Eletrônicos,1,2952.29,0.1,2125.65,AC,Norte,Boleto,Online
108017,2026-02-05,C1061,Air Fryer,Casa,1,705.07,0.05,451.24,AP,Norte,Cartão de débito,Marketplace
108018,2025-06-13,C2285,Smartphone,Eletrônicos,1,4702.35,0.1,3667.83,AL,Nordeste,Cartão de débito,Online
108019,2026-02-20,C2237,Notebook,Eletrônicos,1,3103.45,0.2,2234.48,CE,Nordeste,Cartão de crédito,Marketplace
108020,2025-09-16,C2208,Hub USB,Acessórios,4,296.15,0.1,162.88,RJ,Sudeste,Boleto,Online
108021,2025-10-13,C0885,Notebook,Eletrônicos,1,4316.09,0,3107.58,SE,Nordeste,Boleto,Online
108022,2026-04-12,C1900,Teclado,Eletrônicos,1,713.58,0.1,428.15,SC,Sul,Boleto,Marketplace
108023,2026-05-05,C2231,Cafeteira,Casa,2,670.42,0,435.77,SE,Nordeste,PIX,Online
108024,2025-01-26,C1566,Aspirador,Casa,1,321.7,0,215.54,SP,Sudeste,PIX,Online
108025,2026-03-14,C1220,Teclado,Eletrônicos,1,361.66,0.15,217.0,PE,Nordeste,Boleto,Marketplace
108026,2025-10-04,C0148,Cafeteira,Casa,1,831.73,0.15,540.62,SC,Sul,PIX,Marketplace
108027,2026-06-08,C2351,Suporte para Monitor,Escritório,1,169.28,0.2,93.1,RJ,Sudeste,Boleto,Online
108028,2025-07-11,C0586,Monitor,Eletrônicos,4,2201.4,0,1496.95,PE,Nordeste,Cartão de crédito,Online
108029,2025-09-21,C2330,Cafeteira,Casa,2,657.47,0.2,427.36,AM,Norte,Cartão de débito,Online
108030,2026-03-30,C2223,Suporte para Monitor,Escritório,1,357.06,0.15,196.38,MA,Nordeste,PIX,Online
108031,2026-05-15,C2151,Luminária,Escritório,1,241.11,0.1,125.38,PR,Sul,Cartão de débito,Online
108032,2026-02-22,C2047,Teclado,Eletrônicos,2,378.2,0,226.92,MA,Nordeste,Cartão de débito,Online
108033,2026-01-22,C1554,Mesa,Escritório,1,1225.06,0.15,833.04,AP,Norte,Cartão de débito,Online
108034,2026-04-03,C0037,Headset,Eletrônicos,5,849.07,0.15,526.42,MS,Centro-Oeste,Boleto,Marketplace
108035,2026-05-13,C0968,Cabo USB,Acessórios,1,85.12,0.2,38.3,MS,Centro-Oeste,PIX,Online
108036,2026-03-25,C0160,Cabo USB,Acessórios,2,36.98,0.05,16.64,PA,Norte,Cartão de crédito,Marketplace
108037,2025-08-25,C1586,Luminária,Escritório,2,125.27,0,65.14,PB,Nordeste,PIX,Marketplace
108038,2025-05-14,C0298,Smartphone,Eletrônicos,1,3345.6,0.15,2609.57,RJ,Sudeste,Cartão de débito,Online
108039,2026-04-03,C0776,Luminária,Escritório,1,268.78,0.1,139.77,TO,Norte,PIX,Online
108040,2025-11-23,C0425,Luminária,Escritório,1,185.96,0.15,96.7,GO,Centro-Oeste,Cartão de crédito,Online
108041,2025-07-05,C0871,Notebook,Eletrônicos,1,4708.03,0.1,3389.78,ES,Sudeste,Cartão de crédito,Marketplace
108042,2025-06-09,C1272,Smartphone,Eletrônicos,4,1617.4,0.2,1261.57,MT,Centro-Oeste,PIX,Online
108043,2026-05-01,C0920,Cadeira,Escritório,1,1740.81,0,1218.57,MA,Nordeste,Boleto,Online
108044,2025-07-13,C2129,Hub USB,Acessórios,1,171.57,0,94.36,CE,Nordeste,PIX,Marketplace
108045,2025-07-06,C1027,Cafeteira,Casa,3,488.18,0,317.32,PB,Nordeste,Cartão de débito,Marketplace
108046,2026-02-14,C1341,Notebook,Eletrônicos,1,2850.86,0,2052.62,AM,Norte,Cartão de crédito,Marketplace
108047,2025-04-09,C1845,Headset,Eletrônicos,2,286.44,0.1,177.59,AL,Nordeste,Cartão de débito,Online
108048,2025-08-21,C1160,Headset,Eletrônicos,2,459.09,0,284.64,CE,Nordeste,PIX,Marketplace
108049,2026-03-27,C0777,Smartphone,Eletrônicos,1,2190.52,0,1708.61,SE,Nordeste,Boleto,Marketplace
108050,2025-09-16,C0022,Cabo USB,Acessórios,4,27.96,0.05,12.58,RO,Norte,PIX,Marketplace
108051,2026-01-30,C2400,Luminária,Escritório,2,318.65,0,165.7,MS,Centro-Oeste,Boleto,Online
108052,2025-03-31,C0598,Cabo USB,Acessórios,1,94.78,0.1,42.65,MT,Centro-Oeste,PIX,Marketplace
108053,2026-01-03,C0634,Suporte para Monitor,Escritório,3,483.43,0,265.89,SC,Sul,Cartão de débito,Marketplace
108054,2025-05-08,C2182,Cabo USB,Acessórios,1,97.69,0.2,43.96,GO,Centro-Oeste,Cartão de crédito,Marketplace
108055,2026-04-13,C0423,Air Fryer,Casa,1,500.6,0.15,320.38,AM,Norte,Cartão de débito,Marketplace
108056,2026-02-16,C0147,Monitor,Eletrônicos,3,747.08,0.05,508.01,MG,Sudeste,Boleto,Marketplace
108057,2025-05-29,C0660,Cadeira,Escritório,3,1411.39,0,987.97,AL,Nordeste,Boleto,Marketplace
108058,2026-05-28,C0288,Liquidificador,Casa,1,590.2,0,371.83,AM,Norte,Cartão de crédito,Marketplace
108059,2026-03-18,C2058,Cafeteira,Casa,4,471.58,0.15,306.53,AL,Nordeste,Cartão de débito,Online
108060,2025-03-25,C2241,Luminária,Escritório,3,110.29,0,57.35,MA,Nordeste,Boleto,Marketplace
108061,2025-06-16,C1907,Cabo USB,Acessórios,1,59.4,0.05,26.73,PA,Norte,PIX,Online
108062,2026-04-21,C1557,Liquidificador,Casa,1,497.6,0,313.49,MG,Sudeste,Cartão de débito,Marketplace
108063,2025-03-01,C2435,Hub USB,Acessórios,1,95.33,0.05,52.43,PA,Norte,Boleto,Online
108064,2025-10-13,C0298,Luminária,Escritório,1,164.09,0.05,85.33,PE,Nordeste,Cartão de crédito,Online
108065,2026-03-16,C0820,Air Fryer,Casa,2,402.99,0,257.91,AC,Norte,Cartão de débito,Marketplace
108066,2025-01-05,C0300,Carregador,Acessórios,1,109.47,0,54.73,TO,Norte,Cartão de crédito,Marketplace
108067,2025-09-08,C2205,Hub USB,Acessórios,2,172.83,0.05,95.06,RJ,Sudeste,Boleto,Marketplace
108068,2026-03-31,C1589,Cafeteira,Casa,5,1192.71,0,775.26,DF,Centro-Oeste,Cartão de débito,Marketplace
108069,2025-03-29,C1217,Liquidificador,Casa,1,381.37,0.1,240.26,SE,Nordeste,PIX,Online
108070,2025-08-13,C0057,Cadeira,Escritório,2,1750.21,0,1225.15,RN,Nordeste,Cartão de crédito,Online
108071,2026-03-16,C2007,Liquidificador,Casa,3,288.22,0,181.58,AM,Norte,Cartão de débito,Marketplace
108072,2025-09-04,C0653,Monitor,Eletrônicos,2,1005.52,0.1,683.75,DF,Centro-Oeste,Cartão de crédito,Online
108073,2025-02-09,C1253,Suporte para Monitor,Escritório,3,324.57,0,178.51,SE,Nordeste,Boleto,Marketplace
108074,2025-11-07,C0073,Air Fryer,Casa,1,699.73,0,447.83,MA,Nordeste,PIX,Online
108075,2026-03-28,C1511,Hub USB,Acessórios,2,278.82,0.05,153.35,SC,Sul,Cartão de débito,Marketplace
108076,2025-03-27,C2421,Monitor,Eletrônicos,1,1875.55,0.05,1275.37,DF,Centro-Oeste,PIX,Marketplace
108077,2025-07-30,C1008,Suporte para Monitor,Escritório,1,589.14,0.15,324.03,RJ,Sudeste,Cartão de débito,Marketplace
108078,2026-04-20,C0126,Teclado,Eletrônicos,5,419.04,0,251.42,MA,Nordeste,Cartão de crédito,Online
108079,2025-02-20,C0835,Cabo USB,Acessórios,3,99.74,0.05,44.88,RS,Sul,PIX,Online
108080,2025-06-06,C2258,Liquidificador,Casa,4,325.45,0.15,205.03,MA,Nordeste,Cartão de débito,Marketplace
108081,2025-12-18,C1219,Cadeira,Escritório,1,1766.06,0.1,1236.24,PR,Sul,PIX,Marketplace
108082,2025-12-21,C0831,Cabo USB,Acessórios,2,86.9,0.05,39.11,AM,Norte,Cartão de débito,Online
108083,2025-10-17,C2122,Smartphone,Eletrônicos,1,4586.23,0,3577.26,PI,Nordeste,,Marketplace
108084,2026-02-25,C1318,Suporte para Monitor,Escritório,1,308.74,0,169.81,RJ,Sudeste,Boleto,Marketplace
108085,2026-06-23,C1634,Cadeira,Escritório,1,663.13,0.2,464.19,SP,Sudeste,Cartão de débito,Marketplace
108086,2026-01-14,C2264,Mesa,Escritório,1,1760.79,0.1,1197.34,PA,Norte,Cartão de crédito,Marketplace
108087,2025-01-31,C1457,Suporte para Monitor,Escritório,1,441.97,0.1,243.08,PI,Nordeste,Cartão de débito,Online
108088,2026-03-23,C0073,Cafeteira,Casa,1,994.62,0.1,646.5,RS,Sul,Cartão de crédito,Online
108089,2025-09-09,C2495,Luminária,Escritório,2,154.87,0.05,80.53,AP,Norte,Cartão de débito,Marketplace
108090,2025-01-14,C2472,Teclado,Eletrônicos,2,607.75,0.05,364.65,GO,Centro-Oeste,Boleto,Online
108091,2025-04-12,C1571,Smartphone,Eletrônicos,1,1026.54,0.1,800.7,DF,Centro-Oeste,Cartão de crédito,Marketplace
108092,2025-04-04,C1717,Cadeira,Escritório,1,562.41,0.1,393.69,SC,Sul,,Marketplace
108093,2025-12-05,C1933,Cafeteira,Casa,3,231.89,0.1,150.73,MA,Nordeste,Boleto,Online
108094,2025-03-02,C0763,Hub USB,Acessórios,1,225.26,0.05,123.89,MA,Nordeste,PIX,Online
108095,2026-04-07,C2167,Teclado,Eletrônicos,2,735.28,0,441.17,MA,Nordeste,Cartão de débito,Marketplace
108096,2025-08-19,C0537,Mouse,Eletrônicos,1,358.82,0.15,208.12,RS,Sul,Cartão de débito,Marketplace
108097,2025-08-04,C0714,Headset,Eletrônicos,2,212.82,0,131.95,CE,Nordeste,Cartão de débito,Online
108098,2025-12-05,C2111,Mouse,Eletrônicos,2,463.58,0,268.88,SP,Sudeste,Cartão de débito,Marketplace
108099,2025-09-02,C0554,Smartphone,Eletrônicos,1,2965.3,0.05,2312.93,MS,Centro-Oeste,Cartão de crédito,Marketplace
108100,2025-09-27,C1222,Hub USB,Acessórios,1,223.98,0,123.19,DF,Centro-Oeste,Cartão de crédito,Online
108101,2026-04-01,C2279,Notebook,Eletrônicos,1,5048.35,0.05,3634.81,AL,Nordeste,Boleto,Marketplace
108102,2025-11-09,C1391,Carregador,Acessórios,1,235.47,0,117.73,AM,Norte,Cartão de débito,Online
108103,2026-04-17,C2099,Mesa,Escritório,1,1128.94,0.1,767.68,PA,Norte,Cartão de crédito,Online
108104,2025-07-22,C1634,Cafeteira,Casa,3,404.61,0,263.0,RO,Norte,PIX,Online
108105,2025-01-23,C1282,Luminária,Escritório,1,157.87,0.1,82.09,PB,Nordeste,Cartão de crédito,Online
108106,2025-08-30,C1961,Suporte para Monitor,Escritório,2,549.19,0,302.05,PB,Nordeste,Boleto,Online
108107,2025-06-22,C1439,Luminária,Escritório,3,157.16,0,81.72,PA,Norte,Cartão de débito,Marketplace
108108,2025-06-22,C1805,Notebook,Eletrônicos,3,3152.92,0,2270.1,DF,Centro-Oeste,Cartão de débito,Marketplace
108109,2026-06-14,C1901,Mouse,Eletrônicos,1,157.46,0,91.33,SP,Sudeste,Cartão de crédito,Marketplace
108110,2025-03-25,C0286,Cadeira,Escritório,1,872.83,0,610.98,AM,Norte,PIX,Online
108111,2025-12-27,C1713,Luminária,Escritório,1,348.57,0.05,181.26,PB,Nordeste,Boleto,Marketplace
108112,2026-06-21,C0375,Mesa,Escritório,2,1106.73,0,752.58,MG,Sudeste,Cartão de débito,Online
108113,2025-10-26,C1222,Mouse,Eletrônicos,1,150.01,0,87.01,CE,Nordeste,Cartão de débito,Online
108114,2025-04-06,C0995,Mouse,Eletrônicos,3,176.74,0,102.51,MG,Sudeste,Cartão de crédito,Marketplace
108115,2025-12-05,C1538,Headset,Eletrônicos,1,171.67,0,106.44,RS,Sul,Cartão de crédito,Marketplace
108116,2026-05-18,C0749,Carregador,Acessórios,1,54.78,0.05,27.39,PR,Sul,Cartão de crédito,Online
108117,2025-11-30,C1464,Headset,Eletrônicos,1,308.92,0.05,191.53,AL,Nordeste,Cartão de crédito,Marketplace
108118,2025-08-17,C0480,Headset,Eletrônicos,1,545.09,0,337.96,BA,Nordeste,Boleto,Online
108119,2025-12-25,C0934,Notebook,Eletrônicos,4,4655.5,0,3351.96,PI,Nordeste,Boleto,Online
108120,2025-02-05,C2404,Notebook,Eletrônicos,5,4215.53,0.1,3035.18,AP,Norte,Cartão de débito,Marketplace
108121,2026-04-14,C1001,Mouse,Eletrônicos,2,459.67,0.05,266.61,AP,Norte,PIX,Online
108122,2025-04-07,C1124,Air Fryer,Casa,1,305.5,0.2,195.52,PB,Nordeste,Boleto,Marketplace
108123,2025-11-13,C1017,Smartphone,Eletrônicos,1,2189.17,0,1707.55,MS,Centro-Oeste,Boleto,Marketplace
108124,2026-01-12,C0987,Headset,Eletrônicos,2,301.6,0.15,186.99,ES,Sudeste,PIX,Online
108125,2025-01-13,C2199,Liquidificador,Casa,2,375.87,0.1,236.8,GO,Centro-Oeste,PIX,Marketplace
108126,2026-05-29,C0034,Air Fryer,Casa,1,681.56,0,436.2,RJ,Sudeste,Cartão de débito,Online
108127,2025-10-21,C0372,Monitor,Eletrônicos,1,2379.98,0.15,1618.39,RO,Norte,PIX,Online
108128,2025-12-27,C2325,Mesa,Escritório,3,818.68,0.15,556.7,TO,Norte,Cartão de crédito,Online
108129,2025-05-04,C2121,Mouse,Eletrônicos,1,180.37,0.05,104.61,MG,Sudeste,PIX,Online
108130,2026-01-07,C1086,Air Fryer,Casa,1,813.61,0,520.71,MS,Centro-Oeste,Cartão de crédito,Marketplace
108131,2025-08-21,C1403,Smartphone,Eletrônicos,2,1816.15,0.1,1416.6,RN,Nordeste,Cartão de débito,Online
108132,2025-10-22,C1773,Aspirador,Casa,2,1445.44,0,968.44,AL,Nordeste,Cartão de crédito,Marketplace
108133,2026-04-07,C0526,Hub USB,Acessórios,3,276.42,0,152.03,PB,Nordeste,Cartão de crédito,Marketplace
108134,2026-04-18,C1150,Mouse,Eletrônicos,4,310.77,0.05,180.25,DF,Centro-Oeste,Cartão de débito,Marketplace
108135,2025-12-28,C2372,Monitor,Eletrônicos,2,2363.61,0.15,1607.25,RN,Nordeste,Cartão de crédito,Marketplace
108136,2025-11-19,C0928,Air Fryer,Casa,1,593.29,0.05,379.71,CE,Nordeste,Boleto,Online
108137,2026-05-17,C1259,Luminária,Escritório,1,316.93,0.1,164.8,RN,Nordeste,Cartão de crédito,Online
108138,2026-04-12,C0224,Carregador,Acessórios,1,245.09,0.05,122.55,RJ,Sudeste,Cartão de crédito,Online
108139,2025-10-31,C2084,Luminária,Escritório,1,324.45,0.1,168.71,PR,Sul,PIX,Marketplace
108140,2025-01-17,C0254,Carregador,Acessórios,2,157.1,0.1,78.55,ES,Sudeste,PIX,Marketplace
108141,2026-02-01,C1348,Liquidificador,Casa,1,455.83,0,287.17,RO,Norte,Cartão de débito,Online
108142,2025-03-02,C1739,Luminária,Escritório,2,106.35,0.1,55.3,SC,Sul,Cartão de crédito,Marketplace
108143,2025-11-17,C0591,Headset,Eletrônicos,2,568.8,0.05,352.66,GO,Centro-Oeste,Cartão de débito,Online
108144,2026-05-10,C1324,Luminária,Escritório,1,225.32,0.1,117.17,MS,Centro-Oeste,PIX,Marketplace
108145,2026-04-06,C2282,Air Fryer,Casa,1,749.09,0.05,479.42,MA,Nordeste,Boleto,Online
108146,2026-06-19,C1972,Smartphone,Eletrônicos,2,2128.96,0.05,1660.59,ES,Sudeste,Boleto,Online
108147,2025-07-23,C0892,Luminária,Escritório,1,251.92,0.05,131.0,SE,Nordeste,Cartão de débito,Marketplace
108148,2025-08-05,C0673,Cabo USB,Acessórios,3,79.74,0,35.88,AL,Nordeste,Cartão de crédito,Marketplace
108149,2026-02-13,C1264,Air Fryer,Casa,1,784.4,0,502.02,RO,Norte,Cartão de débito,Online
108150,2026-05-09,C1260,Notebook,Eletrônicos,2,4555.35,0.15,3279.85,RO,Norte,Boleto,Online
108151,2025-04-02,C1008,Aspirador,Casa,4,428.81,0,287.3,AC,Norte,Cartão de crédito,Online
108152,2025-03-16,C1170,Air Fryer,Casa,2,358.77,0,229.61,RR,Norte,PIX,Online
108153,2025-09-19,C1401,Cadeira,Escritório,2,1870.33,0,1309.23,BA,Nordeste,PIX,Online
108154,2025-12-20,C0250,Mouse,Eletrônicos,1,468.75,0.05,271.88,PA,Norte,Cartão de débito,Online
108155,2025-03-12,C0246,Mesa,Escritório,1,1509.13,0,1026.21,MS,Centro-Oeste,PIX,Online
108156,2025-10-17,C2376,Cafeteira,Casa,1,717.15,0.05,466.15,PR,Sul,Boleto,Online
108157,2025-01-12,C1828,Luminária,Escritório,1,312.76,0,162.64,DF,Centro-Oeste,Boleto,Marketplace
108158,2025-05-27,C0949,Liquidificador,Casa,1,414.34,0.05,261.03,TO,Norte,Cartão de crédito,Online
108159,2025-11-16,C0710,Mouse,Eletrônicos,1,198.68,0.2,115.23,AM,Norte,Boleto,Online
108160,2025-04-18,C1876,Smartphone,eletronicos,1,2460.54,0,1919.22,DF,Centro-Oeste,Boleto,Online
108161,2025-04-07,C0653,Notebook,Eletrônicos,2,5475.93,0.05,3942.67,TO,Norte,Cartão de crédito,Marketplace
108162,2025-06-10,C1822,Notebook,Eletrônicos,2,4750.5,0.05,3420.36,RS,Sul,Cartão de crédito,Marketplace
108163,2025-04-30,C0379,Headset,Eletrônicos,2,605.92,0.1,375.67,TO,Norte,Boleto,Online
108164,2026-06-20,C1707,Hub USB,Acessórios,2,155.9,0.1,85.75,RN,Nordeste,Cartão de crédito,Marketplace
108165,2025-09-04,C1732,Luminária,Escritório,2,384.94,0,200.17,PA,Norte,Boleto,Marketplace
108166,2025-10-19,C1328,Notebook,Eletrônicos,1,3855.02,0.1,2775.61,AL,Nordeste,Cartão de débito,Marketplace
108167,2026-01-31,C1999,Air Fryer,Casa,3,723.31,0.05,462.92,RR,Norte,Cartão de crédito,Marketplace
108168,2025-03-17,C0827,Smartphone,Eletrônicos,3,2643.39,0.05,2061.84,CE,Nordeste,Cartão de débito,Online
108169,2025-09-07,C0482,Air Fryer,Casa,1,398.96,0.15,255.33,AC,Norte,Cartão de crédito,Marketplace
108170,2025-11-24,C1269,Liquidificador,Casa,1,542.32,0.1,341.66,RS,Sul,Cartão de crédito,Marketplace
108171,2025-04-02,C0075,Hub USB,Acessórios,1,240.91,0,132.5,PI,Nordeste,Cartão de crédito,Marketplace
108172,2026-06-10,C1372,Smartphone,Eletrônicos,2,1643.31,0.05,1281.78,SE,Nordeste,Cartão de crédito,Marketplace
108173,2025-10-17,C0025,Aspirador,Casa,2,1199.56,0.1,803.71,MA,Nordeste,Boleto,Marketplace
108174,2025-03-30,C1192,Luminária,Escritório,4,202.63,0.1,105.37,RN,Nordeste,Cartão de crédito,Online
108175,2025-10-19,C0634,Mesa,Escritório,2,743.81,0.2,505.79,PE,Nordeste,Cartão de crédito,Marketplace
108176,2026-03-30,C1259,Teclado,Eletrônicos,1,303.06,0,181.84,AP,Norte,Cartão de débito,Marketplace
108177,2025-09-09,C1440,Headset,Eletrônicos,1,444.3,0.05,275.47,BA,Nordeste,Cartão de crédito,Marketplace
108178,2026-05-23,C1962,Teclado,Eletrônicos,2,458.73,0,275.24,AP,Norte,Cartão de débito,Online
108179,2025-01-11,C1625,Monitor,Eletrônicos,1,704.8,0.15,479.26,AM,Norte,PIX,Online
108180,2026-02-17,C0510,Cabo USB,Acessórios,1,73.69,0.05,33.16,GO,Centro-Oeste,Boleto,Online
108181,2025-03-02,C1972,Luminária,Escritório,4,157.26,0.15,81.78,MT,Centro-Oeste,Cartão de débito,Online
108182,2025-07-06,C0219,Monitor,Eletrônicos,1,893.67,0,607.7,AC,Norte,Cartão de débito,Online
108183,2025-12-24,C0093,Suporte para Monitor,Escritório,2,551.82,0.2,303.5,TO,Norte,PIX,Marketplace
108184,2026-06-18,C0901,Cafeteira,Casa,2,1116.96,0,726.02,RN,Nordeste,Cartão de crédito,Marketplace
108185,2025-01-15,C1751,Teclado,Eletrônicos,1,727.23,0.05,436.34,PR,Sul,Cartão de débito,Online
108186,2025-07-07,C0982,Headset,Eletrônicos,1,493.75,0,306.12,PI,Nordeste,Cartão de débito,Marketplace
108187,2025-12-08,C0541,Monitor,Eletrônicos,2,1270.56,0.1,863.98,MT,Centro-Oeste,Boleto,Online
108188,2026-02-24,C1645,Monitor,Eletrônicos,1,2087.24,0.1,1419.32,PI,Nordeste,Boleto,Marketplace
108189,2026-06-01,C1932,Cabo USB,Acessórios,1,88.29,0.05,39.73,PE,Nordeste,Cartão de débito,Marketplace
108190,2025-01-02,C0162,Mouse,Eletrônicos,1,258.57,0,149.97,MA,Nordeste,Boleto,Marketplace
108191,2026-03-26,C1271,Mesa,Escritório,1,1636.52,0.1,1112.83,BA,Nordeste,Boleto,Marketplace
108192,2026-03-18,C0269,Notebook,Eletrônicos,2,5471.72,0.05,3939.64,PB,Nordeste,,Online
108193,2026-06-21,C0315,Cafeteira,Casa,3,1081.42,0.1,702.92,PE,Nordeste,Cartão de débito,Online
108194,2025-12-29,C0838,Smartphone,Eletrônicos,1,4856.22,0,3787.85,AP,Norte,PIX,Online
108195,2025-07-14,C1239,Mesa,Escritório,2,913.3,0.15,621.04,CE,Nordeste,Cartão de débito,Marketplace
108196,2026-02-12,C0282,Cadeira,Escritório,1,2332.82,0,1632.97,AC,Norte,Boleto,Marketplace
108197,2026-04-08,C1598,Cafeteira,Casa,1,974.06,0.1,633.14,RS,Sul,Cartão de débito,Marketplace
108198,2026-06-08,C0482,Hub USB,Acessórios,4,164.57,0.05,90.51,PA,Norte,Cartão de débito,Marketplace
108199,2025-09-25,C1668,Mouse,Eletrônicos,2,329.15,0.1,190.91,AL,Nordeste,Cartão de crédito,Marketplace
108200,2025-12-02,C2346,Headset,Eletrônicos,4,165.99,0.1,102.91,PA,Norte,Cartão de crédito,Online
108201,2025-11-17,C2295,Air Fryer,Casa,2,355.79,0.1,227.71,AC,Norte,PIX,Online
108202,2025-10-14,C1260,Headset,Eletrônicos,3,421.54,0.1,261.35,TO,Norte,Cartão de débito,Marketplace
108203,2025-11-19,C2421,Headset,Eletrônicos,1,206.6,0.15,128.09,MT,Centro-Oeste,Boleto,Marketplace
108204,2025-08-16,C2054,Mouse,Eletrônicos,1,489.1,0.05,283.68,MT,Centro-Oeste,Boleto,Marketplace
108205,2025-04-11,C0176,Mouse,Eletrônicos,1,271.99,0,157.75,MG,Sudeste,Cartão de crédito,Online
108206,2025-12-27,C1891,Headset,Eletrônicos,1,722.8,0,448.14,RJ,Sudeste,PIX,Online
108207,2025-10-13,C0858,Mouse,Eletrônicos,2,87.69,0.15,50.86,DF,Centro-Oeste,PIX,Marketplace
108208,2026-03-31,C0856,Cadeira,Escritório,2,940.26,0.05,658.18,SC,Sul,Boleto,Online
108209,2025-12-30,C0183,Mesa,Escritório,1,1462.48,0,994.49,TO,Norte,PIX,Online
108210,2025-09-01,C1298,Aspirador,Casa,1,964.44,0.05,646.17,DF,Centro-Oeste,PIX,Marketplace
108211,2026-04-22,C0663,Teclado,Eletrônicos,4,429.87,0,257.92,RO,Norte,Boleto,Online
108212,2025-07-18,C1593,Hub USB,Acessórios,1,259.86,0,142.92,AM,Norte,Cartão de débito,Marketplace
108213,2025-07-25,C1918,Hub USB,Acessórios,1,199.31,0.15,109.62,ES,Sudeste,PIX,Marketplace
108214,2025-01-18,C1464,Hub USB,Acessórios,1,102.18,0.1,56.2,CE,Nordeste,Cartão de crédito,Online
108215,2025-06-21,C1402,Monitor,Eletrônicos,3,2372.07,0.05,1613.01,PR,Sul,PIX,Marketplace
108216,2025-04-23,C0868,Cafeteira,Casa,1,356.53,0.1,231.74,BA,Nordeste,Boleto,Online
108217,2025-11-05,C0173,Mesa,Escritório,3,984.73,0,669.62,PA,Norte,PIX,Online
108218,2026-03-04,C1139,Teclado,Eletrônicos,4,686.01,0.1,411.61,MT,Centro-Oeste,PIX,Online
108219,2025-02-02,C0938,Luminária,Escritório,1,102.1,0.05,53.09,PB,Nordeste,PIX,Online
108220,2025-05-14,C0286,Notebook,Eletrônicos,3,3511.11,0,2528.0,MT,Centro-Oeste,Cartão de crédito,Online
108221,2025-06-20,C0091,Headset,Eletrônicos,2,443.56,0.2,275.01,PB,Nordeste,Cartão de débito,Marketplace
108222,2025-03-23,C2457,Notebook,Eletrônicos,3,4031.79,0.1,2902.89,GO,Centro-Oeste,Boleto,Marketplace
108223,2025-11-03,C1910,Notebook,Eletrônicos,2,2611.01,0.15,1879.93,RN,Nordeste,Cartão de débito,Online
108224,2025-02-15,C0312,Cadeira,Escritório,4,2128.02,0,1489.61,RJ,Sudeste,Boleto,Marketplace
108225,2025-07-02,C0816,Monitor,Eletrônicos,3,2114.21,0,1437.66,SP,Sudeste,PIX,Marketplace
108226,2025-01-19,C1901,Hub USB,Acessórios,4,245.57,0,135.06,AL,Nordeste,Cartão de crédito,Marketplace
108227,2026-01-25,C1316,Hub USB,Acessórios,1,125.25,0.1,68.89,RR,Norte,Cartão de débito,Online
108228,2025-06-13,C1333,Teclado,Eletrônicos,2,703.84,0,422.3,TO,Norte,Cartão de crédito,Marketplace
108229,2025-04-23,C1769,Notebook,Eletrônicos,4,4892.12,0.1,3522.33,PE,Nordeste,PIX,Online
108230,2026-02-26,C0338,Suporte para Monitor,Escritório,1,107.26,0,58.99,TO,Norte,PIX,Marketplace
108231,2025-11-27,C0921,Carregador,Acessórios,1,192.75,0.1,96.38,PR,Sul,Boleto,Marketplace
108232,2025-09-07,C2481,Air Fryer,Casa,2,381.09,0.05,243.9,PA,Norte,Boleto,Marketplace
108233,2025-11-19,C2424,Aspirador,Casa,1,924.98,0.05,619.74,MG,Sudeste,PIX,Online
108234,2025-12-09,C2050,Hub USB,Acessórios,4,260.18,0,143.1,SC,Sul,PIX,Online
108235,2025-07-14,C0900,Cafeteira,Casa,2,221.52,0,143.99,AL,Nordeste,Cartão de débito,Online
108236,2025-11-25,C0880,Notebook,Eletrônicos,2,5918.49,0,4261.31,RR,Norte,Cartão de débito,Online
108237,2025-09-14,C2347,Cafeteira,Casa,1,516.79,0.1,335.91,MA,Nordeste,Cartão de débito,Online
108238,2026-01-22,C1543,Mouse,Eletrônicos,1,93.59,0.05,54.28,ES,Sudeste,Cartão de crédito,Marketplace
108239,2025-01-08,C1309,Headset,Eletrônicos,2,182.29,0,113.02,RR,Norte,PIX,Online
108240,2025-02-18,C2310,Air Fryer,Casa,2,710.73,0.05,454.87,SC,Sul,PIX,Online
108241,2025-10-25,C2041,Luminária,Escritório,2,85.29,0,44.35,CE,Nordeste,PIX,Marketplace
108242,2025-03-15,C1459,Headset,Eletrônicos,1,252.51,0.15,156.56,PR,Sul,Cartão de crédito,Marketplace
108243,2026-01-01,C1987,Teclado,Eletrônicos,1,497.1,0.15,298.26,ES,Sudeste,Cartão de crédito,Marketplace
108244,2025-09-28,C2353,Cadeira,Escritório,1,1144.38,0.1,801.07,PI,Nordeste,Cartão de débito,Online
108245,2025-02-27,C2056,Liquidificador,Casa,1,503.65,0.05,317.3,PA,Norte,Cartão de crédito,Marketplace
108246,2025-01-14,C1796,Monitor,Eletrônicos,1,2091.3,0.05,1422.08,RR,Norte,Cartão de crédito,Online
108247,2025-04-04,C2255,Luminária,Escritório,1,359.44,0.15,186.91,ES,Sudeste,PIX,Marketplace
108248,2026-04-21,C1892,Luminária,Escritório,3,181.43,0,94.34,AL,Nordeste,Cartão de débito,Marketplace
108249,2025-09-20,C1148,Headset,Eletrônicos,1,735.61,0.15,456.08,SP,Sudeste,Boleto,Marketplace
108250,2025-11-10,C1870,Cadeira,Escritório,1,2291.0,0.05,1603.7,RR,Norte,PIX,Marketplace
108251,2026-04-23,C2012,Air Fryer,Casa,4,959.73,0.1,614.23,PA,Norte,Cartão de crédito,Marketplace
108252,2025-11-23,C2049,Mouse,Eletrônicos,1,392.34,0,227.56,ES,Sudeste,Cartão de débito,Online
108253,2026-04-26,C0875,Cafeteira,Casa,2,212.17,0,137.91,MA,Nordeste,Cartão de débito,Online
108254,2025-09-08,C0537,Headset,Eletrônicos,2,231.87,0,143.76,AM,Norte,Cartão de crédito,Marketplace
108255,2026-05-15,C2410,Teclado,Eletrônicos,1,500.87,0,300.52,CE,Nordeste,Cartão de débito,Online
108256,2025-03-14,C2092,Hub USB,Acessórios,1,174.83,0.1,96.16,BA,Nordeste,PIX,Online
108257,2025-02-22,C0854,Aspirador,Casa,1,540.8,0,362.34,MS,Centro-Oeste,Cartão de débito,Marketplace
108258,2025-12-31,C1939,Monitor,Eletrônicos,1,2068.5,0.1,1406.58,RS,Sul,Cartão de crédito,Online
108259,2026-02-27,C2006,Mesa,Escritório,3,1060.06,0,720.84,BA,Nordeste,Boleto,Marketplace
108260,2026-02-19,C0960,Mouse,Eletrônicos,4,410.96,0.1,238.36,RJ,Sudeste,Cartão de crédito,Online
108261,2025-08-09,C2146,Monitor,Eletrônicos,1,1745.29,0.1,1186.8,SC,Sul,Boleto,Online
108262,2025-01-08,C1452,Liquidificador,Casa,1,356.68,0.05,224.71,MA,Nordeste,Boleto,Online
108263,2025-07-11,C2495,Headset,Eletrônicos,3,204.19,0.1,126.6,RJ,Sudeste,Cartão de débito,Online
108264,2025-03-28,C1919,Smartphone,Eletrônicos,1,1114.95,0.05,869.66,RO,Norte,Cartão de débito,Marketplace
108265,2025-04-29,C1871,Cabo USB,Acessórios,2,52.35,0.05,23.56,AM,Norte,Boleto,Marketplace
108266,2025-05-06,C0634,Luminária,Escritório,1,224.15,0.1,116.56,AC,Norte,PIX,Marketplace
108267,2025-04-21,C1416,Liquidificador,Casa,3,292.78,0,184.45,RR,Norte,Boleto,Marketplace
108268,2025-07-08,C1201,Carregador,Acessórios,4,64.94,0,32.47,MT,Centro-Oeste,Cartão de crédito,Online
108269,2025-07-05,C1500,Teclado,Eletrônicos,1,290.93,0,174.56,SE,Nordeste,Cartão de débito,Marketplace
108270,2026-02-04,C1080,Headset,Eletrônicos,1,485.4,0.1,300.95,CE,Nordeste,Cartão de crédito,Online
108271,2025-02-12,C1085,Teclado,Eletrônicos,1,607.39,0,364.43,CE,Nordeste,Cartão de crédito,Marketplace
108272,2026-03-19,C1030,Mesa,Escritório,1,1670.85,0,1136.18,SC,Sul,Cartão de crédito,Online
108273,2025-06-30,C1730,Carregador,Acessórios,1,80.62,0.05,40.31,SE,Nordeste,Cartão de débito,Online
108274,2025-08-18,C0800,Suporte para Monitor,Escritório,1,551.35,0.2,303.24,MG,Sudeste,PIX,Online
108275,2025-08-12,C2485,Smartphone,Eletrônicos,3,4674.52,0,3646.13,RR,Norte,Cartão de débito,Online
108276,2026-03-27,C1775,Mouse,Eletrônicos,1,312.26,0.1,181.11,PB,Nordeste,Cartão de crédito,Online
108277,2025-10-31,C0743,Hub USB,Acessórios,1,106.42,0,58.53,RS,Sul,Cartão de crédito,Online
108278,2026-05-10,C1437,Headset,Eletrônicos,1,299.87,0.15,185.92,SP,Sudeste,Boleto,Online
108279,2025-10-02,C2191,Smartphone,Eletrônicos,1,1915.53,0.05,1494.11,AM,Norte,Boleto,Marketplace
108280,2025-04-19,C2299,Carregador,Acessórios,1,73.19,0.1,36.59,AP,Norte,PIX,Online
108281,2026-03-19,C1191,Hub USB,Acessórios,1,283.39,0,155.86,AP,Norte,Boleto,Marketplace
108282,2025-06-06,C1650,Teclado,Eletrônicos,1,583.23,0.1,349.94,PB,Nordeste,Boleto,Online
108283,2025-10-18,C0659,Cabo USB,Acessórios,2,24.0,0.1,10.8,BA,Nordeste,Cartão de crédito,Marketplace
108284,2025-02-12,C0566,Teclado,Eletrônicos,1,175.8,0,105.48,ES,Sudeste,Boleto,Online
108285,2025-01-21,C1187,Liquidificador,Casa,2,358.28,0.1,225.72,RR,Norte,Boleto,Online
108286,2025-11-03,C2091,Hub USB,Acessórios,1,109.85,0.1,60.42,SE,Nordeste,Cartão de crédito,Online
108287,2026-05-27,C0992,Monitor,Eletrônicos,2,1569.46,0.15,1067.23,AM,Norte,Cartão de crédito,Marketplace
108288,2025-05-08,C1733,Air Fryer,Casa,1,520.87,0.15,333.36,MG,Sudeste,Boleto,Marketplace
108289,2026-02-10,C2031,Teclado,Eletrônicos,1,708.09,0.15,424.85,RJ,Sudeste,Boleto,Marketplace
108290,2026-02-19,C1092,Monitor,Eletrônicos,1,2273.01,0.2,1545.65,TO,Norte,PIX,Marketplace
108291,2025-05-20,C1176,Aspirador,Casa,1,1376.78,0.1,922.44,AC,Norte,,Marketplace
108292,2025-08-16,C2057,Mesa,Escritório,1,1982.27,0.1,1347.94,MA,Nordeste,Cartão de crédito,Online
108293,2025-12-04,C0728,Luminária,Escritório,1,212.97,0.15,110.74,SE,Nordeste,Cartão de débito,Online
108294,2026-01-13,C0705,Cadeira,Escritório,1,1039.74,0.1,727.82,TO,Norte,Cartão de débito,Online
108295,2025-03-22,C0620,Smartphone,Eletrônicos,1,3155.51,0,2461.3,AL,Nordeste,PIX,Online
108296,2025-08-08,C1222,Suporte para Monitor,Escritório,1,580.34,0.1,319.19,AL,Nordeste,Boleto,Marketplace
108297,2025-01-02,C1184,Smartphone,Eletrônicos,1,4883.45,0.05,3809.09,TO,Norte,Cartão de débito,Marketplace
108298,2025-11-06,C0724,Air Fryer,Casa,3,427.94,0.05,273.88,SC,Sul,Boleto,Online
108299,2025-12-06,C0556,Notebook,Eletrônicos,1,5287.37,0.05,3806.91,PI,Nordeste,Cartão de débito,Marketplace
108300,2025-05-01,C2076,Suporte para Monitor,Escritório,1,132.58,0,72.92,RO,Norte,PIX,Marketplace
108301,2025-06-08,C1692,Aspirador,Casa,1,1040.12,0,696.88,ES,Sudeste,Cartão de débito,Online
108302,2025-05-09,C1935,Suporte para Monitor,Escritório,1,415.31,0,228.42,RO,Norte,Cartão de débito,Online
108303,2026-03-07,C0390,Notebook,Eletrônicos,1,4757.9,0.1,3425.69,BA,Nordeste,Boleto,Marketplace
108304,2026-04-26,C1162,Mouse,Eletrônicos,5,407.18,0,236.16,RO,Norte,Cartão de débito,Online
108305,2025-06-13,C0983,Mesa,Escritório,1,1226.54,0,834.05,PB,Nordeste,Boleto,Online
108306,2026-06-13,C1262,Cafeteira,Casa,1,650.39,0.05,422.75,RJ,Sudeste,Boleto,Online
108307,2025-12-01,C1325,Cadeira,Escritório,1,887.02,0.1,620.91,AP,Norte,Cartão de crédito,Marketplace
108308,2025-11-28,C0477,Hub USB,Acessórios,3,81.49,0,44.82,RR,Norte,Cartão de débito,Marketplace
108309,2026-02-07,C1534,Aspirador,Casa,1,990.43,0,663.59,BA,Nordeste,PIX,Marketplace
108310,2026-04-04,C1773,Smartphone,Eletrônicos,1,3851.26,0,3003.98,TO,Norte,PIX,Marketplace
108311,2026-06-20,C1107,Notebook,Eletrônicos,2,4126.17,0,2970.84,DF,Centro-Oeste,Boleto,Online
108312,2025-01-25,C0569,Carregador,Acessórios,1,141.41,0.2,70.7,CE,Nordeste,Cartão de crédito,Online
108313,2026-01-21,C1051,Liquidificador,Casa,1,358.67,0.05,225.96,PI,Nordeste,Cartão de débito,Marketplace
108314,2026-06-06,C2151,Teclado,Eletrônicos,1,623.46,0,374.08,PB,Nordeste,Cartão de débito,Online
108315,2025-10-27,C0676,Suporte para Monitor,Escritório,2,446.34,0.2,245.49,ES,Sudeste,Cartão de crédito,Online
108316,2025-09-16,C2302,Cadeira,Escritório,4,1137.26,0,796.08,RJ,Sudeste,Cartão de débito,Online
108317,2025-11-15,C1732,Mesa,Escritório,1,795.64,0,541.04,AC,Norte,Boleto,Marketplace
108318,2026-03-25,C1721,Mouse,Eletrônicos,3,461.17,0,267.48,SE,Nordeste,Cartão de crédito,Marketplace
108319,2025-12-04,C0938,Monitor,Eletrônicos,3,1541.45,0.1,1048.19,DF,Centro-Oeste,Cartão de débito,Marketplace
108320,2026-06-20,C1666,Air Fryer,Casa,2,943.49,0.15,603.83,AM,Norte,Cartão de débito,Marketplace
108321,2026-03-17,C0754,Aspirador,Casa,2,1141.31,0.05,764.68,PB,Nordeste,PIX,Marketplace
108322,2025-03-18,C2413,Headset,Eletrônicos,1,587.04,0.05,363.96,ES,Sudeste,Cartão de débito,Marketplace
108323,2025-01-12,C1209,Aspirador,Casa,2,768.42,0,514.84,PA,Norte,Cartão de débito,Online
108324,2025-09-10,C1351,Cabo USB,Acessórios,3,53.62,0,24.13,PI,Nordeste,Boleto,Marketplace
108325,2026-04-28,C1791,Monitor,Eletrônicos,1,2065.01,0,1404.21,TO,Norte,Cartão de débito,Marketplace
108326,2025-08-25,C1012,Cadeira,Escritório,1,2278.93,0.05,1595.25,MA,Nordeste,PIX,Marketplace
108327,2025-01-06,C0514,Monitor,Eletrônicos,1,726.63,0.1,494.11,AL,Nordeste,PIX,Marketplace
108328,2025-07-26,C0283,Mesa,Escritório,2,1196.29,0.1,813.48,RO,Norte,PIX,Marketplace
108329,2026-04-30,C1083,Mouse,Eletrônicos,1,170.77,0,99.05,PA,Norte,Cartão de crédito,Online
108330,2025-10-22,C0976,Air Fryer,Casa,2,629.44,0,402.84,MA,Nordeste,Cartão de débito,Marketplace
108331,2026-06-09,C1534,Luminária,Escritório,1,152.99,0.05,79.55,RN,Nordeste,Cartão de crédito,Online
108332,2026-01-24,C2257,Aspirador,Casa,2,538.33,0,360.68,RN,Nordeste,Boleto,Online
108333,2025-08-11,C2056,Suporte para Monitor,Escritório,1,152.04,0,83.62,PR,Sul,Cartão de débito,Marketplace
108334,2025-06-28,C1332,Teclado,Eletrônicos,1,462.8,0.15,277.68,RR,Norte,Cartão de débito,Online
108335,2026-03-20,C0213,Liquidificador,Casa,2,530.72,0.1,334.35,ES,Sudeste,Cartão de crédito,Marketplace
108336,2025-10-06,C0705,Mesa,Escritório,1,1026.46,0.1,697.99,DF,Centro-Oeste,Cartão de débito,Marketplace
108337,2025-02-26,C1989,Monitor,Eletrônicos,1,2039.58,0.05,1386.91,AP,Norte,Cartão de débito,Marketplace
108338,2026-02-15,C0402,Notebook,Eletrônicos,3,4085.98,0.15,2941.91,GO,Centro-Oeste,Cartão de débito,Online
108339,2025-12-26,C0297,Cabo USB,Acessórios,1,44.0,0.1,19.8,MA,Nordeste,Boleto,Marketplace
108340,2025-01-13,C0998,Teclado,Eletrônicos,1,196.16,0,117.7,ES,Sudeste,Boleto,Online
108341,2025-03-26,C1308,Headset,Eletrônicos,2,806.02,0.15,499.73,AP,Norte,PIX,Online
108342,2025-05-27,C1065,Smartphone,Eletrônicos,2,2954.06,0,2304.17,SP,Sudeste,PIX,Online
108343,2025-09-07,C1838,Liquidificador,Casa,1,536.65,0,338.09,MS,Centro-Oeste,PIX,Marketplace
108344,2026-03-06,C0206,Air Fryer,Casa,3,588.54,0.15,376.67,BA,Nordeste,PIX,Online
108345,2025-03-23,C0828,Mesa,Escritório,1,959.08,0,652.17,MS,Centro-Oeste,PIX,Online
108346,2026-04-09,C2316,Headset,Eletrônicos,1,277.85,0,172.27,ES,Sudeste,Boleto,Marketplace
108347,2026-03-05,C0562,Teclado,Eletrônicos,2,505.97,0.2,303.58,AC,Norte,Cartão de crédito,Marketplace
108348,2025-11-12,C2277,Cadeira,Escritório,4,1074.37,0.1,752.06,AM,Norte,Cartão de débito,Online
108349,2025-06-09,C0404,Mesa,Escritório,1,478.2,0,325.18,AM,Norte,Cartão de débito,Marketplace
108350,2025-11-10,C1624,Hub USB,Acessórios,4,195.92,0.15,107.76,MS,Centro-Oeste,Cartão de débito,Marketplace
108351,2025-12-25,C1452,Smartphone,Eletrônicos,2,1919.73,0,1497.39,RO,Norte,PIX,Marketplace
108352,2025-01-17,C2289,Cabo USB,Acessórios,1,70.73,0,31.83,SE,Nordeste,Boleto,Marketplace
108353,2025-08-09,C1784,Air Fryer,Casa,2,699.74,0.1,447.83,DF,Centro-Oeste,PIX,Marketplace
108354,2025-01-31,C0538,Headset,Eletrônicos,1,820.81,0,508.9,MG,Sudeste,PIX,Online
108355,2025-09-23,C1710,Teclado,Eletrônicos,1,162.32,0.15,97.39,RR,Norte,Cartão de débito,Online
108356,2025-08-05,C2145,Smartphone,Eletrônicos,1,3741.75,0.1,2918.57,CE,Nordeste,Cartão de débito,Online
108357,2025-05-18,C1142,Cadeira,Escritório,2,1475.3,0.1,1032.71,MG,Sudeste,PIX,Online
108358,2026-02-12,C0764,Cabo USB,Acessórios,3,64.47,0,29.01,RO,Norte,Cartão de crédito,Online
108359,2025-01-07,C0290,Air Fryer,Casa,1,887.35,0.1,567.9,SP,Sudeste,Cartão de débito,Marketplace
108360,2025-05-13,C0473,Suporte para Monitor,Escritório,1,554.52,0,304.99,DF,Centro-Oeste,Cartão de crédito,Marketplace
108361,2026-05-31,C2409,Air Fryer,Casa,1,512.83,0.05,328.21,RJ,Sudeste,Cartão de crédito,Online
108362,2026-01-20,C0601,Notebook,Eletrônicos,3,3388.19,0,2439.5,GO,Centro-Oeste,PIX,Online
108363,2026-03-03,C1719,Smartphone,Eletrônicos,2,4907.94,0,3828.19,TO,Norte,Cartão de crédito,Marketplace
108364,2025-12-05,C1581,Hub USB,Acessórios,1,99.07,0.1,54.49,PE,Nordeste,Cartão de débito,Online
108365,2025-08-17,C0754,Cadeira,Escritório,2,2186.96,0,1530.87,BA,Nordeste,Cartão de débito,Online
108366,2025-08-01,C1504,Headset,Eletrônicos,2,787.41,0,488.19,RO,Norte,Boleto,Online
108367,2025-06-20,C1107,Luminária,Escritório,3,113.33,0.05,58.93,AC,Norte,Cartão de débito,Online
108368,2025-11-22,C0682,Luminária,Escritório,1,366.29,0.2,190.47,AC,Norte,Cartão de débito,Online
108369,2025-05-19,C1033,Hub USB,Acessórios,3,131.43,0,72.29,AP,Norte,Cartão de crédito,Online
108370,2025-12-30,C1177,Headset,Eletrônicos,1,682.08,0.15,422.89,AC,Norte,Boleto,Marketplace
108371,2026-01-10,C0265,Luminária,Escritório,1,234.92,0.05,122.16,RO,Norte,PIX,Online
108372,2025-04-26,C0540,Headset,Eletrônicos,1,437.58,0.1,271.3,AL,Nordeste,PIX,Marketplace
108373,2025-09-24,C2403,Teclado,Eletrônicos,1,121.84,0.1,73.1,PB,Nordeste,Cartão de crédito,Online
108374,2025-09-18,C0052,Headset,Eletrônicos,1,588.21,0,364.69,PA,Norte,Cartão de débito,Marketplace
108375,2026-01-31,C1114,Cafeteira,Casa,4,569.5,0.05,370.18,SP,Sudeste,Cartão de crédito,Marketplace
108376,2025-11-17,C2251,Luminária,Escritório,1,319.82,0.1,166.31,PE,Nordeste,Cartão de crédito,Marketplace
108377,2025-11-05,C1276,Luminária,Escritório,1,198.02,0,102.97,ES,Sudeste,Boleto,Online
108378,2025-02-21,C0052,Air Fryer,Casa,5,668.02,0,427.53,RR,Norte,PIX,Online
108379,2025-10-31,C1359,Aspirador,Casa,1,1494.2,0,1001.11,CE,Nordeste,Cartão de débito,Online
108380,2025-07-20,C1999,Notebook,Eletrônicos,4,4895.04,0,3524.43,MG,Sudeste,Cartão de crédito,Online
108381,2025-12-03,C1776,Notebook,Eletrônicos,1,5661.45,0.15,4076.24,PI,Nordeste,Cartão de crédito,Online
108382,2025-09-21,C2496,Luminária,Escritório,1,176.47,0.2,91.76,PR,Sul,Cartão de crédito,Marketplace
108383,2026-06-20,C2486,Luminária,Escritório,2,302.43,0.05,157.26,PI,Nordeste,Boleto,Online
108384,2026-05-28,C1310,Liquidificador,Casa,2,584.44,0,368.2,PB,Nordeste,Boleto,Online
108385,2025-07-24,C0348,Mouse,Eletrônicos,1,404.86,0.1,234.82,MG,Sudeste,PIX,Marketplace
108386,2025-03-12,C1283,Liquidificador,Casa,1,374.43,0.2,235.89,MG,Sudeste,Cartão de crédito,Marketplace
108387,2025-11-12,C1882,Liquidificador,Casa,1,206.21,0.2,129.91,PI,Nordeste,Cartão de débito,Marketplace
108388,2026-06-08,C0156,Aspirador,Casa,2,433.35,0,290.34,PA,Norte,Cartão de débito,Online
108389,2026-05-22,C0212,Carregador,Acessórios,1,154.49,0.05,77.25,RN,Nordeste,Cartão de crédito,Marketplace
108390,2025-08-29,C0615,Carregador,Acessórios,2,214.37,0.05,107.19,MG,Sudeste,Cartão de crédito,Marketplace
108391,2026-04-09,C0940,Mesa,Escritório,1,1906.45,0,1296.39,RO,Norte,Cartão de débito,Marketplace
108392,2025-04-03,C1858,Monitor,Eletrônicos,3,1215.07,0.05,826.25,AC,Norte,Cartão de débito,Online
108393,2025-03-23,C0558,Monitor,Eletrônicos,1,1074.89,0.05,730.93,AM,Norte,Cartão de crédito,Marketplace
108394,2026-06-14,C1109,Smartphone,Eletrônicos,2,2622.04,0.1,2045.19,PR,Sul,Boleto,Marketplace
108395,2025-07-21,C0095,Hub USB,Acessórios,1,286.05,0,157.33,AC,Norte,PIX,Marketplace
108396,2026-03-29,C0326,Hub USB,Acessórios,1,183.57,0,100.96,MS,Centro-Oeste,Cartão de crédito,Online
108397,2025-09-06,C1813,Teclado,Eletrônicos,1,465.42,0.1,279.25,PI,Nordeste,PIX,Online
108398,2025-04-30,C1790,Cafeteira,Casa,2,838.68,0.1,545.14,RR,Norte,PIX,Online
108399,2025-03-29,C2205,Aspirador,Casa,1,1449.15,0.1,970.93,AM,Norte,Boleto,Marketplace
108400,2025-03-27,C1532,Mesa,Escritório,3,627.59,0.05,426.76,PE,Nordeste,PIX,Online
108401,2025-11-07,C0480,Smartphone,Eletrônicos,1,2901.23,0.1,2262.96,BA,Nordeste,Boleto,Online
108402,2025-12-25,C1234,Notebook,Eletrônicos,3,4707.56,0,3389.44,MG,Sudeste,Cartão de débito,Online
108403,2025-08-16,C1516,Mesa,Escritório,1,1343.95,0.1,913.89,RS,Sul,Boleto,Online
108404,2025-11-29,C1696,Notebook,Eletrônicos,1,4725.73,0.1,3402.53,CE,Nordeste,Cartão de débito,Online
108405,2025-05-26,C1485,Headset,Eletrônicos,2,756.7,0.1,469.15,AL,Nordeste,Boleto,Online
108406,2025-03-30,C0175,Cabo USB,Acessórios,1,84.53,0.15,38.04,AC,Norte,Cartão de crédito,Online
108407,2025-08-18,C0557,Notebook,Eletrônicos,1,5966.94,0,4296.2,PB,Nordeste,PIX,Online
108408,2026-05-21,C1063,Cafeteira,Casa,1,1018.37,0.1,661.94,MA,Nordeste,Boleto,Online
108409,2026-02-04,C1948,Mouse,Eletrônicos,2,450.55,0.15,261.32,RJ,Sudeste,Boleto,Online
108410,2025-06-19,C1028,Carregador,Acessórios,1,231.6,0.15,115.8,SC,Sul,Cartão de débito,Marketplace
108411,2025-10-13,C2202,Mouse,Eletrônicos,3,171.47,0.05,99.45,AC,Norte,Cartão de crédito,Marketplace
108412,2026-04-15,C2386,Monitor,Eletrônicos,1,2259.18,0,1536.24,ES,Sudeste,PIX,Online
108413,2025-03-13,C0245,Cabo USB,Acessórios,4,62.46,0,28.11,AP,Norte,PIX,Online
108414,2026-06-30,C1484,Cadeira,Escritório,2,626.07,0.05,438.25,RS,Sul,Cartão de débito,Online
108415,2025-08-22,C1525,Headset,Eletrônicos,1,263.11,0,163.13,DF,Centro-Oeste,PIX,Online
108416,2025-11-23,C0698,Smartphone,Eletrônicos,2,3730.5,0.2,2909.79,MG,Sudeste,Boleto,Marketplace
108417,2026-02-23,C0501,Carregador,Acessórios,4,112.74,0.1,56.37,RR,Norte,Cartão de débito,Online
108418,2026-02-17,C1640,Aspirador,Casa,2,1006.36,0,674.26,GO,Centro-Oeste,Boleto,Online
108419,2026-02-26,C2085,Carregador,Acessórios,1,86.95,0.05,43.48,MS,Centro-Oeste,Cartão de débito,Online
108420,2025-11-24,C1276,Monitor,Eletrônicos,1,1203.36,0.15,818.28,SC,Sul,PIX,Marketplace
108421,2025-05-26,C2304,Liquidificador,Casa,1,379.26,0.15,238.93,RS,Sul,Cartão de débito,Marketplace
108422,2025-03-26,C0649,Mesa,Escritório,1,1665.55,0.1,1132.57,DF,Centro-Oeste,Cartão de crédito,Marketplace
108423,2026-03-26,C0644,Headset,Eletrônicos,2,796.88,0,494.07,AL,Nordeste,Cartão de crédito,Marketplace
108424,2025-01-20,C0690,Luminária,Escritório,5,267.56,0,139.13,AL,Nordeste,PIX,Online
108425,2025-07-04,C1127,Teclado,Eletrônicos,3,307.09,0.1,184.25,AC,Norte,Cartão de débito,Marketplace
108426,2026-05-07,C1711,Teclado,Eletrônicos,1,571.11,0.05,342.67,RS,Sul,Boleto,Marketplace
108427,2025-08-10,C2129,Hub USB,Acessórios,1,84.85,0.05,46.67,SP,Sudeste,PIX,Online
108428,2026-03-10,C1656,Monitor,Eletrônicos,2,1588.51,0.05,1080.19,RS,Sul,PIX,Marketplace
108429,2025-01-15,C0312,Air Fryer,Casa,2,390.62,0.1,250.0,ES,Sudeste,PIX,Online
108430,2025-09-15,C0812,Cadeira,Escritório,1,1442.14,0.15,1009.5,AM,Norte,PIX,Online
108431,2025-05-31,C0268,Headset,Eletrônicos,2,798.6,0.1,495.13,DF,Centro-Oeste,Cartão de débito,Online
108432,2025-10-09,C0036,Headset,Eletrônicos,2,814.68,0.15,505.1,TO,Norte,PIX,Online
108433,2025-10-29,C2352,Hub USB,Acessórios,1,133.45,0.15,73.4,AL,Nordeste,Cartão de débito,Online
108434,2025-11-25,C0545,Mouse,Eletrônicos,1,196.04,0.15,113.7,SP,Sudeste,Cartão de débito,Online
108435,2025-08-04,C0558,Cafeteira,Casa,1,622.98,0,404.94,RS,Sul,Cartão de débito,Online
108436,2026-02-25,C1339,Teclado,Eletrônicos,1,126.48,0,75.89,RS,Sul,PIX,Marketplace
108437,2025-05-23,C2384,Smartphone,Eletrônicos,1,2614.11,0,2039.01,ES,Sudeste,Cartão de crédito,Marketplace
108438,2025-09-08,C0035,Carregador,Acessórios,2,128.13,0,64.06,PA,Norte,PIX,Marketplace
108439,2025-11-20,C0095,Cafeteira,Casa,1,432.62,0.1,281.2,MT,Centro-Oeste,PIX,Online
108440,2026-04-16,C1482,Cabo USB,Acessórios,1,48.11,0.1,21.65,PE,Nordeste,Cartão de crédito,Marketplace
108441,2025-07-17,C0695,Air Fryer,Casa,2,775.56,0.1,496.36,RS,Sul,PIX,Online
108442,2026-06-23,C1189,Suporte para Monitor,Escritório,3,221.62,0.1,121.89,DF,Centro-Oeste,Cartão de crédito,Online
108443,2025-09-30,C2044,Cadeira,Escritório,2,1827.86,0,1279.5,MT,Centro-Oeste,Cartão de crédito,Marketplace
108444,2025-09-15,C1267,Suporte para Monitor,Escritório,2,594.96,0.2,327.23,RR,Norte,Boleto,Marketplace
108445,2025-06-24,C1632,Carregador,Acessórios,2,150.05,0.1,75.03,ES,Sudeste,Cartão de débito,Marketplace
108446,2025-04-08,C0423,Monitor,Eletrônicos,1,1066.8,0,725.42,BA,Nordeste,Boleto,Online
108447,2025-12-11,C1261,Cadeira,Escritório,1,1921.52,0,1345.06,PE,Nordeste,Cartão de crédito,Marketplace
108448,2025-08-14,C2205,Headset,Eletrônicos,1,879.47,0,545.27,DF,Centro-Oeste,PIX,Online
108449,2025-06-24,C0637,Air Fryer,Casa,3,840.5,0,537.92,RO,Norte,Cartão de crédito,Online
108450,2025-04-22,C0498,Notebook,Eletrônicos,2,3705.07,0.1,2667.65,AC,Norte,PIX,Online
108451,2026-03-06,C1250,Teclado,Eletrônicos,4,452.82,0.1,271.69,MG,Sudeste,Cartão de crédito,Online
108452,2025-08-20,C1358,Suporte para Monitor,Escritório,1,389.48,0.1,214.21,RN,Nordeste,Cartão de débito,Marketplace
108453,2026-01-01,C1305,Aspirador,Casa,1,1299.11,0,870.4,PI,Nordeste,Boleto,Online
108454,2025-09-17,C1463,Cadeira,Escritório,2,765.99,0,536.19,MG,Sudeste,Cartão de crédito,Online
108455,2025-01-23,C0092,Suporte para Monitor,Escritório,5,313.94,0,172.67,MS,Centro-Oeste,Boleto,Marketplace
108456,2026-05-22,C1774,Cabo USB,Acessórios,2,66.73,0,30.03,MS,Centro-Oeste,Boleto,Marketplace
108457,2026-03-27,C1829,Air Fryer,Casa,1,883.05,0.1,565.15,SE,Nordeste,PIX,Online
108458,2025-07-13,C1569,Teclado,Eletrônicos,4,411.21,0,246.73,RN,Nordeste,Cartão de débito,Marketplace
108459,2025-12-10,C0733,Cafeteira,Casa,1,806.71,0,524.36,AP,Norte,Boleto,Online
108460,2026-05-03,C2396,Smartphone,Eletrônicos,1,3634.38,0.1,2834.82,TO,Norte,Boleto,Marketplace
108461,2026-04-10,C0538,Air Fryer,Casa,1,975.46,0,624.29,AP,Norte,PIX,Marketplace
108462,2025-01-24,C1933,Mouse,Eletrônicos,1,166.32,0.05,96.47,PE,Nordeste,Boleto,Marketplace
108463,2025-11-03,C0213,Cadeira,Escritório,1,1020.29,0,714.2,DF,Centro-Oeste,Cartão de débito,Marketplace
108464,2025-04-16,C0757,Smartphone,Eletrônicos,4,4518.55,0,3524.47,AL,Nordeste,Cartão de débito,Marketplace
108465,2026-01-20,C2349,Monitor,Eletrônicos,1,1940.4,0.1,1319.47,SP,Sudeste,Boleto,Marketplace
108466,2025-11-11,C0023,Cabo USB,Acessórios,2,49.64,0,22.34,PI,Nordeste,PIX,Online
108467,2026-02-24,C0001,Teclado,Eletrônicos,1,442.5,0,265.5,PI,Nordeste,Boleto,Online
108468,2025-08-26,C1965,Mouse,Eletrônicos,2,154.08,0.05,89.37,BA,Nordeste,PIX,Marketplace
108469,2026-06-16,C1466,Suporte para Monitor,Escritório,1,175.77,0.05,96.67,RS,Sul,Cartão de crédito,Marketplace
108470,2026-04-28,C0335,Liquidificador,Casa,1,330.48,0,208.2,AC,Norte,Cartão de crédito,Marketplace
108471,2026-03-09,C1999,Carregador,Acessórios,1,105.55,0.05,52.77,RN,Nordeste,Cartão de crédito,Marketplace
108472,2026-03-19,C0059,Teclado,Eletrônicos,1,108.23,0,64.94,RS,Sul,PIX,Online
108473,2025-04-19,C0008,Cadeira,Escritório,1,1838.5,0.05,1286.95,RR,Norte,Boleto,Marketplace
108474,2025-09-10,C1087,Notebook,Eletrônicos,2,3782.15,0,2723.15,AM,Norte,Boleto,Online
108475,2025-03-31,C1474,Aspirador,Casa,1,595.31,0.1,398.86,AC,Norte,Cartão de crédito,Online
108476,2025-09-09,C0823,Teclado,Eletrônicos,4,526.36,0,315.82,RR,Norte,Cartão de crédito,Online
108477,2026-05-19,C1441,Monitor,Eletrônicos,2,1517.09,0,1031.62,SC,Sul,Boleto,Online
108478,2025-06-15,C1736,Notebook,Eletrônicos,2,5067.03,0,3648.26,PA,Norte,Boleto,Online
108479,2025-09-21,C0536,Carregador,Acessórios,2,126.61,0.15,63.3,CE,Nordeste,Boleto,Online
108480,2025-06-14,C2299,Notebook,eletronicos,1,5914.91,0.1,4258.74,AL,Nordeste,PIX,Marketplace
108481,2025-06-08,C0090,Mouse,Eletrônicos,1,420.36,0,243.81,GO,Centro-Oeste,Cartão de crédito,Online
108482,2025-06-28,C1446,Notebook,Eletrônicos,1,4131.2,0,2974.46,TO,Norte,Cartão de crédito,Marketplace
108483,2026-02-24,C1873,Liquidificador,Casa,1,406.8,0.1,256.28,CE,Nordeste,PIX,Online
108484,2025-02-08,C1820,Mesa,Escritório,1,1607.09,0,1092.82,RS,Sul,PIX,Online
108485,2026-03-23,C1011,Aspirador,Casa,1,1497.33,0.05,1003.21,MT,Centro-Oeste,PIX,Marketplace
108486,2026-04-15,C1676,Liquidificador,Casa,1,324.3,0.05,204.31,BA,Nordeste,PIX,Marketplace
108487,2025-08-06,C1867,Hub USB,Acessórios,1,229.45,0,126.2,DF,Centro-Oeste,Boleto,Marketplace
108488,2026-05-05,C1064,Teclado,Eletrônicos,1,655.01,0,393.01,RJ,Sudeste,Boleto,Online
108489,2026-01-04,C1485,Headset,Eletrônicos,1,412.2,0.1,255.56,GO,Centro-Oeste,PIX,Online
108490,2025-07-05,C2398,Teclado,Eletrônicos,2,795.22,0.1,477.13,SP,Sudeste,Cartão de crédito,Online
108491,2026-01-23,C1005,Headset,Eletrônicos,3,587.09,0,364.0,PA,Norte,Cartão de crédito,Online
108492,2025-08-27,C2325,Cabo USB,Acessórios,4,64.88,0.05,29.2,CE,Nordeste,Cartão de crédito,Online
108493,2026-03-10,C0004,Monitor,Eletrônicos,1,1554.94,0.15,1057.36,RJ,Sudeste,Boleto,Online
108494,2025-02-18,C0777,Hub USB,Acessórios,1,92.1,0.05,50.66,TO,Norte,Cartão de débito,Online
108495,2025-09-14,C1033,Headset,Eletrônicos,3,652.66,0.05,404.65,AM,Norte,Cartão de débito,Marketplace
108496,2025-07-04,C0610,Liquidificador,Casa,1,356.03,0.2,224.3,GO,Centro-Oeste,Cartão de débito,Online
108497,2025-05-15,C0428,Liquidificador,Casa,1,218.35,0,137.56,RR,Norte,Cartão de débito,Online
108498,2025-04-03,C0886,Headset,Eletrônicos,2,177.35,0.1,109.96,RS,Sul,Boleto,Online
108499,2026-02-11,C1910,Mouse,Eletrônicos,4,183.7,0.05,106.55,RJ,Sudeste,PIX,Online
108500,2025-04-11,C1159,Luminária,Escritório,1,184.83,0,96.11,SE,Nordeste,Cartão de débito,Online
108501,2025-12-14,C0858,Mesa,Escritório,4,1881.06,0.15,1279.12,AM,Norte,PIX,Marketplace
108502,2026-02-04,C2457,Liquidificador,Casa,1,366.98,0,231.2,RN,Nordeste,Cartão de débito,Marketplace
108503,2025-04-12,C1764,Hub USB,Acessórios,2,195.96,0,107.78,TO,Norte,Boleto,Marketplace
108504,2025-03-01,C2233,Smartphone,Eletrônicos,2,4958.91,0.05,3867.95,PE,Nordeste,Cartão de crédito,Marketplace
108505,2025-01-28,C0212,Mesa,Escritório,1,991.82,0.1,674.44,AP,Norte,Cartão de crédito,Marketplace
108506,2026-04-28,C1858,Monitor,Eletrônicos,1,1154.04,0,784.75,RO,Norte,Cartão de crédito,Marketplace
108507,2025-09-08,C1356,Liquidificador,Casa,2,511.45,0,322.21,ES,Sudeste,Cartão de débito,Marketplace
108508,2025-06-02,C0629,Hub USB,Acessórios,2,92.89,0.15,51.09,MG,Sudeste,Boleto,Marketplace
108509,2026-06-04,C1326,Mesa,Escritório,2,1937.5,0.05,1317.5,PA,Norte,Cartão de débito,Online
108510,2026-04-19,C1777,Teclado,Eletrônicos,5,799.05,0.1,479.43,RR,Norte,Cartão de crédito,Online
108511,2025-09-25,C2012,Air Fryer,Casa,4,667.77,0,427.37,PE,Nordeste,Boleto,Online
108512,2025-05-02,C1360,Suporte para Monitor,Escritório,2,126.07,0.05,69.34,SP,Sudeste,PIX,Online
108513,2025-12-01,C0141,Air Fryer,Casa,3,913.13,0.1,584.4,SP,Sudeste,Boleto,Marketplace
108514,2025-04-09,C1045,Smartphone,Eletrônicos,1,2855.58,0.05,2227.35,BA,Nordeste,PIX,Marketplace
108515,2025-02-04,C2073,Notebook,Eletrônicos,1,5960.58,0.05,4291.62,CE,Nordeste,Boleto,Marketplace
108516,2025-06-05,C0557,Suporte para Monitor,Escritório,2,273.71,0.1,150.54,PE,Nordeste,Boleto,Marketplace
108517,2025-04-06,C2309,Headset,Eletrônicos,1,580.58,0,359.96,AC,Norte,Cartão de débito,Marketplace
108518,2025-01-14,C0308,Air Fryer,Casa,1,848.28,0.05,542.9,MG,Sudeste,Boleto,Online
108519,2026-01-06,C1980,Mouse,Eletrônicos,1,123.41,0,71.58,CE,Nordeste,Cartão de crédito,Online
108520,2025-07-02,C2199,Liquidificador,Casa,3,273.22,0.1,172.13,SE,Nordeste,Cartão de débito,Online
108521,2025-02-18,C0512,Teclado,Eletrônicos,1,369.89,0.15,221.93,SC,Sul,Boleto,Online
108522,2026-03-01,C0310,Mouse,Eletrônicos,1,95.43,0.1,55.35,PA,Norte,PIX,Marketplace
108523,2025-01-06,C0940,Smartphone,Eletrônicos,2,1807.48,0.05,1409.83,MG,Sudeste,Cartão de crédito,Online
108524,2025-11-16,C1394,Cafeteira,Casa,1,774.11,0,503.17,PI,Nordeste,PIX,Online
108525,2025-04-06,C1776,Mouse,Eletrônicos,1,324.66,0,188.3,PB,Nordeste,Boleto,Online
108526,2026-02-01,C1818,Cafeteira,Casa,2,722.24,0.05,469.46,BA,Nordeste,Boleto,Online
108527,2026-02-04,C0985,Monitor,Eletrônicos,2,1387.86,0.05,943.74,PE,Nordeste,Cartão de crédito,Marketplace
108528,2026-05-20,C0426,Headset,Eletrônicos,1,219.28,0,135.95,GO,Centro-Oeste,Cartão de débito,Marketplace
108529,2025-10-26,C0872,Monitor,Eletrônicos,1,1031.14,0.15,701.18,ES,Sudeste,Cartão de débito,Online
108530,2026-06-22,C0690,Headset,Eletrônicos,2,344.51,0,213.6,TO,Norte,Boleto,Online
108531,2025-10-17,C1018,Cadeira,Escritório,1,686.75,0,480.72,RO,Norte,PIX,Marketplace
108532,2025-05-25,C1132,Cafeteira,Casa,1,415.26,0.1,269.92,SC,Sul,Cartão de crédito,Marketplace
108533,2025-04-23,C0101,Carregador,Acessórios,1,228.38,0.1,114.19,MS,Centro-Oeste,PIX,Online
108534,2026-02-20,C1890,Smartphone,Eletrônicos,1,4729.38,0.2,3688.92,RN,Nordeste,Cartão de débito,Marketplace
108535,2025-02-14,C1901,Teclado,Eletrônicos,1,361.81,0,217.09,RS,Sul,PIX,Online
108536,2026-03-11,C1956,Mesa,Escritório,3,1347.88,0,916.56,CE,Nordeste,Cartão de crédito,Marketplace
108537,2025-04-08,C1821,Luminária,Escritório,1,182.13,0,94.71,PI,Nordeste,Cartão de crédito,Online
108538,2026-05-12,C0399,Carregador,Acessórios,2,67.92,0.1,33.96,SP,Sudeste,Cartão de crédito,Marketplace
108539,2025-10-31,C0146,Cafeteira,Casa,2,999.54,0,649.7,AM,Norte,Cartão de débito,Marketplace
108540,2025-08-22,C1587,Mouse,Eletrônicos,1,402.78,0.05,233.61,MS,Centro-Oeste,Boleto,Marketplace
108541,2025-10-22,C0540,Luminária,Escritório,1,249.77,0.05,129.88,MG,Sudeste,Boleto,Online
108542,2026-04-17,C1533,Liquidificador,Casa,1,214.59,0.1,135.19,AP,Norte,Cartão de débito,Online
108543,2025-01-21,C0432,Cadeira,Escritório,1,834.35,0,584.04,MG,Sudeste,Cartão de crédito,Online
108544,2025-09-30,C0966,Headset,Eletrônicos,1,622.47,0.05,385.93,GO,Centro-Oeste,Cartão de débito,Online
108545,2025-06-20,C0344,Smartphone,Eletrônicos,2,2483.04,0,1936.77,MT,Centro-Oeste,Cartão de crédito,Marketplace
108546,2026-02-02,C1668,Monitor,Eletrônicos,3,1782.09,0.1,1211.82,BA,Nordeste,PIX,Marketplace
108547,2025-10-04,C0240,Teclado,Eletrônicos,1,606.72,0,364.03,PB,Nordeste,Cartão de débito,Marketplace
108548,2026-02-17,C2195,Notebook,Eletrônicos,2,5325.21,0.05,3834.15,CE,Nordeste,PIX,Marketplace
108549,2026-05-08,C1031,Notebook,Eletrônicos,2,5043.38,0,3631.23,CE,Nordeste,PIX,Marketplace
108550,2025-08-23,C2331,Suporte para Monitor,Escritório,1,114.89,0.05,63.19,MS,Centro-Oeste,PIX,Online
108551,2025-11-30,C2286,Luminária,Escritório,1,319.5,0,166.14,PR,Sul,PIX,Online
108552,2025-09-08,C1377,Luminária,Escritório,1,283.11,0.2,147.22,TO,Norte,Boleto,Marketplace
108553,2025-12-07,C0912,Carregador,Acessórios,1,110.87,0.05,55.44,AP,Norte,PIX,Online
108554,2025-09-07,C0557,Suporte para Monitor,Escritório,2,478.57,0,263.21,RS,Sul,PIX,Online
108555,2025-04-02,C0472,Mesa,Escritório,1,1143.52,0.15,777.59,AM,Norte,Cartão de crédito,Marketplace
108556,2026-03-07,C2172,Mouse,Eletrônicos,1,463.39,0,268.77,AL,Nordeste,Boleto,Online
108557,2025-07-18,C0600,Cadeira,Escritório,3,1787.59,0.05,1251.31,AP,Norte,PIX,Marketplace
108558,2026-02-08,C0847,Mesa,Escritório,4,1249.39,0.05,849.59,DF,Centro-Oeste,Cartão de crédito,Online
108559,2026-03-31,C1612,Carregador,Acessórios,1,189.79,0.05,94.89,RO,Norte,Boleto,Online
108560,2026-06-03,C2309,Air Fryer,Casa,5,910.38,0,582.64,PR,Sul,Cartão de crédito,Marketplace
108561,2025-02-03,C0718,Liquidificador,Casa,4,402.94,0,253.85,AL,Nordeste,PIX,Online
108562,2025-09-13,C0264,Monitor,Eletrônicos,2,1657.6,0.05,1127.17,MT,Centro-Oeste,Cartão de débito,Marketplace
108563,2025-10-05,C0577,Carregador,Acessórios,1,152.47,0.1,76.23,PB,Nordeste,Cartão de débito,Online
108564,2026-05-26,C1200,Cabo USB,Acessórios,3,97.89,0,44.05,PB,Nordeste,Boleto,Online
108565,2026-06-05,C0381,Hub USB,Acessórios,1,231.93,0.1,127.56,MS,Centro-Oeste,Cartão de crédito,Marketplace
108566,2026-03-29,C0996,Mouse,Eletrônicos,1,290.19,0.05,168.31,AP,Norte,Boleto,Marketplace
108567,2025-10-01,C2278,Hub USB,Acessórios,4,244.2,0,134.31,PB,Nordeste,Cartão de débito,Online
108568,2026-03-03,C0354,Carregador,Acessórios,4,155.59,0.05,77.8,AL,Nordeste,Cartão de crédito,Marketplace
108569,2026-05-05,C1777,Cadeira,Escritório,1,2035.87,0.1,1425.11,DF,Centro-Oeste,Boleto,Marketplace
108570,2026-06-20,C0730,Mouse,Eletrônicos,3,209.1,0.1,121.28,AC,Norte,Boleto,Marketplace
108571,2025-02-14,C1078,Carregador,Acessórios,1,157.8,0.05,78.9,DF,Centro-Oeste,Cartão de débito,Marketplace
108572,2026-02-09,C1803,Carregador,Acessórios,2,188.71,0,94.36,DF,Centro-Oeste,PIX,Marketplace
108573,2026-01-08,C1937,Teclado,Eletrônicos,1,405.27,0.05,243.16,RN,Nordeste,Boleto,Online
108574,2026-01-04,C1990,Mouse,Eletrônicos,1,401.36,0,232.79,MA,Nordeste,Cartão de crédito,Marketplace
108575,2026-01-05,C2485,Luminária,Escritório,2,153.41,0,79.77,MG,Sudeste,PIX,Online
108576,2025-04-16,C2219,Headset,Eletrônicos,2,781.31,0,484.41,AM,Norte,PIX,Online
108577,2025-12-01,C2095,Monitor,Eletrônicos,2,1385.05,0.1,941.83,PE,Nordeste,Cartão de débito,Online
108578,2025-02-15,C1742,Carregador,Acessórios,1,170.79,0.05,85.39,SC,Sul,PIX,Online
108579,2026-03-13,C1910,Carregador,Acessórios,2,183.31,0.05,91.66,PI,Nordeste,Cartão de crédito,Marketplace
108580,2025-05-09,C1230,Mesa,Escritório,3,1476.86,0.1,1004.26,RO,Norte,PIX,Marketplace
108581,2025-09-10,C2309,Teclado,Eletrônicos,1,748.61,0,449.17,PA,Norte,PIX,Online
108582,2025-11-01,C1253,Monitor,Eletrônicos,3,1671.17,0.05,1136.4,MG,Sudeste,Cartão de crédito,Marketplace
108583,2025-07-18,C0033,Monitor,Eletrônicos,4,2398.21,0.1,1630.78,DF,Centro-Oeste,PIX,Online
108584,2025-08-27,C1133,Suporte para Monitor,Escritório,1,141.27,0.1,77.7,MA,Nordeste,Boleto,Online
108585,2025-02-01,C1052,Liquidificador,Casa,2,410.25,0.1,258.46,MT,Centro-Oeste,PIX,Online
108586,2026-05-02,C0068,Cafeteira,Casa,1,670.63,0,435.91,PA,Norte,Cartão de débito,Online
108587,2025-10-14,C0272,Smartphone,Eletrônicos,1,1599.46,0.05,1247.58,MG,Sudeste,Boleto,Online
108588,2026-06-25,C0685,Suporte para Monitor,Escritório,4,463.56,0.05,254.96,SE,Nordeste,Boleto,Marketplace
108589,2026-05-27,C0083,Suporte para Monitor,Escritório,2,271.47,0.05,149.31,CE,Nordeste,Cartão de débito,Online
108590,2025-02-03,C0251,Mesa,Escritório,1,1811.0,0.2,1231.48,RJ,Sudeste,Cartão de débito,Marketplace
108591,2026-02-13,C0759,Notebook,Eletrônicos,1,2912.63,0.1,2097.09,SP,Sudeste,Boleto,Marketplace
108592,2025-02-11,C2386,Notebook,Eletrônicos,1,3577.58,0,2575.86,AL,Nordeste,Boleto,Online
108593,2025-12-24,C1643,Aspirador,Casa,1,294.69,0.1,197.44,AP,Norte,Cartão de crédito,Marketplace
108594,2025-05-31,C1439,Liquidificador,Casa,3,187.86,0,118.35,RJ,Sudeste,Cartão de débito,Marketplace
108595,2025-01-27,C1935,Mouse,Eletrônicos,3,458.63,0.2,266.01,BA,Nordeste,PIX,Online
108596,2026-01-10,C1721,Mouse,Eletrônicos,4,467.94,0.05,271.41,TO,Norte,Cartão de débito,Marketplace
108597,2025-05-08,C1404,Monitor,Eletrônicos,1,2162.23,0,1470.32,RJ,Sudeste,Boleto,Marketplace
108598,2025-04-30,C1173,Mouse,Eletrônicos,2,385.21,0.05,223.42,PA,Norte,PIX,Marketplace
108599,2026-03-13,C2346,Smartphone,Eletrônicos,2,2685.07,0.1,2094.35,PI,Nordeste,PIX,Marketplace
108600,2026-02-14,C2191,Headset,Eletrônicos,3,198.01,0.1,122.77,PA,Norte,Cartão de crédito,Marketplace
108601,2025-01-31,C0353,Cadeira,Escritório,2,1170.6,0.05,819.42,SP,Sudeste,PIX,Online
108602,2026-05-12,C0777,Teclado,Eletrônicos,2,420.49,0.05,252.29,RJ,Sudeste,Cartão de crédito,Online
108603,2026-03-07,C0319,Carregador,Acessórios,1,202.37,0.05,101.19,RS,Sul,PIX,Marketplace
108604,2025-02-06,C0371,Cabo USB,Acessórios,1,27.78,0,12.5,DF,Centro-Oeste,PIX,Marketplace
108605,2025-12-22,C1023,Headset,Eletrônicos,1,252.91,0.05,156.8,SE,Nordeste,Cartão de crédito,Marketplace
108606,2025-01-30,C1590,Mouse,Eletrônicos,1,427.98,0.05,248.23,MA,Nordeste,PIX,Marketplace
108607,2025-01-13,C2399,Notebook,Eletrônicos,2,4459.35,0,3210.73,PA,Norte,Cartão de débito,Online
108608,2025-11-10,C2373,Cadeira,Escritório,2,1787.87,0.1,1251.51,RS,Sul,Cartão de crédito,Online
108609,2026-05-05,C0561,Hub USB,Acessórios,2,154.56,0.2,85.01,GO,Centro-Oeste,Cartão de débito,Online
108610,2025-09-07,C1237,Cadeira,Escritório,3,2468.44,0.2,1727.91,SC,Sul,Boleto,Online
108611,2025-10-22,C2426,Luminária,Escritório,1,174.27,0.05,90.62,AM,Norte,Boleto,Online
108612,2025-12-14,C1307,Cabo USB,Acessórios,1,35.25,0.05,15.86,SC,Sul,Cartão de débito,Online
108613,2025-01-31,C2316,Aspirador,Casa,1,291.77,0.05,195.49,RO,Norte,PIX,Marketplace
108614,2025-08-06,C2156,Liquidificador,Casa,1,358.61,0,225.92,SC,Sul,Boleto,Marketplace
108615,2026-04-09,C1542,Carregador,Acessórios,1,58.8,0.05,29.4,AP,Norte,Cartão de crédito,Online
108616,2025-05-05,C0947,Mesa,Escritório,1,1099.07,0.1,747.37,MS,Centro-Oeste,Cartão de débito,Online
108617,2026-01-21,C0888,Carregador,Acessórios,1,150.86,0,75.43,RN,Nordeste,Cartão de débito,Marketplace
108618,2026-06-22,C1357,Mouse,Eletrônicos,2,291.1,0.15,168.84,RR,Norte,Cartão de crédito,Online
108619,2026-01-17,C1995,Aspirador,Casa,1,1149.1,0,769.9,MT,Centro-Oeste,Boleto,Online
108620,2025-02-19,C1878,Mesa,Escritório,1,554.24,0,376.88,CE,Nordeste,Boleto,Online
108621,2026-03-27,C0348,Carregador,Acessórios,3,53.72,0,26.86,AP,Norte,Cartão de débito,Online
108622,2025-09-09,C1397,Monitor,Eletrônicos,2,2243.57,0.05,1525.63,ES,Sudeste,Boleto,Online
108623,2026-02-07,C0909,Carregador,Acessórios,1,174.88,0.1,87.44,MT,Centro-Oeste,Boleto,Online
108624,2025-02-08,C0171,Luminária,Escritório,3,274.46,0,142.72,AM,Norte,PIX,Marketplace
108625,2026-06-01,C0290,Headset,Eletrônicos,1,452.81,0,280.74,AC,Norte,Cartão de débito,Marketplace
108626,2025-03-27,C2276,Notebook,Eletrônicos,2,3233.72,0.05,2328.28,AP,Norte,Cartão de débito,Online
108627,2025-05-15,C2218,Hub USB,Acessórios,1,80.45,0.1,44.25,AL,Nordeste,PIX,Marketplace
108628,2025-10-22,C2498,Hub USB,Acessórios,1,179.42,0,98.68,PR,Sul,Cartão de débito,Online
108629,2025-06-29,C1142,Luminária,Escritório,4,257.17,0.05,133.73,SC,Sul,Boleto,Marketplace
108630,2025-12-10,C2089,Cafeteira,Casa,2,584.59,0,379.98,RR,Norte,Cartão de débito,Marketplace
108631,2025-09-09,C1187,Aspirador,Casa,1,1498.67,0.2,1004.11,MA,Nordeste,Cartão de crédito,Online
108632,2025-02-26,C2390,Liquidificador,Casa,3,289.44,0.05,182.35,RS,Sul,PIX,Marketplace
108633,2025-07-20,C1851,Monitor,Eletrônicos,3,1371.47,0.1,932.6,AM,Norte,Boleto,Online
108634,2025-06-15,C1745,Cadeira,Escritório,1,1243.02,0.05,870.11,PE,Nordeste,Cartão de crédito,Online
108635,2026-06-04,C1850,Headset,Eletrônicos,1,257.09,0.15,159.4,AL,Nordeste,Cartão de crédito,Online
108636,2025-08-02,C0635,Headset,Eletrônicos,4,589.94,0.05,365.76,SE,Nordeste,PIX,Marketplace
108637,2025-04-08,C0658,Cadeira,Escritório,1,1340.95,0.1,938.66,SP,Sudeste,Boleto,Marketplace
108638,2025-01-08,C1831,Luminária,Escritório,4,209.08,0,108.72,PA,Norte,Cartão de débito,Online
108639,2025-02-08,C2023,Cabo USB,Acessórios,1,38.5,0.1,17.32,PA,Norte,Cartão de débito,Online
108640,2025-04-01,C0717,Air Fryer,Casa,1,708.42,0,453.39,RJ,Sudeste,Boleto,Online
108641,2025-10-03,C0522,Mesa,Escritório,1,520.35,0,353.84,SC,Sul,Boleto,Online
108642,2026-04-06,C1109,Mesa,Escritório,4,1951.79,0.15,1327.22,PE,Nordeste,Boleto,Marketplace
108643,2025-11-09,C1583,Hub USB,Acessórios,2,155.26,0.05,85.39,MA,Nordeste,Cartão de crédito,Marketplace
108644,2025-09-18,C0524,Air Fryer,Casa,1,650.9,0.1,416.58,PA,Norte,Cartão de crédito,Marketplace
108645,2025-03-23,C1477,Smartphone,Eletrônicos,1,3284.43,0,2561.86,RO,Norte,PIX,Online
108646,2026-03-10,C1520,Liquidificador,Casa,1,524.84,0,330.65,AM,Norte,Cartão de débito,Online
108647,2025-01-24,C0935,Carregador,Acessórios,2,134.25,0,67.12,PI,Nordeste,PIX,Online
108648,2026-04-13,C2434,Cadeira,Escritório,1,2147.53,0.1,1503.27,SE,Nordeste,Cartão de débito,Online
108649,2025-06-16,C0147,Mesa,Escritório,1,1281.01,0.05,871.09,RJ,Sudeste,Cartão de crédito,Online
108650,2026-03-20,C0821,Cabo USB,Acessórios,5,33.08,0.05,14.89,AL,Nordeste,Boleto,Marketplace
108651,2026-01-09,C2277,Air Fryer,Casa,1,882.37,0.05,564.72,MT,Centro-Oeste,PIX,Marketplace
108652,2026-03-30,C0649,Teclado,Eletrônicos,1,464.34,0.05,278.6,SC,Sul,Cartão de débito,Marketplace
108653,2025-05-04,C1413,Mesa,Escritório,1,1643.18,0.15,1117.36,BA,Nordeste,PIX,Marketplace
108654,2026-03-25,C0967,Luminária,Escritório,1,340.27,0.15,176.94,PE,Nordeste,Cartão de crédito,Online
108655,2026-05-12,C0526,Headset,Eletrônicos,3,672.11,0.05,416.71,MG,Sudeste,Cartão de crédito,Online
108656,2026-01-10,C1783,Smartphone,Eletrônicos,4,4366.57,0,3405.92,AM,Norte,Cartão de crédito,Online
108657,2026-06-06,C1096,Notebook,Eletrônicos,1,3693.58,0.1,2659.38,AM,Norte,Cartão de débito,Online
108658,2025-04-14,C0608,Carregador,Acessórios,1,70.81,0,35.41,RN,Nordeste,Boleto,Marketplace
108659,2025-09-28,C1767,Aspirador,Casa,1,664.68,0,445.34,ES,Sudeste,PIX,Marketplace
108660,2026-03-30,C0420,Headset,Eletrônicos,1,302.15,0,187.33,RS,Sul,Cartão de crédito,Online
108661,2026-06-01,C1824,Cafeteira,Casa,3,207.08,0.05,134.6,RJ,Sudeste,Cartão de crédito,Marketplace
108662,2026-05-09,C0925,Teclado,Eletrônicos,1,341.64,0.15,204.98,DF,Centro-Oeste,Boleto,Online
108663,2026-05-04,C1810,Hub USB,Acessórios,1,104.98,0.05,57.74,CE,Nordeste,Cartão de crédito,Online
108664,2025-07-02,C1313,Suporte para Monitor,Escritório,2,197.94,0,108.87,PE,Nordeste,Boleto,Marketplace
108665,2025-02-01,C2056,Mouse,Eletrônicos,3,397.64,0,230.63,PR,Sul,PIX,Marketplace
108666,2025-04-20,C1605,Luminária,Escritório,2,271.48,0.1,141.17,RS,Sul,Boleto,Marketplace
108667,2025-04-19,C1253,Notebook,Eletrônicos,2,2937.32,0.1,2114.87,SC,Sul,Boleto,Online
108668,2026-02-11,C1134,Air Fryer,Casa,2,546.72,0.1,349.9,RN,Nordeste,Cartão de crédito,Online
108669,2025-05-24,C2043,Mesa,Escritório,1,1493.14,0.05,1015.34,PB,Nordeste,PIX,Online
108670,2025-11-10,C1935,Cadeira,Escritório,1,2412.37,0,1688.66,MA,Nordeste,Cartão de débito,Marketplace
108671,2026-05-17,C1216,Notebook,Eletrônicos,1,4481.26,0.1,3226.51,MA,Nordeste,Cartão de débito,Marketplace
108672,2026-04-04,C2454,Aspirador,Casa,1,1426.5,0.1,955.76,RN,Nordeste,PIX,Online
108673,2025-11-05,C1061,Liquidificador,Casa,1,531.2,0,334.66,RO,Norte,Cartão de débito,Online
108674,2025-09-27,C2089,Mouse,Eletrônicos,5,453.88,0.05,263.25,ES,Sudeste,PIX,Online
108675,2025-09-28,C0526,Hub USB,Acessórios,3,152.22,0.05,83.72,PB,Nordeste,Boleto,Marketplace
108676,2025-12-05,C2221,Liquidificador,Casa,1,351.54,0,221.47,RO,Norte,Cartão de débito,Online
108677,2025-04-28,C1787,Aspirador,Casa,1,983.45,0.1,658.91,PE,Nordeste,Cartão de débito,Marketplace
108678,2026-06-21,C1312,Teclado,Eletrônicos,4,302.76,0.05,181.66,MG,Sudeste,Cartão de crédito,Marketplace
108679,2026-02-09,C2017,Notebook,Eletrônicos,1,4338.97,0.05,3124.06,RN,Nordeste,Cartão de débito,Marketplace
108680,2026-06-05,C0523,Notebook,Eletrônicos,2,5803.3,0,4178.38,MG,Sudeste,Cartão de crédito,Online
108681,2025-08-12,C0948,Hub USB,Acessórios,1,113.7,0.15,62.54,TO,Norte,Cartão de débito,Marketplace
108682,2025-01-26,C0583,Hub USB,Acessórios,2,168.05,0.05,92.43,RJ,Sudeste,Cartão de débito,Marketplace
108683,2025-03-19,C1475,Hub USB,Acessórios,1,131.08,0,72.09,PI,Nordeste,PIX,Online
108684,2025-08-21,C2494,Suporte para Monitor,Escritório,1,485.18,0.1,266.85,MG,Sudeste,Cartão de débito,Marketplace
108685,2026-06-24,C1152,Teclado,Eletrônicos,1,606.24,0.05,363.74,SC,Sul,Cartão de débito,Online
108686,2025-03-17,C2402,Luminária,Escritório,1,114.55,0.05,59.57,RS,Sul,Cartão de crédito,Online
108687,2025-01-29,C1508,Cafeteira,Casa,1,451.49,0,293.47,DF,Centro-Oeste,Boleto,Marketplace
108688,2026-06-18,C0610,Liquidificador,Casa,2,382.17,0,240.77,AM,Norte,Cartão de débito,Online
108689,2025-09-07,C0075,Teclado,Eletrônicos,2,190.82,0.1,114.49,MA,Nordeste,Boleto,Online
108690,2025-01-07,C2189,Mouse,Eletrônicos,4,374.83,0.15,217.4,AC,Norte,Boleto,Online
108691,2026-05-31,C1922,Mouse,Eletrônicos,2,278.44,0.2,161.5,RJ,Sudeste,Cartão de crédito,Online
108692,2025-10-29,C2133,Monitor,Eletrônicos,3,1431.56,0,973.46,BA,Nordeste,Boleto,Online
108693,2026-05-05,C0255,Mesa,Escritório,1,1269.84,0.15,863.49,AP,Norte,Boleto,Marketplace
108694,2026-03-02,C1427,Teclado,Eletrônicos,1,402.99,0,241.79,RO,Norte,Cartão de crédito,Online
108695,2026-03-07,C2153,Luminária,Escritório,1,145.31,0.1,75.56,SE,Nordeste,Cartão de débito,Marketplace
108696,2026-01-29,C0729,Luminária,Escritório,2,264.75,0,137.67,CE,Nordeste,Cartão de crédito,Online
108697,2025-03-15,C1811,Cafeteira,Casa,1,1002.96,0.05,651.92,AP,Norte,PIX,Online
108698,2025-05-14,C0041,Headset,Eletrônicos,3,355.72,0.1,220.55,RO,Norte,Cartão de débito,Online
108699,2025-05-14,C1079,Teclado,Eletrônicos,2,119.37,0.05,71.62,GO,Centro-Oeste,Cartão de débito,Marketplace
108700,2025-08-07,C0887,Teclado,Eletrônicos,1,427.1,0,256.26,PA,Norte,Cartão de crédito,Online
108701,2025-10-05,C1982,Teclado,Eletrônicos,1,293.67,0.15,176.2,SE,Nordeste,Cartão de débito,Online
108702,2026-06-13,C2337,Monitor,Eletrônicos,3,1667.84,0,1134.13,SP,Sudeste,Cartão de crédito,Marketplace
108703,2026-04-20,C1162,Smartphone,Eletrônicos,2,4832.67,0.05,3769.48,AL,Nordeste,Cartão de débito,Online
108704,2026-02-22,C2198,Notebook,Eletrônicos,4,4182.11,0.05,3011.12,PE,Nordeste,Cartão de débito,Marketplace
108705,2026-01-17,C0669,Smartphone,Eletrônicos,1,3354.35,0.1,2616.39,SC,Sul,Cartão de crédito,Online
108706,2025-03-13,C1615,Monitor,Eletrônicos,2,1420.92,0.15,966.23,PB,Nordeste,Cartão de crédito,Marketplace
108707,2026-05-19,C1807,Aspirador,Casa,4,1194.67,0,800.43,PA,Norte,PIX,Online
108708,2026-02-07,C1715,Luminária,Escritório,1,278.95,0.1,145.05,PA,Norte,PIX,Marketplace
108709,2025-01-08,C0891,Cadeira,Escritório,1,538.24,0.05,376.77,AP,Norte,Cartão de crédito,Online
108710,2025-05-18,C1836,Cadeira,Escritório,2,1311.82,0,918.27,RR,Norte,Boleto,Online
108711,2025-02-07,C1862,Air Fryer,Casa,3,553.22,0.1,354.06,MA,Nordeste,Boleto,Online
108712,2025-08-27,C0542,Luminária,Escritório,3,135.43,0.1,70.42,ES,Sudeste,PIX,Marketplace
108713,2026-01-21,C0966,Hub USB,Acessórios,2,136.13,0.15,74.87,DF,Centro-Oeste,Boleto,Online
108714,2025-09-08,C1696,Headset,Eletrônicos,1,177.91,0,110.3,BA,Nordeste,Boleto,Marketplace
108715,2026-02-10,C0489,Monitor,Eletrônicos,2,2216.4,0.15,1507.15,AC,Norte,Cartão de crédito,Online
108716,2025-03-09,C1686,Cabo USB,Acessórios,3,72.37,0.2,32.57,RS,Sul,PIX,Online
108717,2025-12-04,C1396,Monitor,Eletrônicos,1,2076.18,0,1411.8,PR,Sul,Boleto,Marketplace
108718,2025-02-05,C1814,Mouse,Eletrônicos,3,468.07,0.05,271.48,CE,Nordeste,Cartão de débito,Marketplace
108719,2026-04-15,C0260,Teclado,Eletrônicos,1,690.88,0.15,414.53,RN,Nordeste,PIX,Marketplace
108720,2025-04-26,C1080,Cabo USB,Acessórios,3,53.03,0.15,23.86,MS,Centro-Oeste,Cartão de débito,Marketplace
108721,2026-04-18,C1290,Smartphone,Eletrônicos,3,3391.67,0,2645.5,GO,Centro-Oeste,Boleto,Online
108722,2025-06-09,C1511,Monitor,Eletrônicos,1,1650.2,0.15,1122.14,MT,Centro-Oeste,Cartão de crédito,Marketplace
108723,2025-06-21,C1335,Monitor,Eletrônicos,3,1124.43,0,764.61,AP,Norte,Cartão de crédito,Online
108724,2025-06-28,C0137,Headset,Eletrônicos,1,572.09,0,354.7,SP,Sudeste,Cartão de débito,Online
108725,2025-07-13,C1879,Carregador,Acessórios,1,236.51,0.1,118.25,PI,Nordeste,Cartão de débito,Marketplace
108726,2025-09-04,C0609,Air Fryer,Casa,2,940.31,0,601.8,MG,Sudeste,Cartão de crédito,Online
108727,2025-06-24,C2224,Cafeteira,Casa,2,363.02,0,235.96,SP,Sudeste,Cartão de crédito,Marketplace
108728,2025-05-14,C1109,Mouse,Eletrônicos,1,482.8,0.1,280.02,RN,Nordeste,Cartão de crédito,Online
108729,2025-10-03,C2425,Suporte para Monitor,Escritório,2,351.87,0,193.53,SE,Nordeste,Boleto,Online
108730,2025-01-16,C0717,Headset,Eletrônicos,1,589.41,0.1,365.43,SP,Sudeste,PIX,Marketplace
108731,2025-07-10,C0068,Monitor,Eletrônicos,3,2341.3,0.1,1592.08,AP,Norte,Boleto,Online
108732,2025-06-19,C2012,Cabo USB,Acessórios,1,78.76,0,35.44,MS,Centro-Oeste,Cartão de débito,Marketplace
108733,2025-11-20,C0925,Liquidificador,Casa,1,145.13,0.1,91.43,RN,Nordeste,PIX,Online
108734,2026-03-03,C1199,Mesa,Escritório,1,1437.2,0.05,977.3,MA,Nordeste,Cartão de débito,Online
108735,2025-09-27,C2124,Mouse,Eletrônicos,1,402.58,0.15,233.5,SC,Sul,Boleto,Online
108736,2025-11-20,C1247,Suporte para Monitor,Escritório,1,218.94,0.1,120.42,AC,Norte,PIX,Marketplace
108737,2025-08-11,C0556,Teclado,Eletrônicos,1,366.8,0.15,220.08,AL,Nordeste,Cartão de débito,Marketplace
108738,2025-08-17,C0132,Headset,Eletrônicos,4,725.3,0.1,449.69,RJ,Sudeste,Boleto,Online
108739,2025-09-26,C1226,Cafeteira,Casa,1,972.38,0,632.05,AP,Norte,Cartão de débito,Marketplace
108740,2025-03-02,C1451,Mouse,Eletrônicos,1,366.7,0,212.69,AM,Norte,Cartão de crédito,Marketplace
108741,2025-04-27,C1019,Suporte para Monitor,Escritório,1,446.55,0.1,245.6,RO,Norte,Boleto,Online
108742,2025-10-25,C0172,Cadeira,Escritório,1,2467.27,0,1727.09,PR,Sul,Cartão de crédito,Online
108743,2026-04-12,C2290,Luminária,Escritório,5,334.47,0.05,173.92,ES,Sudeste,Cartão de débito,Marketplace
108744,2025-11-18,C2004,Notebook,Eletrônicos,1,3059.3,0,2202.7,SP,Sudeste,Cartão de débito,Online
108745,2025-02-25,C0035,Monitor,Eletrônicos,2,1092.22,0,742.71,RJ,Sudeste,Cartão de crédito,Online
108746,2025-02-21,C2324,Monitor,Eletrônicos,4,2173.52,0.15,1477.99,ES,Sudeste,Cartão de crédito,Online
108747,2026-05-08,C2096,Carregador,Acessórios,1,72.91,0,36.45,SE,Nordeste,Cartão de débito,Marketplace
108748,2025-10-20,C0227,Mesa,Escritório,2,1796.46,0.15,1221.59,SC,Sul,PIX,Online
108749,2026-01-11,C1509,Mesa,Escritório,3,1216.22,0,827.03,PI,Nordeste,Cartão de crédito,Marketplace
108750,2025-06-12,C0717,Liquidificador,Casa,4,477.29,0,300.69,MT,Centro-Oeste,Cartão de débito,Online
108751,2025-08-21,C1924,Carregador,Acessórios,1,124.97,0.05,62.48,PI,Nordeste,PIX,Marketplace
108752,2026-02-19,C0879,Aspirador,Casa,1,1305.14,0.2,874.44,RN,Nordeste,Boleto,Online
108753,2026-05-12,C0743,Liquidificador,Casa,2,365.12,0,230.03,SP,Sudeste,Cartão de crédito,Online
108754,2025-10-26,C0917,Teclado,Eletrônicos,2,168.55,0,101.13,RJ,Sudeste,Boleto,Online
108755,2025-01-27,C1765,Cabo USB,Acessórios,1,23.6,0.1,10.62,SP,Sudeste,Cartão de débito,Marketplace
108756,2025-08-09,C1427,Teclado,Eletrônicos,1,593.74,0,356.24,PE,Nordeste,Cartão de débito,Online
108757,2025-12-25,C2048,Air Fryer,Casa,1,549.22,0.2,351.5,AP,Norte,Cartão de crédito,Online
108758,2025-07-01,C2221,Aspirador,Casa,2,390.45,0,261.6,PE,Nordeste,Boleto,Online
108759,2025-11-30,C0916,Notebook,Eletrônicos,1,5684.67,0.1,4092.96,MS,Centro-Oeste,Cartão de crédito,Marketplace
108760,2026-05-22,C0613,Cadeira,Escritório,2,1465.96,0.05,1026.17,AM,Norte,Cartão de crédito,Online
108761,2025-05-11,C2275,Luminária,Escritório,1,116.83,0.1,60.75,RN,Nordeste,Cartão de débito,Marketplace
108762,2025-10-26,C0486,Air Fryer,Casa,2,624.2,0.2,399.49,AM,Norte,Cartão de débito,Marketplace
108763,2025-06-05,C2428,Air Fryer,Casa,1,513.9,0.1,328.9,AC,Norte,,Marketplace
108764,2025-10-02,C1581,Cadeira,Escritório,1,780.27,0.05,546.19,SE,Nordeste,Cartão de crédito,Online
108765,2025-05-23,C1759,Suporte para Monitor,Escritório,2,310.8,0.1,170.94,MT,Centro-Oeste,PIX,Marketplace
108766,2026-03-05,C0156,Hub USB,Acessórios,2,293.26,0.1,161.29,TO,Norte,Boleto,Online
108767,2026-02-28,C2042,Carregador,Acessórios,4,93.64,0,46.82,RO,Norte,PIX,Online
108768,2026-06-09,C0240,Cadeira,Escritório,1,1811.92,0.1,1268.34,PB,Nordeste,Cartão de débito,Marketplace
108769,2025-01-31,C1014,Cadeira,Escritório,2,2069.12,0,1448.38,AC,Norte,PIX,Online
108770,2025-07-19,C0303,Smartphone,Eletrônicos,1,4388.2,0,3422.8,AC,Norte,PIX,Marketplace
108771,2025-03-19,C1844,Cadeira,Escritório,1,2039.92,0.15,1427.94,DF,Centro-Oeste,Cartão de débito,Marketplace
108772,2025-03-22,C2408,Mouse,Eletrônicos,4,405.04,0.15,234.92,ES,Sudeste,PIX,Marketplace
108773,2025-07-05,C1751,Cabo USB,Acessórios,2,44.13,0,19.86,GO,Centro-Oeste,Boleto,Marketplace
108774,2025-05-01,C2336,Notebook,Eletrônicos,2,5945.54,0.1,4280.79,RN,Nordeste,Cartão de crédito,Online
108775,2025-01-01,C2206,Luminária,Escritório,1,85.89,0,44.66,MA,Nordeste,Cartão de débito,Marketplace
108776,2026-02-18,C0483,Liquidificador,Casa,2,527.4,0.1,332.26,RR,Norte,PIX,Online
108777,2026-01-05,C1338,Carregador,Acessórios,1,59.8,0.1,29.9,AP,Norte,Cartão de crédito,Online
108778,2026-02-15,C0475,Notebook,Eletrônicos,1,4174.51,0,3005.65,MA,Nordeste,Boleto,Marketplace
108779,2025-09-11,C1891,Monitor,Eletrônicos,1,2055.45,0,1397.71,AP,Norte,PIX,Online
108780,2025-03-20,C0183,Cabo USB,Acessórios,1,53.5,0.05,24.07,AL,Nordeste,Cartão de crédito,Marketplace
108781,2025-06-05,C2276,Cafeteira,Casa,2,672.26,0.05,436.97,RJ,Sudeste,PIX,Marketplace
108782,2026-03-15,C0252,Cadeira,Escritório,1,1769.77,0,1238.84,MA,Nordeste,Cartão de crédito,Marketplace
108783,2025-09-30,C0739,Headset,Eletrônicos,1,385.21,0,238.83,SP,Sudeste,Cartão de crédito,Marketplace
108784,2025-12-11,C0808,Teclado,Eletrônicos,3,576.22,0.15,345.73,PE,Nordeste,PIX,Online
108785,2026-01-26,C0673,Smartphone,Eletrônicos,1,4942.91,0.1,3855.47,SP,Sudeste,Cartão de crédito,Marketplace
108786,2025-06-24,C0177,Mesa,Escritório,1,654.13,0,444.81,TO,Norte,Boleto,Online
108787,2025-03-31,C1186,Smartphone,Eletrônicos,2,1792.19,0.05,1397.91,PI,Nordeste,Boleto,Marketplace
108788,2025-10-08,C0270,Aspirador,Casa,2,1408.41,0,943.63,DF,Centro-Oeste,Cartão de crédito,Marketplace
108789,2026-01-27,C0606,Monitor,Eletrônicos,3,1826.09,0.05,1241.74,MS,Centro-Oeste,PIX,Online
108790,2025-01-04,C0806,Luminária,Escritório,1,82.26,0.1,42.78,RS,Sul,Cartão de crédito,Online
108791,2025-12-09,C1268,Teclado,Eletrônicos,1,525.92,0.1,315.55,GO,Centro-Oeste,,Online
108792,2025-05-26,C0472,Teclado,Eletrônicos,1,513.27,0.15,307.96,RJ,Sudeste,Cartão de débito,Marketplace
108793,2025-06-05,C0809,Aspirador,Casa,1,1123.87,0,752.99,PI,Nordeste,Cartão de débito,Online
108794,2025-05-06,C1850,Headset,Eletrônicos,1,337.17,0,209.05,DF,Centro-Oeste,PIX,Marketplace
108795,2025-01-02,C0800,Liquidificador,Casa,1,552.0,0.1,347.76,AM,Norte,Boleto,Online
108796,2025-02-26,C0881,Aspirador,Casa,1,1242.61,0.05,832.55,RR,Norte,Boleto,Online
108797,2025-01-28,C2492,Notebook,Eletrônicos,1,4278.78,0.05,3080.72,AM,Norte,PIX,Marketplace
108798,2026-01-29,C0329,Cabo USB,Acessórios,1,34.56,0,15.55,RS,Sul,PIX,Marketplace
108799,2025-01-22,C1029,Air Fryer,Casa,1,515.56,0.05,329.96,AC,Norte,Cartão de crédito,Marketplace
108800,2025-07-17,C2472,Smartphone,Eletrônicos,5,2140.46,0,1669.56,MS,Centro-Oeste,Cartão de crédito,Marketplace
108801,2025-04-02,C0325,Teclado,Eletrônicos,1,278.76,0,167.26,RR,Norte,Boleto,Online
108802,2025-06-27,C0989,Suporte para Monitor,Escritório,2,417.66,0.1,229.71,AL,Nordeste,Cartão de débito,Marketplace
108803,2025-07-17,C1917,Smartphone,Eletrônicos,1,2895.83,0.2,2258.75,DF,Centro-Oeste,Cartão de crédito,Marketplace
108804,2026-01-02,C2461,Mesa,Escritório,1,1220.79,0.1,830.14,RS,Sul,Cartão de crédito,Online
108805,2025-09-30,C1269,Cafeteira,Casa,1,466.63,0,303.31,SE,Nordeste,PIX,Online
108806,2026-05-01,C1662,Monitor,Eletrônicos,1,2489.03,0.05,1692.54,GO,Centro-Oeste,Cartão de crédito,Online
108807,2025-05-31,C1661,Headset,Eletrônicos,3,574.07,0,355.92,DF,Centro-Oeste,Cartão de crédito,Marketplace
108808,2025-11-08,C1239,Headset,Eletrônicos,1,427.7,0.15,265.17,TO,Norte,Cartão de débito,Online
108809,2025-12-12,C1993,Luminária,Escritório,3,112.68,0,58.59,PI,Nordeste,PIX,Online
108810,2025-10-23,C2073,Cafeteira,Casa,1,1132.63,0.05,736.21,SP,Sudeste,Cartão de crédito,Online
108811,2025-02-27,C1264,Luminária,Escritório,3,174.29,0,90.63,RR,Norte,Cartão de débito,Online
108812,2025-06-30,C1379,Aspirador,Casa,1,1115.66,0.1,747.49,SC,Sul,Boleto,Online
108813,2025-10-29,C1309,Notebook,Eletrônicos,1,3879.17,0,2793.0,MS,Centro-Oeste,Boleto,Online
108814,2025-11-01,C1947,Mesa,Escritório,4,1965.62,0.05,1336.62,PR,Sul,Cartão de crédito,Marketplace
108815,2026-01-08,C0231,Luminária,Escritório,1,94.63,0,49.21,BA,Nordeste,Cartão de crédito,Marketplace
108816,2025-02-27,C1611,Liquidificador,Casa,1,540.44,0.1,340.48,DF,Centro-Oeste,PIX,Online
108817,2025-01-02,C0172,Hub USB,Acessórios,2,285.16,0,156.84,BA,Nordeste,Cartão de débito,Marketplace
108818,2025-12-01,C0471,Cafeteira,Casa,2,979.54,0,636.7,TO,Norte,Cartão de débito,Online
108819,2026-06-18,C1710,Smartphone,Eletrônicos,2,4369.92,0.1,3408.54,GO,Centro-Oeste,PIX,Online
108820,2026-01-28,C0998,Aspirador,Casa,3,720.44,0.1,482.69,RN,Nordeste,Cartão de débito,Online
108821,2025-02-13,C2387,Monitor,Eletrônicos,1,1959.36,0.15,1332.36,BA,Nordeste,Cartão de débito,Online
108822,2025-12-30,C0508,Carregador,Acessórios,1,232.46,0.1,116.23,RO,Norte,Cartão de débito,Marketplace
108823,2026-02-06,C0132,Carregador,Acessórios,1,226.32,0.05,113.16,AC,Norte,Boleto,Marketplace
108824,2026-01-10,C0075,Liquidificador,Casa,1,469.83,0.05,295.99,RO,Norte,Boleto,Marketplace
108825,2025-10-29,C2008,Notebook,Eletrônicos,1,4942.05,0.15,3558.28,MG,Sudeste,Cartão de crédito,Online
108826,2026-06-30,C1487,Cafeteira,Casa,2,871.98,0.05,566.79,RJ,Sudeste,Cartão de crédito,Online
108827,2025-03-07,C0482,Headset,Eletrônicos,4,191.28,0,118.59,TO,Norte,PIX,Marketplace
108828,2026-02-04,C0437,Suporte para Monitor,Escritório,4,229.26,0.1,126.09,MS,Centro-Oeste,Boleto,Online
108829,2025-05-22,C1604,Carregador,Acessórios,2,154.94,0,77.47,BA,Nordeste,PIX,Online
108830,2025-10-13,C0237,Mesa,Escritório,2,446.94,0.1,303.92,MA,Nordeste,Cartão de débito,Online
108831,2025-05-18,C0446,Liquidificador,Casa,1,561.18,0,353.54,RJ,Sudeste,Boleto,Marketplace
108832,2025-04-28,C2287,Mesa,Escritório,3,1810.45,0.1,1231.11,DF,Centro-Oeste,PIX,Online
108833,2026-02-12,C1070,Cafeteira,Casa,1,778.56,0.1,506.06,AL,Nordeste,Boleto,Online
108834,2025-07-11,C1556,Cafeteira,Casa,1,218.17,0,141.81,MT,Centro-Oeste,PIX,Marketplace
108835,2025-05-13,C2317,Hub USB,Acessórios,1,153.01,0,84.16,PA,Norte,Cartão de débito,Online
108836,2025-07-19,C1672,Carregador,Acessórios,2,92.77,0.1,46.38,MT,Centro-Oeste,Cartão de crédito,Marketplace
108837,2026-02-12,C0072,Mouse,Eletrônicos,4,282.13,0,163.64,PE,Nordeste,Cartão de débito,Online
108838,2025-09-22,C0312,Liquidificador,Casa,1,380.37,0,239.63,AC,Norte,Cartão de crédito,Marketplace
108839,2026-05-11,C2437,Mouse,Eletrônicos,2,346.8,0,201.14,RO,Norte,PIX,Online
108840,2026-06-13,C2136,Teclado,Eletrônicos,2,221.95,0.05,133.17,AP,Norte,Cartão de débito,Marketplace
108841,2025-09-15,C0231,Cabo USB,Acessórios,1,53.22,0.05,23.95,AC,Norte,Cartão de crédito,Online
108842,2025-07-03,C2387,Headset,Eletrônicos,1,677.97,0.15,420.34,SP,Sudeste,Cartão de débito,Marketplace
108843,2025-12-21,C1536,Cafeteira,Casa,1,317.51,0.05,206.38,PI,Nordeste,Boleto,Marketplace
108844,2025-09-06,C1716,Hub USB,Acessórios,2,248.7,0,136.78,DF,Centro-Oeste,PIX,Online
108845,2026-06-27,C1263,Monitor,Eletrônicos,1,2355.69,0.15,1601.87,PI,Nordeste,Boleto,Marketplace
108846,2025-04-18,C1421,Aspirador,Casa,3,1194.07,0.05,800.03,RS,Sul,Cartão de débito,Marketplace
108847,2025-05-06,C0149,Liquidificador,Casa,1,385.7,0.2,242.99,MS,Centro-Oeste,Cartão de crédito,Marketplace
108848,2025-09-22,C0597,Cafeteira,Casa,2,1095.52,0,712.09,MG,Sudeste,Cartão de crédito,Marketplace
108849,2026-04-14,C0680,Mesa,Escritório,1,1015.8,0,690.74,SE,Nordeste,Cartão de crédito,Online
108850,2025-01-19,C1901,Luminária,Escritório,1,91.38,0,47.52,RN,Nordeste,Boleto,Online
108851,2025-08-30,C0845,Carregador,Acessórios,3,155.51,0.1,77.75,GO,Centro-Oeste,Cartão de crédito,Marketplace
108852,2025-08-30,C0813,Cabo USB,Acessórios,1,99.27,0.05,44.67,PA,Norte,Cartão de crédito,Marketplace
108853,2025-07-21,C1385,Mouse,Eletrônicos,4,314.59,0.05,182.46,PB,Nordeste,Cartão de crédito,Online
108854,2025-06-23,C2072,Luminária,Escritório,1,391.95,0,203.81,SC,Sul,Cartão de débito,Marketplace
108855,2025-01-17,C1102,Cabo USB,Acessórios,1,36.61,0.05,16.47,AP,Norte,PIX,Online
108856,2025-07-30,C2171,Luminária,Escritório,1,342.08,0.1,177.88,SC,Sul,Boleto,Online
108857,2026-01-15,C1899,Monitor,Eletrônicos,1,1942.91,0.05,1321.18,RJ,Sudeste,Cartão de crédito,Online
108858,2025-04-03,C1678,Notebook,Eletrônicos,1,4897.12,0,3525.93,AP,Norte,Cartão de crédito,Online
108859,2026-06-05,C0457,Mouse,Eletrônicos,1,283.03,0,164.16,MT,Centro-Oeste,PIX,Online
108860,2025-04-03,C1389,Teclado,Eletrônicos,3,298.43,0.15,179.06,AP,Norte,Cartão de débito,Online
108861,2026-03-11,C2391,Cadeira,Escritório,1,2259.17,0.05,1581.42,MA,Nordeste,PIX,Online
108862,2026-03-15,C0551,Notebook,Eletrônicos,2,4063.77,0,2925.91,AL,Nordeste,Boleto,Online
108863,2025-04-24,C1821,Monitor,Eletrônicos,1,1017.83,0,692.12,PA,Norte,PIX,Online
108864,2025-11-11,C1519,Hub USB,Acessórios,1,211.95,0.1,116.57,RN,Nordeste,Boleto,Online
108865,2025-03-01,C1650,Suporte para Monitor,Escritório,2,380.33,0.1,209.18,CE,Nordeste,Cartão de crédito,Marketplace
108866,2025-08-12,C0172,Mesa,Escritório,1,946.45,0,643.59,RS,Sul,Boleto,Marketplace
108867,2025-02-10,C0139,Suporte para Monitor,Escritório,1,359.75,0,197.86,MG,Sudeste,Cartão de débito,Marketplace
108868,2025-03-24,C0027,Cabo USB,Acessórios,4,61.29,0.1,27.58,DF,Centro-Oeste,Boleto,Online
108869,2026-04-25,C1015,Smartphone,Eletrônicos,1,4335.98,0.15,3382.06,PR,Sul,,Online
108870,2025-05-04,C0125,Monitor,Eletrônicos,2,2365.63,0.1,1608.63,MS,Centro-Oeste,Boleto,Marketplace
108871,2025-09-13,C0126,Teclado,Eletrônicos,1,107.04,0.05,64.22,SP,Sudeste,Cartão de crédito,Marketplace
108872,2025-10-23,C2052,Cafeteira,Casa,1,221.0,0,143.65,PR,Sul,Boleto,Online
108873,2026-03-25,C1871,Cadeira,Escritório,4,844.92,0,591.44,DF,Centro-Oeste,PIX,Marketplace
108874,2026-02-01,C0461,Air Fryer,Casa,2,976.69,0,625.08,PB,Nordeste,PIX,Online
108875,2025-07-19,C1222,Liquidificador,Casa,1,193.36,0.05,121.82,TO,Norte,Cartão de crédito,Marketplace
108876,2026-01-25,C0691,Cabo USB,Acessórios,2,36.89,0,16.6,MS,Centro-Oeste,Cartão de crédito,Marketplace
108877,2025-09-13,C1389,Teclado,Eletrônicos,2,199.94,0.05,119.96,PA,Norte,PIX,Marketplace
108878,2025-12-11,C1602,Headset,Eletrônicos,1,484.61,0.1,300.46,AM,Norte,Cartão de crédito,Online
108879,2025-07-31,C1434,Suporte para Monitor,Escritório,3,573.19,0.1,315.25,RR,Norte,Cartão de débito,Online
108880,2025-11-09,C0383,Mesa,Escritório,1,1890.25,0.1,1285.37,SC,Sul,Cartão de débito,Online
108881,2026-03-26,C0343,Headset,Eletrônicos,1,362.75,0,224.91,RN,Nordeste,PIX,Online
108882,2026-02-25,C2140,Monitor,Eletrônicos,1,2068.92,0,1406.87,AL,Nordeste,Cartão de crédito,Online
108883,2025-03-06,C0692,Monitor,Eletrônicos,1,891.36,0,606.12,MT,Centro-Oeste,PIX,Marketplace
108884,2025-08-31,C2145,Mouse,Eletrônicos,1,210.8,0.15,122.26,CE,Nordeste,Cartão de débito,Marketplace
108885,2025-01-16,C0527,Carregador,Acessórios,1,245.76,0.05,122.88,RS,Sul,PIX,Marketplace
108886,2025-08-09,C1925,Smartphone,Eletrônicos,2,1726.54,0.1,1346.7,CE,Nordeste,Cartão de crédito,Marketplace
108887,2025-01-24,C2326,Hub USB,Acessórios,2,109.12,0,60.02,AP,Norte,PIX,Marketplace
108888,2025-12-18,C2197,Notebook,Eletrônicos,2,3073.86,0,2213.18,SP,Sudeste,PIX,Marketplace
108889,2026-02-27,C0447,Hub USB,Acessórios,2,142.93,0.1,78.61,RS,Sul,PIX,Online
108890,2025-03-05,C0325,Mesa,Escritório,1,1634.7,0.15,1111.6,GO,Centro-Oeste,Cartão de crédito,Marketplace
108891,2026-04-11,C1289,Mesa,Escritório,3,1524.86,0.05,1036.9,BA,Nordeste,PIX,Marketplace
108892,2026-04-24,C0515,Carregador,Acessórios,2,113.15,0,56.58,TO,Norte,PIX,Online
108893,2025-03-12,C0407,Aspirador,Casa,1,858.33,0.15,575.08,MA,Nordeste,PIX,Online
108894,2025-06-26,C0800,Headset,Eletrônicos,1,448.95,0.05,278.35,SC,Sul,PIX,Marketplace
108895,2025-12-28,C1125,Air Fryer,Casa,2,801.29,0.05,512.83,SE,Nordeste,Cartão de débito,Marketplace
108896,2025-11-04,C2128,Cafeteira,Casa,2,1012.03,0.1,657.82,PA,Norte,Cartão de crédito,Online
108897,2025-09-13,C0125,Mouse,Eletrônicos,2,353.8,0.15,205.2,DF,Centro-Oeste,Boleto,Marketplace
108898,2026-02-11,C1552,Headset,Eletrônicos,1,530.35,0.15,328.82,MA,Nordeste,Cartão de crédito,Marketplace
108899,2026-03-05,C0524,Monitor,Eletrônicos,1,1849.83,0.2,1257.88,BA,Nordeste,PIX,Online
108900,2025-06-05,C0957,Notebook,Eletrônicos,2,5174.82,0,3725.87,RR,Norte,Cartão de débito,Online
108901,2025-03-13,C1001,Teclado,Eletrônicos,1,763.21,0,457.93,MT,Centro-Oeste,Boleto,Marketplace
108902,2026-03-13,C1707,Luminária,Escritório,1,234.43,0.2,121.9,PE,Nordeste,Cartão de crédito,Marketplace
108903,2025-03-30,C0750,Air Fryer,Casa,1,943.67,0.05,603.95,PE,Nordeste,Cartão de débito,Marketplace
108904,2025-11-21,C1719,Monitor,Eletrônicos,2,1181.89,0,803.69,RR,Norte,PIX,Marketplace
108905,2026-01-25,C1067,Aspirador,Casa,1,1060.44,0.1,710.49,SP,Sudeste,Boleto,Marketplace
108906,2025-02-15,C1475,Notebook,Eletrônicos,1,5523.88,0,3977.19,AL,Nordeste,Cartão de crédito,Marketplace
108907,2026-04-18,C0421,Teclado,Eletrônicos,1,113.83,0.1,68.3,PE,Nordeste,Boleto,Marketplace
108908,2025-08-23,C2177,Suporte para Monitor,Escritório,2,389.72,0,214.35,CE,Nordeste,Cartão de crédito,Online
108909,2025-09-20,C1988,Liquidificador,Casa,2,454.28,0.15,286.2,MA,Nordeste,Boleto,Online
108910,2026-06-03,C0254,Cadeira,Escritório,1,2432.39,0,1702.67,AL,Nordeste,Cartão de débito,Online
108911,2025-06-13,C1817,Carregador,Acessórios,4,57.64,0,28.82,PA,Norte,Cartão de débito,Online
108912,2025-07-14,C0102,Cadeira,Escritório,2,529.67,0,370.77,SP,Sudeste,Boleto,Marketplace
108913,2026-05-31,C0507,Liquidificador,Casa,2,510.49,0.1,321.61,AP,Norte,Cartão de crédito,Online
108914,2025-02-03,C0987,Air Fryer,Casa,3,464.5,0.05,297.28,AM,Norte,Cartão de crédito,Online
108915,2025-04-13,C0557,Notebook,Eletrônicos,1,2580.61,0.05,1858.04,CE,Nordeste,PIX,Marketplace
108916,2025-03-13,C2208,Cabo USB,Acessórios,1,40.38,0,18.17,DF,Centro-Oeste,Cartão de crédito,Marketplace
108917,2026-02-02,C2324,Teclado,Eletrônicos,1,596.94,0.1,358.16,MA,Nordeste,Cartão de débito,Marketplace
108918,2025-02-28,C1698,Smartphone,Eletrônicos,1,2874.78,0.05,2242.33,MS,Centro-Oeste,Boleto,Marketplace
108919,2025-07-09,C1329,Notebook,Eletrônicos,2,4676.97,0.1,3367.42,PI,Nordeste,Cartão de crédito,Marketplace
108920,2025-09-06,C0648,Hub USB,Acessórios,1,223.94,0.1,123.17,AM,Norte,Boleto,Online
108921,2025-12-19,C0528,Monitor,Eletrônicos,1,1222.62,0.05,831.38,PA,Norte,Boleto,Online
108922,2026-05-28,C1457,Smartphone,Eletrônicos,1,3650.09,0.05,2847.07,RN,Nordeste,Boleto,Marketplace
108923,2025-11-26,C1232,Notebook,Eletrônicos,4,2929.77,0,2109.43,PA,Norte,Boleto,Online
108924,2026-01-02,C0850,Smartphone,Eletrônicos,1,4852.85,0.2,3785.22,MA,Nordeste,Cartão de débito,Marketplace
108925,2026-03-11,C2465,Mouse,Eletrônicos,2,252.85,0.15,146.65,RR,Norte,Boleto,Marketplace
108926,2026-06-13,C1750,Luminária,Escritório,2,262.53,0,136.52,SE,Nordeste,Cartão de débito,Online
108927,2025-01-13,C1072,Suporte para Monitor,Escritório,1,221.88,0.05,122.03,RO,Norte,Boleto,Marketplace
108928,2025-10-25,C2317,Monitor,Eletrônicos,4,2177.77,0,1480.88,MT,Centro-Oeste,Cartão de débito,Marketplace
108929,2025-01-03,C0977,Teclado,Eletrônicos,1,170.59,0.05,102.35,PI,Nordeste,Boleto,Online
108930,2025-08-16,C0051,Smartphone,Eletrônicos,4,3633.36,0.05,2834.02,DF,Centro-Oeste,,Online
108931,2025-12-21,C1545,Aspirador,Casa,1,1298.04,0.1,869.69,BA,Nordeste,Cartão de débito,Online
108932,2025-07-21,C0181,Teclado,Eletrônicos,1,676.69,0.2,406.01,RS,Sul,Cartão de débito,Marketplace
108933,2025-02-22,C1011,Aspirador,Casa,1,352.31,0.15,236.05,AP,Norte,PIX,Marketplace
108934,2025-06-14,C1913,Hub USB,Acessórios,2,108.77,0,59.82,RN,Nordeste,PIX,Marketplace
108935,2026-01-14,C0350,Air Fryer,Casa,1,957.53,0.2,612.82,RN,Nordeste,Cartão de crédito,Marketplace
108936,2025-03-05,C1834,Luminária,Escritório,2,219.07,0,113.92,RJ,Sudeste,Cartão de débito,Marketplace
108937,2025-10-24,C1659,Cafeteira,Casa,2,1017.06,0,661.09,GO,Centro-Oeste,PIX,Marketplace
108938,2025-12-16,C0440,Cabo USB,Acessórios,2,86.92,0.05,39.11,TO,Norte,Cartão de crédito,Online
108939,2026-06-06,C0951,Cadeira,Escritório,1,1782.63,0.05,1247.84,BA,Nordeste,Boleto,Online
108940,2025-08-26,C0242,Luminária,Escritório,1,347.79,0.1,180.85,AM,Norte,Cartão de débito,Online
108941,2025-12-11,C0728,Monitor,Eletrônicos,1,2438.92,0.15,1658.47,AC,Norte,Cartão de débito,Online
108942,2026-01-20,C2298,Cadeira,Escritório,1,1023.49,0,716.44,AL,Nordeste,Cartão de crédito,Online
108943,2025-12-21,C0376,Suporte para Monitor,Escritório,1,146.93,0.05,80.81,AP,Norte,Cartão de débito,Online
108944,2025-06-07,C0807,Luminária,Escritório,1,188.58,0.05,98.06,TO,Norte,PIX,Marketplace
108945,2025-12-06,C0616,Monitor,Eletrônicos,5,2000.17,0,1360.12,MT,Centro-Oeste,Cartão de débito,Marketplace
108946,2026-01-25,C1912,Mouse,Eletrônicos,2,112.05,0,64.99,GO,Centro-Oeste,PIX,Online
108947,2026-05-31,C1644,Mesa,Escritório,2,1802.54,0.1,1225.73,TO,Norte,Boleto,Online
108948,2026-06-28,C0564,Carregador,Acessórios,2,66.16,0.05,33.08,SP,Sudeste,Boleto,Marketplace
108949,2025-04-12,C1485,Luminária,Escritório,1,305.16,0.1,158.68,PA,Norte,Boleto,Online
108950,2026-03-28,C0216,Carregador,Acessórios,1,66.09,0,33.05,MA,Nordeste,Cartão de crédito,Online
108951,2025-01-09,C0260,Headset,Eletrônicos,1,420.77,0.05,260.88,ES,Sudeste,Cartão de débito,Marketplace
108952,2026-04-02,C0748,Liquidificador,Casa,3,508.61,0.05,320.42,TO,Norte,PIX,Marketplace
108953,2025-07-01,C0414,Aspirador,Casa,2,412.34,0.15,276.27,DF,Centro-Oeste,PIX,Online
108954,2025-09-15,C0419,Cadeira,Escritório,1,573.88,0.1,401.72,RR,Norte,PIX,Online
108955,2026-04-18,C0953,Suporte para Monitor,Escritório,1,547.98,0,301.39,RR,Norte,Cartão de crédito,Marketplace
108956,2025-04-04,C0180,Air Fryer,Casa,4,484.05,0,309.79,MT,Centro-Oeste,Cartão de crédito,Marketplace
108957,2025-08-15,C0367,Cadeira,Escritório,1,573.13,0,401.19,MG,Sudeste,PIX,Marketplace
108958,2025-10-28,C1969,Mesa,Escritório,1,540.46,0,367.51,BA,Nordeste,PIX,Marketplace
108959,2026-06-04,C1146,Smartphone,Eletrônicos,4,4299.45,0.1,3353.57,PI,Nordeste,Cartão de débito,Marketplace
108960,2025-03-29,C0590,Hub USB,Acessórios,1,214.11,0.1,117.76,PI,Nordeste,Cartão de débito,Marketplace
108961,2026-05-14,C2205,Smartphone,Eletrônicos,3,4250.55,0,3315.43,MG,Sudeste,Boleto,Marketplace
108962,2026-04-07,C1627,Mesa,Escritório,1,969.3,0,659.12,PR,Sul,Cartão de crédito,Online
108963,2026-03-31,C1779,Mouse,Eletrônicos,1,285.77,0.2,165.75,SP,Sudeste,Cartão de crédito,Online
108964,2025-02-16,C2258,Headset,Eletrônicos,1,694.27,0.15,430.45,RO,Norte,Cartão de crédito,Marketplace
108965,2025-10-05,C2237,Headset,Eletrônicos,1,597.33,0,370.34,RO,Norte,Cartão de crédito,Online
108966,2026-03-20,C2256,Carregador,Acessórios,1,110.46,0.05,55.23,PA,Norte,PIX,Marketplace
108967,2025-01-22,C1583,Aspirador,Casa,1,676.96,0,453.56,RS,Sul,Cartão de débito,Online
108968,2026-06-08,C2251,Monitor,Eletrônicos,2,2405.48,0.1,1635.73,RJ,Sudeste,PIX,Marketplace
108969,2026-05-26,C1336,Headset,Eletrônicos,1,729.21,0.1,452.11,PA,Norte,Boleto,Online
108970,2025-06-30,C0663,Mouse,Eletrônicos,1,225.18,0.05,130.6,MA,Nordeste,Cartão de débito,Online
108971,2025-07-20,C1295,Mouse,Eletrônicos,2,297.96,0,172.82,MG,Sudeste,PIX,Online
108972,2025-10-07,C1211,Carregador,Acessórios,1,136.26,0.1,68.13,AP,Norte,Cartão de crédito,Marketplace
108973,2025-11-12,C1381,Headset,Eletrônicos,5,524.64,0.15,325.28,SE,Nordeste,Cartão de débito,Marketplace
108974,2025-03-31,C0993,Cafeteira,Casa,3,1053.29,0.15,684.64,TO,Norte,Cartão de crédito,Online
108975,2025-02-04,C2089,Carregador,Acessórios,5,204.8,0.1,102.4,AM,Norte,Cartão de débito,Online
108976,2026-04-14,C1127,Monitor,Eletrônicos,1,2348.01,0.1,1596.65,AM,Norte,Boleto,Online
108977,2025-08-27,C0557,Monitor,Eletrônicos,5,1885.91,0,1282.42,ES,Sudeste,PIX,Marketplace
108978,2026-04-12,C0971,Luminária,Escritório,2,220.43,0,114.62,SE,Nordeste,Cartão de débito,Marketplace
108979,2026-05-12,C1712,Cabo USB,Acessórios,2,97.0,0.1,43.65,PI,Nordeste,Cartão de débito,Online
108980,2026-03-06,C0111,Liquidificador,Casa,1,348.74,0.15,219.71,MG,Sudeste,PIX,Online
108981,2025-04-03,C0390,Mouse,Eletrônicos,2,219.01,0.1,127.03,PB,Nordeste,Cartão de débito,Marketplace
108982,2025-06-22,C1349,Carregador,Acessórios,2,141.71,0,70.86,PR,Sul,PIX,Marketplace
108983,2025-06-01,C1538,Mesa,Escritório,3,1861.61,0.05,1265.89,PA,Norte,Cartão de débito,Marketplace
108984,2025-07-14,C0731,Liquidificador,Casa,2,596.58,0.05,375.85,SE,Nordeste,Cartão de débito,Online
108985,2025-01-09,C0759,Cafeteira,Casa,2,410.04,0,266.53,SP,Sudeste,PIX,Marketplace
108986,2025-01-10,C0102,Liquidificador,Casa,1,290.54,0,183.04,PE,Nordeste,Boleto,Online
108987,2026-05-27,C2476,Headset,Eletrônicos,3,525.19,0.05,325.62,PI,Nordeste,Cartão de débito,Marketplace
108988,2025-07-22,C1075,Air Fryer,Casa,1,417.16,0,266.98,MT,Centro-Oeste,PIX,Marketplace
108989,2026-05-16,C1571,Air Fryer,Casa,3,402.02,0.05,257.29,PR,Sul,PIX,Marketplace
108990,2025-10-23,C2290,Liquidificador,Casa,1,498.9,0.05,314.31,MS,Centro-Oeste,Boleto,Marketplace
108991,2026-05-20,C1777,Mesa,Escritório,2,1834.59,0.1,1247.52,AP,Norte,PIX,Online
108992,2025-01-26,C0013,Air Fryer,Casa,1,834.93,0.1,534.36,SE,Nordeste,Cartão de crédito,Online
108993,2025-05-31,C0901,Luminária,Escritório,1,274.62,0,142.8,MS,Centro-Oeste,Cartão de débito,Online
108994,2025-07-08,C1081,Carregador,Acessórios,2,210.53,0,105.27,AP,Norte,Boleto,Marketplace
108995,2026-02-13,C1571,Cadeira,Escritório,2,2429.87,0.05,1700.91,AL,Nordeste,Cartão de crédito,Online
108996,2026-05-21,C1747,Notebook,Eletrônicos,2,3478.96,0.1,2504.85,RJ,Sudeste,Cartão de débito,Online
108997,2025-04-25,C0577,Luminária,Escritório,1,152.24,0.1,79.16,TO,Norte,PIX,Marketplace
108998,2025-11-02,C0307,Liquidificador,Casa,2,258.68,0,162.97,AL,Nordeste,PIX,Marketplace
108999,2025-08-17,C1803,Cadeira,Escritório,4,1236.3,0.15,865.41,PB,Nordeste,PIX,Marketplace
109000,2025-12-05,C2099,Smartphone,Eletrônicos,1,2085.84,0,1626.96,PA,Norte,Cartão de crédito,Online
109001,2025-06-10,C2443,Mouse,Eletrônicos,1,390.92,0.1,226.73,PA,Norte,Boleto,Marketplace
109002,2025-03-29,C0307,Carregador,Acessórios,1,113.1,0,56.55,RO,Norte,Cartão de crédito,Marketplace
109003,2026-06-21,C1808,Monitor,Eletrônicos,1,1715.66,0.1,1166.65,SE,Nordeste,PIX,Online
109004,2025-11-06,C2067,Monitor,Eletrônicos,2,1466.5,0.1,997.22,MS,Centro-Oeste,Cartão de crédito,Online
109005,2026-01-21,C2040,Mouse,Eletrônicos,2,140.51,0,81.5,SP,Sudeste,Cartão de débito,Marketplace
109006,2026-05-27,C1102,Mouse,Eletrônicos,3,268.86,0.05,155.94,SE,Nordeste,PIX,Online
109007,2026-06-01,C0261,Headset,Eletrônicos,1,208.05,0.05,128.99,TO,Norte,PIX,Online
109008,2025-05-24,C2426,Hub USB,Acessórios,2,256.74,0.1,141.21,RO,Norte,Cartão de débito,Online
109009,2025-07-31,C0140,Aspirador,Casa,1,321.77,0,215.59,AL,Nordeste,Cartão de débito,Marketplace
109010,2026-05-07,C0750,Mesa,Escritório,4,1903.87,0,1294.63,AM,Norte,PIX,Marketplace
109011,2026-02-25,C0124,Cabo USB,Acessórios,1,72.66,0.15,32.7,MA,Nordeste,Boleto,Marketplace
109012,2026-01-05,C0807,Hub USB,Acessórios,2,296.3,0.1,162.97,PA,Norte,Cartão de crédito,Online
109013,2025-02-11,C1409,Aspirador,Casa,1,1485.83,0,995.51,AC,Norte,PIX,Online
109014,2025-07-19,C1479,Smartphone,Eletrônicos,1,2461.19,0.15,1919.73,MG,Sudeste,Boleto,Marketplace
109015,2025-01-02,C1304,Mouse,Eletrônicos,1,137.02,0,79.47,AP,Norte,PIX,Marketplace
109016,2025-05-04,C0382,Mouse,Eletrônicos,1,175.94,0.15,102.05,CE,Nordeste,Boleto,Online
109017,2025-09-26,C1022,Cabo USB,Acessórios,2,75.27,0.05,33.87,TO,Norte,PIX,Marketplace
109018,2026-03-30,C0091,Monitor,Eletrônicos,1,2399.49,0,1631.65,RR,Norte,Cartão de débito,Online
109019,2025-11-21,C0097,Cadeira,Escritório,1,2481.03,0.1,1736.72,PB,Nordeste,Boleto,Online
109020,2026-03-18,C0530,Monitor,Eletrônicos,1,2290.22,0,1557.35,SP,Sudeste,Cartão de crédito,Online
109021,2025-09-20,C0362,Monitor,Eletrônicos,1,1351.18,0.15,918.8,GO,Centro-Oeste,Boleto,Online
109022,2026-02-07,C0002,Liquidificador,Casa,1,197.55,0,124.46,SC,Sul,Cartão de crédito,Online
109023,2026-05-30,C1332,Teclado,Eletrônicos,1,376.31,0.05,225.79,GO,Centro-Oeste,Cartão de débito,Marketplace
109024,2025-05-11,C1544,Monitor,Eletrônicos,4,932.67,0.05,634.22,AP,Norte,Boleto,Marketplace
109025,2025-01-05,C1030,Suporte para Monitor,Escritório,1,325.52,0.05,179.04,RO,Norte,Cartão de débito,Online
109026,2025-01-12,C0204,Teclado,Eletrônicos,1,765.32,0.2,459.19,TO,Norte,,Online
109027,2025-09-25,C0160,Cadeira,Escritório,3,1991.85,0,1394.29,PA,Norte,Cartão de crédito,Online
109028,2025-11-20,C2019,Aspirador,Casa,1,1293.94,0.05,866.94,SE,Nordeste,Boleto,Online
109029,2025-03-14,C0342,Suporte para Monitor,Escritório,1,488.67,0.1,268.77,AL,Nordeste,PIX,Marketplace
109030,2026-02-07,C0888,Suporte para Monitor,Escritório,1,315.17,0.1,173.34,AC,Norte,Cartão de crédito,Online
109031,2026-05-31,C1883,Cabo USB,Acessórios,1,75.84,0,34.13,PB,Nordeste,PIX,Marketplace
109032,2026-02-08,C1763,Smartphone,Eletrônicos,3,4745.5,0.05,3701.49,MA,Nordeste,Boleto,Marketplace
109033,2026-06-07,C1202,Liquidificador,Casa,1,263.77,0.1,166.18,PE,Nordeste,Cartão de crédito,Marketplace
109034,2025-07-24,C0493,Cafeteira,Casa,3,377.77,0.1,245.55,AP,Norte,PIX,Marketplace
109035,2025-09-01,C2121,Headset,Eletrônicos,1,292.68,0.05,181.46,MA,Nordeste,PIX,Marketplace
109036,2025-01-09,C0693,Aspirador,Casa,1,619.77,0.15,415.25,AP,Norte,Cartão de débito,Marketplace
109037,2025-06-09,C0025,Air Fryer,Casa,4,817.39,0.05,523.13,AM,Norte,Cartão de débito,Online
109038,2025-01-16,C1069,Hub USB,Acessórios,2,164.67,0.1,90.57,PA,Norte,Boleto,Online
109039,2026-01-24,C1914,Air Fryer,Casa,1,435.61,0.1,278.79,GO,Centro-Oeste,PIX,Online
109040,2025-05-30,C2494,Cadeira,Escritório,5,2236.92,0,1565.84,RO,Norte,Cartão de crédito,Online
109041,2025-04-23,C0930,Notebook,Eletrônicos,2,3089.36,0.05,2224.34,DF,Centro-Oeste,Boleto,Marketplace
109042,2026-02-19,C1320,Mesa,Escritório,2,523.54,0,356.01,PI,Nordeste,Cartão de crédito,Online
109043,2026-05-28,C0461,Headset,Eletrônicos,3,390.14,0.05,241.89,RS,Sul,Cartão de crédito,Online
109044,2026-01-22,C1278,Monitor,Eletrônicos,3,921.11,0.05,626.35,RR,Norte,Cartão de crédito,Online
109045,2025-11-05,C2317,Smartphone,Eletrônicos,1,4751.88,0.1,3706.47,MG,Sudeste,Boleto,Online
109046,2025-01-02,C0412,Aspirador,Casa,1,823.95,0,552.05,PA,Norte,Cartão de crédito,Online
109047,2025-02-16,C2397,Teclado,Eletrônicos,1,336.97,0,202.18,AM,Norte,Boleto,Online
109048,2025-10-06,C0807,Carregador,Acessórios,1,79.54,0.1,39.77,BA,Nordeste,PIX,Online
109049,2025-04-03,C0482,Aspirador,Casa,1,1424.59,0.05,954.48,SE,Nordeste,PIX,Online
109050,2025-08-25,C0339,Cafeteira,Casa,1,632.39,0,411.05,AL,Nordeste,Cartão de débito,Online
109051,2026-01-07,C2426,Teclado,Eletrônicos,3,553.36,0.1,332.02,AM,Norte,PIX,Marketplace
109052,2026-04-15,C2254,Smartphone,Eletrônicos,1,3185.84,0,2484.96,MA,Nordeste,Boleto,Marketplace
109053,2025-09-26,C0508,Air Fryer,Casa,2,603.14,0.05,386.01,ES,Sudeste,Boleto,Marketplace
109054,2025-06-26,C0860,Notebook,Eletrônicos,1,4508.5,0.2,3246.12,MG,Sudeste,PIX,Marketplace
109055,2025-10-13,C0398,Cabo USB,Acessórios,2,69.2,0.1,31.14,AL,Nordeste,Cartão de crédito,Online
109056,2026-05-07,C2317,Hub USB,Acessórios,2,268.12,0,147.47,MA,Nordeste,Cartão de débito,Online
109057,2025-01-25,C0530,Hub USB,Acessórios,1,279.1,0.2,153.51,ES,Sudeste,Boleto,Marketplace
109058,2026-04-10,C2083,Mouse,Eletrônicos,4,402.2,0,233.28,MG,Sudeste,Cartão de débito,Online
109059,2025-08-02,C1529,Headset,Eletrônicos,3,534.83,0.1,331.59,BA,Nordeste,Boleto,Marketplace
109060,2025-11-23,C0931,Headset,Eletrônicos,2,517.78,0.05,321.02,RS,Sul,Cartão de débito,Online
109061,2025-07-22,C0023,Cadeira,Escritório,1,1183.22,0.05,828.25,SC,Sul,Cartão de débito,Online
109062,2025-04-19,C1387,Air Fryer,Casa,2,976.81,0.1,625.16,MG,Sudeste,,Online
109063,2025-02-13,C1983,Cadeira,Escritório,4,1633.94,0.1,1143.76,SC,Sul,Cartão de crédito,Online
109064,2026-06-01,C1820,Teclado,Eletrônicos,1,461.92,0.05,277.15,MG,Sudeste,Cartão de crédito,Online
109065,2026-06-25,C2242,Air Fryer,Casa,3,728.31,0,466.12,BA,Nordeste,Cartão de débito,Online
109066,2026-02-13,C0090,Air Fryer,Casa,2,320.36,0,205.03,PE,Nordeste,Boleto,Online
109067,2026-02-16,C2383,Headset,Eletrônicos,3,487.88,0.1,302.49,GO,Centro-Oeste,Cartão de crédito,Marketplace
109068,2025-10-21,C1197,Air Fryer,Casa,2,600.77,0.05,384.49,SP,Sudeste,Cartão de crédito,Online
109069,2025-08-10,C0325,Headset,Eletrônicos,2,330.91,0.05,205.16,TO,Norte,,Marketplace
109070,2026-02-17,C0009,Aspirador,Casa,1,1480.77,0.15,992.12,DF,Centro-Oeste,PIX,Online
109071,2025-12-05,C0653,Cafeteira,Casa,1,685.65,0,445.67,PA,Norte,Cartão de crédito,Marketplace
109072,2026-06-27,C0140,Hub USB,Acessórios,1,249.15,0,137.03,PE,Nordeste,Cartão de débito,Online
109073,2025-04-17,C0275,Teclado,Eletrônicos,2,400.6,0,240.36,PB,Nordeste,Cartão de crédito,Online
109074,2025-02-28,C1943,Smartphone,Eletrônicos,1,4780.05,0,3728.44,AP,Norte,PIX,Online
109075,2026-03-14,C1517,Air Fryer,Casa,2,949.71,0.05,607.81,PB,Nordeste,PIX,Online
109076,2025-07-03,C1573,Mouse,Eletrônicos,2,210.23,0,121.93,RJ,Sudeste,PIX,Marketplace
109077,2025-04-28,C2078,Suporte para Monitor,Escritório,2,515.74,0,283.66,RR,Norte,PIX,Marketplace
109078,2025-08-17,C2259,Cabo USB,Acessórios,4,39.37,0,17.72,AL,Nordeste,Cartão de crédito,Online
109079,2025-05-26,C1221,Hub USB,Acessórios,1,108.5,0.05,59.68,RJ,Sudeste,Cartão de crédito,Marketplace
109080,2026-04-05,C0493,Notebook,Eletrônicos,1,4484.41,0,3228.78,RS,Sul,Cartão de débito,Online
109081,2025-04-25,C0346,Hub USB,Acessórios,1,283.77,0.2,156.07,RS,Sul,Cartão de crédito,Online
109082,2026-05-14,C0233,Cadeira,Escritório,1,1396.47,0,977.53,ES,Sudeste,PIX,Online
109083,2025-05-30,C1814,Notebook,Eletrônicos,3,3869.59,0.1,2786.1,PA,Norte,Cartão de crédito,Online
109084,2025-10-09,C0033,Aspirador,Casa,1,1393.47,0.1,933.62,BA,Nordeste,Cartão de débito,Marketplace
109085,2025-01-27,C0169,Headset,Eletrônicos,2,349.5,0,216.69,GO,Centro-Oeste,PIX,Online
109086,2026-02-21,C1941,Cabo USB,Acessórios,1,31.15,0,14.02,BA,Nordeste,Cartão de débito,Online
109087,2025-06-11,C1462,Cafeteira,Casa,1,381.38,0.15,247.9,AM,Norte,Boleto,Marketplace
109088,2025-11-15,C0056,Smartphone,Eletrônicos,2,2475.05,0.05,1930.54,PA,Norte,Cartão de débito,Marketplace
109089,2025-06-05,C0282,Cabo USB,Acessórios,1,73.83,0.15,33.22,AL,Nordeste,Cartão de débito,Marketplace
109090,2025-03-31,C1888,Luminária,Escritório,3,206.72,0.05,107.49,AM,Norte,Cartão de débito,Online
109091,2025-12-05,C0613,Hub USB,Acessórios,4,189.69,0.05,104.33,PE,Nordeste,Boleto,Marketplace
109092,2026-04-19,C0330,Cafeteira,Casa,3,410.23,0,266.65,PI,Nordeste,Boleto,Online
109093,2026-05-14,C1139,Teclado,Eletrônicos,3,173.25,0.1,103.95,AL,Nordeste,Boleto,Marketplace
109094,2025-04-16,C0598,Air Fryer,Casa,1,678.91,0.05,434.5,PB,Nordeste,Boleto,Marketplace
109095,2025-10-31,C2040,Air Fryer,Casa,1,433.53,0,277.46,RR,Norte,PIX,Online
109096,2025-09-14,C1890,Luminária,Escritório,3,188.3,0.05,97.92,TO,Norte,Cartão de crédito,Marketplace
109097,2026-01-12,C1133,Cabo USB,Acessórios,5,49.87,0.1,22.44,ES,Sudeste,PIX,Online
109098,2025-08-25,C1127,Headset,Eletrônicos,1,560.39,0,347.44,SE,Nordeste,Boleto,Online
109099,2025-09-12,C1335,Mouse,Eletrônicos,3,439.2,0.1,254.74,PR,Sul,Cartão de crédito,Online
109100,2026-03-06,C2193,Mouse,Eletrônicos,1,326.04,0.15,189.1,RS,Sul,Cartão de débito,Marketplace
109101,2025-02-22,C2363,Suporte para Monitor,Escritório,2,599.66,0.15,329.81,DF,Centro-Oeste,PIX,Marketplace
109102,2026-01-18,C2076,Mesa,Escritório,4,791.57,0,538.27,PR,Sul,Cartão de crédito,Online
109103,2025-01-15,C1157,Aspirador,Casa,1,799.01,0.05,535.34,RO,Norte,Cartão de crédito,Marketplace
109104,2025-12-22,C1160,Smartphone,Eletrônicos,3,3340.9,0.05,2605.9,AC,Norte,PIX,Online
109105,2025-09-13,C1578,Mesa,Escritório,1,782.11,0.1,531.83,SE,Nordeste,Boleto,Online
109106,2025-08-22,C1824,Luminária,Escritório,1,304.82,0.05,158.51,TO,Norte,PIX,Marketplace
109107,2026-02-28,C1495,Aspirador,Casa,2,1265.19,0,847.68,PI,Nordeste,Cartão de débito,Marketplace
109108,2026-01-26,C1612,Cadeira,Escritório,1,1061.95,0,743.37,DF,Centro-Oeste,Boleto,Online
109109,2026-03-28,C0019,Notebook,Eletrônicos,3,3484.21,0.05,2508.63,MG,Sudeste,PIX,Online
109110,2026-02-25,C0418,Mouse,Eletrônicos,3,410.69,0.1,238.2,PI,Nordeste,Cartão de crédito,Online
109111,2025-12-05,C0660,Notebook,Eletrônicos,1,3437.29,0,2474.85,AC,Norte,Cartão de crédito,Online
109112,2025-01-15,C1632,Cabo USB,Acessórios,1,38.29,0,17.23,GO,Centro-Oeste,Cartão de crédito,Online
109113,2025-03-31,C0502,Headset,Eletrônicos,1,171.36,0.05,106.24,MA,Nordeste,PIX,Online
109114,2026-05-17,C0795,Suporte para Monitor,Escritório,1,215.99,0.1,118.79,SE,Nordeste,Cartão de crédito,Marketplace
109115,2025-07-19,C1309,Carregador,Acessórios,1,240.98,0,120.49,PI,Nordeste,Cartão de crédito,Online
109116,2025-03-13,C2396,Suporte para Monitor,Escritório,1,352.18,0.1,193.7,AM,Norte,Boleto,Marketplace
109117,2025-11-21,C1919,Mouse,Eletrônicos,1,416.74,0.1,241.71,PB,Nordeste,Cartão de débito,Marketplace
109118,2025-09-13,C1793,Aspirador,Casa,4,1099.6,0.15,736.73,RR,Norte,Boleto,Marketplace
109119,2025-12-11,C1246,Mouse,Eletrônicos,1,475.44,0,275.76,TO,Norte,Cartão de crédito,Marketplace
109120,2025-10-01,C2480,Carregador,Acessórios,3,116.58,0.05,58.29,SC,Sul,Boleto,Online
109121,2025-10-28,C1283,Liquidificador,Casa,3,575.98,0,362.87,RO,Norte,Cartão de débito,Marketplace
109122,2025-10-05,C2306,Mesa,Escritório,2,840.87,0.1,571.79,RO,Norte,Cartão de crédito,Online
109123,2025-04-26,C0043,Aspirador,Casa,1,940.47,0.1,630.11,SE,Nordeste,Cartão de débito,Marketplace
109124,2025-12-26,C1260,Notebook,Eletrônicos,1,3201.33,0,2304.96,PR,Sul,Boleto,Marketplace
109125,2026-01-18,C2086,Luminária,Escritório,1,249.58,0.1,129.78,RO,Norte,Cartão de crédito,Online
109126,2026-05-23,C0907,Aspirador,Casa,2,1218.62,0,816.48,RR,Norte,PIX,Marketplace
109127,2025-02-16,C2030,Hub USB,Acessórios,1,144.81,0.1,79.65,PI,Nordeste,Boleto,Marketplace
109128,2025-03-03,C0235,Liquidificador,Casa,4,375.87,0.05,236.8,AC,Norte,Cartão de crédito,Marketplace
109129,2026-04-10,C0980,Notebook,Eletrônicos,2,4543.5,0.15,3271.32,PB,Nordeste,Cartão de crédito,Marketplace
109130,2026-06-29,C2297,Hub USB,Acessórios,1,154.46,0.05,84.95,AL,Nordeste,Cartão de crédito,Online
109131,2025-11-01,C0202,Headset,Eletrônicos,3,261.6,0.1,162.19,SE,Nordeste,Cartão de débito,Marketplace
109132,2025-02-08,C1549,Liquidificador,Casa,1,508.92,0,320.62,GO,Centro-Oeste,Boleto,Online
109133,2025-10-25,C2345,Aspirador,Casa,1,758.84,0,508.42,RO,Norte,Cartão de débito,Online
109134,2026-05-06,C1486,Mouse,Eletrônicos,2,288.7,0,167.45,RS,Sul,Cartão de débito,Online
109135,2025-02-17,C0125,Mesa,Escritório,4,1646.18,0.05,1119.4,PA,Norte,PIX,Online
109136,2025-12-11,C2448,Suporte para Monitor,Escritório,1,100.97,0.15,55.53,MA,Nordeste,PIX,Marketplace
109137,2025-07-11,C0712,Aspirador,Casa,1,1325.05,0,887.78,AP,Norte,PIX,Online
109138,2026-03-31,C0549,Liquidificador,Casa,2,324.94,0.1,204.71,BA,Nordeste,Cartão de débito,Online
109139,2025-05-13,C2352,Cadeira,Escritório,2,1221.57,0.15,855.1,RJ,Sudeste,Boleto,Online
109140,2026-06-21,C1469,Carregador,Acessórios,3,158.68,0.1,79.34,MT,Centro-Oeste,,Marketplace
109141,2025-01-15,C2416,Aspirador,Casa,1,1128.84,0.05,756.32,CE,Nordeste,Boleto,Online
109142,2026-03-12,C0836,Liquidificador,Casa,1,484.35,0,305.14,MT,Centro-Oeste,PIX,Online
109143,2025-07-16,C0172,Aspirador,Casa,1,1413.35,0,946.94,AC,Norte,Boleto,Marketplace
109144,2025-10-31,C2020,Luminária,Escritório,3,92.47,0,48.08,PI,Nordeste,Cartão de crédito,Marketplace
109145,2025-08-19,C0190,Teclado,Eletrônicos,1,352.44,0.1,211.46,PI,Nordeste,Cartão de crédito,Online
109146,2026-05-30,C0120,Notebook,Eletrônicos,3,4806.34,0.05,3460.56,GO,Centro-Oeste,PIX,Online
109147,2025-05-17,C1094,Hub USB,Acessórios,1,86.87,0.05,47.78,MA,Nordeste,Cartão de débito,Marketplace
109148,2026-05-26,C0329,Smartphone,Eletrônicos,1,4464.55,0.05,3482.35,PR,Sul,Cartão de débito,Online
109149,2025-05-03,C1818,Air Fryer,Casa,1,562.81,0,360.2,PR,Sul,Cartão de crédito,Online
109150,2025-04-18,C2458,Monitor,Eletrônicos,1,2282.63,0,1552.19,SP,Sudeste,Boleto,Marketplace
109151,2025-02-01,C0893,Mesa,Escritório,1,1060.36,0,721.04,SE,Nordeste,Boleto,Online
109152,2025-10-01,C0462,Suporte para Monitor,Escritório,4,130.09,0,71.55,RN,Nordeste,PIX,Marketplace
109153,2025-01-05,C1113,Headset,Eletrônicos,5,777.17,0.1,481.85,RN,Nordeste,Cartão de crédito,Online
109154,2026-06-23,C2091,Mouse,Eletrônicos,1,171.34,0.05,99.38,AP,Norte,PIX,Online
109155,2026-04-26,C0514,Hub USB,Acessórios,4,96.19,0,52.9,AM,Norte,Cartão de crédito,Marketplace
109156,2026-05-09,C1283,Smartphone,Eletrônicos,2,1133.35,0.2,884.01,AM,Norte,Boleto,Online
109157,2025-09-22,C2050,Notebook,Eletrônicos,2,3918.27,0.1,2821.15,MT,Centro-Oeste,Cartão de crédito,Online
109158,2025-10-15,C0291,Monitor,Eletrônicos,1,2071.28,0.1,1408.47,PR,Sul,,Online
109159,2025-09-01,C0729,Luminária,Escritório,1,361.4,0,187.93,AM,Norte,PIX,Marketplace
109160,2026-03-09,C0883,Luminária,Escritório,1,211.05,0.05,109.75,PI,Nordeste,Cartão de crédito,Marketplace
109161,2025-04-10,C1489,Smartphone,Eletrônicos,1,3823.89,0.05,2982.63,MA,Nordeste,Cartão de débito,Online
109162,2025-04-12,C0443,Smartphone,Eletrônicos,2,4864.15,0.1,3794.04,PE,Nordeste,Cartão de crédito,Marketplace
109163,2026-05-27,C0220,Monitor,Eletrônicos,2,1586.54,0,1078.85,MT,Centro-Oeste,Cartão de débito,Online
109164,2025-07-04,C2157,Headset,Eletrônicos,1,626.43,0.2,388.39,PR,Sul,Cartão de crédito,Marketplace
109165,2025-07-20,C1103,Mouse,Eletrônicos,2,300.93,0.15,174.54,SE,Nordeste,Cartão de crédito,Online
109166,2025-06-16,C1357,Mouse,Eletrônicos,1,118.01,0.05,68.45,RJ,Sudeste,PIX,Online
109167,2025-11-10,C0448,Suporte para Monitor,Escritório,2,327.46,0.05,180.1,PR,Sul,Cartão de crédito,Online
109168,2025-01-13,C1965,Suporte para Monitor,Escritório,3,158.58,0,87.22,RO,Norte,Boleto,Online
109169,2026-04-09,C2169,Cafeteira,Casa,2,977.09,0.05,635.11,AM,Norte,Boleto,Marketplace
109170,2025-08-08,C0486,Luminária,Escritório,2,118.51,0,61.63,ES,Sudeste,Cartão de débito,Online
109171,2025-07-01,C0932,Headset,Eletrônicos,2,711.61,0.1,441.2,MT,Centro-Oeste,Cartão de crédito,Online
109172,2025-12-27,C0124,Monitor,Eletrônicos,3,1470.24,0,999.76,TO,Norte,Boleto,Marketplace
109173,2026-01-29,C2182,Cafeteira,Casa,2,630.37,0.05,409.74,MG,Sudeste,Cartão de crédito,Online
109174,2025-07-30,C1079,Hub USB,Acessórios,1,120.82,0,66.45,PE,Nordeste,PIX,Online
109175,2026-05-20,C0865,Mesa,Escritório,1,1054.24,0.05,716.88,MG,Sudeste,PIX,Marketplace
109176,2026-01-01,C2431,Mouse,Eletrônicos,1,134.48,0.15,78.0,PI,Nordeste,Cartão de crédito,Online
109177,2025-11-15,C0655,Aspirador,Casa,2,920.81,0,616.94,MA,Nordeste,Cartão de débito,Online
109178,2025-01-08,C1183,Luminária,Escritório,2,323.27,0.1,168.1,AP,Norte,Cartão de crédito,Online
109179,2025-07-29,C0035,Cafeteira,Casa,3,694.78,0,451.61,RN,Nordeste,Cartão de débito,Online
109180,2026-04-13,C1427,Carregador,Acessórios,1,109.15,0,54.58,AP,Norte,Cartão de débito,Online
109181,2026-01-15,C2097,Liquidificador,Casa,3,186.98,0,117.8,RN,Nordeste,PIX,Online
109182,2025-06-08,C1419,Hub USB,Acessórios,1,86.4,0.05,47.52,AL,Nordeste,PIX,Online
109183,2025-06-23,C2238,Cabo USB,Acessórios,2,63.87,0.1,28.74,RJ,Sudeste,PIX,Marketplace
109184,2025-10-15,C1419,Air Fryer,Casa,1,542.41,0,347.14,GO,Centro-Oeste,,Online
109185,2025-10-28,C1683,Teclado,Eletrônicos,3,153.96,0.1,92.38,MG,Sudeste,PIX,Marketplace
109186,2025-10-15,C0757,Cabo USB,Acessórios,1,96.01,0,43.2,PE,Nordeste,Cartão de crédito,Online
109187,2025-11-10,C0662,Mouse,Eletrônicos,1,462.26,0.05,268.11,AC,Norte,Cartão de débito,Marketplace
109188,2025-04-28,C1431,Cadeira,Escritório,1,1933.59,0.05,1353.51,AP,Norte,Boleto,Online
109189,2025-12-24,C1655,Air Fryer,Casa,1,734.92,0,470.35,AC,Norte,Boleto,Marketplace
109190,2026-05-06,C1619,Smartphone,Eletrônicos,2,3930.37,0,3065.69,SP,Sudeste,Boleto,Marketplace
109191,2025-04-09,C0705,Aspirador,Casa,1,487.81,0.05,326.83,GO,Centro-Oeste,Boleto,Marketplace
109192,2026-05-11,C0128,Cafeteira,Casa,1,612.1,0.05,397.87,GO,Centro-Oeste,Boleto,Online
109193,2025-06-04,C1784,Smartphone,Eletrônicos,1,2851.36,0.15,2224.06,PI,Nordeste,Cartão de débito,Online
109194,2025-07-30,C1930,Cafeteira,Casa,2,296.18,0.15,192.52,SP,Sudeste,Cartão de débito,Marketplace
109195,2025-12-29,C0362,Smartphone,Eletrônicos,1,4800.66,0,3744.51,AL,Nordeste,Cartão de crédito,Online
109196,2025-07-15,C1722,Hub USB,Acessórios,1,162.51,0,89.38,AP,Norte,PIX,Online
109197,2026-02-14,C0197,Monitor,Eletrônicos,1,882.85,0,600.34,PR,Sul,PIX,Online
109198,2025-10-19,C1111,Suporte para Monitor,Escritório,4,328.0,0.15,180.4,GO,Centro-Oeste,Cartão de débito,Marketplace
109199,2025-05-16,C0807,Air Fryer,Casa,2,613.13,0.1,392.4,TO,Norte,PIX,Marketplace
109200,2025-04-26,C1536,Aspirador,Casa,1,266.36,0,178.46,CE,Nordeste,Boleto,Marketplace
109201,2026-06-14,C2142,Liquidificador,Casa,1,302.08,0.2,190.31,PI,Nordeste,PIX,Marketplace
109202,2026-06-11,C0979,Air Fryer,Casa,2,848.8,0.1,543.23,PI,Nordeste,Cartão de crédito,Online
109203,2025-10-15,C2170,Liquidificador,Casa,1,540.84,0.05,340.73,PB,Nordeste,PIX,Online
109204,2025-11-20,C1509,Luminária,Escritório,1,81.73,0,42.5,MS,Centro-Oeste,Cartão de débito,Online
109205,2026-06-15,C2377,Cafeteira,Casa,2,519.98,0.05,337.99,AP,Norte,Cartão de crédito,Online
109206,2026-03-03,C2222,Notebook,Eletrônicos,4,3289.92,0.1,2368.74,AM,Norte,Cartão de débito,Online
109207,2025-12-17,C0142,Carregador,Acessórios,1,213.17,0,106.58,MA,Nordeste,Cartão de crédito,Marketplace
109208,2026-02-05,C1905,Monitor,Eletrônicos,1,857.23,0,582.92,PB,Nordeste,Boleto,Online
109209,2026-05-16,C0159,Teclado,Eletrônicos,1,428.45,0.1,257.07,RJ,Sudeste,Cartão de débito,Online
109210,2025-04-07,C0450,Smartphone,Eletrônicos,3,4111.34,0.15,3206.85,SC,Sul,Boleto,Marketplace
109211,2026-01-12,C2054,Monitor,Eletrônicos,1,1121.56,0.1,762.66,DF,Centro-Oeste,Boleto,Marketplace
109212,2025-03-01,C2243,Headset,Eletrônicos,1,745.47,0,462.19,MA,Nordeste,PIX,Online
109213,2025-04-07,C1768,Cafeteira,Casa,2,1027.88,0.05,668.12,AC,Norte,Cartão de débito,Online
109214,2025-11-28,C1861,Mesa,Escritório,4,1749.31,0,1189.53,RO,Norte,Cartão de débito,Marketplace
109215,2026-05-22,C1717,Cafeteira,Casa,2,1079.57,0,701.72,PR,Sul,Cartão de débito,Marketplace
109216,2025-03-05,C1119,Smartphone,Eletrônicos,3,1065.83,0.05,831.35,TO,Norte,Cartão de crédito,Online
109217,2026-03-05,C0908,Mesa,Escritório,1,557.83,0.1,379.32,AM,Norte,Boleto,Marketplace
109218,2026-01-26,C1139,Hub USB,Acessórios,1,124.92,0,68.71,MS,Centro-Oeste,Cartão de débito,Online
109219,2026-05-27,C1267,Monitor,Eletrônicos,1,1043.85,0.05,709.82,BA,Nordeste,Cartão de crédito,Online
109220,2025-02-24,C1718,Liquidificador,Casa,2,249.85,0.05,157.41,RS,Sul,Boleto,Online
109221,2025-08-05,C1771,Smartphone,Eletrônicos,1,3847.24,0.1,3000.85,ES,Sudeste,PIX,Online
109222,2025-07-05,C1111,Headset,Eletrônicos,2,334.2,0,207.2,RR,Norte,Boleto,Marketplace
109223,2026-03-04,C2461,Teclado,Eletrônicos,2,417.44,0,250.46,PA,Norte,PIX,Online
109224,2025-08-10,C0131,Air Fryer,Casa,1,558.35,0,357.34,AM,Norte,Cartão de débito,Online
109225,2025-03-24,C0165,Monitor,Eletrônicos,4,1298.99,0.1,883.31,AC,Norte,Cartão de crédito,Online
109226,2025-09-19,C0903,Aspirador,Casa,1,1241.09,0.1,831.53,PR,Sul,PIX,Marketplace
109227,2025-12-12,C1586,Smartphone,Eletrônicos,1,4575.51,0.15,3568.9,TO,Norte,Boleto,Marketplace
109228,2025-01-17,C1807,Cafeteira,Casa,1,708.66,0,460.63,MA,Nordeste,Boleto,Online
109229,2025-04-06,C0706,Smartphone,Eletrônicos,5,2178.32,0.1,1699.09,MS,Centro-Oeste,Cartão de crédito,Marketplace
109230,2025-03-15,C0590,Monitor,Eletrônicos,1,2426.51,0,1650.03,ES,Sudeste,Boleto,Marketplace
109231,2025-06-05,C2085,Notebook,Eletrônicos,2,4858.21,0,3497.91,MT,Centro-Oeste,Cartão de crédito,Marketplace
109232,2025-12-24,C1246,Aspirador,Casa,2,1491.09,0.05,999.03,SC,Sul,Boleto,Marketplace
109233,2026-05-01,C1848,Cabo USB,Acessórios,2,64.24,0.2,28.91,SC,Sul,Cartão de crédito,Marketplace
109234,2025-07-28,C0840,Cabo USB,Acessórios,2,31.87,0,14.34,AL,Nordeste,Cartão de débito,Marketplace
109235,2025-02-25,C0250,Headset,Eletrônicos,1,198.74,0.05,123.22,PB,Nordeste,PIX,Online
109236,2025-03-12,C1921,Cadeira,Escritório,4,1583.28,0.1,1108.3,SE,Nordeste,Cartão de débito,Online
109237,2025-02-24,C0768,Cadeira,Escritório,1,827.24,0.05,579.07,RJ,Sudeste,Cartão de débito,Online
109238,2025-05-21,C0623,Cabo USB,Acessórios,1,60.87,0,27.39,CE,Nordeste,PIX,Online
109239,2026-03-26,C0495,Monitor,Eletrônicos,1,961.12,0.1,653.56,SP,Sudeste,Cartão de débito,Marketplace
109240,2025-01-13,C0016,Cafeteira,Casa,3,669.29,0,435.04,RR,Norte,Cartão de débito,Marketplace
109241,2025-10-03,C1056,Aspirador,Casa,1,1387.03,0,929.31,PA,Norte,Boleto,Marketplace
109242,2025-02-27,C1466,Cabo USB,Acessórios,1,83.71,0.05,37.67,MG,Sudeste,PIX,Marketplace
109243,2025-12-03,C0629,Headset,Eletrônicos,3,636.66,0,394.73,DF,Centro-Oeste,Cartão de débito,Online
109244,2025-06-15,C0816,Carregador,Acessórios,1,244.37,0.1,122.19,RJ,Sudeste,PIX,Online
109245,2026-06-15,C0750,Headset,Eletrônicos,2,311.89,0,193.37,MG,Sudeste,Cartão de crédito,Marketplace
109246,2026-01-20,C0704,Teclado,Eletrônicos,1,300.64,0.2,180.38,MG,Sudeste,Cartão de crédito,Marketplace
109247,2026-03-28,C0520,Carregador,Acessórios,2,239.48,0,119.74,RR,Norte,PIX,Marketplace
109248,2025-11-11,C0223,Monitor,Eletrônicos,1,2137.81,0.05,1453.71,DF,Centro-Oeste,Cartão de débito,Online
109249,2025-08-23,C2103,Monitor,Eletrônicos,2,2129.8,0.1,1448.26,AC,Norte,PIX,Marketplace
109250,2026-01-26,C0924,Air Fryer,Casa,1,967.12,0.1,618.96,SE,Nordeste,Cartão de débito,Marketplace
109251,2025-08-16,C2277,Monitor,Eletrônicos,2,1309.91,0.05,890.74,AM,Norte,Boleto,Online
109252,2025-08-08,C0773,Cafeteira,Casa,3,1059.45,0,688.64,RS,Sul,PIX,Online
109253,2026-03-25,C0059,Suporte para Monitor,Escritório,1,474.68,0.15,261.07,AP,Norte,PIX,Online
109254,2025-04-12,C0068,Carregador,Acessórios,1,116.09,0.15,58.05,AL,Nordeste,Cartão de débito,Online
109255,2026-01-01,C0541,Luminária,Escritório,5,113.27,0,58.9,MS,Centro-Oeste,Boleto,Marketplace
109256,2026-05-02,C0343,Aspirador,Casa,1,535.48,0,358.77,ES,Sudeste,Cartão de débito,Online
109257,2026-02-16,C0209,Suporte para Monitor,Escritório,5,190.48,0.1,104.76,AL,Nordeste,Cartão de crédito,Online
109258,2025-04-09,C2126,Carregador,Acessórios,1,140.55,0.1,70.28,RN,Nordeste,Boleto,Marketplace
109259,2025-03-17,C0305,Cabo USB,Acessórios,1,66.51,0,29.93,MS,Centro-Oeste,Cartão de débito,Online
109260,2025-01-11,C1856,Headset,Eletrônicos,2,895.27,0.05,555.07,PI,Nordeste,Cartão de débito,Online
109261,2026-01-15,C1761,Suporte para Monitor,Escritório,4,175.29,0,96.41,PA,Norte,Cartão de crédito,Marketplace
109262,2026-01-03,C2227,Smartphone,Eletrônicos,2,4156.08,0.1,3241.74,SP,Sudeste,Cartão de crédito,Online
109263,2026-03-19,C1916,Luminária,Escritório,2,383.75,0,199.55,MT,Centro-Oeste,Cartão de débito,Marketplace
109264,2025-08-14,C2006,Air Fryer,Casa,1,727.4,0.1,465.54,AP,Norte,Cartão de débito,Online
109265,2026-06-18,C0778,Mesa,Escritório,1,1155.99,0.1,786.07,MA,Nordeste,Boleto,Marketplace
109266,2025-08-22,C0759,Hub USB,Acessórios,1,144.95,0,79.72,BA,Nordeste,Boleto,Online
109267,2025-09-15,C0422,Cafeteira,Casa,2,346.99,0,225.54,MS,Centro-Oeste,Cartão de crédito,Online
109268,2026-05-29,C1714,Luminária,Escritório,1,116.1,0.15,60.37,BA,Nordeste,Boleto,Marketplace
109269,2025-10-16,C2051,Luminária,Escritório,1,319.64,0,166.21,PI,Nordeste,Boleto,Online
109270,2025-10-16,C0625,Cafeteira,Casa,1,281.22,0,182.79,PA,Norte,PIX,Marketplace
109271,2025-03-04,C0305,Notebook,Eletrônicos,5,2600.0,0.15,1872.0,GO,Centro-Oeste,Cartão de crédito,Online
109272,2025-04-08,C2308,Headset,Eletrônicos,1,342.84,0.15,212.56,RN,Nordeste,Cartão de débito,Online
109273,2025-06-23,C2344,Monitor,Eletrônicos,1,2194.55,0.1,1492.29,MA,Nordeste,Cartão de débito,Marketplace
109274,2025-02-17,C0824,Liquidificador,Casa,1,411.22,0.1,259.07,BA,Nordeste,Cartão de débito,Online
109275,2026-02-25,C2178,Monitor,Eletrônicos,1,770.76,0,524.12,MA,Nordeste,Cartão de crédito,Marketplace
109276,2025-07-29,C2340,Suporte para Monitor,Escritório,1,162.1,0,89.16,SP,Sudeste,Cartão de débito,Marketplace
109277,2025-02-13,C0276,Mouse,Eletrônicos,1,403.16,0.1,233.83,RS,Sul,PIX,Online
109278,2025-12-09,C0388,Headset,Eletrônicos,2,710.03,0.1,440.22,BA,Nordeste,Cartão de débito,Marketplace
109279,2025-12-14,C0063,Suporte para Monitor,Escritório,2,242.59,0.05,133.42,AL,Nordeste,PIX,Marketplace
109280,2026-03-08,C2430,Mesa,Escritório,2,411.04,0.15,279.51,RN,Nordeste,PIX,Marketplace
109281,2025-09-09,C0511,Cadeira,Escritório,2,1456.04,0,1019.23,SE,Nordeste,Boleto,Marketplace
109282,2025-10-29,C1008,Luminária,Escritório,1,145.08,0,75.44,MS,Centro-Oeste,Boleto,Online
109283,2025-09-04,C0708,Aspirador,Casa,1,779.48,0.1,522.25,PR,Sul,Cartão de crédito,Marketplace
109284,2025-10-05,C0874,Notebook,Eletrônicos,1,3973.25,0.05,2860.74,MT,Centro-Oeste,PIX,Online
109285,2026-04-19,C0539,Cafeteira,Casa,1,307.4,0.1,199.81,CE,Nordeste,Cartão de crédito,Marketplace
109286,2026-05-11,C1687,Headset,Eletrônicos,2,224.66,0.05,139.29,ES,Sudeste,Boleto,Marketplace
109287,2025-02-25,C1990,Mouse,Eletrônicos,1,174.88,0.05,101.43,PA,Norte,Cartão de crédito,Marketplace
109288,2026-05-18,C2087,Hub USB,Acessórios,4,288.62,0,158.74,ES,Sudeste,Cartão de crédito,Online
109289,2025-12-14,C2062,Luminária,Escritório,1,258.93,0,134.64,MS,Centro-Oeste,Boleto,Marketplace
109290,2026-05-19,C1860,Aspirador,Casa,1,520.85,0,348.97,PR,Sul,Boleto,Marketplace
109291,2026-03-18,C1556,Monitor,Eletrônicos,3,1808.75,0.1,1229.95,PB,Nordeste,Cartão de crédito,Marketplace
109292,2025-03-03,C1014,Liquidificador,Casa,2,192.58,0.1,121.33,AL,Nordeste,Cartão de débito,Marketplace
109293,2025-12-07,C0987,Cabo USB,Acessórios,2,95.49,0.1,42.97,MT,Centro-Oeste,Cartão de crédito,Online
109294,2026-02-24,C0413,Liquidificador,Casa,2,509.61,0,321.05,PB,Nordeste,Cartão de crédito,Online
109295,2025-12-18,C1303,Hub USB,Acessórios,2,160.95,0,88.52,MS,Centro-Oeste,Cartão de débito,Online
109296,2026-03-27,C0066,Mesa,Escritório,2,977.65,0.05,664.8,RN,Nordeste,Cartão de débito,Marketplace
109297,2026-03-26,C0755,Suporte para Monitor,Escritório,1,101.7,0,55.94,PE,Nordeste,PIX,Online
109298,2025-11-03,C1150,Luminária,Escritório,2,232.69,0.2,121.0,RR,Norte,Boleto,Online
109299,2026-05-01,C1760,Carregador,Acessórios,1,206.06,0.05,103.03,PA,Norte,PIX,Online
109300,2026-05-13,C0495,Luminária,Escritório,2,220.0,0.1,114.4,AC,Norte,Cartão de débito,Marketplace
109301,2026-02-12,C1023,Notebook,Eletrônicos,2,3678.01,0.2,2648.17,PA,Norte,Cartão de crédito,Marketplace
109302,2026-02-19,C1060,Mouse,Eletrônicos,1,285.72,0.05,165.72,MT,Centro-Oeste,Cartão de crédito,Online
109303,2026-04-12,C1566,Luminária,Escritório,1,226.3,0,117.68,AM,Norte,Cartão de crédito,Online
109304,2025-04-25,C0967,Air Fryer,Casa,2,412.72,0,264.14,RJ,Sudeste,PIX,Marketplace
109305,2025-03-21,C1773,Monitor,Eletrônicos,1,2350.84,0.1,1598.57,CE,Nordeste,Cartão de crédito,Online
109306,2025-08-22,C1917,Monitor,Eletrônicos,1,934.0,0.05,635.12,CE,Nordeste,Cartão de débito,Marketplace
109307,2025-02-24,C1443,Air Fryer,Casa,1,710.59,0.15,454.78,PA,Norte,Cartão de crédito,Marketplace
109308,2025-05-26,C0827,Monitor,Eletrônicos,4,752.27,0.05,511.54,DF,Centro-Oeste,Cartão de débito,Marketplace
109309,2025-07-25,C2374,Suporte para Monitor,Escritório,3,564.53,0,310.49,PE,Nordeste,Cartão de débito,Online
109310,2025-01-02,C2181,Suporte para Monitor,Escritório,1,536.93,0.1,295.31,DF,Centro-Oeste,Boleto,Online
109311,2025-04-05,C2345,Teclado,Eletrônicos,1,129.5,0.15,77.7,PE,Nordeste,Boleto,Marketplace
109312,2025-12-30,C0358,Monitor,Eletrônicos,5,1636.53,0.05,1112.84,GO,Centro-Oeste,Cartão de débito,Marketplace
109313,2025-03-12,C0758,Carregador,Acessórios,2,61.46,0.1,30.73,AM,Norte,Cartão de débito,Marketplace
109314,2025-12-01,C2077,Headset,Eletrônicos,3,632.97,0,392.44,AL,Nordeste,PIX,Online
109315,2025-12-25,C1814,Suporte para Monitor,Escritório,5,535.27,0,294.4,MT,Centro-Oeste,PIX,Online
109316,2026-01-19,C0567,Cadeira,Escritório,2,1029.82,0,720.87,RN,Nordeste,Boleto,Marketplace
109317,2025-04-30,C2472,Cabo USB,Acessórios,3,33.9,0.2,15.25,RO,Norte,Boleto,Online
109318,2026-06-28,C0254,Cabo USB,Acessórios,1,95.81,0.1,43.11,SE,Nordeste,Cartão de crédito,Marketplace
109319,2026-05-19,C0645,Liquidificador,Casa,3,284.65,0.15,179.33,MS,Centro-Oeste,Cartão de crédito,Marketplace
109320,2025-12-27,C0139,Cabo USB,Acessórios,1,38.41,0.1,17.28,PI,Nordeste,Boleto,Marketplace
109321,2025-07-12,C0509,Aspirador,Casa,1,608.79,0,407.89,PA,Norte,Boleto,Online
109322,2025-09-09,C1635,Aspirador,Casa,1,995.91,0,667.26,SP,Sudeste,PIX,Online
109323,2026-06-13,C1508,Teclado,Eletrônicos,1,396.65,0,237.99,RJ,Sudeste,Boleto,Marketplace
109324,2025-05-06,C1786,Headset,Eletrônicos,1,379.59,0.1,235.35,RJ,Sudeste,Cartão de crédito,Marketplace
109325,2026-06-18,C1616,Cadeira,Escritório,1,1574.2,0.15,1101.94,BA,Nordeste,Cartão de crédito,Online
109326,2025-02-06,C1313,Liquidificador,Casa,1,487.86,0.1,307.35,MS,Centro-Oeste,Cartão de débito,Marketplace
109327,2025-10-03,C2084,Mouse,Eletrônicos,1,411.31,0,238.56,MG,Sudeste,Boleto,Online
109328,2025-02-17,C0870,Liquidificador,Casa,3,277.31,0.05,174.71,PB,Nordeste,Boleto,Online
109329,2025-01-01,C1941,Monitor,Eletrônicos,1,2122.39,0.05,1443.23,PE,Nordeste,Cartão de débito,Marketplace
109330,2025-03-29,C0332,Cafeteira,Casa,3,570.7,0.2,370.96,CE,Nordeste,PIX,Online
109331,2025-11-03,C2436,Cafeteira,Casa,2,527.77,0.05,343.05,PR,Sul,PIX,Online
109332,2025-08-19,C2118,Teclado,Eletrônicos,4,709.98,0,425.99,TO,Norte,Boleto,Marketplace
109333,2026-06-25,C1173,Luminária,Escritório,1,331.24,0.1,172.24,AC,Norte,PIX,Online
109334,2025-06-19,C1235,Mouse,Eletrônicos,1,203.06,0.1,117.77,RS,Sul,Cartão de débito,Online
109335,2025-06-19,C2078,Luminária,Escritório,2,180.27,0.1,93.74,AM,Norte,PIX,Online
109336,2025-10-10,C0132,Teclado,Eletrônicos,1,607.71,0.15,364.63,PE,Nordeste,Cartão de crédito,Online
109337,2026-02-04,C1942,Notebook,Eletrônicos,2,4133.91,0.15,2976.42,ES,Sudeste,Cartão de crédito,Online
109338,2025-04-21,C0275,Monitor,Eletrônicos,2,2232.28,0.1,1517.95,AC,Norte,Cartão de débito,Online
109339,2025-12-23,C1521,Monitor,Eletrônicos,2,1205.41,0.15,819.68,RO,Norte,Cartão de crédito,Online
109340,2025-01-10,C1961,Cabo USB,Acessórios,2,84.7,0,38.12,CE,Nordeste,Cartão de débito,Online
109341,2025-01-15,C1347,Teclado,Eletrônicos,1,559.39,0,335.63,PA,Norte,Boleto,Marketplace
109342,2026-01-07,C1027,Headset,Eletrônicos,1,195.76,0.05,121.37,RS,Sul,PIX,Marketplace
109343,2026-04-11,C0524,Aspirador,Casa,2,373.07,0,249.96,ES,Sudeste,Cartão de débito,Online
109344,2026-01-06,C1313,Luminária,Escritório,1,262.19,0.05,136.34,ES,Sudeste,PIX,Online
109345,2026-01-12,C2223,Notebook,Eletrônicos,1,2794.01,0,2011.69,PE,Nordeste,PIX,Online
109346,2025-04-20,C0943,Cadeira,Escritório,4,2100.45,0.1,1470.31,PR,Sul,PIX,Online
109347,2026-03-12,C0107,Cafeteira,Casa,1,386.57,0.1,251.27,GO,Centro-Oeste,Cartão de débito,Marketplace
109348,2025-04-16,C2011,Notebook,Eletrônicos,1,3075.69,0.15,2214.5,TO,Norte,PIX,Online
109349,2026-02-17,C0968,Mouse,Eletrônicos,4,370.83,0.1,215.08,MT,Centro-Oeste,Boleto,Marketplace
109350,2025-06-12,C2352,Cadeira,Escritório,2,565.96,0.1,396.17,PR,Sul,Cartão de crédito,Marketplace
109351,2026-05-08,C0171,Luminária,Escritório,1,125.45,0,65.23,SE,Nordeste,Cartão de débito,Marketplace
109352,2025-07-17,C1213,Notebook,Eletrônicos,1,5295.99,0,3813.11,PI,Nordeste,Cartão de crédito,Marketplace
109353,2026-02-15,C1176,Cabo USB,Acessórios,1,39.93,0.1,17.97,RJ,Sudeste,Boleto,Online
109354,2025-01-27,C0789,Suporte para Monitor,Escritório,1,145.76,0,80.17,PE,Nordeste,Cartão de débito,Online
109355,2025-11-12,C2333,Cabo USB,Acessórios,4,47.69,0.05,21.46,RR,Norte,Boleto,Online
109356,2025-08-20,C1042,Hub USB,Acessórios,1,177.55,0.15,97.65,CE,Nordeste,Boleto,Online
109357,2026-05-19,C2395,Cadeira,Escritório,1,1353.79,0.1,947.65,PR,Sul,Cartão de crédito,Marketplace
109358,2025-02-01,C1550,Cadeira,Escritório,1,1520.63,0,1064.44,SP,Sudeste,Cartão de débito,Marketplace
109359,2025-07-14,C0865,Headset,Eletrônicos,2,595.74,0.1,369.36,RR,Norte,Boleto,Online
109360,2026-05-07,C0127,Hub USB,Acessórios,1,188.93,0.2,103.91,MT,Centro-Oeste,Cartão de débito,Online
109361,2025-04-17,C0783,Air Fryer,Casa,1,772.52,0.05,494.41,SE,Nordeste,Cartão de crédito,Online
109362,2025-03-05,C1781,Air Fryer,Casa,2,800.76,0.15,512.49,RS,Sul,PIX,Online
109363,2025-11-03,C2391,Cabo USB,Acessórios,1,43.61,0.05,19.62,CE,Nordeste,Boleto,Marketplace
109364,2025-10-19,C1865,Teclado,Eletrônicos,3,312.7,0.2,187.62,PA,Norte,PIX,Online
109365,2025-04-29,C2006,Luminária,Escritório,1,326.82,0,169.95,MS,Centro-Oeste,,Marketplace
109366,2025-05-30,C0793,Cabo USB,Acessórios,3,38.11,0.15,17.15,AP,Norte,Cartão de débito,Marketplace
109367,2025-10-18,C0886,Teclado,Eletrônicos,1,322.35,0.15,193.41,MT,Centro-Oeste,Boleto,Marketplace
109368,2025-04-06,C1395,Smartphone,Eletrônicos,1,2490.56,0.05,1942.64,BA,Nordeste,Cartão de crédito,Online
109369,2025-09-20,C0265,Cafeteira,Casa,1,503.35,0.1,327.18,SC,Sul,Cartão de crédito,Marketplace
109370,2025-12-16,C0156,Monitor,Eletrônicos,1,1200.18,0.05,816.12,PB,Nordeste,Cartão de débito,Marketplace
109371,2026-01-11,C1069,Air Fryer,Casa,1,886.46,0.05,567.33,SP,Sudeste,Cartão de crédito,Online
109372,2025-09-12,C0699,Luminária,Escritório,5,272.1,0.15,141.49,AM,Norte,PIX,Marketplace
109373,2025-03-30,C1523,Cabo USB,Acessórios,2,80.58,0.1,36.26,DF,Centro-Oeste,Cartão de crédito,Marketplace
109374,2025-12-16,C0236,Mouse,Eletrônicos,1,113.44,0.05,65.8,PI,Nordeste,Cartão de crédito,Online
109375,2026-05-19,C0463,Headset,Eletrônicos,3,746.52,0.15,462.84,ES,Sudeste,Cartão de crédito,Marketplace
109376,2025-09-04,C0062,Suporte para Monitor,Escritório,1,574.11,0.05,315.76,TO,Norte,Boleto,Online
109377,2025-04-09,C0741,Cafeteira,Casa,1,328.7,0.05,213.66,RR,Norte,Boleto,Marketplace
109378,2026-01-24,C2124,Luminária,Escritório,1,112.71,0.05,58.61,PR,Sul,Cartão de débito,Marketplace
109379,2025-04-29,C0320,Luminária,Escritório,2,205.69,0,106.96,AP,Norte,Cartão de débito,Online
109380,2026-03-20,C1423,Monitor,Eletrônicos,4,1863.95,0,1267.49,BA,Nordeste,Cartão de crédito,Online
109381,2026-01-31,C0912,Aspirador,Casa,1,913.58,0.05,612.1,MS,Centro-Oeste,PIX,Marketplace
109382,2025-03-31,C1790,Luminária,Escritório,2,322.33,0.1,167.61,AM,Norte,Cartão de crédito,Marketplace
109383,2025-05-10,C0259,Monitor,Eletrônicos,1,748.87,0.1,509.23,SP,Sudeste,Cartão de débito,Marketplace
109384,2026-03-16,C0821,Cafeteira,Casa,2,581.79,0.05,378.16,AM,Norte,PIX,Marketplace
109385,2025-12-28,C1054,Suporte para Monitor,Escritório,1,396.19,0.15,217.9,MT,Centro-Oeste,Cartão de débito,Online
109386,2025-11-22,C0031,Cabo USB,Acessórios,3,44.24,0.05,19.91,MA,Nordeste,Boleto,Marketplace
109387,2025-04-25,C1711,Monitor,Eletrônicos,2,1907.01,0.1,1296.77,TO,Norte,PIX,Marketplace
109388,2026-02-20,C1465,Smartphone,Eletrônicos,1,4885.46,0,3810.66,RJ,Sudeste,PIX,Marketplace
109389,2026-01-26,C2157,Teclado,Eletrônicos,3,365.51,0,219.31,PB,Nordeste,Boleto,Online
109390,2026-06-07,C1386,Aspirador,Casa,1,301.11,0,201.74,DF,Centro-Oeste,Cartão de débito,Marketplace
109391,2025-03-02,C0035,Aspirador,Casa,2,331.84,0,222.33,AC,Norte,,Online
109392,2025-03-25,C2290,Headset,Eletrônicos,3,298.09,0.2,184.82,SC,Sul,Cartão de débito,Online
109393,2025-10-09,C2056,Hub USB,Acessórios,1,266.83,0.1,146.76,RS,Sul,PIX,Online
109394,2025-02-26,C1905,Teclado,Eletrônicos,2,498.54,0.1,299.12,PR,Sul,PIX,Marketplace
109395,2026-01-19,C2382,Cafeteira,Casa,1,363.07,0.1,236.0,CE,Nordeste,Boleto,Marketplace
109396,2025-10-29,C1705,Cabo USB,Acessórios,3,68.43,0,30.79,PB,Nordeste,Cartão de crédito,Marketplace
109397,2026-06-08,C1980,Liquidificador,Casa,1,357.03,0.15,224.93,RJ,Sudeste,Boleto,Online
109398,2026-05-28,C1359,Air Fryer,Casa,1,694.05,0.05,444.19,RN,Nordeste,Boleto,Marketplace
109399,2025-11-23,C0603,Mesa,Escritório,1,1299.63,0.05,883.75,BA,Nordeste,Cartão de crédito,Online
109400,2026-03-14,C2258,Liquidificador,Casa,3,512.46,0.05,322.85,SP,Sudeste,PIX,Online
109401,2025-02-23,C1520,Notebook,Eletrônicos,1,3717.98,0.1,2676.95,PI,Nordeste,Cartão de débito,Marketplace
109402,2025-07-06,C1693,Headset,Eletrônicos,1,786.42,0.05,487.58,RO,Norte,Cartão de débito,Marketplace
109403,2025-04-23,C1276,Aspirador,Casa,1,538.4,0,360.73,SP,Sudeste,Cartão de débito,Marketplace
109404,2026-06-08,C2040,Notebook,Eletrônicos,1,5898.67,0.15,4247.04,PI,Nordeste,Boleto,Online
109405,2025-10-04,C1193,Mesa,Escritório,1,787.09,0,535.22,GO,Centro-Oeste,PIX,Online
109406,2026-04-28,C1265,Mesa,Escritório,2,1081.42,0.15,735.37,AL,Nordeste,Boleto,Marketplace
109407,2026-05-17,C0928,Mouse,Eletrônicos,1,330.88,0.05,191.91,PB,Nordeste,Cartão de débito,Online
109408,2025-03-23,C2044,Monitor,Eletrônicos,2,1747.3,0.1,1188.16,RN,Nordeste,Boleto,Marketplace
109409,2025-11-25,C1678,Teclado,Eletrônicos,2,239.59,0,143.75,AC,Norte,Boleto,Marketplace
109410,2025-12-16,C1843,Mouse,Eletrônicos,4,272.69,0.1,158.16,RN,Nordeste,Boleto,Online
109411,2025-01-20,C0697,Monitor,Eletrônicos,1,2087.91,0.15,1419.78,BA,Nordeste,Boleto,Online
109412,2025-12-06,C0289,Luminária,Escritório,4,390.06,0,202.83,MA,Nordeste,Boleto,Online
109413,2025-05-14,C1009,Mesa,Escritório,1,1406.65,0,956.52,RO,Norte,Cartão de crédito,Online
109414,2026-02-15,C1173,Monitor,Eletrônicos,1,2169.9,0.1,1475.53,SE,Nordeste,Boleto,Marketplace
109415,2026-04-11,C1908,Aspirador,Casa,1,992.33,0.1,664.86,TO,Norte,Cartão de crédito,Marketplace
109416,2025-08-08,C0421,Monitor,Eletrônicos,2,1014.02,0.15,689.53,RN,Nordeste,Cartão de débito,Online
109417,2026-03-16,C1964,Teclado,Eletrônicos,2,782.36,0,469.42,SP,Sudeste,Boleto,Marketplace
109418,2026-04-04,C2465,Aspirador,Casa,1,938.91,0.1,629.07,PR,Sul,Cartão de débito,Online
109419,2025-04-16,C1928,Cabo USB,Acessórios,1,83.91,0.1,37.76,PI,Nordeste,Boleto,Online
109420,2025-02-01,C0104,Cafeteira,Casa,1,296.36,0.05,192.63,SE,Nordeste,Cartão de crédito,Marketplace
109421,2025-04-06,C1591,Cabo USB,Acessórios,1,58.47,0.2,26.31,ES,Sudeste,Cartão de crédito,Online
109422,2026-03-31,C0826,Notebook,Eletrônicos,3,3717.17,0,2676.36,PI,Nordeste,PIX,Marketplace
109423,2025-05-27,C1815,Teclado,Eletrônicos,2,144.31,0.05,86.59,PA,Norte,Cartão de débito,Online
109424,2026-04-02,C1903,Liquidificador,Casa,1,532.28,0.1,335.34,ES,Sudeste,PIX,Marketplace
109425,2026-03-31,C2121,Hub USB,Acessórios,1,175.5,0,96.53,AL,Nordeste,Cartão de débito,Marketplace
109426,2026-04-06,C0678,Suporte para Monitor,Escritório,2,224.29,0,123.36,RN,Nordeste,Cartão de crédito,Marketplace
109427,2025-04-10,C2013,Carregador,Acessórios,1,61.14,0.1,30.57,SC,Sul,Cartão de crédito,Online
109428,2026-03-21,C1059,Hub USB,Acessórios,1,107.33,0.1,59.03,CE,Nordeste,Boleto,Marketplace
109429,2025-03-21,C1875,Hub USB,Acessórios,2,123.92,0.05,68.16,GO,Centro-Oeste,PIX,Marketplace
109430,2025-09-11,C2281,Luminária,Escritório,1,204.9,0.05,106.55,RJ,Sudeste,Boleto,Marketplace
109431,2025-03-10,C0918,Mesa,Escritório,1,1175.78,0.1,799.53,RS,Sul,Cartão de crédito,Marketplace
109432,2025-03-30,C1467,Mouse,Eletrônicos,2,80.34,0.1,46.6,RN,Nordeste,Cartão de crédito,Online
109433,2025-11-30,C0483,Teclado,Eletrônicos,2,248.27,0.2,148.96,RO,Norte,PIX,Marketplace
109434,2025-06-15,C2236,Smartphone,Eletrônicos,1,3070.9,0.2,2395.3,RS,Sul,Cartão de crédito,Online
109435,2025-04-14,C0489,Hub USB,Acessórios,3,234.44,0.1,128.94,GO,Centro-Oeste,Boleto,Online
109436,2026-06-25,C0863,Aspirador,Casa,1,1442.91,0,966.75,RO,Norte,Boleto,Marketplace
109437,2025-03-08,C1619,Liquidificador,Casa,4,175.35,0,110.47,GO,Centro-Oeste,,Online
109438,2026-02-04,C2176,Hub USB,Acessórios,1,192.61,0.1,105.94,RR,Norte,Cartão de débito,Marketplace
109439,2026-05-20,C0513,Cafeteira,Casa,1,838.79,0.1,545.21,RS,Sul,Boleto,Marketplace
109440,2025-05-10,C0831,Cadeira,Escritório,2,1234.33,0.1,864.03,BA,Nordeste,Boleto,Online
109441,2026-06-08,C2310,Notebook,Eletrônicos,4,4051.04,0,2916.75,MA,Nordeste,Boleto,Online
109442,2025-01-10,C2181,Cafeteira,Casa,1,491.47,0,319.46,PB,Nordeste,Cartão de débito,Marketplace
109443,2025-02-15,C1865,Cafeteira,Casa,1,329.88,0.15,214.42,GO,Centro-Oeste,Boleto,Online
109444,2025-07-20,C1197,Suporte para Monitor,Escritório,1,506.71,0.1,278.69,PI,Nordeste,PIX,Online
109445,2025-10-24,C0483,Hub USB,Acessórios,1,131.21,0.1,72.17,PR,Sul,Cartão de débito,Marketplace
109446,2025-06-21,C2311,Luminária,Escritório,1,243.77,0.15,126.76,SE,Nordeste,Cartão de crédito,Online
109447,2025-10-14,C2008,Mouse,Eletrônicos,5,468.0,0.1,271.44,TO,Norte,Cartão de crédito,Online
109448,2026-06-06,C0991,Air Fryer,Casa,2,450.58,0,288.37,SC,Sul,Boleto,Marketplace
109449,2025-09-19,C1391,Aspirador,Casa,1,1275.76,0.1,854.76,AL,Nordeste,Boleto,Marketplace
109450,2025-11-08,C0615,Headset,Eletrônicos,1,301.74,0.05,187.08,BA,Nordeste,Boleto,Online
109451,2025-08-17,C0152,Smartphone,Eletrônicos,3,2715.48,0.05,2118.07,PR,Sul,Cartão de débito,Marketplace
109452,2025-09-14,C0919,Luminária,Escritório,1,141.3,0.1,73.48,AC,Norte,PIX,Marketplace
109453,2025-06-04,C1818,Liquidificador,Casa,1,406.45,0,256.06,TO,Norte,Cartão de crédito,Marketplace
109454,2025-04-07,C1138,Suporte para Monitor,Escritório,2,551.58,0.1,303.37,ES,Sudeste,Cartão de crédito,Online
109455,2026-06-02,C0608,Luminária,Escritório,2,179.61,0.2,93.4,DF,Centro-Oeste,Cartão de crédito,Marketplace
109456,2025-06-02,C0442,Hub USB,Acessórios,3,267.39,0.1,147.06,RN,Nordeste,Cartão de débito,Online
109457,2025-06-01,C1532,Cadeira,Escritório,3,1926.24,0.05,1348.37,PB,Nordeste,Cartão de débito,Online
109458,2025-10-23,C0244,Mouse,Eletrônicos,1,169.35,0,98.22,SP,Sudeste,PIX,Online
109459,2025-08-29,C0354,Cabo USB,Acessórios,1,28.62,0.1,12.88,PA,Norte,PIX,Marketplace
109460,2026-01-29,C0985,Notebook,Eletrônicos,2,3389.56,0.1,2440.48,AL,Nordeste,PIX,Marketplace
109461,2025-12-24,C1927,Mesa,Escritório,1,1922.44,0.1,1307.26,SE,Nordeste,Cartão de débito,Marketplace
109462,2025-12-28,C0868,Carregador,Acessórios,5,164.84,0.15,82.42,GO,Centro-Oeste,Boleto,Marketplace
109463,2026-05-25,C0870,Cadeira,Escritório,5,1362.22,0,953.55,DF,Centro-Oeste,Cartão de débito,Marketplace
109464,2025-01-05,C0474,Liquidificador,Casa,2,492.95,0,310.56,PA,Norte,Cartão de débito,Online
109465,2025-07-09,C0340,Monitor,Eletrônicos,1,1722.38,0.1,1171.22,BA,Nordeste,Boleto,Marketplace
109466,2025-05-17,C0017,Notebook,Eletrônicos,1,2547.58,0.2,1834.26,RR,Norte,Cartão de débito,Online
109467,2025-06-17,C0427,Carregador,Acessórios,1,121.03,0.05,60.52,PB,Nordeste,Cartão de débito,Online
109468,2026-05-28,C0303,Mouse,Eletrônicos,2,220.81,0,128.07,AM,Norte,Cartão de débito,Online
109469,2026-06-28,C0559,Carregador,Acessórios,1,117.42,0.1,58.71,RR,Norte,Boleto,Marketplace
109470,2026-02-01,C0822,Hub USB,Acessórios,2,115.07,0,63.29,RR,Norte,PIX,Marketplace
109471,2025-02-28,C0225,Notebook,Eletrônicos,1,3480.18,0.05,2505.73,GO,Centro-Oeste,Cartão de débito,Marketplace
109472,2025-11-08,C0389,Mouse,Eletrônicos,2,103.02,0.05,59.75,SC,Sul,Cartão de débito,Online
109473,2026-05-10,C0190,Cadeira,Escritório,2,1660.02,0.05,1162.01,MG,Sudeste,Cartão de débito,Online
109474,2025-12-23,C0403,Suporte para Monitor,Escritório,1,324.11,0.15,178.26,ES,Sudeste,Cartão de débito,Marketplace
109475,2025-01-02,C0469,Aspirador,Casa,1,993.39,0.1,665.57,AM,Norte,Boleto,Marketplace
109476,2025-05-18,C1090,Aspirador,Casa,2,1172.79,0,785.77,PI,Nordeste,Boleto,Marketplace
109477,2025-06-04,C0563,Smartphone,Eletrônicos,3,2816.07,0.1,2196.53,PR,Sul,Cartão de débito,Online
109478,2025-05-23,C1419,Air Fryer,Casa,1,843.95,0.1,540.13,RN,Nordeste,Cartão de crédito,Online
109479,2026-05-05,C0004,Mouse,Eletrônicos,1,237.36,0.2,137.67,BA,Nordeste,Boleto,Marketplace
109480,2025-05-31,C0344,Teclado,Eletrônicos,1,195.82,0.1,117.49,DF,Centro-Oeste,Cartão de débito,Online
109481,2026-06-20,C0195,Aspirador,Casa,1,1201.72,0.1,805.15,RS,Sul,PIX,Marketplace
109482,2026-04-11,C1218,Aspirador,Casa,2,403.63,0,270.43,CE,Nordeste,Cartão de crédito,Marketplace
109483,2026-06-29,C1061,Air Fryer,Casa,1,961.27,0.2,615.21,TO,Norte,Cartão de débito,Online
109484,2025-03-21,C0332,Mesa,Escritório,1,1448.25,0,984.81,AC,Norte,Cartão de crédito,Online
109485,2026-01-06,C0678,Aspirador,Casa,1,954.39,0,639.44,CE,Nordeste,PIX,Marketplace
109486,2025-08-07,C0703,Air Fryer,Casa,1,352.44,0.1,225.56,PI,Nordeste,Cartão de crédito,Online
109487,2026-05-22,C0607,Smartphone,Eletrônicos,2,1951.46,0.05,1522.14,BA,Nordeste,Cartão de crédito,Online
109488,2025-02-13,C1877,Teclado,Eletrônicos,2,206.91,0.05,124.15,GO,Centro-Oeste,PIX,Marketplace
109489,2026-04-18,C0451,Luminária,Escritório,1,288.55,0.1,150.05,RJ,Sudeste,Boleto,Marketplace
109490,2025-08-19,C0138,Liquidificador,Casa,1,169.87,0,107.02,SP,Sudeste,Boleto,Marketplace
109491,2025-06-24,C1792,Air Fryer,Casa,1,463.59,0.05,296.7,GO,Centro-Oeste,PIX,Online
109492,2026-06-17,C1539,Mouse,Eletrônicos,1,486.06,0,281.91,PR,Sul,Boleto,Marketplace
109493,2025-01-29,C1383,Air Fryer,Casa,2,654.07,0,418.6,TO,Norte,Cartão de débito,Online
109494,2025-08-14,C0262,Air Fryer,Casa,1,647.04,0,414.11,AC,Norte,PIX,Online
109495,2025-11-21,C1065,Cafeteira,Casa,1,286.83,0.1,186.44,MA,Nordeste,PIX,Marketplace
109496,2026-05-26,C2242,Cadeira,Escritório,1,1255.53,0.1,878.87,RN,Nordeste,Cartão de crédito,Marketplace
109497,2025-01-27,C1982,Mesa,Escritório,1,1907.4,0.05,1297.03,MT,Centro-Oeste,Boleto,Online
109498,2025-07-19,C2189,Air Fryer,Casa,2,353.26,0.15,226.09,MG,Sudeste,Cartão de crédito,Marketplace
109499,2025-01-06,C1121,Mesa,Escritório,2,1916.71,0.05,1303.36,AL,Nordeste,Cartão de crédito,Online
109500,2026-03-13,C0741,Cadeira,Escritório,3,1859.21,0,1301.45,MA,Nordeste,PIX,Marketplace
109501,2025-03-30,C1977,Hub USB,Acessórios,2,276.1,0,151.86,PA,Norte,PIX,Online
109502,2026-02-24,C1871,Aspirador,Casa,1,1394.37,0.1,934.23,RS,Sul,Boleto,Marketplace
109503,2025-04-21,C0167,Suporte para Monitor,Escritório,5,191.88,0,105.53,AM,Norte,Boleto,Online
109504,2025-04-03,C1745,Liquidificador,Casa,3,432.35,0,272.38,SE,Nordeste,PIX,Marketplace
109505,2026-01-30,C0179,Air Fryer,Casa,2,915.71,0,586.05,AP,Norte,Cartão de crédito,Online
109506,2025-04-20,C2237,Smartphone,Eletrônicos,3,2193.17,0.15,1710.67,MG,Sudeste,Boleto,Online
109507,2026-03-13,C1019,Cabo USB,Acessórios,1,90.87,0.1,40.89,SP,Sudeste,Boleto,Online
109508,2025-07-02,C1272,Carregador,Acessórios,1,168.12,0.1,84.06,AM,Norte,Cartão de débito,Online
109509,2026-06-30,C0841,Hub USB,Acessórios,2,217.78,0.15,119.78,MS,Centro-Oeste,Cartão de crédito,Marketplace
109510,2025-07-05,C0828,Headset,Eletrônicos,2,714.22,0.1,442.82,MT,Centro-Oeste,Cartão de crédito,Marketplace
109511,2025-08-18,C0664,Mesa,Escritório,1,1488.85,0.05,1012.42,PB,Nordeste,PIX,Online
109512,2026-04-22,C0374,Cafeteira,Casa,3,275.42,0.1,179.02,DF,Centro-Oeste,Boleto,Online
109513,2026-04-30,C1752,Liquidificador,Casa,1,271.71,0.05,171.18,MA,Nordeste,Cartão de débito,Marketplace
109514,2025-12-31,C1798,Hub USB,Acessórios,1,152.0,0,83.6,AM,Norte,PIX,Marketplace
109515,2026-01-05,C1428,Cadeira,Escritório,1,2363.15,0.05,1654.2,RS,Sul,Cartão de débito,Online
109516,2025-04-11,C1127,Cabo USB,Acessórios,2,74.06,0.2,33.33,ES,Sudeste,Boleto,Marketplace
109517,2025-12-20,C1923,Cafeteira,Casa,1,276.01,0,179.41,PR,Sul,Boleto,Online
109518,2025-05-23,C0226,Hub USB,Acessórios,3,290.09,0.05,159.55,PB,Nordeste,PIX,Marketplace
109519,2026-04-26,C0705,Luminária,Escritório,1,164.58,0,85.58,GO,Centro-Oeste,Cartão de débito,Marketplace
109520,2026-04-09,C1489,Teclado,Eletrônicos,3,212.29,0,127.37,DF,Centro-Oeste,Boleto,Online
109521,2026-02-26,C2405,Mouse,Eletrônicos,1,494.87,0,287.02,AP,Norte,PIX,Online
109522,2025-08-10,C1935,Cabo USB,Acessórios,1,42.74,0.1,19.23,GO,Centro-Oeste,Cartão de débito,Online
109523,2025-12-08,C1675,Mouse,Eletrônicos,1,186.12,0.05,107.95,RO,Norte,Cartão de débito,Marketplace
109524,2026-05-28,C0631,Luminária,Escritório,1,167.51,0.2,87.11,AM,Norte,Cartão de débito,Marketplace
109525,2025-07-23,C1967,Aspirador,Casa,3,1181.4,0.05,791.54,ES,Sudeste,Cartão de crédito,Marketplace
109526,2025-01-02,C2056,Carregador,Acessórios,2,167.8,0.1,83.9,AM,Norte,PIX,Marketplace
109527,2026-01-28,C0663,Luminária,Escritório,1,253.95,0,132.05,MT,Centro-Oeste,Boleto,Online
109528,2025-06-01,C0744,Cadeira,Escritório,1,2488.27,0.15,1741.79,MS,Centro-Oeste,Cartão de débito,Online
109529,2026-01-04,C0771,Hub USB,Acessórios,1,98.1,0,53.95,TO,Norte,Boleto,Marketplace
109530,2026-04-26,C1730,Cafeteira,Casa,1,1073.09,0.1,697.51,CE,Nordeste,Cartão de crédito,Online
109531,2025-04-30,C0696,Aspirador,Casa,3,977.75,0.1,655.09,SE,Nordeste,Cartão de crédito,Online
109532,2025-07-16,C0359,Aspirador,Casa,2,481.53,0.1,322.63,DF,Centro-Oeste,Cartão de débito,Online
109533,2026-04-11,C1029,Smartphone,Eletrônicos,2,3477.0,0.05,2712.06,AM,Norte,Boleto,Marketplace
109534,2025-05-09,C0398,Cafeteira,Casa,1,309.67,0.05,201.29,GO,Centro-Oeste,Boleto,Online
109535,2025-03-03,C0297,Notebook,Eletrônicos,1,4597.62,0.05,3310.29,MT,Centro-Oeste,Cartão de débito,Online
109536,2025-11-08,C1081,Notebook,Eletrônicos,1,4219.73,0,3038.21,PI,Nordeste,PIX,Online
109537,2026-02-18,C0293,Aspirador,Casa,2,1415.28,0,948.24,PI,Nordeste,Cartão de crédito,Marketplace
109538,2025-03-21,C1641,Smartphone,Eletrônicos,1,4213.22,0.1,3286.31,AP,Norte,Boleto,Marketplace
109539,2025-02-14,C1621,Cadeira,Escritório,1,1365.04,0.2,955.53,RN,Nordeste,Cartão de crédito,Online
109540,2026-04-19,C1559,Cabo USB,Acessórios,3,65.7,0.05,29.57,DF,Centro-Oeste,Cartão de crédito,Online
109541,2025-07-20,C2494,Notebook,Eletrônicos,3,5544.53,0,3992.06,MA,Nordeste,Cartão de débito,Marketplace
109542,2026-02-24,C1969,Cafeteira,Casa,1,390.38,0.1,253.75,AP,Norte,PIX,Online
109543,2026-04-11,C1037,Aspirador,Casa,2,421.41,0.15,282.34,PE,Nordeste,Cartão de débito,Online
109544,2025-09-02,C2393,Cabo USB,Acessórios,1,78.23,0,35.2,PI,Nordeste,Cartão de crédito,Online
109545,2025-11-21,C2377,Luminária,Escritório,1,369.78,0.15,192.29,AL,Nordeste,Cartão de crédito,Online
109546,2025-12-21,C1064,Cadeira,Escritório,2,1372.38,0.05,960.67,PE,Nordeste,PIX,Marketplace
109547,2025-01-04,C1936,Teclado,Eletrônicos,3,522.32,0.1,313.39,SC,Sul,Cartão de débito,Marketplace
109548,2025-11-25,C0488,Cadeira,Escritório,1,830.68,0.1,581.48,AM,Norte,PIX,Marketplace
109549,2025-06-20,C2021,Notebook,Eletrônicos,2,4610.13,0.1,3319.29,MS,Centro-Oeste,Cartão de débito,Online
109550,2026-04-12,C1559,Liquidificador,Casa,1,368.58,0.1,232.21,MS,Centro-Oeste,Cartão de débito,Marketplace
109551,2025-01-16,C0811,Headset,Eletrônicos,3,634.23,0,393.22,RO,Norte,PIX,Marketplace
109552,2026-03-31,C1428,Teclado,Eletrônicos,2,224.52,0.2,134.71,MA,Nordeste,Cartão de débito,Marketplace
109553,2026-06-19,C1312,Carregador,Acessórios,2,227.54,0.1,113.77,PR,Sul,Cartão de crédito,Marketplace
109554,2026-04-11,C0615,Suporte para Monitor,Escritório,3,156.08,0.15,85.84,MA,Nordeste,Cartão de crédito,Online
109555,2026-03-10,C1021,Liquidificador,Casa,4,481.92,0.05,303.61,MT,Centro-Oeste,Cartão de crédito,Marketplace
109556,2025-03-20,C1784,Hub USB,Acessórios,1,222.17,0.15,122.19,AM,Norte,Cartão de débito,Online
109557,2026-06-25,C1589,Smartphone,Eletrônicos,1,3837.5,0.05,2993.25,RO,Norte,Cartão de crédito,Online
109558,2025-02-21,C0799,Carregador,Acessórios,2,182.58,0,91.29,RS,Sul,Cartão de crédito,Marketplace
109559,2026-02-19,C1378,Suporte para Monitor,Escritório,2,499.79,0,274.88,MT,Centro-Oeste,PIX,Online
109560,2026-06-23,C0349,Cafeteira,Casa,1,222.97,0.05,144.93,AL,Nordeste,Cartão de débito,Online
109561,2026-01-11,C2225,Mouse,Eletrônicos,1,263.15,0.1,152.63,PR,Sul,Cartão de débito,Online
109562,2026-05-20,C2385,Hub USB,Acessórios,2,138.1,0.2,75.95,PB,Nordeste,PIX,Marketplace
109563,2025-06-06,C0539,Headset,Eletrônicos,1,837.73,0.1,519.39,MT,Centro-Oeste,Boleto,Marketplace
109564,2025-06-13,C0580,Liquidificador,Casa,1,448.87,0,282.79,MS,Centro-Oeste,Cartão de débito,Marketplace
109565,2025-12-24,C0491,Hub USB,Acessórios,1,221.57,0.1,121.86,PA,Norte,Boleto,Online
109566,2026-04-29,C0682,Mouse,Eletrônicos,2,117.23,0.15,67.99,MG,Sudeste,Cartão de débito,Online
109567,2026-06-04,C0129,Luminária,Escritório,1,172.3,0.05,89.6,AC,Norte,Cartão de débito,Marketplace
109568,2025-01-18,C1623,Cadeira,Escritório,2,1358.17,0.2,950.72,AM,Norte,PIX,Marketplace
109569,2026-05-10,C2411,Monitor,Eletrônicos,1,2085.6,0.1,1418.21,SP,Sudeste,PIX,Marketplace
109570,2025-05-04,C0947,Teclado,Eletrônicos,3,704.03,0.1,422.42,PA,Norte,Cartão de débito,Online
109571,2026-03-11,C1686,Cadeira,Escritório,1,1151.93,0.05,806.35,SC,Sul,Cartão de crédito,Marketplace
109572,2025-10-21,C1154,Carregador,Acessórios,1,245.03,0,122.52,PR,Sul,Cartão de crédito,Online
109573,2025-07-23,C0702,Cafeteira,Casa,1,689.61,0.1,448.25,RS,Sul,Boleto,Online
109574,2025-02-11,C0712,Aspirador,Casa,2,1344.01,0,900.49,PI,Nordeste,Boleto,Marketplace
109575,2025-04-01,C0237,Teclado,Eletrônicos,1,277.4,0.05,166.44,GO,Centro-Oeste,Cartão de débito,Online
109576,2025-06-22,C1823,Teclado,Eletrônicos,1,373.96,0.1,224.38,SE,Nordeste,PIX,Marketplace
109577,2025-09-13,C0733,Headset,Eletrônicos,1,520.59,0,322.77,AM,Norte,Cartão de crédito,Online
109578,2025-07-14,C0002,Headset,Eletrônicos,2,853.67,0.1,529.28,AP,Norte,Cartão de crédito,Online
109579,2026-02-17,C0119,Smartphone,Eletrônicos,4,3960.02,0.05,3088.82,PR,Sul,Cartão de crédito,Marketplace
109580,2025-10-11,C0722,Liquidificador,Casa,1,537.91,0.05,338.88,GO,Centro-Oeste,Cartão de crédito,Online
109581,2025-11-29,C0719,Headset,Eletrônicos,1,552.16,0.15,342.34,PB,Nordeste,Cartão de débito,Online
109582,2025-07-03,C1749,Hub USB,Acessórios,2,289.97,0.1,159.48,PB,Nordeste,PIX,Marketplace
109583,2025-03-31,C2376,Hub USB,Acessórios,4,284.41,0,156.43,PE,Nordeste,PIX,Marketplace
109584,2026-03-30,C0262,Teclado,Eletrônicos,4,346.56,0,207.94,AP,Norte,Cartão de débito,Marketplace
109585,2025-01-28,C2004,Smartphone,Eletrônicos,2,1761.42,0,1373.91,BA,Nordeste,PIX,Online
109586,2025-05-23,C1689,Hub USB,Acessórios,2,161.14,0.2,88.63,MS,Centro-Oeste,Cartão de crédito,Online
109587,2025-01-15,C1365,Headset,Eletrônicos,1,310.36,0.15,192.42,PE,Nordeste,PIX,Online
109588,2026-06-21,C0734,Aspirador,Casa,2,826.72,0.1,553.9,PR,Sul,Cartão de débito,Online
109589,2025-07-30,C2305,Luminária,Escritório,1,272.31,0,141.6,SE,Nordeste,Cartão de débito,Online
109590,2025-02-14,C0322,Notebook,Eletrônicos,1,4094.94,0.05,2948.36,MT,Centro-Oeste,Cartão de débito,Online
109591,2025-12-04,C1661,Monitor,Eletrônicos,1,2436.18,0.1,1656.6,RS,Sul,Cartão de crédito,Marketplace
109592,2025-12-06,C0513,Suporte para Monitor,Escritório,1,469.79,0,258.38,AC,Norte,PIX,Online
109593,2025-07-18,C1286,Liquidificador,Casa,1,311.27,0,196.1,AP,Norte,Boleto,Marketplace
109594,2025-11-22,C0993,Smartphone,Eletrônicos,2,3900.15,0,3042.12,RR,Norte,PIX,Online
109595,2025-09-18,C2368,Liquidificador,Casa,2,350.84,0,221.03,PA,Norte,Cartão de débito,Marketplace
109596,2026-06-27,C1856,Monitor,Eletrônicos,5,1929.07,0.15,1311.77,MT,Centro-Oeste,Cartão de crédito,Marketplace
109597,2026-06-16,C1680,Smartphone,Eletrônicos,1,2833.25,0.05,2209.93,PB,Nordeste,Boleto,Marketplace
109598,2025-02-27,C0100,Carregador,Acessórios,5,183.46,0,91.73,BA,Nordeste,Cartão de crédito,Marketplace
109599,2025-07-11,C0451,Cafeteira,Casa,3,912.47,0.05,593.11,RN,Nordeste,Cartão de débito,Marketplace
109600,2025-10-27,C0002,Notebook,Eletrônicos,2,2953.67,0,2126.64,PB,Nordeste,Cartão de crédito,Marketplace
109601,2025-11-01,C2333,Smartphone,Eletrônicos,1,4246.07,0,3311.93,BA,Nordeste,Cartão de crédito,Marketplace
109602,2025-09-03,C2058,Air Fryer,Casa,2,307.78,0.2,196.98,MG,Sudeste,PIX,Online
109603,2025-07-11,C1801,Mouse,Eletrônicos,2,164.27,0.1,95.28,RO,Norte,PIX,Marketplace
109604,2026-03-02,C1910,Mesa,Escritório,3,1543.94,0.15,1049.88,CE,Nordeste,Cartão de débito,Marketplace
109605,2025-06-10,C0738,Cafeteira,Casa,3,905.48,0,588.56,RO,Norte,PIX,Marketplace
109606,2026-05-05,C2099,Cabo USB,Acessórios,3,29.94,0.1,13.47,AC,Norte,Cartão de débito,Online
109607,2026-02-12,C1508,Mouse,Eletrônicos,1,488.17,0,283.14,GO,Centro-Oeste,Boleto,Online
109608,2026-05-22,C1866,Liquidificador,Casa,1,267.31,0.05,168.41,MS,Centro-Oeste,Boleto,Marketplace
109609,2026-01-24,C0722,Air Fryer,Casa,1,634.29,0.1,405.95,PA,Norte,Cartão de crédito,Online
109610,2025-07-10,C1013,Aspirador,Casa,1,1189.82,0,797.18,BA,Nordeste,Boleto,Online
109611,2025-03-03,C0958,Suporte para Monitor,Escritório,2,299.82,0,164.9,RR,Norte,Cartão de crédito,Marketplace
109612,2025-01-03,C0744,Carregador,Acessórios,1,218.49,0,109.25,MS,Centro-Oeste,Boleto,Online
109613,2026-03-14,C2491,Luminária,Escritório,1,221.16,0.05,115.0,MG,Sudeste,Cartão de crédito,Online
109614,2025-09-30,C1364,Cabo USB,Acessórios,1,77.19,0,34.74,PR,Sul,Cartão de crédito,Marketplace
109615,2025-01-01,C0631,Liquidificador,Casa,1,190.02,0,119.71,PE,Nordeste,Cartão de débito,Online
109616,2025-12-27,C2347,Air Fryer,Casa,1,685.21,0.05,438.53,SP,Sudeste,Cartão de débito,Online
109617,2025-12-24,C0248,Monitor,Eletrônicos,5,1276.73,0,868.18,RJ,Sudeste,Cartão de débito,Online
109618,2025-10-20,C1708,Liquidificador,Casa,2,330.02,0.15,207.91,PB,Nordeste,PIX,Online
109619,2026-02-10,C1377,Suporte para Monitor,Escritório,1,276.7,0.15,152.19,SC,Sul,Cartão de crédito,Online
109620,2025-12-14,C1211,Cadeira,Escritório,3,1543.84,0,1080.69,MT,Centro-Oeste,,Online
109621,2025-08-16,C0742,Carregador,Acessórios,2,249.94,0,124.97,PA,Norte,Cartão de crédito,Online
109622,2026-05-29,C1275,Monitor,Eletrônicos,3,2255.77,0,1533.92,RO,Norte,Boleto,Marketplace
109623,2025-01-10,C0712,Smartphone,Eletrônicos,1,4268.43,0.15,3329.38,PE,Nordeste,Cartão de débito,Marketplace
109624,2026-06-23,C1087,Smartphone,Eletrônicos,1,2071.1,0.15,1615.46,AC,Norte,Cartão de crédito,Marketplace
109625,2025-04-24,C1195,Carregador,Acessórios,1,96.46,0.1,48.23,GO,Centro-Oeste,Cartão de débito,Online
109626,2025-06-23,C1146,Mesa,Escritório,2,784.89,0.05,533.73,PI,Nordeste,Cartão de débito,Marketplace
109627,2026-03-31,C0806,Cabo USB,Acessórios,1,38.61,0.05,17.37,AM,Norte,Boleto,Online
109628,2025-02-28,C1585,Monitor,Eletrônicos,1,1251.8,0.1,851.22,MT,Centro-Oeste,Boleto,Marketplace
109629,2025-06-16,C1543,Cabo USB,Acessórios,1,71.38,0.05,32.12,PR,Sul,,Marketplace
109630,2025-06-16,C1144,Carregador,Acessórios,1,212.84,0.05,106.42,CE,Nordeste,PIX,Marketplace
109631,2026-03-31,C0704,Air Fryer,Casa,1,407.77,0.15,260.97,DF,Centro-Oeste,Cartão de débito,Marketplace
109632,2025-06-09,C2205,Mesa,Escritório,1,1921.35,0.05,1306.52,PA,Norte,Boleto,Online
109633,2026-06-21,C0377,Carregador,Acessórios,1,113.03,0.1,56.52,RO,Norte,Cartão de débito,Online
109634,2025-07-30,C1482,Cabo USB,Acessórios,1,97.39,0.05,43.83,RJ,Sudeste,Boleto,Marketplace
109635,2025-07-16,C1075,Liquidificador,Casa,2,548.17,0.05,345.35,MG,Sudeste,Boleto,Online
109636,2025-07-30,C2350,Carregador,Acessórios,1,68.36,0.15,34.18,PR,Sul,Cartão de crédito,Online
109637,2025-04-23,C2296,Notebook,Eletrônicos,2,5342.03,0,3846.26,PA,Norte,Cartão de crédito,Marketplace
109638,2025-01-16,C1703,Mouse,Eletrônicos,1,288.06,0.1,167.07,PE,Nordeste,Cartão de débito,Marketplace
109639,2025-02-02,C1037,Aspirador,Casa,3,1479.89,0.05,991.53,SC,Sul,Cartão de crédito,Marketplace
109640,2025-06-30,C0245,Cabo USB,Acessórios,1,88.71,0.05,39.92,AM,Norte,Cartão de débito,Marketplace
109641,2025-09-22,C1016,Luminária,Escritório,2,115.65,0,60.14,MT,Centro-Oeste,Cartão de débito,Marketplace
109642,2025-05-03,C2372,Cadeira,Escritório,4,1897.49,0.1,1328.24,TO,Norte,Boleto,Online
109643,2026-06-26,C1343,Aspirador,Casa,2,1009.1,0.05,676.1,PI,Nordeste,Boleto,Online
109644,2025-04-18,C2492,Suporte para Monitor,Escritório,3,316.4,0.05,174.02,PI,Nordeste,Cartão de crédito,Marketplace
109645,2026-04-02,C2033,Carregador,Acessórios,3,102.99,0.1,51.49,AC,Norte,Cartão de crédito,Online
109646,2025-10-29,C2044,Carregador,Acessórios,1,168.51,0.1,84.25,MS,Centro-Oeste,PIX,Marketplace
109647,2026-02-20,C0480,Smartphone,Eletrônicos,1,1319.85,0.1,1029.48,SC,Sul,Boleto,Marketplace
109648,2025-01-16,C2418,Air Fryer,Casa,3,377.93,0.1,241.88,AM,Norte,PIX,Marketplace
109649,2025-01-11,C1208,Air Fryer,Casa,1,431.44,0,276.12,ES,Sudeste,Cartão de débito,Marketplace
109650,2026-05-14,C1285,Cafeteira,Casa,3,1058.02,0,687.71,PI,Nordeste,Boleto,Marketplace
109651,2025-11-04,C0598,Cadeira,Escritório,1,1707.76,0.05,1195.43,RN,Nordeste,PIX,Marketplace
109652,2026-03-26,C0149,Monitor,Eletrônicos,1,904.01,0.05,614.73,RJ,Sudeste,PIX,Marketplace
109653,2025-03-15,C0107,Headset,Eletrônicos,1,150.31,0.1,93.19,AM,Norte,Cartão de crédito,Marketplace
109654,2025-10-22,C1255,Hub USB,Acessórios,1,233.81,0.1,128.6,MA,Nordeste,Cartão de débito,Marketplace
109655,2025-05-11,C1212,Carregador,Acessórios,1,154.08,0.05,77.04,MT,Centro-Oeste,Cartão de débito,Online
109656,2025-12-09,C0573,Cafeteira,Casa,3,453.51,0,294.78,PE,Nordeste,Boleto,Online
109657,2025-03-10,C1972,Headset,Eletrônicos,3,486.46,0,301.61,RS,Sul,Cartão de débito,Marketplace
109658,2026-04-08,C2427,Hub USB,Acessórios,1,293.6,0.05,161.48,SC,Sul,Cartão de débito,Online
109659,2026-01-09,C2080,Suporte para Monitor,Escritório,2,180.9,0.1,99.5,RJ,Sudeste,Boleto,Marketplace
109660,2025-09-30,C1515,Teclado,Eletrônicos,1,499.46,0.15,299.68,PB,Nordeste,Cartão de débito,Marketplace
109661,2025-01-10,C1367,Luminária,Escritório,1,387.01,0.1,201.25,ES,Sudeste,PIX,Online
109662,2026-02-26,C0444,Air Fryer,Casa,1,828.55,0,530.27,CE,Nordeste,Cartão de débito,Marketplace
109663,2025-03-26,C0608,Mesa,Escritório,3,1669.31,0,1135.13,RN,Nordeste,PIX,Marketplace
109664,2025-07-22,C0789,Aspirador,Casa,1,584.63,0.05,391.7,AP,Norte,Cartão de débito,Online
109665,2026-05-23,C1959,Monitor,Eletrônicos,1,2133.93,0.1,1451.07,TO,Norte,PIX,Online
109666,2025-09-10,C1322,Luminária,Escritório,1,89.28,0.05,46.43,CE,Nordeste,Cartão de crédito,Marketplace
109667,2025-09-17,C2286,Mesa,Escritório,1,1583.68,0.05,1076.9,MG,Sudeste,Boleto,Marketplace
109668,2025-03-31,C0583,Mesa,Escritório,1,610.19,0.2,414.93,GO,Centro-Oeste,PIX,Online
109669,2026-02-02,C1661,Hub USB,Acessórios,1,234.68,0.05,129.07,CE,Nordeste,Cartão de crédito,Marketplace
109670,2025-11-09,C0899,Headset,Eletrônicos,1,875.65,0,542.9,RN,Nordeste,Cartão de crédito,Marketplace
109671,2025-03-05,C0716,Cafeteira,Casa,1,1013.5,0.15,658.77,AC,Norte,Boleto,Online
109672,2025-02-27,C1581,Liquidificador,Casa,4,541.38,0.1,341.07,AM,Norte,Cartão de débito,Marketplace
109673,2026-03-11,C0272,Luminária,Escritório,1,171.72,0.1,89.29,PB,Nordeste,Cartão de débito,Marketplace
109674,2026-04-18,C2332,Suporte para Monitor,Escritório,1,585.86,0.05,322.22,AM,Norte,Boleto,Marketplace
109675,2025-08-01,C0946,Liquidificador,Casa,1,199.72,0,125.82,PA,Norte,PIX,Marketplace
109676,2025-01-24,C0085,Notebook,Eletrônicos,1,3285.61,0.05,2365.64,SC,Sul,Cartão de débito,Marketplace
109677,2025-11-11,C0297,Teclado,Eletrônicos,2,602.68,0.1,361.61,AP,Norte,Cartão de débito,Marketplace
109678,2026-05-21,C2194,Notebook,Eletrônicos,2,3158.3,0,2273.98,AP,Norte,Cartão de débito,Marketplace
109679,2025-07-06,C0052,Notebook,Eletrônicos,1,5030.08,0.1,3621.66,TO,Norte,Cartão de débito,Online
109680,2026-06-26,C0431,Cabo USB,Acessórios,1,67.77,0.1,30.5,RN,Nordeste,Boleto,Online
109681,2026-06-24,C1004,Liquidificador,Casa,2,267.5,0.05,168.53,RR,Norte,Boleto,Marketplace
109682,2026-06-03,C0265,Cafeteira,Casa,3,766.87,0.05,498.47,PI,Nordeste,Boleto,Online
109683,2025-10-07,C2420,Mouse,Eletrônicos,1,133.44,0,77.4,MS,Centro-Oeste,Cartão de crédito,Online
109684,2026-01-26,C2191,Mesa,Escritório,1,1081.07,0.15,735.13,RJ,Sudeste,Boleto,Marketplace
109685,2025-02-12,C0473,Monitor,Eletrônicos,2,742.91,0,505.18,MT,Centro-Oeste,Boleto,Online
109686,2025-06-14,C0252,Cafeteira,Casa,2,1022.5,0.1,664.62,PA,Norte,Boleto,Online
109687,2026-03-13,C1966,Liquidificador,Casa,2,149.56,0,94.22,RJ,Sudeste,Cartão de débito,Marketplace
109688,2025-09-12,C0581,Smartphone,Eletrônicos,1,4712.49,0.1,3675.74,SC,Sul,PIX,Online
109689,2025-11-06,C0928,Carregador,Acessórios,2,135.39,0.1,67.69,SC,Sul,Cartão de débito,Online
109690,2026-05-09,C0237,Smartphone,Eletrônicos,2,4841.74,0,3776.56,MA,Nordeste,Boleto,Online
109691,2026-05-10,C2310,Aspirador,Casa,2,989.51,0,662.97,AP,Norte,Boleto,Marketplace
109692,2026-06-19,C1798,Mouse,Eletrônicos,2,101.68,0.1,58.97,BA,Nordeste,Cartão de débito,Marketplace
109693,2026-01-30,C1698,Carregador,Acessórios,1,62.14,0.05,31.07,RO,Norte,Boleto,Online
109694,2025-10-01,C1918,Teclado,Eletrônicos,3,689.79,0,413.87,RJ,Sudeste,PIX,Marketplace
109695,2025-04-16,C2358,Smartphone,Eletrônicos,1,2636.14,0.05,2056.19,RS,Sul,Cartão de débito,Online
109696,2026-03-27,C1854,Suporte para Monitor,Escritório,2,409.7,0.1,225.34,CE,Nordeste,PIX,Marketplace
109697,2025-12-30,C1734,Cadeira,Escritório,1,773.56,0,541.49,PE,Nordeste,Cartão de débito,Marketplace
109698,2025-05-08,C2304,Hub USB,Acessórios,2,223.22,0,122.77,MT,Centro-Oeste,Boleto,Marketplace
109699,2025-01-17,C0261,Monitor,Eletrônicos,3,1191.83,0,810.44,AL,Nordeste,PIX,Online
109700,2026-01-14,C1654,Air Fryer,Casa,1,597.06,0,382.12,AL,Nordeste,PIX,Online
109701,2026-05-20,C0868,Cadeira,Escritório,1,824.56,0,577.19,RS,Sul,Boleto,Online
109702,2025-05-07,C1824,Carregador,Acessórios,2,74.34,0.15,37.17,MG,Sudeste,Cartão de crédito,Online
109703,2026-02-15,C2090,Monitor,Eletrônicos,1,1089.42,0.1,740.81,PR,Sul,PIX,Marketplace
109704,2025-09-08,C2020,Teclado,Eletrônicos,1,480.39,0.05,288.23,PR,Sul,PIX,Online
109705,2025-05-22,C1223,Monitor,Eletrônicos,4,978.62,0,665.46,MA,Nordeste,Cartão de crédito,Marketplace
109706,2025-04-12,C1022,Smartphone,Eletrônicos,2,1189.94,0.15,928.15,RJ,Sudeste,Cartão de crédito,Online
109707,2026-04-23,C0614,Hub USB,Acessórios,4,291.8,0.1,160.49,RJ,Sudeste,Boleto,Marketplace
109708,2025-05-13,C1696,Headset,Eletrônicos,4,809.2,0,501.7,MT,Centro-Oeste,PIX,Online
109709,2025-04-20,C0005,Monitor,Eletrônicos,3,814.1,0.1,553.59,ES,Sudeste,Cartão de débito,Online
109710,2025-02-11,C1845,Aspirador,Casa,1,580.5,0,388.94,PA,Norte,Boleto,Online
109711,2026-05-19,C1287,Headset,Eletrônicos,2,817.86,0,507.07,PI,Nordeste,PIX,Marketplace
109712,2025-11-30,C1406,Air Fryer,Casa,3,925.6,0.05,592.38,SE,Nordeste,Boleto,Online
109713,2025-08-29,C2137,Headset,Eletrônicos,3,469.95,0,291.37,MS,Centro-Oeste,Boleto,Marketplace
109714,2025-06-08,C1150,Mouse,Eletrônicos,1,443.03,0.1,256.96,PB,Nordeste,Cartão de débito,Marketplace
109715,2026-04-23,C1483,Hub USB,Acessórios,1,289.6,0,159.28,ES,Sudeste,Cartão de crédito,Online
109716,2025-08-22,C1374,Hub USB,Acessórios,2,93.88,0.05,51.63,RO,Norte,Cartão de crédito,Online
109717,2026-05-12,C1513,Liquidificador,Casa,1,526.0,0.1,331.38,SP,Sudeste,Boleto,Marketplace
109718,2025-07-09,C0280,Monitor,Eletrônicos,1,2334.0,0,1587.12,PB,Nordeste,PIX,Online
109719,2025-10-07,C2265,Smartphone,Eletrônicos,2,1560.89,0.1,1217.49,PA,Norte,Boleto,Online
109720,2025-10-03,C1366,Teclado,Eletrônicos,2,408.63,0,245.18,RJ,Sudeste,Boleto,Online
109721,2026-05-23,C2277,Luminária,Escritório,1,203.73,0.15,105.94,AL,Nordeste,Cartão de crédito,Marketplace
109722,2026-06-17,C1865,Luminária,Escritório,2,310.41,0.1,161.41,AP,Norte,Boleto,Online
109723,2025-06-25,C1319,Monitor,Eletrônicos,2,2329.83,0,1584.28,DF,Centro-Oeste,Cartão de crédito,Online
109724,2025-09-30,C0905,Mesa,Escritório,1,1711.59,0.1,1163.88,RO,Norte,Cartão de crédito,Marketplace
109725,2025-09-28,C2305,Monitor,Eletrônicos,1,2261.12,0,1537.56,PA,Norte,Boleto,Marketplace
109726,2025-01-21,C1659,Luminária,Escritório,1,384.61,0,200.0,SC,Sul,Boleto,Marketplace
109727,2025-07-26,C2114,Luminária,Escritório,1,145.29,0,75.55,AP,Norte,Boleto,Marketplace
109728,2026-04-14,C2066,Carregador,Acessórios,1,140.51,0.05,70.25,PA,Norte,PIX,Online
109729,2025-07-29,C0379,Teclado,Eletrônicos,1,442.16,0.05,265.3,MA,Nordeste,Cartão de débito,Marketplace
109730,2026-06-22,C0891,Aspirador,Casa,2,881.31,0.1,590.48,AM,Norte,Boleto,Online
109731,2025-07-29,C2413,Teclado,Eletrônicos,1,290.24,0,174.14,MA,Nordeste,PIX,Online
109732,2025-07-09,C1329,Suporte para Monitor,Escritório,4,598.37,0.1,329.1,MG,Sudeste,Cartão de crédito,Marketplace
109733,2026-02-15,C2447,Carregador,Acessórios,1,231.69,0,115.84,MT,Centro-Oeste,Boleto,Online
109734,2025-01-29,C1491,Luminária,Escritório,1,104.57,0.1,54.38,PB,Nordeste,,Marketplace
109735,2025-12-02,C0547,Air Fryer,Casa,1,342.79,0,219.39,TO,Norte,Boleto,Online
109736,2026-06-23,C0169,Smartphone,Eletrônicos,2,1126.78,0.05,878.89,AM,Norte,Boleto,Online
109737,2025-03-21,C1659,Cafeteira,Casa,1,1165.97,0.1,757.88,SE,Nordeste,Cartão de débito,Marketplace
109738,2025-04-04,C0134,Monitor,Eletrônicos,3,1634.81,0,1111.67,ES,Sudeste,PIX,Marketplace
109739,2025-01-08,C0511,Cafeteira,Casa,2,1025.45,0.1,666.54,ES,Sudeste,Cartão de débito,Online
109740,2026-06-30,C0705,Aspirador,Casa,1,1499.26,0.05,1004.5,PB,Nordeste,PIX,Online
109741,2025-04-06,C1383,Cadeira,Escritório,3,817.82,0.05,572.47,PB,Nordeste,PIX,Marketplace
109742,2026-03-27,C0383,Carregador,Acessórios,1,244.31,0.15,122.16,AM,Norte,Cartão de crédito,Online
109743,2025-08-13,C2140,Teclado,Eletrônicos,1,377.41,0.15,226.45,AM,Norte,Cartão de crédito,Online
109744,2026-05-27,C1313,Liquidificador,Casa,1,355.35,0.1,223.87,PR,Sul,Cartão de crédito,Marketplace
109745,2025-10-21,C0070,Headset,Eletrônicos,1,281.28,0,174.39,ES,Sudeste,Cartão de crédito,Marketplace
109746,2025-11-01,C0959,Liquidificador,Casa,1,347.4,0,218.86,MG,Sudeste,Cartão de crédito,Online
109747,2025-06-28,C2456,Suporte para Monitor,Escritório,4,500.02,0.15,275.01,BA,Nordeste,Cartão de crédito,Marketplace
109748,2025-01-14,C1152,Teclado,Eletrônicos,3,739.22,0.05,443.53,RS,Sul,Cartão de crédito,Marketplace
109749,2026-02-08,C2036,Cabo USB,Acessórios,1,23.95,0.1,10.78,RN,Nordeste,PIX,Marketplace
109750,2025-03-18,C1284,Smartphone,Eletrônicos,2,2422.32,0.15,1889.41,GO,Centro-Oeste,Boleto,Marketplace
109751,2026-02-05,C0997,Aspirador,Casa,1,1436.65,0.05,962.56,MA,Nordeste,Cartão de débito,Online
109752,2025-05-12,C0430,Luminária,Escritório,2,140.95,0.05,73.29,RO,Norte,Boleto,Marketplace
109753,2025-08-18,C2082,Aspirador,Casa,1,400.37,0.1,268.25,AL,Nordeste,Cartão de débito,Online
109754,2025-07-06,C0945,Luminária,Escritório,1,390.39,0.1,203.0,RS,Sul,PIX,Marketplace
109755,2025-06-17,C1776,Suporte para Monitor,Escritório,1,285.27,0.1,156.9,PA,Norte,Cartão de débito,Marketplace
109756,2025-06-21,C1873,Mouse,Eletrônicos,2,189.95,0.05,110.17,MG,Sudeste,Boleto,Marketplace
109757,2026-02-27,C0191,Suporte para Monitor,Escritório,4,484.65,0.05,266.56,AL,Nordeste,PIX,Marketplace
109758,2025-06-19,C1304,Mesa,Escritório,1,1321.86,0.1,898.86,RJ,Sudeste,Boleto,Marketplace
109759,2025-06-20,C1219,Liquidificador,Casa,2,235.46,0.05,148.34,MT,Centro-Oeste,PIX,Marketplace
109760,2025-03-18,C0027,Luminária,Escritório,3,290.46,0,151.04,PE,Nordeste,Cartão de débito,Marketplace
109761,2026-03-05,C2446,Monitor,Eletrônicos,4,2281.31,0.05,1551.29,ES,Sudeste,Cartão de débito,Online
109762,2025-06-09,C2089,Cabo USB,Acessórios,1,94.13,0,42.36,RR,Norte,Cartão de crédito,Online
109763,2026-02-17,C1198,Monitor,Eletrônicos,1,741.64,0.1,504.32,PR,Sul,Cartão de débito,Marketplace
109764,2026-01-05,C1985,Carregador,Acessórios,1,57.56,0,28.78,TO,Norte,Cartão de crédito,Marketplace
109765,2025-08-09,C2499,Air Fryer,Casa,2,673.17,0.05,430.83,RJ,Sudeste,Boleto,Marketplace
109766,2025-12-08,C0022,Hub USB,Acessórios,1,172.72,0,95.0,RO,Norte,Cartão de débito,Online
109767,2026-05-25,C0746,Hub USB,Acessórios,4,287.74,0.1,158.26,MG,Sudeste,Cartão de débito,Online
109768,2025-08-19,C2321,Cabo USB,Acessórios,1,66.28,0.1,29.83,AP,Norte,PIX,Online
109769,2026-04-14,C1267,Hub USB,Acessórios,1,281.47,0.1,154.81,SP,Sudeste,PIX,Marketplace
109770,2025-02-07,C1485,Smartphone,Eletrônicos,1,3854.38,0.05,3006.42,CE,Nordeste,Boleto,Online
109771,2026-01-19,C1226,Monitor,Eletrônicos,1,828.3,0.05,563.24,AM,Norte,Cartão de crédito,Marketplace
109772,2025-01-18,C2014,Mesa,Escritório,1,1263.53,0,859.2,MS,Centro-Oeste,PIX,Online
109773,2026-06-30,C0327,Teclado,Eletrônicos,1,612.1,0.1,367.26,GO,Centro-Oeste,Cartão de débito,Marketplace
109774,2025-06-23,C1739,Monitor,Eletrônicos,2,977.96,0.05,665.01,PI,Nordeste,Cartão de crédito,Marketplace
109775,2025-08-16,C0020,Cabo USB,Acessórios,2,93.14,0.05,41.91,SE,Nordeste,Boleto,Online
109776,2026-06-29,C2255,Monitor,Eletrônicos,1,772.47,0.05,525.28,PE,Nordeste,Cartão de crédito,Online
109777,2025-07-26,C0402,Notebook,Eletrônicos,1,4547.92,0.2,3274.5,PR,Sul,Cartão de crédito,Online
109778,2025-07-21,C2177,Headset,Eletrônicos,3,451.55,0,279.96,PR,Sul,PIX,Online
109779,2025-10-09,C0654,Mouse,Eletrônicos,2,144.15,0.1,83.61,CE,Nordeste,Cartão de crédito,Marketplace
109780,2025-12-05,C0844,Liquidificador,Casa,1,266.73,0.05,168.04,CE,Nordeste,Boleto,Marketplace
109781,2026-04-21,C0829,Teclado,Eletrônicos,1,412.08,0.05,247.25,SC,Sul,PIX,Online
109782,2025-05-23,C0828,Air Fryer,Casa,2,930.0,0,595.2,DF,Centro-Oeste,PIX,Online
109783,2025-04-11,C1351,Headset,Eletrônicos,1,754.24,0.2,467.63,GO,Centro-Oeste,Boleto,Marketplace
109784,2026-06-22,C1822,Monitor,Eletrônicos,1,2199.21,0.05,1495.46,PE,Nordeste,Cartão de crédito,Online
109785,2025-04-22,C1100,Suporte para Monitor,Escritório,1,521.45,0.05,286.8,AM,Norte,Cartão de débito,Online
109786,2025-06-06,C0966,Notebook,Eletrônicos,1,5559.49,0,4002.83,MA,Nordeste,Cartão de crédito,Online
109787,2026-06-07,C1719,Liquidificador,Casa,2,425.07,0,267.79,AL,Nordeste,Cartão de débito,Marketplace
109788,2025-12-19,C1984,Cadeira,Escritório,1,1043.21,0,730.25,PB,Nordeste,Boleto,Marketplace
109789,2025-09-05,C1409,Hub USB,Acessórios,1,280.67,0.05,154.37,AM,Norte,PIX,Marketplace
109790,2026-05-06,C0320,Suporte para Monitor,Escritório,1,500.76,0.1,275.42,CE,Nordeste,PIX,Marketplace
109791,2026-04-03,C0963,Cabo USB,Acessórios,1,81.53,0,36.69,SE,Nordeste,PIX,Marketplace
109792,2025-09-13,C0256,Mesa,Escritório,4,1541.32,0.1,1048.1,RS,Sul,Boleto,Online
109793,2025-10-05,C2038,Hub USB,Acessórios,3,126.75,0,69.71,TO,Norte,Cartão de débito,Marketplace
109794,2026-02-25,C0347,Mouse,Eletrônicos,2,133.66,0.15,77.52,SC,Sul,Boleto,Online
109795,2026-03-29,C1519,Monitor,Eletrônicos,1,1494.36,0.05,1016.16,MG,Sudeste,Boleto,Marketplace
109796,2025-09-26,C0510,Teclado,Eletrônicos,1,725.72,0,435.43,PA,Norte,Cartão de crédito,Marketplace
109797,2025-09-11,C0295,Mesa,Escritório,3,994.49,0.15,676.25,RO,Norte,Cartão de crédito,Marketplace
109798,2025-03-30,C1645,Cadeira,Escritório,1,2078.4,0.05,1454.88,MA,Nordeste,PIX,Marketplace
109799,2026-04-19,C1552,Cafeteira,Casa,1,283.42,0.1,184.22,SP,Sudeste,Boleto,Marketplace
109800,2025-11-14,C0686,Mesa,Escritório,1,1558.81,0.1,1059.99,AC,Norte,Cartão de crédito,Online
109801,2025-04-22,C2482,Cadeira,Escritório,1,1481.27,0,1036.89,AL,Nordeste,Boleto,Online
109802,2026-06-19,C1469,Notebook,Eletrônicos,2,4696.44,0,3381.44,SC,Sul,Cartão de débito,Online
109803,2025-03-30,C1457,Aspirador,Casa,1,1261.19,0.1,845.0,RJ,Sudeste,Boleto,Marketplace
109804,2025-04-15,C0838,Cabo USB,Acessórios,2,54.65,0,24.59,MA,Nordeste,PIX,Online
109805,2025-12-16,C0075,Carregador,Acessórios,1,72.64,0.1,36.32,PE,Nordeste,Boleto,Marketplace
109806,2026-05-03,C2300,Cafeteira,Casa,2,514.33,0.05,334.31,RS,Sul,PIX,Online
109807,2025-05-28,C1885,Mesa,Escritório,3,1497.36,0,1018.2,PE,Nordeste,Boleto,Marketplace
109808,2025-04-03,C1873,Cabo USB,Acessórios,1,88.03,0.1,39.61,SE,Nordeste,Cartão de crédito,Marketplace
109809,2026-03-30,C0731,Cabo USB,Acessórios,2,38.56,0.05,17.35,TO,Norte,Cartão de crédito,Online
109810,2025-07-14,C2071,Notebook,Eletrônicos,1,3977.13,0.1,2863.53,MA,Nordeste,Cartão de débito,Online
109811,2026-05-30,C1985,Cadeira,Escritório,3,2314.61,0.15,1620.23,SP,Sudeste,Cartão de débito,Online
109812,2025-05-25,C1086,Smartphone,Eletrônicos,2,4209.17,0.1,3283.15,AP,Norte,PIX,Online
109813,2025-04-24,C1558,Luminária,Escritório,1,289.86,0,150.73,MS,Centro-Oeste,PIX,Online
109814,2026-05-04,C1125,Notebook,Eletrônicos,1,4543.23,0.1,3271.13,RO,Norte,PIX,Marketplace
109815,2025-05-13,C0599,Aspirador,Casa,4,978.17,0,655.37,AC,Norte,PIX,Marketplace
109816,2025-06-07,C2424,Suporte para Monitor,Escritório,1,135.9,0.15,74.75,PA,Norte,Boleto,Online
109817,2026-02-05,C0179,Air Fryer,Casa,3,435.92,0.05,278.99,PR,Sul,Cartão de crédito,Marketplace
109818,2025-06-08,C0530,Luminária,Escritório,2,321.81,0.15,167.34,TO,Norte,PIX,Online
109819,2026-01-16,C1662,Suporte para Monitor,Escritório,3,199.01,0.05,109.46,PA,Norte,Boleto,Online
109820,2026-03-23,C0273,Cadeira,Escritório,1,1262.07,0,883.45,PA,Norte,PIX,Marketplace
109821,2026-03-14,C2458,Headset,Eletrônicos,5,304.87,0.1,189.02,BA,Nordeste,Cartão de débito,Online
109822,2025-11-10,C1714,Mouse,Eletrônicos,2,491.49,0.1,285.06,PI,Nordeste,Cartão de débito,Marketplace
109823,2025-01-03,C2063,Notebook,Eletrônicos,1,4759.71,0.05,3426.99,PE,Nordeste,PIX,Online
109824,2026-01-22,C2435,Mesa,Escritório,3,1282.04,0,871.79,PR,Sul,Cartão de débito,Online
109825,2025-10-19,C2332,Headset,Eletrônicos,1,296.24,0.1,183.67,MS,Centro-Oeste,Cartão de crédito,Online
109826,2025-12-09,C0876,Mouse,Eletrônicos,1,210.92,0,122.33,GO,Centro-Oeste,Cartão de crédito,Marketplace
109827,2025-11-26,C2067,Smartphone,Eletrônicos,2,4078.82,0.1,3181.48,SE,Nordeste,Boleto,Online
109828,2025-03-05,C1179,Liquidificador,Casa,3,316.41,0.05,199.34,MG,Sudeste,PIX,Marketplace
109829,2026-06-11,C0714,Air Fryer,Casa,2,424.44,0,271.64,AL,Nordeste,Cartão de crédito,Marketplace
109830,2025-07-26,C0337,Suporte para Monitor,Escritório,1,420.29,0,231.16,SE,Nordeste,Boleto,Marketplace
109831,2025-10-22,C1773,Cabo USB,Acessórios,4,33.51,0.1,15.08,MG,Sudeste,Cartão de débito,Marketplace
109832,2026-01-24,C0253,Luminária,Escritório,2,167.38,0.05,87.04,PI,Nordeste,PIX,Marketplace
109833,2025-02-21,C1047,Monitor,Eletrônicos,4,2475.8,0.1,1683.54,PR,Sul,Boleto,Online
109834,2026-04-05,C2164,Mesa,Escritório,4,1386.11,0.05,942.55,AM,Norte,Boleto,Online
109835,2025-03-20,C2312,Suporte para Monitor,Escritório,3,170.41,0,93.73,GO,Centro-Oeste,Boleto,Online
109836,2026-02-11,C2228,Hub USB,Acessórios,1,105.44,0,57.99,TO,Norte,PIX,Marketplace
109837,2025-06-10,C0703,Notebook,Eletrônicos,3,3298.96,0.05,2375.25,ES,Sudeste,PIX,Online
109838,2025-08-28,C1619,Smartphone,Eletrônicos,1,3700.88,0.05,2886.69,SC,Sul,Boleto,Online
109839,2026-06-18,C0944,Teclado,Eletrônicos,1,433.13,0.1,259.88,PE,Nordeste,Cartão de crédito,Marketplace
109840,2026-05-09,C0255,Notebook,Eletrônicos,1,3779.46,0.15,2721.21,PB,Nordeste,Cartão de crédito,Marketplace
109841,2025-11-23,C1939,Suporte para Monitor,Escritório,4,594.34,0,326.89,SC,Sul,Boleto,Marketplace
109842,2026-02-10,C1043,Luminária,Escritório,2,184.91,0.15,96.15,PB,Nordeste,Boleto,Online
109843,2025-02-22,C1878,Smartphone,Eletrônicos,3,3243.21,0,2529.7,AM,Norte,Cartão de crédito,Marketplace
109844,2025-08-03,C2141,Aspirador,Casa,2,345.2,0.05,231.28,SP,Sudeste,PIX,Online
109845,2025-12-05,C1637,Notebook,Eletrônicos,2,4854.64,0.15,3495.34,MS,Centro-Oeste,PIX,Marketplace
109846,2025-08-16,C0616,Cadeira,Escritório,2,2122.61,0.2,1485.83,TO,Norte,PIX,Online
109847,2025-03-30,C1650,Cadeira,Escritório,1,2190.06,0.1,1533.04,PI,Nordeste,PIX,Marketplace
109848,2025-03-29,C0843,Cafeteira,Casa,1,474.69,0.1,308.55,MS,Centro-Oeste,Boleto,Online
109849,2026-05-20,C1555,Teclado,Eletrônicos,1,236.11,0.2,141.67,RR,Norte,Cartão de débito,Online
109850,2025-05-09,C1808,Cabo USB,Acessórios,2,49.93,0,22.47,AC,Norte,Cartão de débito,Online
109851,2025-12-03,C1175,Aspirador,Casa,1,329.99,0.2,221.09,MS,Centro-Oeste,Boleto,Marketplace
109852,2025-05-31,C0161,Mesa,Escritório,1,685.43,0.05,466.09,AL,Nordeste,PIX,Online
109853,2026-04-02,C0123,Smartphone,Eletrônicos,1,1208.21,0.1,942.4,RR,Norte,PIX,Marketplace
109854,2026-04-07,C2298,Mesa,Escritório,1,500.83,0.15,340.56,AM,Norte,Cartão de crédito,Online
109855,2025-09-02,C1610,Luminária,Escritório,1,82.15,0.1,42.72,PR,Sul,Boleto,Marketplace
109856,2025-09-20,C1122,Monitor,Eletrônicos,1,2097.04,0.1,1425.99,PA,Norte,Boleto,Marketplace
109857,2025-03-05,C1776,Cabo USB,Acessórios,1,92.02,0.05,41.41,RN,Nordeste,Boleto,Online
109858,2025-11-12,C0871,Monitor,Eletrônicos,5,1514.08,0.05,1029.57,RJ,Sudeste,PIX,Online
109859,2025-03-08,C0079,Liquidificador,Casa,1,383.21,0.2,241.42,AP,Norte,PIX,Online
109860,2026-04-02,C1469,Mesa,Escritório,2,1552.81,0.05,1055.91,SE,Nordeste,Cartão de débito,Online
109861,2025-11-04,C2172,Aspirador,Casa,2,1042.85,0.1,698.71,GO,Centro-Oeste,Boleto,Online
109862,2025-01-12,C1291,Aspirador,Casa,3,1348.12,0.2,903.24,SE,Nordeste,PIX,Marketplace
109863,2025-07-28,C2414,Cadeira,Escritório,3,1304.69,0,913.28,RJ,Sudeste,PIX,Online
109864,2025-07-10,C1492,Notebook,Eletrônicos,3,4282.59,0.1,3083.46,PR,Sul,Cartão de débito,Marketplace
109865,2026-03-06,C0688,Smartphone,Eletrônicos,1,4450.37,0.05,3471.29,AM,Norte,Cartão de débito,Marketplace
109866,2026-02-13,C1128,Suporte para Monitor,Escritório,1,102.74,0.15,56.51,RJ,Sudeste,Cartão de débito,Online
109867,2025-10-06,C0678,Aspirador,Casa,1,858.08,0,574.91,RJ,Sudeste,Cartão de crédito,Online
109868,2025-01-21,C2184,Hub USB,Acessórios,2,81.46,0.15,44.8,PI,Nordeste,Boleto,Marketplace
109869,2026-02-09,C1470,Smartphone,Eletrônicos,1,2177.81,0,1698.69,MG,Sudeste,Boleto,Marketplace
109870,2026-04-25,C1786,Hub USB,Acessórios,1,183.39,0.05,100.86,MS,Centro-Oeste,Cartão de crédito,Online
109871,2025-08-14,C2154,Mouse,Eletrônicos,1,128.3,0,74.41,SP,Sudeste,,Online
109872,2026-01-11,C2330,Teclado,Eletrônicos,2,371.4,0.1,222.84,PA,Norte,PIX,Marketplace
109873,2026-06-03,C2341,Smartphone,Eletrônicos,1,4684.21,0.15,3653.68,MT,Centro-Oeste,Cartão de débito,Marketplace
109874,2025-12-02,C1294,Cadeira,Escritório,1,1251.67,0,876.17,RO,Norte,PIX,Online
109875,2026-04-09,C0303,Cabo USB,Acessórios,5,96.14,0.05,43.26,AP,Norte,Cartão de débito,Marketplace
109876,2025-07-19,C2167,Monitor,Eletrônicos,1,2265.02,0,1540.21,ES,Sudeste,Boleto,Online
109877,2025-03-18,C1104,Cafeteira,Casa,1,1126.67,0.15,732.34,RO,Norte,PIX,Marketplace
109878,2025-09-03,C0577,Suporte para Monitor,Escritório,1,334.91,0.05,184.2,CE,Nordeste,PIX,Online
109879,2025-12-27,C0613,Mouse,Eletrônicos,2,133.2,0,77.26,MS,Centro-Oeste,Cartão de crédito,Online
109880,2025-12-17,C0964,Mouse,Eletrônicos,3,140.43,0.2,81.45,MT,Centro-Oeste,PIX,Marketplace
109881,2025-05-31,C1068,Teclado,Eletrônicos,1,778.78,0.05,467.27,PI,Nordeste,Cartão de débito,Marketplace
109882,2026-01-02,C1683,Carregador,Acessórios,1,221.43,0.1,110.72,TO,Norte,Cartão de crédito,Marketplace
109883,2026-06-16,C1146,Mouse,Eletrônicos,1,84.09,0.15,48.77,BA,Nordeste,PIX,Online
109884,2026-03-05,C1087,Aspirador,Casa,2,448.66,0,300.6,DF,Centro-Oeste,PIX,Online
109885,2025-09-12,C1011,Mesa,Escritório,1,1826.74,0.05,1242.18,CE,Nordeste,Cartão de débito,Marketplace
109886,2026-03-12,C0702,Headset,Eletrônicos,1,636.87,0,394.86,MA,Nordeste,Cartão de débito,Marketplace
109887,2025-04-01,C1212,Headset,Eletrônicos,2,492.57,0.1,305.39,DF,Centro-Oeste,PIX,Marketplace
109888,2026-05-21,C1635,Suporte para Monitor,Escritório,1,186.45,0.15,102.55,CE,Nordeste,PIX,Online
109889,2025-04-20,C1183,Smartphone,Eletrônicos,1,4036.08,0,3148.14,PE,Nordeste,Cartão de crédito,Online
109890,2025-06-18,C0431,Hub USB,Acessórios,1,202.04,0.1,111.12,MT,Centro-Oeste,PIX,Marketplace
109891,2025-12-26,C0196,Smartphone,Eletrônicos,1,3231.01,0.1,2520.19,MT,Centro-Oeste,Boleto,Online
109892,2025-09-15,C2188,Hub USB,Acessórios,1,121.22,0.05,66.67,SE,Nordeste,PIX,Marketplace
109893,2025-05-25,C0652,Liquidificador,Casa,2,235.49,0.05,148.36,CE,Nordeste,Boleto,Online
109894,2026-06-30,C0374,Notebook,Eletrônicos,1,4235.66,0.05,3049.68,PB,Nordeste,Cartão de débito,Marketplace
109895,2025-08-17,C2421,Carregador,Acessórios,4,84.51,0.05,42.26,SC,Sul,Cartão de débito,Marketplace
109896,2025-04-16,C0348,Liquidificador,Casa,2,518.88,0,326.89,ES,Sudeste,Cartão de débito,Marketplace
109897,2025-04-22,C1641,Teclado,Eletrônicos,1,409.41,0.15,245.65,TO,Norte,Boleto,Marketplace
109898,2025-06-25,C0184,Headset,Eletrônicos,1,399.04,0.1,247.4,CE,Nordeste,Cartão de débito,Online
109899,2025-10-01,C1820,Air Fryer,Casa,1,489.78,0,313.46,PE,Nordeste,Cartão de crédito,Online
109900,2025-01-17,C1556,Hub USB,Acessórios,2,243.54,0,133.95,RR,Norte,Cartão de débito,Online
109901,2025-12-11,C0413,Cabo USB,Acessórios,1,69.86,0.1,31.44,AM,Norte,PIX,Online
109902,2025-02-24,C1060,Cafeteira,Casa,1,855.35,0.1,555.98,RO,Norte,PIX,Online
109903,2026-02-19,C2344,Liquidificador,Casa,1,350.22,0,220.64,TO,Norte,Boleto,Marketplace
109904,2025-06-21,C1052,Smartphone,Eletrônicos,2,2460.62,0.1,1919.28,MT,Centro-Oeste,Cartão de crédito,Online
109905,2025-04-20,C0576,Teclado,Eletrônicos,2,513.71,0.1,308.23,PE,Nordeste,Cartão de débito,Marketplace
109906,2025-04-28,C0290,Aspirador,Casa,2,360.82,0.1,241.75,RS,Sul,PIX,Marketplace
109907,2025-01-17,C0956,Suporte para Monitor,Escritório,1,384.03,0,211.22,ES,Sudeste,Boleto,Online
109908,2026-05-05,C0369,Carregador,Acessórios,1,96.2,0.1,48.1,RR,Norte,Cartão de crédito,Online
109909,2026-04-05,C2485,Aspirador,Casa,1,1212.36,0.05,812.28,BA,Nordeste,Cartão de débito,Marketplace
109910,2026-05-08,C0329,Teclado,Eletrônicos,1,372.38,0.05,223.43,RO,Norte,Boleto,Online
109911,2026-06-30,C2148,Aspirador,Casa,1,1383.9,0.1,927.21,SC,Sul,Cartão de crédito,Online
109912,2026-04-26,C0940,Notebook,Eletrônicos,2,4859.45,0.15,3498.8,GO,Centro-Oeste,Cartão de débito,Online
109913,2026-03-23,C0616,Notebook,Eletrônicos,3,3063.17,0.1,2205.48,DF,Centro-Oeste,Cartão de crédito,Marketplace
109914,2025-02-07,C1032,Liquidificador,Casa,2,300.38,0.1,189.24,MA,Nordeste,Cartão de crédito,Online
109915,2025-07-31,C0402,Notebook,Eletrônicos,4,4428.42,0,3188.46,RR,Norte,Cartão de crédito,Online
109916,2026-02-04,C1582,Suporte para Monitor,Escritório,1,546.82,0.1,300.75,TO,Norte,PIX,Marketplace
109917,2025-09-16,C1342,Mouse,Eletrônicos,4,221.39,0.05,128.41,RR,Norte,Cartão de crédito,Online
109918,2025-10-01,C0629,Monitor,Eletrônicos,2,1612.93,0.05,1096.79,MT,Centro-Oeste,PIX,Online
109919,2026-04-30,C1985,Air Fryer,Casa,3,642.74,0.1,411.35,RR,Norte,PIX,Online
109920,2025-08-24,C0026,Liquidificador,Casa,4,190.0,0.1,119.7,AC,Norte,PIX,Marketplace
109921,2026-05-12,C1117,Mouse,Eletrônicos,2,248.63,0.15,144.21,AL,Nordeste,Cartão de débito,Online
109922,2026-05-03,C2187,Luminária,Escritório,1,193.44,0.1,100.59,TO,Norte,Boleto,Online
109923,2026-06-01,C1939,Cadeira,Escritório,2,1729.55,0.05,1210.68,RS,Sul,Cartão de crédito,Online
109924,2025-10-09,C0138,Suporte para Monitor,Escritório,3,163.23,0.05,89.78,MS,Centro-Oeste,PIX,Online
109925,2025-10-04,C1370,Suporte para Monitor,Escritório,2,503.32,0.1,276.83,AL,Nordeste,Cartão de débito,Online
109926,2026-05-17,C0470,Carregador,Acessórios,2,232.21,0.05,116.11,GO,Centro-Oeste,Cartão de débito,Online
109927,2025-04-26,C2411,Mesa,Escritório,1,1552.64,0.1,1055.8,PB,Nordeste,Boleto,Online
109928,2025-01-18,C1368,Cadeira,Escritório,5,1508.79,0,1056.15,SE,Nordeste,Cartão de crédito,Online
109929,2026-01-14,C0471,Headset,Eletrônicos,1,405.49,0.05,251.4,MS,Centro-Oeste,Cartão de crédito,Marketplace
109930,2025-10-04,C2330,Carregador,Acessórios,1,76.48,0.05,38.24,ES,Sudeste,Cartão de crédito,Marketplace
109931,2025-04-22,C0190,Teclado,Eletrônicos,2,526.39,0.1,315.83,SC,Sul,Cartão de débito,Marketplace
109932,2025-11-24,C2293,Headset,Eletrônicos,1,758.17,0,470.07,CE,Nordeste,Cartão de crédito,Online
109933,2026-03-27,C0841,Air Fryer,Casa,4,879.26,0.05,562.73,MT,Centro-Oeste,Cartão de crédito,Online
109934,2025-07-05,C0828,Cabo USB,Acessórios,1,49.5,0.1,22.28,RO,Norte,PIX,Marketplace
109935,2026-01-12,C1215,Luminária,Escritório,2,215.74,0,112.18,PR,Sul,Boleto,Online
109936,2025-12-11,C2124,Suporte para Monitor,Escritório,1,106.0,0.15,58.3,MT,Centro-Oeste,Cartão de crédito,Marketplace
109937,2025-11-13,C0257,Mesa,Escritório,4,955.38,0.15,649.66,ES,Sudeste,Cartão de crédito,Marketplace
109938,2025-07-26,C0417,Cafeteira,Casa,2,445.37,0.1,289.49,MG,Sudeste,Boleto,Online
109939,2026-05-20,C1811,Hub USB,Acessórios,2,145.98,0,80.29,RO,Norte,Cartão de crédito,Marketplace
109940,2025-02-24,C0975,Headset,Eletrônicos,1,795.92,0.15,493.47,AL,Nordeste,PIX,Marketplace
109941,2025-11-09,C0465,Hub USB,Acessórios,1,295.78,0.05,162.68,RS,Sul,Boleto,Marketplace
109942,2026-01-18,C2102,Teclado,Eletrônicos,1,298.67,0,179.2,MA,Nordeste,Cartão de débito,Online
109943,2025-04-19,C1007,Mouse,Eletrônicos,1,313.93,0,182.08,PE,Nordeste,Boleto,Online
109944,2026-05-28,C0975,Cafeteira,Casa,1,258.17,0.05,167.81,SE,Nordeste,Cartão de débito,Marketplace
109945,2025-09-20,C0504,Air Fryer,Casa,1,464.74,0.05,297.43,RJ,Sudeste,Boleto,Marketplace
109946,2026-06-18,C2008,Mesa,Escritório,3,1280.65,0.1,870.84,MT,Centro-Oeste,PIX,Marketplace
109947,2025-07-19,C0864,Aspirador,Casa,1,388.06,0,260.0,MT,Centro-Oeste,Boleto,Online
109948,2025-12-09,C0770,Monitor,Eletrônicos,2,2265.57,0.1,1540.59,PI,Nordeste,PIX,Online
109949,2025-02-08,C0023,Air Fryer,Casa,1,333.96,0.1,213.73,AC,Norte,Cartão de débito,Online
109950,2026-05-28,C1947,Mesa,Escritório,1,1049.82,0.15,713.88,RJ,Sudeste,PIX,Online
109951,2026-01-22,C2067,Cafeteira,Casa,1,940.76,0,611.49,ES,Sudeste,Cartão de crédito,Marketplace
109952,2026-02-28,C1146,Notebook,Eletrônicos,1,5552.66,0.05,3997.92,RJ,Sudeste,Cartão de débito,Marketplace
109953,2026-03-15,C0979,Hub USB,Acessórios,3,291.03,0.05,160.07,SE,Nordeste,Cartão de débito,Online
109954,2025-09-11,C0353,Carregador,Acessórios,2,57.51,0.05,28.75,CE,Nordeste,PIX,Online
109955,2025-03-27,C2142,Mesa,Escritório,5,1120.56,0.2,761.98,RS,Sul,PIX,Marketplace
109956,2026-04-18,C0569,Cabo USB,Acessórios,2,74.32,0.05,33.44,PB,Nordeste,Cartão de crédito,Online
109957,2025-12-20,C2101,Cadeira,Escritório,2,2430.42,0.1,1701.29,RS,Sul,Cartão de débito,Online
109958,2025-12-08,C2031,Cadeira,Escritório,1,2423.69,0.1,1696.58,AP,Norte,Boleto,Marketplace
109959,2025-02-14,C1254,Cabo USB,Acessórios,1,84.49,0,38.02,PE,Nordeste,PIX,Online
109960,2025-08-14,C2012,Headset,Eletrônicos,2,680.5,0,421.91,PE,Nordeste,Cartão de crédito,Online
109961,2025-04-26,C2081,Aspirador,Casa,1,923.13,0.05,618.5,MS,Centro-Oeste,Cartão de débito,Marketplace
109962,2026-05-21,C0471,Luminária,Escritório,1,263.84,0.15,137.2,MS,Centro-Oeste,Boleto,Online
109963,2026-01-08,C2353,Smartphone,Eletrônicos,2,2305.08,0,1797.96,RJ,Sudeste,Cartão de crédito,Marketplace
109964,2026-01-04,C0757,Mouse,Eletrônicos,1,88.18,0.1,51.14,PI,Nordeste,PIX,Online
109965,2025-04-14,C1944,Smartphone,Eletrônicos,1,2432.72,0.15,1897.52,CE,Nordeste,Boleto,Online
109966,2026-05-25,C1406,Monitor,Eletrônicos,4,2069.4,0,1407.19,RR,Norte,Boleto,Marketplace
109967,2026-03-07,C1274,Luminária,Escritório,3,92.07,0.05,47.88,SP,Sudeste,Cartão de débito,Online
109968,2025-12-17,C2208,Mouse,Eletrônicos,3,235.51,0.1,136.6,PR,Sul,Cartão de débito,Marketplace
109969,2025-04-16,C0578,Hub USB,Acessórios,1,183.23,0.05,100.78,MG,Sudeste,PIX,Marketplace
109970,2025-10-25,C2234,Monitor,Eletrônicos,1,2051.44,0,1394.98,DF,Centro-Oeste,PIX,Online
109971,2026-01-30,C2372,Teclado,Eletrônicos,3,150.0,0.05,90.0,RN,Nordeste,Boleto,Marketplace
109972,2025-03-27,C1981,Hub USB,Acessórios,1,286.4,0.15,157.52,MG,Sudeste,Cartão de crédito,Marketplace
109973,2026-04-12,C2039,Teclado,Eletrônicos,1,526.76,0,316.06,PE,Nordeste,PIX,Online
109974,2025-02-07,C0900,Hub USB,Acessórios,1,165.92,0.1,91.26,PI,Nordeste,Cartão de débito,Online
109975,2025-04-20,C1362,Smartphone,Eletrônicos,2,2010.03,0.15,1567.82,MG,Sudeste,Cartão de crédito,Online
109976,2025-09-07,C1146,Smartphone,Eletrônicos,5,2909.36,0,2269.3,PR,Sul,Boleto,Marketplace
109977,2025-12-02,C0595,Cafeteira,Casa,1,317.16,0,206.15,GO,Centro-Oeste,PIX,Online
109978,2025-01-26,C1250,Teclado,Eletrônicos,4,491.64,0,294.98,CE,Nordeste,PIX,Online
109979,2025-07-03,C1886,Teclado,Eletrônicos,1,414.7,0.1,248.82,GO,Centro-Oeste,Boleto,Online
109980,2025-11-21,C0120,Headset,Eletrônicos,2,620.63,0.15,384.79,RR,Norte,PIX,Online
109981,2025-03-13,C1253,Aspirador,Casa,1,1452.89,0.15,973.44,MS,Centro-Oeste,Cartão de crédito,Marketplace
109982,2025-01-08,C0248,Cafeteira,Casa,1,230.9,0,150.09,GO,Centro-Oeste,Boleto,Marketplace
109983,2025-11-25,C2357,Cabo USB,Acessórios,1,60.97,0,27.44,RN,Nordeste,Cartão de crédito,Marketplace
109984,2025-07-13,C1337,Notebook,Eletrônicos,1,3421.13,0.1,2463.21,RN,Nordeste,Cartão de crédito,Online
109985,2025-08-06,C0753,Cadeira,Escritório,1,2027.01,0.15,1418.91,MS,Centro-Oeste,Boleto,Marketplace
109986,2026-05-21,C0281,Suporte para Monitor,Escritório,1,103.67,0.1,57.02,AC,Norte,Cartão de débito,Marketplace
109987,2026-04-09,C1003,Cabo USB,Acessórios,2,55.07,0.05,24.78,RS,Sul,PIX,Online
109988,2026-04-01,C0214,Headset,Eletrônicos,1,331.9,0.05,205.78,RS,Sul,Cartão de crédito,Marketplace
109989,2025-04-17,C0239,Teclado,Eletrônicos,4,329.42,0.1,197.65,PR,Sul,Boleto,Marketplace
109990,2025-08-13,C2300,Cabo USB,Acessórios,1,98.13,0.1,44.16,CE,Nordeste,Cartão de crédito,Marketplace
109991,2025-01-10,C1448,Mouse,Eletrônicos,1,383.61,0.15,222.49,PB,Nordeste,Boleto,Marketplace
109992,2026-02-06,C1551,Suporte para Monitor,Escritório,1,320.29,0,176.16,PR,Sul,PIX,Online
109993,2025-08-23,C0749,Teclado,Eletrônicos,1,271.68,0,163.01,BA,Nordeste,Boleto,Marketplace
109994,2025-09-12,C1799,Monitor,Eletrônicos,3,1025.08,0,697.05,PB,Nordeste,PIX,Online
109995,2026-06-10,C1557,Monitor,Eletrônicos,1,1290.0,0,877.2,BA,Nordeste,Cartão de débito,Marketplace
109996,2025-08-09,C1763,Liquidificador,Casa,1,390.02,0,245.71,MA,Nordeste,Cartão de débito,Online
109997,2026-03-08,C0834,Hub USB,Acessórios,2,150.56,0.1,82.81,PB,Nordeste,Cartão de crédito,Marketplace
109998,2025-08-07,C1977,Mouse,Eletrônicos,2,195.81,0.05,113.57,PB,Nordeste,Cartão de crédito,Online
109999,2025-08-16,C2168,Teclado,Eletrônicos,4,777.13,0.2,466.28,RO,Norte,Boleto,Marketplace
110000,2025-03-19,C0797,Smartphone,Eletrônicos,1,3037.11,0.1,2368.95,AM,Norte,PIX,Marketplace
